Product Name,Description,Reviewer Name,Review Title,Review,Date,Rating,Verified Purchase,Helpful Votes
"Brava Ostomy Deodorant Lubricating 12061, 1 Ct","Coloplast Brava is a deodorizer and pouch lubricant that fights odors, prevents the pouch from sticking together, and smooths the pouch interior to make it easier to empty.","Momma Bear of a 9th Grader, Sloths Are My Spirit Animal",Not for me....,I was hopeful that this would work but not for me. Some ostomy users love it but it did nothing to mask the odor from my illeostomy.,8/19/2020,2,Yes,0
"Brava Ostomy Deodorant Lubricating 12061, 1 Ct","Coloplast Brava is a deodorizer and pouch lubricant that fights odors, prevents the pouch from sticking together, and smooths the pouch interior to make it easier to empty.",joyce k fisk,Three Stars,great,1/6/2015,3,Yes,0
"Brava Ostomy Deodorant Lubricating 12061, 1 Ct","Coloplast Brava is a deodorizer and pouch lubricant that fights odors, prevents the pouch from sticking together, and smooths the pouch interior to make it easier to empty.",ليس عملي وغالي السعر لا اوصي به,,ليس عملي وغالي السعر لا وصي به,9/25/2024,,Yes,0
"Brava Ostomy Deodorant Lubricating 12061, 1 Ct","Coloplast Brava is a deodorizer and pouch lubricant that fights odors, prevents the pouch from sticking together, and smooths the pouch interior to make it easier to empty.",Wendy,Worked great,Worked great but i got rash from it im allergic but im am to every thing,10/15/2024,5,Yes,0
"Brava Ostomy Deodorant Lubricating 12061, 1 Ct","Coloplast Brava is a deodorizer and pouch lubricant that fights odors, prevents the pouch from sticking together, and smooths the pouch interior to make it easier to empty.",Pen,It works good,It works good..,9/29/2024,5,Yes,0
"Brava Ostomy Deodorant Lubricating 12061, 1 Ct","Coloplast Brava is a deodorizer and pouch lubricant that fights odors, prevents the pouch from sticking together, and smooths the pouch interior to make it easier to empty.",Lauryl Ford,It came on time,This product is used for after surgery care.Love the product .,9/20/2024,5,Yes,0
"Brava Ostomy Deodorant Lubricating 12061, 1 Ct","Coloplast Brava is a deodorizer and pouch lubricant that fights odors, prevents the pouch from sticking together, and smooths the pouch interior to make it easier to empty.",Patricia Jakubisin,Easy to use.,Not sure if this works or not but I purchased it and use daily.,8/23/2024,4,Yes,0
"Brava Ostomy Deodorant Lubricating 12061, 1 Ct","Coloplast Brava is a deodorizer and pouch lubricant that fights odors, prevents the pouch from sticking together, and smooths the pouch interior to make it easier to empty.",Robert Booth,Smells great,Very good on controlling the smell,9/23/2024,5,Yes,0
"Brava Ostomy Deodorant Lubricating 12061, 1 Ct","Coloplast Brava is a deodorizer and pouch lubricant that fights odors, prevents the pouch from sticking together, and smooths the pouch interior to make it easier to empty.",Sonja T.,Works great,So glad I tried this as it does help a great deal,9/18/2024,5,Yes,0
"Brava Ostomy Deodorant Lubricating 12061, 1 Ct","Coloplast Brava is a deodorizer and pouch lubricant that fights odors, prevents the pouch from sticking together, and smooths the pouch interior to make it easier to empty.",Christine,Nice smell,"I like that after I change out the ostomy bag, the room smells like this deodorant instead of the bag.",8/31/2024,5,Yes,0
"Brava Ostomy Deodorant Lubricating 12061, 1 Ct","Coloplast Brava is a deodorizer and pouch lubricant that fights odors, prevents the pouch from sticking together, and smooths the pouch interior to make it easier to empty.",Jennifer,Amazing,My mo. Says this is absolutely worth the buy. And works amazingly.,7/28/2024,5,Yes,2
"Brava Ostomy Deodorant Lubricating 12061, 1 Ct","Coloplast Brava is a deodorizer and pouch lubricant that fights odors, prevents the pouch from sticking together, and smooths the pouch interior to make it easier to empty.",Peggy Mills,Bravo,It works pretty good but I think I might like baby oil just as well,7/14/2024,4,Yes,0
"Brava Ostomy Deodorant Lubricating 12061, 1 Ct","Coloplast Brava is a deodorizer and pouch lubricant that fights odors, prevents the pouch from sticking together, and smooths the pouch interior to make it easier to empty.",Lisa,A light clean smell,Liked that the scent wasn’t overpowering. Nice clean scent. Bought to use in my colostomy.,7/20/2024,5,Yes,0
"Brava Ostomy Deodorant Lubricating 12061, 1 Ct","Coloplast Brava is a deodorizer and pouch lubricant that fights odors, prevents the pouch from sticking together, and smooths the pouch interior to make it easier to empty.",Big o,Truly is effective,It works very well for what it’s worthWhy can’t I get rewarded for ratingProducts?,4/26/2024,4,Yes,0
"Brava Ostomy Deodorant Lubricating 12061, 1 Ct","Coloplast Brava is a deodorizer and pouch lubricant that fights odors, prevents the pouch from sticking together, and smooths the pouch interior to make it easier to empty.",Susan Keefer,"Consistency was just right,larger size bottle.",Was very happy with the deodorization from the product. Going value for the money.,6/28/2024,5,Yes,0
"Brava Ostomy Deodorant Lubricating 12061, 1 Ct","Coloplast Brava is a deodorizer and pouch lubricant that fights odors, prevents the pouch from sticking together, and smooths the pouch interior to make it easier to empty.",Rick,Great product,Works as advertised.,7/3/2024,5,Yes,0
"Brava Ostomy Deodorant Lubricating 12061, 1 Ct","Coloplast Brava is a deodorizer and pouch lubricant that fights odors, prevents the pouch from sticking together, and smooths the pouch interior to make it easier to empty.",Jean K.,Deorderizer,Works well. Would get it again,6/13/2024,5,Yes,0
"Brava Ostomy Deodorant Lubricating 12061, 1 Ct","Coloplast Brava is a deodorizer and pouch lubricant that fights odors, prevents the pouch from sticking together, and smooths the pouch interior to make it easier to empty.",Paula Monaghan,Pleasant smelling,It is very hard to find an ostomy product that works well in lubricating the pouch and helps with the smell.  Brava does both.  I have tried other products and either they lubricate well and does nothing about the odor or vice versa.  This is the only one I will now purchase.,2/19/2024,5,Yes,3
"Brava Ostomy Deodorant Lubricating 12061, 1 Ct","Coloplast Brava is a deodorizer and pouch lubricant that fights odors, prevents the pouch from sticking together, and smooths the pouch interior to make it easier to empty.",PBL,Works Great,I have tried other brands of lubricating deodorant.  This seems to work the best.  It definitley helps with odor.  The lubricating properties are the best I have found .,3/24/2024,5,Yes,2
"Brava Ostomy Deodorant Lubricating 12061, 1 Ct","Coloplast Brava is a deodorizer and pouch lubricant that fights odors, prevents the pouch from sticking together, and smooths the pouch interior to make it easier to empty.",JeanF,Lubrication,Reason for purchasing is for lubricating around the inside of bag. Only have used 3x so cannot make a solid judgment call on product. I cannot give an opinion on Value for Money as I did not investigate other distribution company's.,2/15/2024,5,Yes,0
"Brava Ostomy Deodorant Lubricating 12061, 1 Ct","Coloplast Brava is a deodorizer and pouch lubricant that fights odors, prevents the pouch from sticking together, and smooths the pouch interior to make it easier to empty.",Linda,Best in the market,Preferred above all other deodorizing lubricants.  Definitely our favorite. Just wish it was less costly,2/24/2024,5,Yes,2
"Brava Ostomy Deodorant Lubricating 12061, 1 Ct","Coloplast Brava is a deodorizer and pouch lubricant that fights odors, prevents the pouch from sticking together, and smooths the pouch interior to make it easier to empty.",Brian Harcula,Smells great,This is the best deodorizer I’ve found for the colostomy bag.,12/29/2023,5,Yes,0
"Brava Ostomy Deodorant Lubricating 12061, 1 Ct","Coloplast Brava is a deodorizer and pouch lubricant that fights odors, prevents the pouch from sticking together, and smooths the pouch interior to make it easier to empty.",Malina D Crowe,Brava deodorant,"I love this product. It helps me to have a cleaner bag. I don't feel like I'm wearing a dirty,smelly colostmy bag all day. The only thing I dislike is it doesn't last as long as I'd like it to.",8/25/2023,5,Yes,0
"Brava Ostomy Deodorant Lubricating 12061, 1 Ct","Coloplast Brava is a deodorizer and pouch lubricant that fights odors, prevents the pouch from sticking together, and smooths the pouch interior to make it easier to empty.",Kat S,Coloplast,Works great and the deodorant isn't too overwhelming,1/4/2024,5,Yes,0
"Brava Ostomy Deodorant Lubricating 12061, 1 Ct","Coloplast Brava is a deodorizer and pouch lubricant that fights odors, prevents the pouch from sticking together, and smooths the pouch interior to make it easier to empty.",Amazon Customer,"Ileostomy, deodorant",Works great. Keep your ileostomy from stinking.,1/5/2024,5,Yes,0
"Brava Ostomy Deodorant Lubricating 12061, 1 Ct","Coloplast Brava is a deodorizer and pouch lubricant that fights odors, prevents the pouch from sticking together, and smooths the pouch interior to make it easier to empty.",Daniel K. Ross,Odor reducer,Best Ostomy odor elimination. No scent. But it works!,10/11/2023,5,Yes,0
"Brava Ostomy Deodorant Lubricating 12061, 1 Ct","Coloplast Brava is a deodorizer and pouch lubricant that fights odors, prevents the pouch from sticking together, and smooths the pouch interior to make it easier to empty.",Terri L.,Works!,Perfect product for making colostomy bag slippery inside so thick stool doesn’t cause pancaking.,9/14/2023,5,Yes,0
"Brava Ostomy Deodorant Lubricating 12061, 1 Ct","Coloplast Brava is a deodorizer and pouch lubricant that fights odors, prevents the pouch from sticking together, and smooths the pouch interior to make it easier to empty.",Michelle,Best ostomy deodorant,This is a deodorant that actually works & I've tried many.,9/22/2023,5,Yes,0
"Brava Ostomy Deodorant Lubricating 12061, 1 Ct","Coloplast Brava is a deodorizer and pouch lubricant that fights odors, prevents the pouch from sticking together, and smooths the pouch interior to make it easier to empty.",Alison Haines,Best odor eliminator I have found,"I really believe this is the best deodorant for a colostomy bag. It really does kill bad smells, and makes it incredibly easy to empty the bag. The only draw back is the cost. A bottle won’t last a month, and the price quickly adds up.",7/31/2022,5,Yes,4
"Brava Ostomy Deodorant Lubricating 12061, 1 Ct","Coloplast Brava is a deodorizer and pouch lubricant that fights odors, prevents the pouch from sticking together, and smooths the pouch interior to make it easier to empty.",Richard M. Kenny,Worthy investment,This product genuinely lessens the horrific smell associated with a colostomy bag and makes cleaning it out considerably easier. Benefit is only of short duration however.,1/25/2023,5,Yes,2
"Brava Ostomy Deodorant Lubricating 12061, 1 Ct","Coloplast Brava is a deodorizer and pouch lubricant that fights odors, prevents the pouch from sticking together, and smooths the pouch interior to make it easier to empty.",Wayne Griffin,Lubrication is good.,I like the lubricant but the odor control is not very good.,8/1/2022,4,Yes,0
"Brava Ostomy Deodorant Lubricating 12061, 1 Ct","Coloplast Brava is a deodorizer and pouch lubricant that fights odors, prevents the pouch from sticking together, and smooths the pouch interior to make it easier to empty.",Lisa C Bowman,Valued purchase,This is an item that when you need it it works very well and I would highly recommend. Not required but does everything the directions say it will. Pleasant outer as well.,8/16/2022,5,Yes,0
"Brava Ostomy Deodorant Lubricating 12061, 1 Ct","Coloplast Brava is a deodorizer and pouch lubricant that fights odors, prevents the pouch from sticking together, and smooths the pouch interior to make it easier to empty.",Robert Phaneuf,My favorite lubricating deodorant,"This is one of my staple ostomy products.  I can get it here faster and cheaper than a medical supply place (even with insurance).  It arrives quick and in perfect condition.  If you need a lubricating deodorant, this one is my recommendation.",4/15/2021,4,Yes,5
"Brava Ostomy Deodorant Lubricating 12061, 1 Ct","Coloplast Brava is a deodorizer and pouch lubricant that fights odors, prevents the pouch from sticking together, and smooths the pouch interior to make it easier to empty.",Kay Myers,Better then nothing,Product does help.,9/26/2022,4,Yes,0
"Brava Ostomy Deodorant Lubricating 12061, 1 Ct","Coloplast Brava is a deodorizer and pouch lubricant that fights odors, prevents the pouch from sticking together, and smooths the pouch interior to make it easier to empty.",Ken C,Nice Smelling,"It has a nice smell, but doesn't seem to really cover the  feces odor in the ostomy bag.",3/9/2021,4,Yes,2
"Brava Ostomy Deodorant Lubricating 12061, 1 Ct","Coloplast Brava is a deodorizer and pouch lubricant that fights odors, prevents the pouch from sticking together, and smooths the pouch interior to make it easier to empty.",Bette cummings,Solves odor,Wonderful product I use for my Ileostomy. It has a clean smell and replaces stool odor. Very pleased.,11/23/2021,5,Yes,2
"Brava Ostomy Deodorant Lubricating 12061, 1 Ct","Coloplast Brava is a deodorizer and pouch lubricant that fights odors, prevents the pouch from sticking together, and smooths the pouch interior to make it easier to empty.",Amazon Customer,Helps with odor control,I like how it lubricates the bag allowing waste to drop to the bottom of the bag.,9/15/2021,5,Yes,2
"Brava Ostomy Deodorant Lubricating 12061, 1 Ct","Coloplast Brava is a deodorizer and pouch lubricant that fights odors, prevents the pouch from sticking together, and smooths the pouch interior to make it easier to empty.",Robert,Makes colon ostomy bag cleaning easier!,Ease of use!,2/22/2021,4,Yes,2
"Brava Ostomy Deodorant Lubricating 12061, 1 Ct","Coloplast Brava is a deodorizer and pouch lubricant that fights odors, prevents the pouch from sticking together, and smooths the pouch interior to make it easier to empty.",Gongpr,Easy to use.,Works as advertised.,5/13/2022,5,Yes,0
"Brava Ostomy Deodorant Lubricating 12061, 1 Ct","Coloplast Brava is a deodorizer and pouch lubricant that fights odors, prevents the pouch from sticking together, and smooths the pouch interior to make it easier to empty.",Nell Washington,This is the best,This is the best for the odor,12/7/2021,5,Yes,0
"Brava Ostomy Deodorant Lubricating 12061, 1 Ct","Coloplast Brava is a deodorizer and pouch lubricant that fights odors, prevents the pouch from sticking together, and smooths the pouch interior to make it easier to empty.",Jerlyn Witten,Works great to stop pancaking in your ostomy pouch,This works to keep odor and pancaking in the ostomy pouch.,8/7/2021,5,Yes,3
"Brava Ostomy Deodorant Lubricating 12061, 1 Ct","Coloplast Brava is a deodorizer and pouch lubricant that fights odors, prevents the pouch from sticking together, and smooths the pouch interior to make it easier to empty.",Richard B.,This product works great to reduce odor in the ostamy bag ans well ...,This product works great to reduce odor in the ostamy bag ans well as keep it lubricated so that it can be emptied easily.  While the price seems high it really isn't given that you only need to apply it once to each new bag (about every five days).,7/27/2015,5,Yes,5
"Brava Ostomy Deodorant Lubricating 12061, 1 Ct","Coloplast Brava is a deodorizer and pouch lubricant that fights odors, prevents the pouch from sticking together, and smooths the pouch interior to make it easier to empty.",Lester,The best. Works great for lubricant and has a pleasant subtle scent,"This is my favorite ostomy deoderant/lubricant for a few reasons.- the bottle is very easy to hold, open, aim, and squirt in the bag. It doesn’t dribble and has a narrow opening. I can easily use it while using one hand. All of the similar products I’ve tried are much less simple to operate and handle especially if you have arthritis- the scent: it has a pleasant but not overpowering odor that’s similar to baby oil. This scent helps cover the output smell and not makes it much less strong.- the liquid is clear and slightly thicker than water, much preferred over the blue productsThis is a lubricant first and a deoderant second.",8/12/2024,5,No,0
"Brava Ostomy Deodorant Lubricating 12061, 1 Ct","Coloplast Brava is a deodorizer and pouch lubricant that fights odors, prevents the pouch from sticking together, and smooths the pouch interior to make it easier to empty.",Amazon Customer,As an ostomy patient I was so glad to find these larger bottles to have on hand ...,As an ostomy patient I was so glad to find these larger bottles to have on hand at the house,8/29/2017,5,Yes,0
"Brava Ostomy Deodorant Lubricating 12061, 1 Ct","Coloplast Brava is a deodorizer and pouch lubricant that fights odors, prevents the pouch from sticking together, and smooths the pouch interior to make it easier to empty.",Joseph bass,Four Stars,Good,7/31/2015,4,Yes,0
"Brava Ostomy Deodorant Lubricating 12061, 1 Ct","Coloplast Brava is a deodorizer and pouch lubricant that fights odors, prevents the pouch from sticking together, and smooths the pouch interior to make it easier to empty.",RobinO,Five Stars,Great product and good price!,6/21/2015,5,Yes,0
"Brava Ostomy Deodorant Lubricating 12061, 1 Ct","Coloplast Brava is a deodorizer and pouch lubricant that fights odors, prevents the pouch from sticking together, and smooths the pouch interior to make it easier to empty.",PerkyTxGirl,Really works,Really works,4/13/2015,5,Yes,0
"Brava Ostomy Deodorant Lubricating 12061, 1 Ct","Coloplast Brava is a deodorizer and pouch lubricant that fights odors, prevents the pouch from sticking together, and smooths the pouch interior to make it easier to empty.",Pattycake,Coloplast lubricating deodorant,Like the smell and the way it lubricates myColostomy bag.Have used other products but go back to Coloplast lubricating deodorant.,7/11/2024,5,Yes,0
"DermaRite's ByeByeOdor Eliminator Deodorizer Spray, Fruit Scent - Nontoxic Fabric and Air Freshener - Urine and Fecal Odor, Pet, Hospital and Ostomy, 1 Count, 3 Packs, 3 Total","Rapidly eliminate odors in any indoor environment with DermaRite's ByeByeOdor Odor Eliminator Deodorizer Spray. Perfect for homes, hospitals, and industrial spaces, this non-toxic spray uses advanced chemical absorption technology to capture and neutralize airborne smells effectively. Unlike conventional air fresheners, it doesn't just mask odors but absorbs them, leaving behind a refreshing scent instead of harsh chemical fragrances. Formulated with safe ingredients like ammonium chloride, dimethyl, and benzyl compounds, it effectively neutralizes odors from urine, feces, and other bodily wastes. The pump spray mechanism with a protective storage cap ensures easy, eco-friendly dispensing without aerosols. Say goodbye to unpleasant odors indoors and outdoors with this versatile deodorizer. Not made with natural rubber latex. Trust DermaRite, a leading provider of premium wound care products, for superior performance and optimal wound healing.",Moborrelli,Ok product,Didn’t completely kill odors and just added to the scent.,5/15/2024,3,Yes,0
"DermaRite's ByeByeOdor Eliminator Deodorizer Spray, Fruit Scent - Nontoxic Fabric and Air Freshener - Urine and Fecal Odor, Pet, Hospital and Ostomy, 1 Count, 3 Packs, 3 Total","Rapidly eliminate odors in any indoor environment with DermaRite's ByeByeOdor Odor Eliminator Deodorizer Spray. Perfect for homes, hospitals, and industrial spaces, this non-toxic spray uses advanced chemical absorption technology to capture and neutralize airborne smells effectively. Unlike conventional air fresheners, it doesn't just mask odors but absorbs them, leaving behind a refreshing scent instead of harsh chemical fragrances. Formulated with safe ingredients like ammonium chloride, dimethyl, and benzyl compounds, it effectively neutralizes odors from urine, feces, and other bodily wastes. The pump spray mechanism with a protective storage cap ensures easy, eco-friendly dispensing without aerosols. Say goodbye to unpleasant odors indoors and outdoors with this versatile deodorizer. Not made with natural rubber latex. Trust DermaRite, a leading provider of premium wound care products, for superior performance and optimal wound healing.",Morgan,"ByeBye Odor Eliminator Spray, 3 Pack: A Mediocre Freshening Attempt","My experience with the ByeBye Odor Eliminator Spray, 3 Pack has left me with mixed feelings, earning it a two-star review. While it claims to neutralize and eliminate bad smells, several aspects of this product fell short of expectations. Here's a detailed breakdown:Cons:Ineffective Against Strong Odors: Despite the promise of eliminating bad smells, the spray proved ineffective against stronger odors, particularly those associated with pet urine and feces. The neutralizing power was not as robust as anticipated.Temporary Freshness: The freshening effect was short-lived. The pleasant scent dissipated relatively quickly, necessitating frequent reapplication to maintain a consistently pleasant atmosphere.Nontoxic Claim Questioned: While marketed as nontoxic, the ingredients list and potential allergens were not transparently provided. Users with sensitivity concerns may hesitate to use the product without a clearer understanding of its components.Limited Application Areas: While advertised for use in various settings, including hospital and ostomy rooms, the spray's efficacy varied across different environments. It did not consistently perform well in all the claimed application areas.Packaging Issues: The spray nozzles had occasional issues with clogging, affecting the ease of application. The packaging, while functional, lacked the durability and quality associated with similar products on the market.Cost Inefficiency: Considering the need for frequent reapplication and the overall effectiveness, the cost per use may not align with the value expected. Users seeking a more cost-efficient and longer-lasting solution may explore other odor eliminators.In conclusion, the ByeBye Odor Eliminator Spray, while providing a temporary burst of freshness, falls short in terms of long-lasting effectiveness, transparency about ingredients, and overall value for money. Users exploring odor elimination solutions may want to consider alternatives with a more proven track record.",11/21/2023,2,Yes,0
"DermaRite's ByeByeOdor Eliminator Deodorizer Spray, Fruit Scent - Nontoxic Fabric and Air Freshener - Urine and Fecal Odor, Pet, Hospital and Ostomy, 1 Count, 3 Packs, 3 Total","Rapidly eliminate odors in any indoor environment with DermaRite's ByeByeOdor Odor Eliminator Deodorizer Spray. Perfect for homes, hospitals, and industrial spaces, this non-toxic spray uses advanced chemical absorption technology to capture and neutralize airborne smells effectively. Unlike conventional air fresheners, it doesn't just mask odors but absorbs them, leaving behind a refreshing scent instead of harsh chemical fragrances. Formulated with safe ingredients like ammonium chloride, dimethyl, and benzyl compounds, it effectively neutralizes odors from urine, feces, and other bodily wastes. The pump spray mechanism with a protective storage cap ensures easy, eco-friendly dispensing without aerosols. Say goodbye to unpleasant odors indoors and outdoors with this versatile deodorizer. Not made with natural rubber latex. Trust DermaRite, a leading provider of premium wound care products, for superior performance and optimal wound healing.",RevR,Seems to Work,Seems to work well.,3/27/2024,3,Yes,0
"DermaRite's ByeByeOdor Eliminator Deodorizer Spray, Fruit Scent - Nontoxic Fabric and Air Freshener - Urine and Fecal Odor, Pet, Hospital and Ostomy, 1 Count, 3 Packs, 3 Total","Rapidly eliminate odors in any indoor environment with DermaRite's ByeByeOdor Odor Eliminator Deodorizer Spray. Perfect for homes, hospitals, and industrial spaces, this non-toxic spray uses advanced chemical absorption technology to capture and neutralize airborne smells effectively. Unlike conventional air fresheners, it doesn't just mask odors but absorbs them, leaving behind a refreshing scent instead of harsh chemical fragrances. Formulated with safe ingredients like ammonium chloride, dimethyl, and benzyl compounds, it effectively neutralizes odors from urine, feces, and other bodily wastes. The pump spray mechanism with a protective storage cap ensures easy, eco-friendly dispensing without aerosols. Say goodbye to unpleasant odors indoors and outdoors with this versatile deodorizer. Not made with natural rubber latex. Trust DermaRite, a leading provider of premium wound care products, for superior performance and optimal wound healing.",Georgianna,Product,Can't see it does anything,3/14/2024,3,Yes,0
"DermaRite's ByeByeOdor Eliminator Deodorizer Spray, Fruit Scent - Nontoxic Fabric and Air Freshener - Urine and Fecal Odor, Pet, Hospital and Ostomy, 1 Count, 3 Packs, 3 Total","Rapidly eliminate odors in any indoor environment with DermaRite's ByeByeOdor Odor Eliminator Deodorizer Spray. Perfect for homes, hospitals, and industrial spaces, this non-toxic spray uses advanced chemical absorption technology to capture and neutralize airborne smells effectively. Unlike conventional air fresheners, it doesn't just mask odors but absorbs them, leaving behind a refreshing scent instead of harsh chemical fragrances. Formulated with safe ingredients like ammonium chloride, dimethyl, and benzyl compounds, it effectively neutralizes odors from urine, feces, and other bodily wastes. The pump spray mechanism with a protective storage cap ensures easy, eco-friendly dispensing without aerosols. Say goodbye to unpleasant odors indoors and outdoors with this versatile deodorizer. Not made with natural rubber latex. Trust DermaRite, a leading provider of premium wound care products, for superior performance and optimal wound healing.",LRowell,Not authorized reseller and probably not authentic.,DermaRite company says this is NOT an authorized reseller. 1 bottle arrived broken.  Doesn't even smell like DermaRite.,10/19/2024,1,Yes,0
"DermaRite's ByeByeOdor Eliminator Deodorizer Spray, Fruit Scent - Nontoxic Fabric and Air Freshener - Urine and Fecal Odor, Pet, Hospital and Ostomy, 1 Count, 3 Packs, 3 Total","Rapidly eliminate odors in any indoor environment with DermaRite's ByeByeOdor Odor Eliminator Deodorizer Spray. Perfect for homes, hospitals, and industrial spaces, this non-toxic spray uses advanced chemical absorption technology to capture and neutralize airborne smells effectively. Unlike conventional air fresheners, it doesn't just mask odors but absorbs them, leaving behind a refreshing scent instead of harsh chemical fragrances. Formulated with safe ingredients like ammonium chloride, dimethyl, and benzyl compounds, it effectively neutralizes odors from urine, feces, and other bodily wastes. The pump spray mechanism with a protective storage cap ensures easy, eco-friendly dispensing without aerosols. Say goodbye to unpleasant odors indoors and outdoors with this versatile deodorizer. Not made with natural rubber latex. Trust DermaRite, a leading provider of premium wound care products, for superior performance and optimal wound healing.",dogsandcats13,"Okay spray, awful bottles",The pump bottle mechanism is very difficult for arthritic old hands. I intend to purchase the refill size bottle and put it into trigger spray bottles. The product itself is probably fine but it needs better bottles. If the trigger spray bottles work then I will keep purchasing this product.,6/19/2022,3,Yes,5
"DermaRite's ByeByeOdor Eliminator Deodorizer Spray, Fruit Scent - Nontoxic Fabric and Air Freshener - Urine and Fecal Odor, Pet, Hospital and Ostomy, 1 Count, 3 Packs, 3 Total","Rapidly eliminate odors in any indoor environment with DermaRite's ByeByeOdor Odor Eliminator Deodorizer Spray. Perfect for homes, hospitals, and industrial spaces, this non-toxic spray uses advanced chemical absorption technology to capture and neutralize airborne smells effectively. Unlike conventional air fresheners, it doesn't just mask odors but absorbs them, leaving behind a refreshing scent instead of harsh chemical fragrances. Formulated with safe ingredients like ammonium chloride, dimethyl, and benzyl compounds, it effectively neutralizes odors from urine, feces, and other bodily wastes. The pump spray mechanism with a protective storage cap ensures easy, eco-friendly dispensing without aerosols. Say goodbye to unpleasant odors indoors and outdoors with this versatile deodorizer. Not made with natural rubber latex. Trust DermaRite, a leading provider of premium wound care products, for superior performance and optimal wound healing.",linda johnson,By By odor deodorizer,This worked so-so. I will never buy it again.,3/4/2024,2,Yes,0
"DermaRite's ByeByeOdor Eliminator Deodorizer Spray, Fruit Scent - Nontoxic Fabric and Air Freshener - Urine and Fecal Odor, Pet, Hospital and Ostomy, 1 Count, 3 Packs, 3 Total","Rapidly eliminate odors in any indoor environment with DermaRite's ByeByeOdor Odor Eliminator Deodorizer Spray. Perfect for homes, hospitals, and industrial spaces, this non-toxic spray uses advanced chemical absorption technology to capture and neutralize airborne smells effectively. Unlike conventional air fresheners, it doesn't just mask odors but absorbs them, leaving behind a refreshing scent instead of harsh chemical fragrances. Formulated with safe ingredients like ammonium chloride, dimethyl, and benzyl compounds, it effectively neutralizes odors from urine, feces, and other bodily wastes. The pump spray mechanism with a protective storage cap ensures easy, eco-friendly dispensing without aerosols. Say goodbye to unpleasant odors indoors and outdoors with this versatile deodorizer. Not made with natural rubber latex. Trust DermaRite, a leading provider of premium wound care products, for superior performance and optimal wound healing.",TMD,???,"I didn’t think this was that great,",5/17/2023,3,Yes,0
"DermaRite's ByeByeOdor Eliminator Deodorizer Spray, Fruit Scent - Nontoxic Fabric and Air Freshener - Urine and Fecal Odor, Pet, Hospital and Ostomy, 1 Count, 3 Packs, 3 Total","Rapidly eliminate odors in any indoor environment with DermaRite's ByeByeOdor Odor Eliminator Deodorizer Spray. Perfect for homes, hospitals, and industrial spaces, this non-toxic spray uses advanced chemical absorption technology to capture and neutralize airborne smells effectively. Unlike conventional air fresheners, it doesn't just mask odors but absorbs them, leaving behind a refreshing scent instead of harsh chemical fragrances. Formulated with safe ingredients like ammonium chloride, dimethyl, and benzyl compounds, it effectively neutralizes odors from urine, feces, and other bodily wastes. The pump spray mechanism with a protective storage cap ensures easy, eco-friendly dispensing without aerosols. Say goodbye to unpleasant odors indoors and outdoors with this versatile deodorizer. Not made with natural rubber latex. Trust DermaRite, a leading provider of premium wound care products, for superior performance and optimal wound healing.",Pete Njuhi,Effectiveness!,Temporary fix !,6/3/2023,3,Yes,0
"DermaRite's ByeByeOdor Eliminator Deodorizer Spray, Fruit Scent - Nontoxic Fabric and Air Freshener - Urine and Fecal Odor, Pet, Hospital and Ostomy, 1 Count, 3 Packs, 3 Total","Rapidly eliminate odors in any indoor environment with DermaRite's ByeByeOdor Odor Eliminator Deodorizer Spray. Perfect for homes, hospitals, and industrial spaces, this non-toxic spray uses advanced chemical absorption technology to capture and neutralize airborne smells effectively. Unlike conventional air fresheners, it doesn't just mask odors but absorbs them, leaving behind a refreshing scent instead of harsh chemical fragrances. Formulated with safe ingredients like ammonium chloride, dimethyl, and benzyl compounds, it effectively neutralizes odors from urine, feces, and other bodily wastes. The pump spray mechanism with a protective storage cap ensures easy, eco-friendly dispensing without aerosols. Say goodbye to unpleasant odors indoors and outdoors with this versatile deodorizer. Not made with natural rubber latex. Trust DermaRite, a leading provider of premium wound care products, for superior performance and optimal wound healing.",Alicia,Eh,"Doesn't eliminate, just masks. Not good for bathroom odors.",1/31/2024,2,Yes,0
"DermaRite's ByeByeOdor Eliminator Deodorizer Spray, Fruit Scent - Nontoxic Fabric and Air Freshener - Urine and Fecal Odor, Pet, Hospital and Ostomy, 1 Count, 3 Packs, 3 Total","Rapidly eliminate odors in any indoor environment with DermaRite's ByeByeOdor Odor Eliminator Deodorizer Spray. Perfect for homes, hospitals, and industrial spaces, this non-toxic spray uses advanced chemical absorption technology to capture and neutralize airborne smells effectively. Unlike conventional air fresheners, it doesn't just mask odors but absorbs them, leaving behind a refreshing scent instead of harsh chemical fragrances. Formulated with safe ingredients like ammonium chloride, dimethyl, and benzyl compounds, it effectively neutralizes odors from urine, feces, and other bodily wastes. The pump spray mechanism with a protective storage cap ensures easy, eco-friendly dispensing without aerosols. Say goodbye to unpleasant odors indoors and outdoors with this versatile deodorizer. Not made with natural rubber latex. Trust DermaRite, a leading provider of premium wound care products, for superior performance and optimal wound healing.",Amazon Customer,Doesn’t live up to the hype!!,"The media could not be loaded.The packaging for this product was terrible. The bottles came damaged. Two tops were missing. The smell is OK I feel like if this is a poof, dupe better off getting the real poof products because this is not it not worth the money.",10/2/2023,2,Yes,2
"DermaRite's ByeByeOdor Eliminator Deodorizer Spray, Fruit Scent - Nontoxic Fabric and Air Freshener - Urine and Fecal Odor, Pet, Hospital and Ostomy, 1 Count, 3 Packs, 3 Total","Rapidly eliminate odors in any indoor environment with DermaRite's ByeByeOdor Odor Eliminator Deodorizer Spray. Perfect for homes, hospitals, and industrial spaces, this non-toxic spray uses advanced chemical absorption technology to capture and neutralize airborne smells effectively. Unlike conventional air fresheners, it doesn't just mask odors but absorbs them, leaving behind a refreshing scent instead of harsh chemical fragrances. Formulated with safe ingredients like ammonium chloride, dimethyl, and benzyl compounds, it effectively neutralizes odors from urine, feces, and other bodily wastes. The pump spray mechanism with a protective storage cap ensures easy, eco-friendly dispensing without aerosols. Say goodbye to unpleasant odors indoors and outdoors with this versatile deodorizer. Not made with natural rubber latex. Trust DermaRite, a leading provider of premium wound care products, for superior performance and optimal wound healing.",Rick Gehr,The product is good but I did not receive what I paid for.,"As it says above, it's a 3 pack. However, I  received only 2 bottles. Very frustrating and shouldn't have happened. A couple of days ago I informed Amazon of the problem. They said they'd have the seller contact me but so far I've heard nothing. Wondering if I'll ever get the third bottle.",6/9/2021,3,Yes,0
"DermaRite's ByeByeOdor Eliminator Deodorizer Spray, Fruit Scent - Nontoxic Fabric and Air Freshener - Urine and Fecal Odor, Pet, Hospital and Ostomy, 1 Count, 3 Packs, 3 Total","Rapidly eliminate odors in any indoor environment with DermaRite's ByeByeOdor Odor Eliminator Deodorizer Spray. Perfect for homes, hospitals, and industrial spaces, this non-toxic spray uses advanced chemical absorption technology to capture and neutralize airborne smells effectively. Unlike conventional air fresheners, it doesn't just mask odors but absorbs them, leaving behind a refreshing scent instead of harsh chemical fragrances. Formulated with safe ingredients like ammonium chloride, dimethyl, and benzyl compounds, it effectively neutralizes odors from urine, feces, and other bodily wastes. The pump spray mechanism with a protective storage cap ensures easy, eco-friendly dispensing without aerosols. Say goodbye to unpleasant odors indoors and outdoors with this versatile deodorizer. Not made with natural rubber latex. Trust DermaRite, a leading provider of premium wound care products, for superior performance and optimal wound healing.",melodico,So far nothing,"I,have used it for a week now spraying twice a day , small room under stairs,  Very , very slight improvement. I,will,try something else soon",9/20/2023,2,Yes,0
"DermaRite's ByeByeOdor Eliminator Deodorizer Spray, Fruit Scent - Nontoxic Fabric and Air Freshener - Urine and Fecal Odor, Pet, Hospital and Ostomy, 1 Count, 3 Packs, 3 Total","Rapidly eliminate odors in any indoor environment with DermaRite's ByeByeOdor Odor Eliminator Deodorizer Spray. Perfect for homes, hospitals, and industrial spaces, this non-toxic spray uses advanced chemical absorption technology to capture and neutralize airborne smells effectively. Unlike conventional air fresheners, it doesn't just mask odors but absorbs them, leaving behind a refreshing scent instead of harsh chemical fragrances. Formulated with safe ingredients like ammonium chloride, dimethyl, and benzyl compounds, it effectively neutralizes odors from urine, feces, and other bodily wastes. The pump spray mechanism with a protective storage cap ensures easy, eco-friendly dispensing without aerosols. Say goodbye to unpleasant odors indoors and outdoors with this versatile deodorizer. Not made with natural rubber latex. Trust DermaRite, a leading provider of premium wound care products, for superior performance and optimal wound healing.",harper,sickeningly sweet scent,"the scent is too strong and too artificially sweet. it lingers for a long time. i just want to rid the odor, not replace it with another pungent smell. tried to return it, but ups shipping costs almost $6. left it in the building lobby, maybe someone else would like it.",1/25/2023,2,Yes,0
"DermaRite's ByeByeOdor Eliminator Deodorizer Spray, Fruit Scent - Nontoxic Fabric and Air Freshener - Urine and Fecal Odor, Pet, Hospital and Ostomy, 1 Count, 3 Packs, 3 Total","Rapidly eliminate odors in any indoor environment with DermaRite's ByeByeOdor Odor Eliminator Deodorizer Spray. Perfect for homes, hospitals, and industrial spaces, this non-toxic spray uses advanced chemical absorption technology to capture and neutralize airborne smells effectively. Unlike conventional air fresheners, it doesn't just mask odors but absorbs them, leaving behind a refreshing scent instead of harsh chemical fragrances. Formulated with safe ingredients like ammonium chloride, dimethyl, and benzyl compounds, it effectively neutralizes odors from urine, feces, and other bodily wastes. The pump spray mechanism with a protective storage cap ensures easy, eco-friendly dispensing without aerosols. Say goodbye to unpleasant odors indoors and outdoors with this versatile deodorizer. Not made with natural rubber latex. Trust DermaRite, a leading provider of premium wound care products, for superior performance and optimal wound healing.",dogmom,Not as effective as I'd hoped,"This did not eliminate the musty odors, in the room.  At first, the scent is really strong and I don't like it. If it took away the odors, I could deal with the scent but it doesn't do enough.",3/29/2021,3,Yes,0
"DermaRite's ByeByeOdor Eliminator Deodorizer Spray, Fruit Scent - Nontoxic Fabric and Air Freshener - Urine and Fecal Odor, Pet, Hospital and Ostomy, 1 Count, 3 Packs, 3 Total","Rapidly eliminate odors in any indoor environment with DermaRite's ByeByeOdor Odor Eliminator Deodorizer Spray. Perfect for homes, hospitals, and industrial spaces, this non-toxic spray uses advanced chemical absorption technology to capture and neutralize airborne smells effectively. Unlike conventional air fresheners, it doesn't just mask odors but absorbs them, leaving behind a refreshing scent instead of harsh chemical fragrances. Formulated with safe ingredients like ammonium chloride, dimethyl, and benzyl compounds, it effectively neutralizes odors from urine, feces, and other bodily wastes. The pump spray mechanism with a protective storage cap ensures easy, eco-friendly dispensing without aerosols. Say goodbye to unpleasant odors indoors and outdoors with this versatile deodorizer. Not made with natural rubber latex. Trust DermaRite, a leading provider of premium wound care products, for superior performance and optimal wound healing.",Ulysses Edmonds,The smell,Nothing  really liked it,6/28/2022,3,Yes,0
"DermaRite's ByeByeOdor Eliminator Deodorizer Spray, Fruit Scent - Nontoxic Fabric and Air Freshener - Urine and Fecal Odor, Pet, Hospital and Ostomy, 1 Count, 3 Packs, 3 Total","Rapidly eliminate odors in any indoor environment with DermaRite's ByeByeOdor Odor Eliminator Deodorizer Spray. Perfect for homes, hospitals, and industrial spaces, this non-toxic spray uses advanced chemical absorption technology to capture and neutralize airborne smells effectively. Unlike conventional air fresheners, it doesn't just mask odors but absorbs them, leaving behind a refreshing scent instead of harsh chemical fragrances. Formulated with safe ingredients like ammonium chloride, dimethyl, and benzyl compounds, it effectively neutralizes odors from urine, feces, and other bodily wastes. The pump spray mechanism with a protective storage cap ensures easy, eco-friendly dispensing without aerosols. Say goodbye to unpleasant odors indoors and outdoors with this versatile deodorizer. Not made with natural rubber latex. Trust DermaRite, a leading provider of premium wound care products, for superior performance and optimal wound healing.",mrms,I love this product — hate how I received it,This is one of my favorite products. We use it at work and I found it online for home. Every bottle was leaking and the box was soaked upon arrival. A good portion of my bottle are gone.,10/1/2022,2,Yes,5
"DermaRite's ByeByeOdor Eliminator Deodorizer Spray, Fruit Scent - Nontoxic Fabric and Air Freshener - Urine and Fecal Odor, Pet, Hospital and Ostomy, 1 Count, 3 Packs, 3 Total","Rapidly eliminate odors in any indoor environment with DermaRite's ByeByeOdor Odor Eliminator Deodorizer Spray. Perfect for homes, hospitals, and industrial spaces, this non-toxic spray uses advanced chemical absorption technology to capture and neutralize airborne smells effectively. Unlike conventional air fresheners, it doesn't just mask odors but absorbs them, leaving behind a refreshing scent instead of harsh chemical fragrances. Formulated with safe ingredients like ammonium chloride, dimethyl, and benzyl compounds, it effectively neutralizes odors from urine, feces, and other bodily wastes. The pump spray mechanism with a protective storage cap ensures easy, eco-friendly dispensing without aerosols. Say goodbye to unpleasant odors indoors and outdoors with this versatile deodorizer. Not made with natural rubber latex. Trust DermaRite, a leading provider of premium wound care products, for superior performance and optimal wound healing.",Linda Thrower,Bottles leak and collapse,I loved the fragrance and elimination off odor.,2/10/2022,3,Yes,0
"DermaRite's ByeByeOdor Eliminator Deodorizer Spray, Fruit Scent - Nontoxic Fabric and Air Freshener - Urine and Fecal Odor, Pet, Hospital and Ostomy, 1 Count, 3 Packs, 3 Total","Rapidly eliminate odors in any indoor environment with DermaRite's ByeByeOdor Odor Eliminator Deodorizer Spray. Perfect for homes, hospitals, and industrial spaces, this non-toxic spray uses advanced chemical absorption technology to capture and neutralize airborne smells effectively. Unlike conventional air fresheners, it doesn't just mask odors but absorbs them, leaving behind a refreshing scent instead of harsh chemical fragrances. Formulated with safe ingredients like ammonium chloride, dimethyl, and benzyl compounds, it effectively neutralizes odors from urine, feces, and other bodily wastes. The pump spray mechanism with a protective storage cap ensures easy, eco-friendly dispensing without aerosols. Say goodbye to unpleasant odors indoors and outdoors with this versatile deodorizer. Not made with natural rubber latex. Trust DermaRite, a leading provider of premium wound care products, for superior performance and optimal wound healing.",Samie2,Can’t smell it,No smell,3/31/2024,1,Yes,0
"DermaRite's ByeByeOdor Eliminator Deodorizer Spray, Fruit Scent - Nontoxic Fabric and Air Freshener - Urine and Fecal Odor, Pet, Hospital and Ostomy, 1 Count, 3 Packs, 3 Total","Rapidly eliminate odors in any indoor environment with DermaRite's ByeByeOdor Odor Eliminator Deodorizer Spray. Perfect for homes, hospitals, and industrial spaces, this non-toxic spray uses advanced chemical absorption technology to capture and neutralize airborne smells effectively. Unlike conventional air fresheners, it doesn't just mask odors but absorbs them, leaving behind a refreshing scent instead of harsh chemical fragrances. Formulated with safe ingredients like ammonium chloride, dimethyl, and benzyl compounds, it effectively neutralizes odors from urine, feces, and other bodily wastes. The pump spray mechanism with a protective storage cap ensures easy, eco-friendly dispensing without aerosols. Say goodbye to unpleasant odors indoors and outdoors with this versatile deodorizer. Not made with natural rubber latex. Trust DermaRite, a leading provider of premium wound care products, for superior performance and optimal wound healing.",Jenny,spilled,the smell is really good but doesn't last that long. My BIGGEST com;plaint is the fact that all three bottles spilt in the bag so they were all half empty already :(  super bummed and sad i waisted money.,6/22/2023,1,Yes,2
"DermaRite's ByeByeOdor Eliminator Deodorizer Spray, Fruit Scent - Nontoxic Fabric and Air Freshener - Urine and Fecal Odor, Pet, Hospital and Ostomy, 1 Count, 3 Packs, 3 Total","Rapidly eliminate odors in any indoor environment with DermaRite's ByeByeOdor Odor Eliminator Deodorizer Spray. Perfect for homes, hospitals, and industrial spaces, this non-toxic spray uses advanced chemical absorption technology to capture and neutralize airborne smells effectively. Unlike conventional air fresheners, it doesn't just mask odors but absorbs them, leaving behind a refreshing scent instead of harsh chemical fragrances. Formulated with safe ingredients like ammonium chloride, dimethyl, and benzyl compounds, it effectively neutralizes odors from urine, feces, and other bodily wastes. The pump spray mechanism with a protective storage cap ensures easy, eco-friendly dispensing without aerosols. Say goodbye to unpleasant odors indoors and outdoors with this versatile deodorizer. Not made with natural rubber latex. Trust DermaRite, a leading provider of premium wound care products, for superior performance and optimal wound healing.",Rachel H.,Product  didn’t cover the smell for more then a minute,"The scent was great and it covered up the pet odor right when I first sprayed it. But within seconds, I could smell the pet odor again. I have cleaned the spot and steamed cleaned the carpets and the smell just doesn’t go away. I have used other air freshener products and they work moderately well and the smell stays in the air for some time. But for the price of these I was really hoping that they would at least help with the smell for more then a few seconds.",4/3/2020,1,Yes,4
"DermaRite's ByeByeOdor Eliminator Deodorizer Spray, Fruit Scent - Nontoxic Fabric and Air Freshener - Urine and Fecal Odor, Pet, Hospital and Ostomy, 1 Count, 3 Packs, 3 Total","Rapidly eliminate odors in any indoor environment with DermaRite's ByeByeOdor Odor Eliminator Deodorizer Spray. Perfect for homes, hospitals, and industrial spaces, this non-toxic spray uses advanced chemical absorption technology to capture and neutralize airborne smells effectively. Unlike conventional air fresheners, it doesn't just mask odors but absorbs them, leaving behind a refreshing scent instead of harsh chemical fragrances. Formulated with safe ingredients like ammonium chloride, dimethyl, and benzyl compounds, it effectively neutralizes odors from urine, feces, and other bodily wastes. The pump spray mechanism with a protective storage cap ensures easy, eco-friendly dispensing without aerosols. Say goodbye to unpleasant odors indoors and outdoors with this versatile deodorizer. Not made with natural rubber latex. Trust DermaRite, a leading provider of premium wound care products, for superior performance and optimal wound healing.",nano 1,scent is gross,This imparts a stinking scent of its own.  It is nauseauting,11/2/2023,1,Yes,0
"DermaRite's ByeByeOdor Eliminator Deodorizer Spray, Fruit Scent - Nontoxic Fabric and Air Freshener - Urine and Fecal Odor, Pet, Hospital and Ostomy, 1 Count, 3 Packs, 3 Total","Rapidly eliminate odors in any indoor environment with DermaRite's ByeByeOdor Odor Eliminator Deodorizer Spray. Perfect for homes, hospitals, and industrial spaces, this non-toxic spray uses advanced chemical absorption technology to capture and neutralize airborne smells effectively. Unlike conventional air fresheners, it doesn't just mask odors but absorbs them, leaving behind a refreshing scent instead of harsh chemical fragrances. Formulated with safe ingredients like ammonium chloride, dimethyl, and benzyl compounds, it effectively neutralizes odors from urine, feces, and other bodily wastes. The pump spray mechanism with a protective storage cap ensures easy, eco-friendly dispensing without aerosols. Say goodbye to unpleasant odors indoors and outdoors with this versatile deodorizer. Not made with natural rubber latex. Trust DermaRite, a leading provider of premium wound care products, for superior performance and optimal wound healing.",Amazon Customer,Doesn't do the job on poo😵‍💫,If you want the smell to be masked for a few seconds...that's all it does!  it definitely does NOT get rid of actual odors in the air. 3 big bottles should have been the red flag.,3/7/2023,1,Yes,2
"DermaRite's ByeByeOdor Eliminator Deodorizer Spray, Fruit Scent - Nontoxic Fabric and Air Freshener - Urine and Fecal Odor, Pet, Hospital and Ostomy, 1 Count, 3 Packs, 3 Total","Rapidly eliminate odors in any indoor environment with DermaRite's ByeByeOdor Odor Eliminator Deodorizer Spray. Perfect for homes, hospitals, and industrial spaces, this non-toxic spray uses advanced chemical absorption technology to capture and neutralize airborne smells effectively. Unlike conventional air fresheners, it doesn't just mask odors but absorbs them, leaving behind a refreshing scent instead of harsh chemical fragrances. Formulated with safe ingredients like ammonium chloride, dimethyl, and benzyl compounds, it effectively neutralizes odors from urine, feces, and other bodily wastes. The pump spray mechanism with a protective storage cap ensures easy, eco-friendly dispensing without aerosols. Say goodbye to unpleasant odors indoors and outdoors with this versatile deodorizer. Not made with natural rubber latex. Trust DermaRite, a leading provider of premium wound care products, for superior performance and optimal wound healing.",Linda Crockett,It made the smell worse,Very disappointing in the item. It did not help the Oder it made it worse.,10/21/2023,1,Yes,0
"DermaRite's ByeByeOdor Eliminator Deodorizer Spray, Fruit Scent - Nontoxic Fabric and Air Freshener - Urine and Fecal Odor, Pet, Hospital and Ostomy, 1 Count, 3 Packs, 3 Total","Rapidly eliminate odors in any indoor environment with DermaRite's ByeByeOdor Odor Eliminator Deodorizer Spray. Perfect for homes, hospitals, and industrial spaces, this non-toxic spray uses advanced chemical absorption technology to capture and neutralize airborne smells effectively. Unlike conventional air fresheners, it doesn't just mask odors but absorbs them, leaving behind a refreshing scent instead of harsh chemical fragrances. Formulated with safe ingredients like ammonium chloride, dimethyl, and benzyl compounds, it effectively neutralizes odors from urine, feces, and other bodily wastes. The pump spray mechanism with a protective storage cap ensures easy, eco-friendly dispensing without aerosols. Say goodbye to unpleasant odors indoors and outdoors with this versatile deodorizer. Not made with natural rubber latex. Trust DermaRite, a leading provider of premium wound care products, for superior performance and optimal wound healing.",Chris,Smell Could Be Impoved Upon,"Thought this would resolve my family's ""post-poo"" woes ... but alas ... the smell of this odor eliminator leaves me looking for a different odor eliminator brand.The smell is strong and unpleasant.Don't recommend. Especially for those sensitive to smells.",7/19/2021,1,Yes,0
"DermaRite's ByeByeOdor Eliminator Deodorizer Spray, Fruit Scent - Nontoxic Fabric and Air Freshener - Urine and Fecal Odor, Pet, Hospital and Ostomy, 1 Count, 3 Packs, 3 Total","Rapidly eliminate odors in any indoor environment with DermaRite's ByeByeOdor Odor Eliminator Deodorizer Spray. Perfect for homes, hospitals, and industrial spaces, this non-toxic spray uses advanced chemical absorption technology to capture and neutralize airborne smells effectively. Unlike conventional air fresheners, it doesn't just mask odors but absorbs them, leaving behind a refreshing scent instead of harsh chemical fragrances. Formulated with safe ingredients like ammonium chloride, dimethyl, and benzyl compounds, it effectively neutralizes odors from urine, feces, and other bodily wastes. The pump spray mechanism with a protective storage cap ensures easy, eco-friendly dispensing without aerosols. Say goodbye to unpleasant odors indoors and outdoors with this versatile deodorizer. Not made with natural rubber latex. Trust DermaRite, a leading provider of premium wound care products, for superior performance and optimal wound healing.",Sandra C,Does nothing at all!,It's almost like we're spraying water because the smells linger in the restroom for hours! Definitely not worth buying.,3/27/2023,1,Yes,0
"DermaRite's ByeByeOdor Eliminator Deodorizer Spray, Fruit Scent - Nontoxic Fabric and Air Freshener - Urine and Fecal Odor, Pet, Hospital and Ostomy, 1 Count, 3 Packs, 3 Total","Rapidly eliminate odors in any indoor environment with DermaRite's ByeByeOdor Odor Eliminator Deodorizer Spray. Perfect for homes, hospitals, and industrial spaces, this non-toxic spray uses advanced chemical absorption technology to capture and neutralize airborne smells effectively. Unlike conventional air fresheners, it doesn't just mask odors but absorbs them, leaving behind a refreshing scent instead of harsh chemical fragrances. Formulated with safe ingredients like ammonium chloride, dimethyl, and benzyl compounds, it effectively neutralizes odors from urine, feces, and other bodily wastes. The pump spray mechanism with a protective storage cap ensures easy, eco-friendly dispensing without aerosols. Say goodbye to unpleasant odors indoors and outdoors with this versatile deodorizer. Not made with natural rubber latex. Trust DermaRite, a leading provider of premium wound care products, for superior performance and optimal wound healing.",Ron Kozal,Reduces odor,"This is the second time I have bought this spray. The smell and size are great, it works really well I would recommend it to anyone. Great price!",9/3/2024,5,Yes,2
"DermaRite's ByeByeOdor Eliminator Deodorizer Spray, Fruit Scent - Nontoxic Fabric and Air Freshener - Urine and Fecal Odor, Pet, Hospital and Ostomy, 1 Count, 3 Packs, 3 Total","Rapidly eliminate odors in any indoor environment with DermaRite's ByeByeOdor Odor Eliminator Deodorizer Spray. Perfect for homes, hospitals, and industrial spaces, this non-toxic spray uses advanced chemical absorption technology to capture and neutralize airborne smells effectively. Unlike conventional air fresheners, it doesn't just mask odors but absorbs them, leaving behind a refreshing scent instead of harsh chemical fragrances. Formulated with safe ingredients like ammonium chloride, dimethyl, and benzyl compounds, it effectively neutralizes odors from urine, feces, and other bodily wastes. The pump spray mechanism with a protective storage cap ensures easy, eco-friendly dispensing without aerosols. Say goodbye to unpleasant odors indoors and outdoors with this versatile deodorizer. Not made with natural rubber latex. Trust DermaRite, a leading provider of premium wound care products, for superior performance and optimal wound healing.",Dawn H,Bye Bye odor works very well!,I really like that it does not leave a strong scent after use like regular sprays. Easy to use and odors are eliminated quickly. Highly recommend.,10/15/2024,5,Yes,2
"DermaRite's ByeByeOdor Eliminator Deodorizer Spray, Fruit Scent - Nontoxic Fabric and Air Freshener - Urine and Fecal Odor, Pet, Hospital and Ostomy, 1 Count, 3 Packs, 3 Total","Rapidly eliminate odors in any indoor environment with DermaRite's ByeByeOdor Odor Eliminator Deodorizer Spray. Perfect for homes, hospitals, and industrial spaces, this non-toxic spray uses advanced chemical absorption technology to capture and neutralize airborne smells effectively. Unlike conventional air fresheners, it doesn't just mask odors but absorbs them, leaving behind a refreshing scent instead of harsh chemical fragrances. Formulated with safe ingredients like ammonium chloride, dimethyl, and benzyl compounds, it effectively neutralizes odors from urine, feces, and other bodily wastes. The pump spray mechanism with a protective storage cap ensures easy, eco-friendly dispensing without aerosols. Say goodbye to unpleasant odors indoors and outdoors with this versatile deodorizer. Not made with natural rubber latex. Trust DermaRite, a leading provider of premium wound care products, for superior performance and optimal wound healing.",Cinnamon,"Works great for any smell, every time, large quantities too","I use this everywhere: in the bathroom, kitchen, living room, etc. It's great at removing all offensive smells. Forgot to take the trash out and now the smell lingers? Use this spray and it's gone. It's a wonderful product. The fact that it's a 3-pack is just the cherry on top.",9/12/2024,5,Yes,0
"DermaRite's ByeByeOdor Eliminator Deodorizer Spray, Fruit Scent - Nontoxic Fabric and Air Freshener - Urine and Fecal Odor, Pet, Hospital and Ostomy, 1 Count, 3 Packs, 3 Total","Rapidly eliminate odors in any indoor environment with DermaRite's ByeByeOdor Odor Eliminator Deodorizer Spray. Perfect for homes, hospitals, and industrial spaces, this non-toxic spray uses advanced chemical absorption technology to capture and neutralize airborne smells effectively. Unlike conventional air fresheners, it doesn't just mask odors but absorbs them, leaving behind a refreshing scent instead of harsh chemical fragrances. Formulated with safe ingredients like ammonium chloride, dimethyl, and benzyl compounds, it effectively neutralizes odors from urine, feces, and other bodily wastes. The pump spray mechanism with a protective storage cap ensures easy, eco-friendly dispensing without aerosols. Say goodbye to unpleasant odors indoors and outdoors with this versatile deodorizer. Not made with natural rubber latex. Trust DermaRite, a leading provider of premium wound care products, for superior performance and optimal wound healing.",AvsFan4Ever,IMPRESSIVE...and I have severe allergies!  But there are some issues with shipping....,"I care for a 99yo relative who has urinary incontinence.  I have an adult diaper pail that works well, however in the summer heat it has been horribly smelly...even with the scent abosorbing bag liner.  Emptying said pail has been almost too much to endure, until I found ByeBye Odor.  I just open up the door and spray one pump and give it a couple of minutes to work...voila, no smell.This same person has irritable bowel syndrome and gets horrible bouts of diarrhea that permeate the entire house.  At least it use to, thanks to ByeBye Odor we can all breath deeply during these situations.I have severe allergies and get sinus infections easily, even from perfumes.  Febreze makes me sick because it's to highly perfumed and it lingers for days.  I am also a super smeller, meaning I can smell odors/scents that others cannot.  ByeBye Odor does have a mildtropical-fruity scent that dissipates quickly...and I don't end up tasting it all day.The only problem I have with this product is the bottles leaked during shipping, therefore only 4 stars.  In my first shipment the bottles leaked so badly that I couldn't even bring the box or bottles into the house.  The lids were unscrewed and almost one whole bottle leaked out.  There was mild leakage with the replacement shipment too.  All three bottle have label damage from the leakage.Amazon could pack the product better with pillow packing so the bottles do not rub against the paper packing and box.  But apparently they believe their ""green packaging'"" is more climate friendly than repeated returns and replacement deliveries.  Additionally the manufacturer should put a tamper proof tape around the bottom of the lid to deter leakage.  I believe both companies need to pay attention to these issues because when consumers buy items like ByeBye Odor they have an immediate need.I can really feel for Amazon's employees that have to smell this product all day in their vans because it has leaked out and soaked the boxes....",8/28/2023,4,Yes,13
"DermaRite's ByeByeOdor Eliminator Deodorizer Spray, Fruit Scent - Nontoxic Fabric and Air Freshener - Urine and Fecal Odor, Pet, Hospital and Ostomy, 1 Count, 3 Packs, 3 Total","Rapidly eliminate odors in any indoor environment with DermaRite's ByeByeOdor Odor Eliminator Deodorizer Spray. Perfect for homes, hospitals, and industrial spaces, this non-toxic spray uses advanced chemical absorption technology to capture and neutralize airborne smells effectively. Unlike conventional air fresheners, it doesn't just mask odors but absorbs them, leaving behind a refreshing scent instead of harsh chemical fragrances. Formulated with safe ingredients like ammonium chloride, dimethyl, and benzyl compounds, it effectively neutralizes odors from urine, feces, and other bodily wastes. The pump spray mechanism with a protective storage cap ensures easy, eco-friendly dispensing without aerosols. Say goodbye to unpleasant odors indoors and outdoors with this versatile deodorizer. Not made with natural rubber latex. Trust DermaRite, a leading provider of premium wound care products, for superior performance and optimal wound healing.",RegM,This product really eliminates  odors,"This product is great for getting odors out of your house or residents. I like to use this spray, especially after cooking to eliminate food odors.",10/12/2024,5,Yes,0
"DermaRite's ByeByeOdor Eliminator Deodorizer Spray, Fruit Scent - Nontoxic Fabric and Air Freshener - Urine and Fecal Odor, Pet, Hospital and Ostomy, 1 Count, 3 Packs, 3 Total","Rapidly eliminate odors in any indoor environment with DermaRite's ByeByeOdor Odor Eliminator Deodorizer Spray. Perfect for homes, hospitals, and industrial spaces, this non-toxic spray uses advanced chemical absorption technology to capture and neutralize airborne smells effectively. Unlike conventional air fresheners, it doesn't just mask odors but absorbs them, leaving behind a refreshing scent instead of harsh chemical fragrances. Formulated with safe ingredients like ammonium chloride, dimethyl, and benzyl compounds, it effectively neutralizes odors from urine, feces, and other bodily wastes. The pump spray mechanism with a protective storage cap ensures easy, eco-friendly dispensing without aerosols. Say goodbye to unpleasant odors indoors and outdoors with this versatile deodorizer. Not made with natural rubber latex. Trust DermaRite, a leading provider of premium wound care products, for superior performance and optimal wound healing.",Lauryl Ford,Works great and fast,Works fast,9/20/2024,5,Yes,0
"DermaRite's ByeByeOdor Eliminator Deodorizer Spray, Fruit Scent - Nontoxic Fabric and Air Freshener - Urine and Fecal Odor, Pet, Hospital and Ostomy, 1 Count, 3 Packs, 3 Total","Rapidly eliminate odors in any indoor environment with DermaRite's ByeByeOdor Odor Eliminator Deodorizer Spray. Perfect for homes, hospitals, and industrial spaces, this non-toxic spray uses advanced chemical absorption technology to capture and neutralize airborne smells effectively. Unlike conventional air fresheners, it doesn't just mask odors but absorbs them, leaving behind a refreshing scent instead of harsh chemical fragrances. Formulated with safe ingredients like ammonium chloride, dimethyl, and benzyl compounds, it effectively neutralizes odors from urine, feces, and other bodily wastes. The pump spray mechanism with a protective storage cap ensures easy, eco-friendly dispensing without aerosols. Say goodbye to unpleasant odors indoors and outdoors with this versatile deodorizer. Not made with natural rubber latex. Trust DermaRite, a leading provider of premium wound care products, for superior performance and optimal wound healing.",Jacqueline D. Busk,Exceptional!,"Amazing product-does everything and more that it claims to do. We live in an older (!) house and sometimes the bathroom drains give off a terrible odor. I'm allergic to all the commercially produced floral sprays and they never helped anyway! Trust me-i could not sleep for the horrible smells coming from the bathroom! The scent is not a strong ""citrus"" or a ""floral""-it is a""clean/fresh"" smell-and it doesn't get up your nose! Highly recommend this product!",7/1/2024,5,Yes,4
"DermaRite's ByeByeOdor Eliminator Deodorizer Spray, Fruit Scent - Nontoxic Fabric and Air Freshener - Urine and Fecal Odor, Pet, Hospital and Ostomy, 1 Count, 3 Packs, 3 Total","Rapidly eliminate odors in any indoor environment with DermaRite's ByeByeOdor Odor Eliminator Deodorizer Spray. Perfect for homes, hospitals, and industrial spaces, this non-toxic spray uses advanced chemical absorption technology to capture and neutralize airborne smells effectively. Unlike conventional air fresheners, it doesn't just mask odors but absorbs them, leaving behind a refreshing scent instead of harsh chemical fragrances. Formulated with safe ingredients like ammonium chloride, dimethyl, and benzyl compounds, it effectively neutralizes odors from urine, feces, and other bodily wastes. The pump spray mechanism with a protective storage cap ensures easy, eco-friendly dispensing without aerosols. Say goodbye to unpleasant odors indoors and outdoors with this versatile deodorizer. Not made with natural rubber latex. Trust DermaRite, a leading provider of premium wound care products, for superior performance and optimal wound healing.",Mark Brown,Better than poopari,Best stuff to use in the bathroom or at the office,10/4/2024,5,Yes,0
"DermaRite's ByeByeOdor Eliminator Deodorizer Spray, Fruit Scent - Nontoxic Fabric and Air Freshener - Urine and Fecal Odor, Pet, Hospital and Ostomy, 1 Count, 3 Packs, 3 Total","Rapidly eliminate odors in any indoor environment with DermaRite's ByeByeOdor Odor Eliminator Deodorizer Spray. Perfect for homes, hospitals, and industrial spaces, this non-toxic spray uses advanced chemical absorption technology to capture and neutralize airborne smells effectively. Unlike conventional air fresheners, it doesn't just mask odors but absorbs them, leaving behind a refreshing scent instead of harsh chemical fragrances. Formulated with safe ingredients like ammonium chloride, dimethyl, and benzyl compounds, it effectively neutralizes odors from urine, feces, and other bodily wastes. The pump spray mechanism with a protective storage cap ensures easy, eco-friendly dispensing without aerosols. Say goodbye to unpleasant odors indoors and outdoors with this versatile deodorizer. Not made with natural rubber latex. Trust DermaRite, a leading provider of premium wound care products, for superior performance and optimal wound healing.",They work ony truck cap they leus do,Odor eliminator,It eliminates odors that you don't want.it smells fresh and clean.,7/6/2024,4,Yes,0
"DermaRite's ByeByeOdor Eliminator Deodorizer Spray, Fruit Scent - Nontoxic Fabric and Air Freshener - Urine and Fecal Odor, Pet, Hospital and Ostomy, 1 Count, 3 Packs, 3 Total","Rapidly eliminate odors in any indoor environment with DermaRite's ByeByeOdor Odor Eliminator Deodorizer Spray. Perfect for homes, hospitals, and industrial spaces, this non-toxic spray uses advanced chemical absorption technology to capture and neutralize airborne smells effectively. Unlike conventional air fresheners, it doesn't just mask odors but absorbs them, leaving behind a refreshing scent instead of harsh chemical fragrances. Formulated with safe ingredients like ammonium chloride, dimethyl, and benzyl compounds, it effectively neutralizes odors from urine, feces, and other bodily wastes. The pump spray mechanism with a protective storage cap ensures easy, eco-friendly dispensing without aerosols. Say goodbye to unpleasant odors indoors and outdoors with this versatile deodorizer. Not made with natural rubber latex. Trust DermaRite, a leading provider of premium wound care products, for superior performance and optimal wound healing.",Debbie A. Bare,Great product. Really works well.,Really works good. Neutralizes the order well. Great shipping.,8/14/2024,5,Yes,0
"DermaRite's ByeByeOdor Eliminator Deodorizer Spray, Fruit Scent - Nontoxic Fabric and Air Freshener - Urine and Fecal Odor, Pet, Hospital and Ostomy, 1 Count, 3 Packs, 3 Total","Rapidly eliminate odors in any indoor environment with DermaRite's ByeByeOdor Odor Eliminator Deodorizer Spray. Perfect for homes, hospitals, and industrial spaces, this non-toxic spray uses advanced chemical absorption technology to capture and neutralize airborne smells effectively. Unlike conventional air fresheners, it doesn't just mask odors but absorbs them, leaving behind a refreshing scent instead of harsh chemical fragrances. Formulated with safe ingredients like ammonium chloride, dimethyl, and benzyl compounds, it effectively neutralizes odors from urine, feces, and other bodily wastes. The pump spray mechanism with a protective storage cap ensures easy, eco-friendly dispensing without aerosols. Say goodbye to unpleasant odors indoors and outdoors with this versatile deodorizer. Not made with natural rubber latex. Trust DermaRite, a leading provider of premium wound care products, for superior performance and optimal wound healing.",Amazon Customer,packing/shipping leaks,I saw this product at a doctors office and it was pretty impressive so I purchased it. Smells nice and definitely works. HOWEVER (as others have reviewed) the packaging/shipping is not the most effective. The tops don't seem to be tight enough to not spill and leak. basically lost half a bottle.,3/22/2024,4,Yes,0
"DermaRite's ByeByeOdor Eliminator Deodorizer Spray, Fruit Scent - Nontoxic Fabric and Air Freshener - Urine and Fecal Odor, Pet, Hospital and Ostomy, 1 Count, 3 Packs, 3 Total","Rapidly eliminate odors in any indoor environment with DermaRite's ByeByeOdor Odor Eliminator Deodorizer Spray. Perfect for homes, hospitals, and industrial spaces, this non-toxic spray uses advanced chemical absorption technology to capture and neutralize airborne smells effectively. Unlike conventional air fresheners, it doesn't just mask odors but absorbs them, leaving behind a refreshing scent instead of harsh chemical fragrances. Formulated with safe ingredients like ammonium chloride, dimethyl, and benzyl compounds, it effectively neutralizes odors from urine, feces, and other bodily wastes. The pump spray mechanism with a protective storage cap ensures easy, eco-friendly dispensing without aerosols. Say goodbye to unpleasant odors indoors and outdoors with this versatile deodorizer. Not made with natural rubber latex. Trust DermaRite, a leading provider of premium wound care products, for superior performance and optimal wound healing.",purplesunshine,Smells BeGone!!,"Just a couple of sprays and the smell is gone, my kitchen was overwhelmed with the smell of onions. I also tried it in my son’s room and it worked!!",7/23/2024,5,Yes,0
"DermaRite's ByeByeOdor Eliminator Deodorizer Spray, Fruit Scent - Nontoxic Fabric and Air Freshener - Urine and Fecal Odor, Pet, Hospital and Ostomy, 1 Count, 3 Packs, 3 Total","Rapidly eliminate odors in any indoor environment with DermaRite's ByeByeOdor Odor Eliminator Deodorizer Spray. Perfect for homes, hospitals, and industrial spaces, this non-toxic spray uses advanced chemical absorption technology to capture and neutralize airborne smells effectively. Unlike conventional air fresheners, it doesn't just mask odors but absorbs them, leaving behind a refreshing scent instead of harsh chemical fragrances. Formulated with safe ingredients like ammonium chloride, dimethyl, and benzyl compounds, it effectively neutralizes odors from urine, feces, and other bodily wastes. The pump spray mechanism with a protective storage cap ensures easy, eco-friendly dispensing without aerosols. Say goodbye to unpleasant odors indoors and outdoors with this versatile deodorizer. Not made with natural rubber latex. Trust DermaRite, a leading provider of premium wound care products, for superior performance and optimal wound healing.",Amazon Customer,Bye Bye Odor,"Bye-bye odor is amazing.I first came across, bye-bye odor at the healthcare center that I work at, and let me tell you this stuff works. It can quickly take care of a stinky situation. I keep a bottle with me at all times.. I also use it at home. I live with somebody that smokes, and I cannot stand cigarette smoke, and it even helps with cigarette smoke. bye-bye odor works great. It has a slight fruit smell, not strong and overpowering. It works far better than anything else I’ve ever tried. I would definitely recommend at least trying it. This stuff is amazing.",1/31/2024,5,Yes,2
"DermaRite's ByeByeOdor Eliminator Deodorizer Spray, Fruit Scent - Nontoxic Fabric and Air Freshener - Urine and Fecal Odor, Pet, Hospital and Ostomy, 1 Count, 3 Packs, 3 Total","Rapidly eliminate odors in any indoor environment with DermaRite's ByeByeOdor Odor Eliminator Deodorizer Spray. Perfect for homes, hospitals, and industrial spaces, this non-toxic spray uses advanced chemical absorption technology to capture and neutralize airborne smells effectively. Unlike conventional air fresheners, it doesn't just mask odors but absorbs them, leaving behind a refreshing scent instead of harsh chemical fragrances. Formulated with safe ingredients like ammonium chloride, dimethyl, and benzyl compounds, it effectively neutralizes odors from urine, feces, and other bodily wastes. The pump spray mechanism with a protective storage cap ensures easy, eco-friendly dispensing without aerosols. Say goodbye to unpleasant odors indoors and outdoors with this versatile deodorizer. Not made with natural rubber latex. Trust DermaRite, a leading provider of premium wound care products, for superior performance and optimal wound healing.",Valerie E,It Quickly eliminates odors!  Yay!,"I like that it is not a pressurized container.  I like that it is light-weight. (eh?)  The fragrance is similar to green apples, I think.  Maybe a tad ""tart"" smelling?  But ... the other odors go away immediately, and that is a good thing!  And the freshener fragrance goes away very quickly thereafter!  I don't know how it does it, but it works ... and quickly!",4/8/2024,5,Yes,0
"DermaRite's ByeByeOdor Eliminator Deodorizer Spray, Fruit Scent - Nontoxic Fabric and Air Freshener - Urine and Fecal Odor, Pet, Hospital and Ostomy, 1 Count, 3 Packs, 3 Total","Rapidly eliminate odors in any indoor environment with DermaRite's ByeByeOdor Odor Eliminator Deodorizer Spray. Perfect for homes, hospitals, and industrial spaces, this non-toxic spray uses advanced chemical absorption technology to capture and neutralize airborne smells effectively. Unlike conventional air fresheners, it doesn't just mask odors but absorbs them, leaving behind a refreshing scent instead of harsh chemical fragrances. Formulated with safe ingredients like ammonium chloride, dimethyl, and benzyl compounds, it effectively neutralizes odors from urine, feces, and other bodily wastes. The pump spray mechanism with a protective storage cap ensures easy, eco-friendly dispensing without aerosols. Say goodbye to unpleasant odors indoors and outdoors with this versatile deodorizer. Not made with natural rubber latex. Trust DermaRite, a leading provider of premium wound care products, for superior performance and optimal wound healing.",alicia garza,Love it,This product has a great sent to it and illuminates order very quickly.,7/8/2024,5,Yes,0
"DermaRite's ByeByeOdor Eliminator Deodorizer Spray, Fruit Scent - Nontoxic Fabric and Air Freshener - Urine and Fecal Odor, Pet, Hospital and Ostomy, 1 Count, 3 Packs, 3 Total","Rapidly eliminate odors in any indoor environment with DermaRite's ByeByeOdor Odor Eliminator Deodorizer Spray. Perfect for homes, hospitals, and industrial spaces, this non-toxic spray uses advanced chemical absorption technology to capture and neutralize airborne smells effectively. Unlike conventional air fresheners, it doesn't just mask odors but absorbs them, leaving behind a refreshing scent instead of harsh chemical fragrances. Formulated with safe ingredients like ammonium chloride, dimethyl, and benzyl compounds, it effectively neutralizes odors from urine, feces, and other bodily wastes. The pump spray mechanism with a protective storage cap ensures easy, eco-friendly dispensing without aerosols. Say goodbye to unpleasant odors indoors and outdoors with this versatile deodorizer. Not made with natural rubber latex. Trust DermaRite, a leading provider of premium wound care products, for superior performance and optimal wound healing.",Etta,Gets rid of stinky odor!,This spray really does get rid of stinky bathroom odor.  It doesn't just cover it up.  I have a real sensitivity to smells and the fragrance of this spray is not overbearing.,5/28/2024,5,Yes,0
"DermaRite's ByeByeOdor Eliminator Deodorizer Spray, Fruit Scent - Nontoxic Fabric and Air Freshener - Urine and Fecal Odor, Pet, Hospital and Ostomy, 1 Count, 3 Packs, 3 Total","Rapidly eliminate odors in any indoor environment with DermaRite's ByeByeOdor Odor Eliminator Deodorizer Spray. Perfect for homes, hospitals, and industrial spaces, this non-toxic spray uses advanced chemical absorption technology to capture and neutralize airborne smells effectively. Unlike conventional air fresheners, it doesn't just mask odors but absorbs them, leaving behind a refreshing scent instead of harsh chemical fragrances. Formulated with safe ingredients like ammonium chloride, dimethyl, and benzyl compounds, it effectively neutralizes odors from urine, feces, and other bodily wastes. The pump spray mechanism with a protective storage cap ensures easy, eco-friendly dispensing without aerosols. Say goodbye to unpleasant odors indoors and outdoors with this versatile deodorizer. Not made with natural rubber latex. Trust DermaRite, a leading provider of premium wound care products, for superior performance and optimal wound healing.",Shell,Works very well for what I bought it for.,"This had made a BIG difference in the smell of the room and even helps the entire house. No more strong urine and waste smells from a ""special needs"" teen's room. (and the laundry room)There is just a trace of smell if you really atune your nose to it, but it's not bad at all.I do recommend.",11/12/2023,4,Yes,2
"DermaRite's ByeByeOdor Eliminator Deodorizer Spray, Fruit Scent - Nontoxic Fabric and Air Freshener - Urine and Fecal Odor, Pet, Hospital and Ostomy, 1 Count, 3 Packs, 3 Total","Rapidly eliminate odors in any indoor environment with DermaRite's ByeByeOdor Odor Eliminator Deodorizer Spray. Perfect for homes, hospitals, and industrial spaces, this non-toxic spray uses advanced chemical absorption technology to capture and neutralize airborne smells effectively. Unlike conventional air fresheners, it doesn't just mask odors but absorbs them, leaving behind a refreshing scent instead of harsh chemical fragrances. Formulated with safe ingredients like ammonium chloride, dimethyl, and benzyl compounds, it effectively neutralizes odors from urine, feces, and other bodily wastes. The pump spray mechanism with a protective storage cap ensures easy, eco-friendly dispensing without aerosols. Say goodbye to unpleasant odors indoors and outdoors with this versatile deodorizer. Not made with natural rubber latex. Trust DermaRite, a leading provider of premium wound care products, for superior performance and optimal wound healing.",Craig A,Works amazing,This product was amazingly,7/1/2024,5,Yes,0
"DermaRite's ByeByeOdor Eliminator Deodorizer Spray, Fruit Scent - Nontoxic Fabric and Air Freshener - Urine and Fecal Odor, Pet, Hospital and Ostomy, 1 Count, 3 Packs, 3 Total","Rapidly eliminate odors in any indoor environment with DermaRite's ByeByeOdor Odor Eliminator Deodorizer Spray. Perfect for homes, hospitals, and industrial spaces, this non-toxic spray uses advanced chemical absorption technology to capture and neutralize airborne smells effectively. Unlike conventional air fresheners, it doesn't just mask odors but absorbs them, leaving behind a refreshing scent instead of harsh chemical fragrances. Formulated with safe ingredients like ammonium chloride, dimethyl, and benzyl compounds, it effectively neutralizes odors from urine, feces, and other bodily wastes. The pump spray mechanism with a protective storage cap ensures easy, eco-friendly dispensing without aerosols. Say goodbye to unpleasant odors indoors and outdoors with this versatile deodorizer. Not made with natural rubber latex. Trust DermaRite, a leading provider of premium wound care products, for superior performance and optimal wound healing.",Dimplez,Amazing!,First smelled this product in a long term care facility. It definitely took away unwanted odor for hours. I have been wanting this for my own home and finally found it! It's just like I remember! Only 2 squirts and lasts a long time!!,4/12/2024,5,Yes,3
"DermaRite's ByeByeOdor Eliminator Deodorizer Spray, Fruit Scent - Nontoxic Fabric and Air Freshener - Urine and Fecal Odor, Pet, Hospital and Ostomy, 1 Count, 3 Packs, 3 Total","Rapidly eliminate odors in any indoor environment with DermaRite's ByeByeOdor Odor Eliminator Deodorizer Spray. Perfect for homes, hospitals, and industrial spaces, this non-toxic spray uses advanced chemical absorption technology to capture and neutralize airborne smells effectively. Unlike conventional air fresheners, it doesn't just mask odors but absorbs them, leaving behind a refreshing scent instead of harsh chemical fragrances. Formulated with safe ingredients like ammonium chloride, dimethyl, and benzyl compounds, it effectively neutralizes odors from urine, feces, and other bodily wastes. The pump spray mechanism with a protective storage cap ensures easy, eco-friendly dispensing without aerosols. Say goodbye to unpleasant odors indoors and outdoors with this versatile deodorizer. Not made with natural rubber latex. Trust DermaRite, a leading provider of premium wound care products, for superior performance and optimal wound healing.",MS.mundo,Works for baby blowouts,"I bought this because I am very sensitive to smells and thought I would have a hard time with diaper changes. I really don't need the spray as much as I thought, but if it is bad, I will spray 2 or 3 times to take the edge off. Could spray a few more if needed, but usually that is fine to cover the smell while I change baby. The scent is pretty decent and fresh. A little strong right when you spray it, but tolerable. Doesn't smell toxic. I feel safe using with baby and if it gets on his skin. Definitely recommended. Also, the three pack is nice and will last a long time. Great to have one upstairs and downstairs and one for a diaper bag on the go.",8/9/2023,5,Yes,2
"DermaRite's ByeByeOdor Eliminator Deodorizer Spray, Fruit Scent - Nontoxic Fabric and Air Freshener - Urine and Fecal Odor, Pet, Hospital and Ostomy, 1 Count, 3 Packs, 3 Total","Rapidly eliminate odors in any indoor environment with DermaRite's ByeByeOdor Odor Eliminator Deodorizer Spray. Perfect for homes, hospitals, and industrial spaces, this non-toxic spray uses advanced chemical absorption technology to capture and neutralize airborne smells effectively. Unlike conventional air fresheners, it doesn't just mask odors but absorbs them, leaving behind a refreshing scent instead of harsh chemical fragrances. Formulated with safe ingredients like ammonium chloride, dimethyl, and benzyl compounds, it effectively neutralizes odors from urine, feces, and other bodily wastes. The pump spray mechanism with a protective storage cap ensures easy, eco-friendly dispensing without aerosols. Say goodbye to unpleasant odors indoors and outdoors with this versatile deodorizer. Not made with natural rubber latex. Trust DermaRite, a leading provider of premium wound care products, for superior performance and optimal wound healing.",lindalue,Best I've found,It doesn't cover up odors it eliminates them,6/4/2024,5,Yes,0
"DermaRite's ByeByeOdor Eliminator Deodorizer Spray, Fruit Scent - Nontoxic Fabric and Air Freshener - Urine and Fecal Odor, Pet, Hospital and Ostomy, 1 Count, 3 Packs, 3 Total","Rapidly eliminate odors in any indoor environment with DermaRite's ByeByeOdor Odor Eliminator Deodorizer Spray. Perfect for homes, hospitals, and industrial spaces, this non-toxic spray uses advanced chemical absorption technology to capture and neutralize airborne smells effectively. Unlike conventional air fresheners, it doesn't just mask odors but absorbs them, leaving behind a refreshing scent instead of harsh chemical fragrances. Formulated with safe ingredients like ammonium chloride, dimethyl, and benzyl compounds, it effectively neutralizes odors from urine, feces, and other bodily wastes. The pump spray mechanism with a protective storage cap ensures easy, eco-friendly dispensing without aerosols. Say goodbye to unpleasant odors indoors and outdoors with this versatile deodorizer. Not made with natural rubber latex. Trust DermaRite, a leading provider of premium wound care products, for superior performance and optimal wound healing.",Aunt Sherry,Works!,This product is used in hospitals and nursing homes to odors at bay. Will buy again!,1/3/2024,4,Yes,0
"DermaRite's ByeByeOdor Eliminator Deodorizer Spray, Fruit Scent - Nontoxic Fabric and Air Freshener - Urine and Fecal Odor, Pet, Hospital and Ostomy, 1 Count, 3 Packs, 3 Total","Rapidly eliminate odors in any indoor environment with DermaRite's ByeByeOdor Odor Eliminator Deodorizer Spray. Perfect for homes, hospitals, and industrial spaces, this non-toxic spray uses advanced chemical absorption technology to capture and neutralize airborne smells effectively. Unlike conventional air fresheners, it doesn't just mask odors but absorbs them, leaving behind a refreshing scent instead of harsh chemical fragrances. Formulated with safe ingredients like ammonium chloride, dimethyl, and benzyl compounds, it effectively neutralizes odors from urine, feces, and other bodily wastes. The pump spray mechanism with a protective storage cap ensures easy, eco-friendly dispensing without aerosols. Say goodbye to unpleasant odors indoors and outdoors with this versatile deodorizer. Not made with natural rubber latex. Trust DermaRite, a leading provider of premium wound care products, for superior performance and optimal wound healing.",MLS,No More Smelly Dog,"Some male dog breeds have a musty scent and some male dogs don’t lift their leg to pee.  Our male dog has a foul smell of both foul scents between grooming.  I have tried different pet sprays and fabric sprays on bedding between washing that only worked for the day.  After watching an odor eliminator TV Infomercial, I researched these products online and tried this because of the Buyer Reviews, Product Safe Information, and Affirdable Price worth trying.  This product  worked at reducing our smelly dogs scent without him squirming and rubbing the scent off on our carpet and his bedding.  I sprayed behind the back of his front legs, rubbed over the fur with a paper towel and the smell was reduced to a slight citrus smell.",3/11/2023,5,Yes,8
"DermaRite's ByeByeOdor Eliminator Deodorizer Spray, Fruit Scent - Nontoxic Fabric and Air Freshener - Urine and Fecal Odor, Pet, Hospital and Ostomy, 1 Count, 3 Packs, 3 Total","Rapidly eliminate odors in any indoor environment with DermaRite's ByeByeOdor Odor Eliminator Deodorizer Spray. Perfect for homes, hospitals, and industrial spaces, this non-toxic spray uses advanced chemical absorption technology to capture and neutralize airborne smells effectively. Unlike conventional air fresheners, it doesn't just mask odors but absorbs them, leaving behind a refreshing scent instead of harsh chemical fragrances. Formulated with safe ingredients like ammonium chloride, dimethyl, and benzyl compounds, it effectively neutralizes odors from urine, feces, and other bodily wastes. The pump spray mechanism with a protective storage cap ensures easy, eco-friendly dispensing without aerosols. Say goodbye to unpleasant odors indoors and outdoors with this versatile deodorizer. Not made with natural rubber latex. Trust DermaRite, a leading provider of premium wound care products, for superior performance and optimal wound healing.",colorful20,Excellent!,"Does the job, great smell.",5/31/2024,5,Yes,0
"DermaRite's ByeByeOdor Eliminator Deodorizer Spray, Fruit Scent - Nontoxic Fabric and Air Freshener - Urine and Fecal Odor, Pet, Hospital and Ostomy, 1 Count, 3 Packs, 3 Total","Rapidly eliminate odors in any indoor environment with DermaRite's ByeByeOdor Odor Eliminator Deodorizer Spray. Perfect for homes, hospitals, and industrial spaces, this non-toxic spray uses advanced chemical absorption technology to capture and neutralize airborne smells effectively. Unlike conventional air fresheners, it doesn't just mask odors but absorbs them, leaving behind a refreshing scent instead of harsh chemical fragrances. Formulated with safe ingredients like ammonium chloride, dimethyl, and benzyl compounds, it effectively neutralizes odors from urine, feces, and other bodily wastes. The pump spray mechanism with a protective storage cap ensures easy, eco-friendly dispensing without aerosols. Say goodbye to unpleasant odors indoors and outdoors with this versatile deodorizer. Not made with natural rubber latex. Trust DermaRite, a leading provider of premium wound care products, for superior performance and optimal wound healing.",Jb,Great Product,"I like this product because it does eliminate the odor. A little strong at first, but quickly dissipates.",4/21/2024,5,Yes,0
"DermaRite's ByeByeOdor Eliminator Deodorizer Spray, Fruit Scent - Nontoxic Fabric and Air Freshener - Urine and Fecal Odor, Pet, Hospital and Ostomy, 1 Count, 3 Packs, 3 Total","Rapidly eliminate odors in any indoor environment with DermaRite's ByeByeOdor Odor Eliminator Deodorizer Spray. Perfect for homes, hospitals, and industrial spaces, this non-toxic spray uses advanced chemical absorption technology to capture and neutralize airborne smells effectively. Unlike conventional air fresheners, it doesn't just mask odors but absorbs them, leaving behind a refreshing scent instead of harsh chemical fragrances. Formulated with safe ingredients like ammonium chloride, dimethyl, and benzyl compounds, it effectively neutralizes odors from urine, feces, and other bodily wastes. The pump spray mechanism with a protective storage cap ensures easy, eco-friendly dispensing without aerosols. Say goodbye to unpleasant odors indoors and outdoors with this versatile deodorizer. Not made with natural rubber latex. Trust DermaRite, a leading provider of premium wound care products, for superior performance and optimal wound healing.",Stan Z,A great spray deodorizer,Very handy and effective spray deodorizer,5/14/2024,5,Yes,0
"DermaRite's ByeByeOdor Eliminator Deodorizer Spray, Fruit Scent - Nontoxic Fabric and Air Freshener - Urine and Fecal Odor, Pet, Hospital and Ostomy, 1 Count, 3 Packs, 3 Total","Rapidly eliminate odors in any indoor environment with DermaRite's ByeByeOdor Odor Eliminator Deodorizer Spray. Perfect for homes, hospitals, and industrial spaces, this non-toxic spray uses advanced chemical absorption technology to capture and neutralize airborne smells effectively. Unlike conventional air fresheners, it doesn't just mask odors but absorbs them, leaving behind a refreshing scent instead of harsh chemical fragrances. Formulated with safe ingredients like ammonium chloride, dimethyl, and benzyl compounds, it effectively neutralizes odors from urine, feces, and other bodily wastes. The pump spray mechanism with a protective storage cap ensures easy, eco-friendly dispensing without aerosols. Say goodbye to unpleasant odors indoors and outdoors with this versatile deodorizer. Not made with natural rubber latex. Trust DermaRite, a leading provider of premium wound care products, for superior performance and optimal wound healing.",docota runningwolf,It really works,Spray it order gone,5/16/2024,5,Yes,0
"DermaRite's ByeByeOdor Eliminator Deodorizer Spray, Fruit Scent - Nontoxic Fabric and Air Freshener - Urine and Fecal Odor, Pet, Hospital and Ostomy, 1 Count, 3 Packs, 3 Total","Rapidly eliminate odors in any indoor environment with DermaRite's ByeByeOdor Odor Eliminator Deodorizer Spray. Perfect for homes, hospitals, and industrial spaces, this non-toxic spray uses advanced chemical absorption technology to capture and neutralize airborne smells effectively. Unlike conventional air fresheners, it doesn't just mask odors but absorbs them, leaving behind a refreshing scent instead of harsh chemical fragrances. Formulated with safe ingredients like ammonium chloride, dimethyl, and benzyl compounds, it effectively neutralizes odors from urine, feces, and other bodily wastes. The pump spray mechanism with a protective storage cap ensures easy, eco-friendly dispensing without aerosols. Say goodbye to unpleasant odors indoors and outdoors with this versatile deodorizer. Not made with natural rubber latex. Trust DermaRite, a leading provider of premium wound care products, for superior performance and optimal wound healing.",Lisa S,Does it work ?,I saw this in my doctor’s office so I bought my own and I love it really does get rid of odors !,3/27/2024,5,Yes,0
"DermaRite's ByeByeOdor Eliminator Deodorizer Spray, Fruit Scent - Nontoxic Fabric and Air Freshener - Urine and Fecal Odor, Pet, Hospital and Ostomy, 1 Count, 3 Packs, 3 Total","Rapidly eliminate odors in any indoor environment with DermaRite's ByeByeOdor Odor Eliminator Deodorizer Spray. Perfect for homes, hospitals, and industrial spaces, this non-toxic spray uses advanced chemical absorption technology to capture and neutralize airborne smells effectively. Unlike conventional air fresheners, it doesn't just mask odors but absorbs them, leaving behind a refreshing scent instead of harsh chemical fragrances. Formulated with safe ingredients like ammonium chloride, dimethyl, and benzyl compounds, it effectively neutralizes odors from urine, feces, and other bodily wastes. The pump spray mechanism with a protective storage cap ensures easy, eco-friendly dispensing without aerosols. Say goodbye to unpleasant odors indoors and outdoors with this versatile deodorizer. Not made with natural rubber latex. Trust DermaRite, a leading provider of premium wound care products, for superior performance and optimal wound healing.",Amazon Customer,This product works,This product is an excellent odor eliminator,4/28/2024,5,Yes,0
"DermaRite's ByeByeOdor Eliminator Deodorizer Spray, Fruit Scent - Nontoxic Fabric and Air Freshener - Urine and Fecal Odor, Pet, Hospital and Ostomy, 1 Count, 3 Packs, 3 Total","Rapidly eliminate odors in any indoor environment with DermaRite's ByeByeOdor Odor Eliminator Deodorizer Spray. Perfect for homes, hospitals, and industrial spaces, this non-toxic spray uses advanced chemical absorption technology to capture and neutralize airborne smells effectively. Unlike conventional air fresheners, it doesn't just mask odors but absorbs them, leaving behind a refreshing scent instead of harsh chemical fragrances. Formulated with safe ingredients like ammonium chloride, dimethyl, and benzyl compounds, it effectively neutralizes odors from urine, feces, and other bodily wastes. The pump spray mechanism with a protective storage cap ensures easy, eco-friendly dispensing without aerosols. Say goodbye to unpleasant odors indoors and outdoors with this versatile deodorizer. Not made with natural rubber latex. Trust DermaRite, a leading provider of premium wound care products, for superior performance and optimal wound healing.",connie,Heaven “scent” odor eliminator!,"We used this at my workplace and this eliminates the strongest, most foul odor with very pleasant orchid scent. I even spray it right into the smelly garbage and voila! Heavenly scent! So I bought this for my home. I’ve been looking for this product online and I use to only find it as a bulk purchase. Now that I found this here, this will be the only air freshener/odor eliminator I will buy. I highly recommend this product!!! To the manufacturer, please don’t change a thing about this product ever. It is PERFECT the way it is!!! It does what it’s supposed to do and more!!!",5/29/2023,5,Yes,5
"DermaRite's ByeByeOdor Eliminator Deodorizer Spray, Fruit Scent - Nontoxic Fabric and Air Freshener - Urine and Fecal Odor, Pet, Hospital and Ostomy, 1 Count, 3 Packs, 3 Total","Rapidly eliminate odors in any indoor environment with DermaRite's ByeByeOdor Odor Eliminator Deodorizer Spray. Perfect for homes, hospitals, and industrial spaces, this non-toxic spray uses advanced chemical absorption technology to capture and neutralize airborne smells effectively. Unlike conventional air fresheners, it doesn't just mask odors but absorbs them, leaving behind a refreshing scent instead of harsh chemical fragrances. Formulated with safe ingredients like ammonium chloride, dimethyl, and benzyl compounds, it effectively neutralizes odors from urine, feces, and other bodily wastes. The pump spray mechanism with a protective storage cap ensures easy, eco-friendly dispensing without aerosols. Say goodbye to unpleasant odors indoors and outdoors with this versatile deodorizer. Not made with natural rubber latex. Trust DermaRite, a leading provider of premium wound care products, for superior performance and optimal wound healing.",Gigi Greco,Miracle cleaner,The only product out of dozens that i have used tp effectively remove tha orrible cat urine stench. Great stuff and affordable!,3/19/2024,5,Yes,0
"DermaRite's ByeByeOdor Eliminator Deodorizer Spray, Fruit Scent - Nontoxic Fabric and Air Freshener - Urine and Fecal Odor, Pet, Hospital and Ostomy, 1 Count, 3 Packs, 3 Total","Rapidly eliminate odors in any indoor environment with DermaRite's ByeByeOdor Odor Eliminator Deodorizer Spray. Perfect for homes, hospitals, and industrial spaces, this non-toxic spray uses advanced chemical absorption technology to capture and neutralize airborne smells effectively. Unlike conventional air fresheners, it doesn't just mask odors but absorbs them, leaving behind a refreshing scent instead of harsh chemical fragrances. Formulated with safe ingredients like ammonium chloride, dimethyl, and benzyl compounds, it effectively neutralizes odors from urine, feces, and other bodily wastes. The pump spray mechanism with a protective storage cap ensures easy, eco-friendly dispensing without aerosols. Say goodbye to unpleasant odors indoors and outdoors with this versatile deodorizer. Not made with natural rubber latex. Trust DermaRite, a leading provider of premium wound care products, for superior performance and optimal wound healing.",Lynda Kenton,Amazing scent,"Amazing scent - clean, fresh, not overpowering",4/14/2024,5,Yes,0
"DermaRite's ByeByeOdor Eliminator Deodorizer Spray, Fruit Scent - Nontoxic Fabric and Air Freshener - Urine and Fecal Odor, Pet, Hospital and Ostomy, 1 Count, 3 Packs, 3 Total","Rapidly eliminate odors in any indoor environment with DermaRite's ByeByeOdor Odor Eliminator Deodorizer Spray. Perfect for homes, hospitals, and industrial spaces, this non-toxic spray uses advanced chemical absorption technology to capture and neutralize airborne smells effectively. Unlike conventional air fresheners, it doesn't just mask odors but absorbs them, leaving behind a refreshing scent instead of harsh chemical fragrances. Formulated with safe ingredients like ammonium chloride, dimethyl, and benzyl compounds, it effectively neutralizes odors from urine, feces, and other bodily wastes. The pump spray mechanism with a protective storage cap ensures easy, eco-friendly dispensing without aerosols. Say goodbye to unpleasant odors indoors and outdoors with this versatile deodorizer. Not made with natural rubber latex. Trust DermaRite, a leading provider of premium wound care products, for superior performance and optimal wound healing.",Pat price,Works!,"I love this product ,  have a bottle in each room!",3/29/2024,5,Yes,0
"DermaRite's ByeByeOdor Eliminator Deodorizer Spray, Fruit Scent - Nontoxic Fabric and Air Freshener - Urine and Fecal Odor, Pet, Hospital and Ostomy, 1 Count, 3 Packs, 3 Total","Rapidly eliminate odors in any indoor environment with DermaRite's ByeByeOdor Odor Eliminator Deodorizer Spray. Perfect for homes, hospitals, and industrial spaces, this non-toxic spray uses advanced chemical absorption technology to capture and neutralize airborne smells effectively. Unlike conventional air fresheners, it doesn't just mask odors but absorbs them, leaving behind a refreshing scent instead of harsh chemical fragrances. Formulated with safe ingredients like ammonium chloride, dimethyl, and benzyl compounds, it effectively neutralizes odors from urine, feces, and other bodily wastes. The pump spray mechanism with a protective storage cap ensures easy, eco-friendly dispensing without aerosols. Say goodbye to unpleasant odors indoors and outdoors with this versatile deodorizer. Not made with natural rubber latex. Trust DermaRite, a leading provider of premium wound care products, for superior performance and optimal wound healing.",Maureen,Smells great,Works well to get rid of odors.,4/8/2024,5,Yes,2
"DermaRite's ByeByeOdor Eliminator Deodorizer Spray, Fruit Scent - Nontoxic Fabric and Air Freshener - Urine and Fecal Odor, Pet, Hospital and Ostomy, 1 Count, 3 Packs, 3 Total","Rapidly eliminate odors in any indoor environment with DermaRite's ByeByeOdor Odor Eliminator Deodorizer Spray. Perfect for homes, hospitals, and industrial spaces, this non-toxic spray uses advanced chemical absorption technology to capture and neutralize airborne smells effectively. Unlike conventional air fresheners, it doesn't just mask odors but absorbs them, leaving behind a refreshing scent instead of harsh chemical fragrances. Formulated with safe ingredients like ammonium chloride, dimethyl, and benzyl compounds, it effectively neutralizes odors from urine, feces, and other bodily wastes. The pump spray mechanism with a protective storage cap ensures easy, eco-friendly dispensing without aerosols. Say goodbye to unpleasant odors indoors and outdoors with this versatile deodorizer. Not made with natural rubber latex. Trust DermaRite, a leading provider of premium wound care products, for superior performance and optimal wound healing.",Amazon Customer,Works as well as more expensive options,Works well to rid air of odor,4/7/2024,5,Yes,0
"DermaRite's ByeByeOdor Eliminator Deodorizer Spray, Fruit Scent - Nontoxic Fabric and Air Freshener - Urine and Fecal Odor, Pet, Hospital and Ostomy, 1 Count, 3 Packs, 3 Total","Rapidly eliminate odors in any indoor environment with DermaRite's ByeByeOdor Odor Eliminator Deodorizer Spray. Perfect for homes, hospitals, and industrial spaces, this non-toxic spray uses advanced chemical absorption technology to capture and neutralize airborne smells effectively. Unlike conventional air fresheners, it doesn't just mask odors but absorbs them, leaving behind a refreshing scent instead of harsh chemical fragrances. Formulated with safe ingredients like ammonium chloride, dimethyl, and benzyl compounds, it effectively neutralizes odors from urine, feces, and other bodily wastes. The pump spray mechanism with a protective storage cap ensures easy, eco-friendly dispensing without aerosols. Say goodbye to unpleasant odors indoors and outdoors with this versatile deodorizer. Not made with natural rubber latex. Trust DermaRite, a leading provider of premium wound care products, for superior performance and optimal wound healing.",Michelle Morrissette,Smells good!,Takes away the odor and leaves citrus clean scent..,3/23/2024,5,Yes,0
"DermaRite's ByeByeOdor Eliminator Deodorizer Spray, Fruit Scent - Nontoxic Fabric and Air Freshener - Urine and Fecal Odor, Pet, Hospital and Ostomy, 1 Count, 3 Packs, 3 Total","Rapidly eliminate odors in any indoor environment with DermaRite's ByeByeOdor Odor Eliminator Deodorizer Spray. Perfect for homes, hospitals, and industrial spaces, this non-toxic spray uses advanced chemical absorption technology to capture and neutralize airborne smells effectively. Unlike conventional air fresheners, it doesn't just mask odors but absorbs them, leaving behind a refreshing scent instead of harsh chemical fragrances. Formulated with safe ingredients like ammonium chloride, dimethyl, and benzyl compounds, it effectively neutralizes odors from urine, feces, and other bodily wastes. The pump spray mechanism with a protective storage cap ensures easy, eco-friendly dispensing without aerosols. Say goodbye to unpleasant odors indoors and outdoors with this versatile deodorizer. Not made with natural rubber latex. Trust DermaRite, a leading provider of premium wound care products, for superior performance and optimal wound healing.",Alyssa Rudzinis,Love it. Deodorizes,Actually neutralizes the smells instead of masking them like glade and other products. The scent is fruity and smells super good.,2/16/2024,5,Yes,0
"DermaRite's ByeByeOdor Eliminator Deodorizer Spray, Fruit Scent - Nontoxic Fabric and Air Freshener - Urine and Fecal Odor, Pet, Hospital and Ostomy, 1 Count, 3 Packs, 3 Total","Rapidly eliminate odors in any indoor environment with DermaRite's ByeByeOdor Odor Eliminator Deodorizer Spray. Perfect for homes, hospitals, and industrial spaces, this non-toxic spray uses advanced chemical absorption technology to capture and neutralize airborne smells effectively. Unlike conventional air fresheners, it doesn't just mask odors but absorbs them, leaving behind a refreshing scent instead of harsh chemical fragrances. Formulated with safe ingredients like ammonium chloride, dimethyl, and benzyl compounds, it effectively neutralizes odors from urine, feces, and other bodily wastes. The pump spray mechanism with a protective storage cap ensures easy, eco-friendly dispensing without aerosols. Say goodbye to unpleasant odors indoors and outdoors with this versatile deodorizer. Not made with natural rubber latex. Trust DermaRite, a leading provider of premium wound care products, for superior performance and optimal wound healing.",Amazon Customer,Smells SO good!!,"I liked it so much I bought  some for me! First used it in Adult Foster Care Homes, great stuff!!",12/17/2023,5,Yes,0
"DermaRite's ByeByeOdor Eliminator Deodorizer Spray, Fruit Scent - Nontoxic Fabric and Air Freshener - Urine and Fecal Odor, Pet, Hospital and Ostomy, 1 Count, 3 Packs, 3 Total","Rapidly eliminate odors in any indoor environment with DermaRite's ByeByeOdor Odor Eliminator Deodorizer Spray. Perfect for homes, hospitals, and industrial spaces, this non-toxic spray uses advanced chemical absorption technology to capture and neutralize airborne smells effectively. Unlike conventional air fresheners, it doesn't just mask odors but absorbs them, leaving behind a refreshing scent instead of harsh chemical fragrances. Formulated with safe ingredients like ammonium chloride, dimethyl, and benzyl compounds, it effectively neutralizes odors from urine, feces, and other bodily wastes. The pump spray mechanism with a protective storage cap ensures easy, eco-friendly dispensing without aerosols. Say goodbye to unpleasant odors indoors and outdoors with this versatile deodorizer. Not made with natural rubber latex. Trust DermaRite, a leading provider of premium wound care products, for superior performance and optimal wound healing.",J.B.,It works!,"Very impressed so far. It has eliminated the dog smell from my home. I love my dog, but he is extra stinky. Hope this quality lasts !! Light scent when sprayed, fades to nothing in minutes. Will update review if needed.",9/22/2023,5,Yes,0
"DermaRite's ByeByeOdor Eliminator Deodorizer Spray, Fruit Scent - Nontoxic Fabric and Air Freshener - Urine and Fecal Odor, Pet, Hospital and Ostomy, 1 Count, 3 Packs, 3 Total","Rapidly eliminate odors in any indoor environment with DermaRite's ByeByeOdor Odor Eliminator Deodorizer Spray. Perfect for homes, hospitals, and industrial spaces, this non-toxic spray uses advanced chemical absorption technology to capture and neutralize airborne smells effectively. Unlike conventional air fresheners, it doesn't just mask odors but absorbs them, leaving behind a refreshing scent instead of harsh chemical fragrances. Formulated with safe ingredients like ammonium chloride, dimethyl, and benzyl compounds, it effectively neutralizes odors from urine, feces, and other bodily wastes. The pump spray mechanism with a protective storage cap ensures easy, eco-friendly dispensing without aerosols. Say goodbye to unpleasant odors indoors and outdoors with this versatile deodorizer. Not made with natural rubber latex. Trust DermaRite, a leading provider of premium wound care products, for superior performance and optimal wound healing.",Lakisha M. Simmons,Definitely Kills Any Odor!,I love this product! I keep it right side my bed and use anytime and anywhere in my home to refresh my house. It is great for bedding and seating also. Much better than Febreze!,10/11/2023,5,Yes,0
"DermaRite's ByeByeOdor Eliminator Deodorizer Spray, Fruit Scent - Nontoxic Fabric and Air Freshener - Urine and Fecal Odor, Pet, Hospital and Ostomy, 1 Count, 3 Packs, 3 Total","Rapidly eliminate odors in any indoor environment with DermaRite's ByeByeOdor Odor Eliminator Deodorizer Spray. Perfect for homes, hospitals, and industrial spaces, this non-toxic spray uses advanced chemical absorption technology to capture and neutralize airborne smells effectively. Unlike conventional air fresheners, it doesn't just mask odors but absorbs them, leaving behind a refreshing scent instead of harsh chemical fragrances. Formulated with safe ingredients like ammonium chloride, dimethyl, and benzyl compounds, it effectively neutralizes odors from urine, feces, and other bodily wastes. The pump spray mechanism with a protective storage cap ensures easy, eco-friendly dispensing without aerosols. Say goodbye to unpleasant odors indoors and outdoors with this versatile deodorizer. Not made with natural rubber latex. Trust DermaRite, a leading provider of premium wound care products, for superior performance and optimal wound healing.",Jody,WORKS eliminating odor.,I had to spend rehab in a nursing home that didn't smell so great. They used this and I bought some when I went home because it works so well. It has it's own lightly flowered smell but it's not overpowering and it does eliminate the odor I originally sprayed it to stop.GREAT STUFF. Go for it.,5/21/2023,5,Yes,5
"DermaRite's ByeByeOdor Eliminator Deodorizer Spray, Fruit Scent - Nontoxic Fabric and Air Freshener - Urine and Fecal Odor, Pet, Hospital and Ostomy, 1 Count, 3 Packs, 3 Total","Rapidly eliminate odors in any indoor environment with DermaRite's ByeByeOdor Odor Eliminator Deodorizer Spray. Perfect for homes, hospitals, and industrial spaces, this non-toxic spray uses advanced chemical absorption technology to capture and neutralize airborne smells effectively. Unlike conventional air fresheners, it doesn't just mask odors but absorbs them, leaving behind a refreshing scent instead of harsh chemical fragrances. Formulated with safe ingredients like ammonium chloride, dimethyl, and benzyl compounds, it effectively neutralizes odors from urine, feces, and other bodily wastes. The pump spray mechanism with a protective storage cap ensures easy, eco-friendly dispensing without aerosols. Say goodbye to unpleasant odors indoors and outdoors with this versatile deodorizer. Not made with natural rubber latex. Trust DermaRite, a leading provider of premium wound care products, for superior performance and optimal wound healing.",Connie Adams,Absolutely the best,I will never buy any other air freshener but this one. It totally takes the odor out of the air without the heavy yucky air freshener smell! It's the best! I just ordered another 3 pack!,9/17/2023,5,Yes,0
"DermaRite's ByeByeOdor Eliminator Deodorizer Spray, Fruit Scent - Nontoxic Fabric and Air Freshener - Urine and Fecal Odor, Pet, Hospital and Ostomy, 1 Count, 3 Packs, 3 Total","Rapidly eliminate odors in any indoor environment with DermaRite's ByeByeOdor Odor Eliminator Deodorizer Spray. Perfect for homes, hospitals, and industrial spaces, this non-toxic spray uses advanced chemical absorption technology to capture and neutralize airborne smells effectively. Unlike conventional air fresheners, it doesn't just mask odors but absorbs them, leaving behind a refreshing scent instead of harsh chemical fragrances. Formulated with safe ingredients like ammonium chloride, dimethyl, and benzyl compounds, it effectively neutralizes odors from urine, feces, and other bodily wastes. The pump spray mechanism with a protective storage cap ensures easy, eco-friendly dispensing without aerosols. Say goodbye to unpleasant odors indoors and outdoors with this versatile deodorizer. Not made with natural rubber latex. Trust DermaRite, a leading provider of premium wound care products, for superior performance and optimal wound healing.",MArie,This product really gets rid of any bad odor!,This product really gets rid of any bad odor!,1/10/2024,5,Yes,0
"DermaRite's ByeByeOdor Eliminator Deodorizer Spray, Fruit Scent - Nontoxic Fabric and Air Freshener - Urine and Fecal Odor, Pet, Hospital and Ostomy, 1 Count, 3 Packs, 3 Total","Rapidly eliminate odors in any indoor environment with DermaRite's ByeByeOdor Odor Eliminator Deodorizer Spray. Perfect for homes, hospitals, and industrial spaces, this non-toxic spray uses advanced chemical absorption technology to capture and neutralize airborne smells effectively. Unlike conventional air fresheners, it doesn't just mask odors but absorbs them, leaving behind a refreshing scent instead of harsh chemical fragrances. Formulated with safe ingredients like ammonium chloride, dimethyl, and benzyl compounds, it effectively neutralizes odors from urine, feces, and other bodily wastes. The pump spray mechanism with a protective storage cap ensures easy, eco-friendly dispensing without aerosols. Say goodbye to unpleasant odors indoors and outdoors with this versatile deodorizer. Not made with natural rubber latex. Trust DermaRite, a leading provider of premium wound care products, for superior performance and optimal wound healing.",J. Neff,Works!,It really works to eliminate odors not just mask them. I liked it and bought more. Very happy with the purchase.,11/15/2023,5,Yes,0
"DermaRite's ByeByeOdor Eliminator Deodorizer Spray, Fruit Scent - Nontoxic Fabric and Air Freshener - Urine and Fecal Odor, Pet, Hospital and Ostomy, 1 Count, 3 Packs, 3 Total","Rapidly eliminate odors in any indoor environment with DermaRite's ByeByeOdor Odor Eliminator Deodorizer Spray. Perfect for homes, hospitals, and industrial spaces, this non-toxic spray uses advanced chemical absorption technology to capture and neutralize airborne smells effectively. Unlike conventional air fresheners, it doesn't just mask odors but absorbs them, leaving behind a refreshing scent instead of harsh chemical fragrances. Formulated with safe ingredients like ammonium chloride, dimethyl, and benzyl compounds, it effectively neutralizes odors from urine, feces, and other bodily wastes. The pump spray mechanism with a protective storage cap ensures easy, eco-friendly dispensing without aerosols. Say goodbye to unpleasant odors indoors and outdoors with this versatile deodorizer. Not made with natural rubber latex. Trust DermaRite, a leading provider of premium wound care products, for superior performance and optimal wound healing.",J.Douglas,Smells Nice!,"Does what it says it's going to do, just wish they'd package them better so they didn't leak in shipping.  Shipped inside a plastic freezer style bag inside an Amazon bag and, sure enough, one of the caps was knocked askew and leaked.  Love the product, hate the packaging, they can do beter.",7/11/2022,4,Yes,5
"DermaRite's ByeByeOdor Eliminator Deodorizer Spray, Fruit Scent - Nontoxic Fabric and Air Freshener - Urine and Fecal Odor, Pet, Hospital and Ostomy, 1 Count, 3 Packs, 3 Total","Rapidly eliminate odors in any indoor environment with DermaRite's ByeByeOdor Odor Eliminator Deodorizer Spray. Perfect for homes, hospitals, and industrial spaces, this non-toxic spray uses advanced chemical absorption technology to capture and neutralize airborne smells effectively. Unlike conventional air fresheners, it doesn't just mask odors but absorbs them, leaving behind a refreshing scent instead of harsh chemical fragrances. Formulated with safe ingredients like ammonium chloride, dimethyl, and benzyl compounds, it effectively neutralizes odors from urine, feces, and other bodily wastes. The pump spray mechanism with a protective storage cap ensures easy, eco-friendly dispensing without aerosols. Say goodbye to unpleasant odors indoors and outdoors with this versatile deodorizer. Not made with natural rubber latex. Trust DermaRite, a leading provider of premium wound care products, for superior performance and optimal wound healing.",Maceman,Eliminates hard to handle odors.,"I bought this product due to a geriatric family member with incontinency problems so we have very strong odor of feces and urine.  With several sprays this product eliminates the order without an overwhelming scent.  The smell of this spray leaves me with the impression of ""clean"" without a really definable odor.  I have bought three bottles of this spray and now use them for all odor elimination tasks throughout the house.",10/18/2022,5,Yes,16
"DermaRite's ByeByeOdor Eliminator Deodorizer Spray, Fruit Scent - Nontoxic Fabric and Air Freshener - Urine and Fecal Odor, Pet, Hospital and Ostomy, 1 Count, 3 Packs, 3 Total","Rapidly eliminate odors in any indoor environment with DermaRite's ByeByeOdor Odor Eliminator Deodorizer Spray. Perfect for homes, hospitals, and industrial spaces, this non-toxic spray uses advanced chemical absorption technology to capture and neutralize airborne smells effectively. Unlike conventional air fresheners, it doesn't just mask odors but absorbs them, leaving behind a refreshing scent instead of harsh chemical fragrances. Formulated with safe ingredients like ammonium chloride, dimethyl, and benzyl compounds, it effectively neutralizes odors from urine, feces, and other bodily wastes. The pump spray mechanism with a protective storage cap ensures easy, eco-friendly dispensing without aerosols. Say goodbye to unpleasant odors indoors and outdoors with this versatile deodorizer. Not made with natural rubber latex. Trust DermaRite, a leading provider of premium wound care products, for superior performance and optimal wound healing.",Lisa Milani,Works great . Best stuff on the market,"Use this on my bed every single day to keep it fresh and it's amazing! I've tried so many others , no comparison. Smells fresh, lasts long, eliminates any unwanted odors. Priced right. I empty all 3 bottles into one large better spray bottle, it's just easier for me that way . Definitely worth your $.",2/16/2023,5,Yes,4
"DermaRite's ByeByeOdor Eliminator Deodorizer Spray, Fruit Scent - Nontoxic Fabric and Air Freshener - Urine and Fecal Odor, Pet, Hospital and Ostomy, 1 Count, 3 Packs, 3 Total","Rapidly eliminate odors in any indoor environment with DermaRite's ByeByeOdor Odor Eliminator Deodorizer Spray. Perfect for homes, hospitals, and industrial spaces, this non-toxic spray uses advanced chemical absorption technology to capture and neutralize airborne smells effectively. Unlike conventional air fresheners, it doesn't just mask odors but absorbs them, leaving behind a refreshing scent instead of harsh chemical fragrances. Formulated with safe ingredients like ammonium chloride, dimethyl, and benzyl compounds, it effectively neutralizes odors from urine, feces, and other bodily wastes. The pump spray mechanism with a protective storage cap ensures easy, eco-friendly dispensing without aerosols. Say goodbye to unpleasant odors indoors and outdoors with this versatile deodorizer. Not made with natural rubber latex. Trust DermaRite, a leading provider of premium wound care products, for superior performance and optimal wound healing.",Kindle Customer,Best product,This stuff eliminates awful odors instantaneously. Never had a product this good for this problemExcellent price. I love it.,10/17/2023,5,Yes,0
"DermaRite's ByeByeOdor Eliminator Deodorizer Spray, Fruit Scent - Nontoxic Fabric and Air Freshener - Urine and Fecal Odor, Pet, Hospital and Ostomy, 1 Count, 3 Packs, 3 Total","Rapidly eliminate odors in any indoor environment with DermaRite's ByeByeOdor Odor Eliminator Deodorizer Spray. Perfect for homes, hospitals, and industrial spaces, this non-toxic spray uses advanced chemical absorption technology to capture and neutralize airborne smells effectively. Unlike conventional air fresheners, it doesn't just mask odors but absorbs them, leaving behind a refreshing scent instead of harsh chemical fragrances. Formulated with safe ingredients like ammonium chloride, dimethyl, and benzyl compounds, it effectively neutralizes odors from urine, feces, and other bodily wastes. The pump spray mechanism with a protective storage cap ensures easy, eco-friendly dispensing without aerosols. Say goodbye to unpleasant odors indoors and outdoors with this versatile deodorizer. Not made with natural rubber latex. Trust DermaRite, a leading provider of premium wound care products, for superior performance and optimal wound healing.",Natay,Eliminates odors,It works!!! I saw this in an exam room at my clinic so I looked into it. It's lower cost than other air deodorizers but this one actually works! I spray it around my cats litter box and have noticed a significant decrease in smell when I come home.,4/16/2023,5,Yes,2
"DermaRite's ByeByeOdor Eliminator Deodorizer Spray, Fruit Scent - Nontoxic Fabric and Air Freshener - Urine and Fecal Odor, Pet, Hospital and Ostomy, 1 Count, 3 Packs, 3 Total","Rapidly eliminate odors in any indoor environment with DermaRite's ByeByeOdor Odor Eliminator Deodorizer Spray. Perfect for homes, hospitals, and industrial spaces, this non-toxic spray uses advanced chemical absorption technology to capture and neutralize airborne smells effectively. Unlike conventional air fresheners, it doesn't just mask odors but absorbs them, leaving behind a refreshing scent instead of harsh chemical fragrances. Formulated with safe ingredients like ammonium chloride, dimethyl, and benzyl compounds, it effectively neutralizes odors from urine, feces, and other bodily wastes. The pump spray mechanism with a protective storage cap ensures easy, eco-friendly dispensing without aerosols. Say goodbye to unpleasant odors indoors and outdoors with this versatile deodorizer. Not made with natural rubber latex. Trust DermaRite, a leading provider of premium wound care products, for superior performance and optimal wound healing.","Burl R. Collins, Jr.",It works as promised.,I still can’t believe how reasonable the product is and how well it works to eliminate odors.,10/14/2023,5,Yes,0
"DermaRite's ByeByeOdor Eliminator Deodorizer Spray, Fruit Scent - Nontoxic Fabric and Air Freshener - Urine and Fecal Odor, Pet, Hospital and Ostomy, 1 Count, 3 Packs, 3 Total","Rapidly eliminate odors in any indoor environment with DermaRite's ByeByeOdor Odor Eliminator Deodorizer Spray. Perfect for homes, hospitals, and industrial spaces, this non-toxic spray uses advanced chemical absorption technology to capture and neutralize airborne smells effectively. Unlike conventional air fresheners, it doesn't just mask odors but absorbs them, leaving behind a refreshing scent instead of harsh chemical fragrances. Formulated with safe ingredients like ammonium chloride, dimethyl, and benzyl compounds, it effectively neutralizes odors from urine, feces, and other bodily wastes. The pump spray mechanism with a protective storage cap ensures easy, eco-friendly dispensing without aerosols. Say goodbye to unpleasant odors indoors and outdoors with this versatile deodorizer. Not made with natural rubber latex. Trust DermaRite, a leading provider of premium wound care products, for superior performance and optimal wound healing.",Cass Bare,Wonderful for masking strong smells,"I work in healthcare and we used to carry these, but stopped. But it’s such a refreshing and long lasting scent. It literally will mask any smell in the room",8/20/2023,5,Yes,0
"DermaRite's ByeByeOdor Eliminator Deodorizer Spray, Fruit Scent - Nontoxic Fabric and Air Freshener - Urine and Fecal Odor, Pet, Hospital and Ostomy, 1 Count, 3 Packs, 3 Total","Rapidly eliminate odors in any indoor environment with DermaRite's ByeByeOdor Odor Eliminator Deodorizer Spray. Perfect for homes, hospitals, and industrial spaces, this non-toxic spray uses advanced chemical absorption technology to capture and neutralize airborne smells effectively. Unlike conventional air fresheners, it doesn't just mask odors but absorbs them, leaving behind a refreshing scent instead of harsh chemical fragrances. Formulated with safe ingredients like ammonium chloride, dimethyl, and benzyl compounds, it effectively neutralizes odors from urine, feces, and other bodily wastes. The pump spray mechanism with a protective storage cap ensures easy, eco-friendly dispensing without aerosols. Say goodbye to unpleasant odors indoors and outdoors with this versatile deodorizer. Not made with natural rubber latex. Trust DermaRite, a leading provider of premium wound care products, for superior performance and optimal wound healing.",P Kirk,Odor eliminator,This is a good product. The scent is not overpowering. It helps with the bathroom smells. The scent doesn’t linger long but that might not be a negative for some.,10/28/2022,4,Yes,2
"DermaRite's ByeByeOdor Eliminator Deodorizer Spray, Fruit Scent - Nontoxic Fabric and Air Freshener - Urine and Fecal Odor, Pet, Hospital and Ostomy, 1 Count, 3 Packs, 3 Total","Rapidly eliminate odors in any indoor environment with DermaRite's ByeByeOdor Odor Eliminator Deodorizer Spray. Perfect for homes, hospitals, and industrial spaces, this non-toxic spray uses advanced chemical absorption technology to capture and neutralize airborne smells effectively. Unlike conventional air fresheners, it doesn't just mask odors but absorbs them, leaving behind a refreshing scent instead of harsh chemical fragrances. Formulated with safe ingredients like ammonium chloride, dimethyl, and benzyl compounds, it effectively neutralizes odors from urine, feces, and other bodily wastes. The pump spray mechanism with a protective storage cap ensures easy, eco-friendly dispensing without aerosols. Say goodbye to unpleasant odors indoors and outdoors with this versatile deodorizer. Not made with natural rubber latex. Trust DermaRite, a leading provider of premium wound care products, for superior performance and optimal wound healing.",Alexis,Used this in the nursing home,"I’ll never stop raving about this stuff. It doesn’t just make smells fruitier, it actually eliminates them! I don’t work at the nursing home anymore, but I bought some to stick on the back of the toilet for #2’s and it works wonders.",4/24/2023,5,Yes,2
"DermaRite's ByeByeOdor Eliminator Deodorizer Spray, Fruit Scent - Nontoxic Fabric and Air Freshener - Urine and Fecal Odor, Pet, Hospital and Ostomy, 1 Count, 3 Packs, 3 Total","Rapidly eliminate odors in any indoor environment with DermaRite's ByeByeOdor Odor Eliminator Deodorizer Spray. Perfect for homes, hospitals, and industrial spaces, this non-toxic spray uses advanced chemical absorption technology to capture and neutralize airborne smells effectively. Unlike conventional air fresheners, it doesn't just mask odors but absorbs them, leaving behind a refreshing scent instead of harsh chemical fragrances. Formulated with safe ingredients like ammonium chloride, dimethyl, and benzyl compounds, it effectively neutralizes odors from urine, feces, and other bodily wastes. The pump spray mechanism with a protective storage cap ensures easy, eco-friendly dispensing without aerosols. Say goodbye to unpleasant odors indoors and outdoors with this versatile deodorizer. Not made with natural rubber latex. Trust DermaRite, a leading provider of premium wound care products, for superior performance and optimal wound healing.",Amazon Customer,It seems to work!,"I got it for dad, who is in a nursing home. It helped to eliminate foul scents in the room.",3/20/2023,4,Yes,2
"DermaRite's ByeByeOdor Eliminator Deodorizer Spray, Fruit Scent - Nontoxic Fabric and Air Freshener - Urine and Fecal Odor, Pet, Hospital and Ostomy, 1 Count, 3 Packs, 3 Total","Rapidly eliminate odors in any indoor environment with DermaRite's ByeByeOdor Odor Eliminator Deodorizer Spray. Perfect for homes, hospitals, and industrial spaces, this non-toxic spray uses advanced chemical absorption technology to capture and neutralize airborne smells effectively. Unlike conventional air fresheners, it doesn't just mask odors but absorbs them, leaving behind a refreshing scent instead of harsh chemical fragrances. Formulated with safe ingredients like ammonium chloride, dimethyl, and benzyl compounds, it effectively neutralizes odors from urine, feces, and other bodily wastes. The pump spray mechanism with a protective storage cap ensures easy, eco-friendly dispensing without aerosols. Say goodbye to unpleasant odors indoors and outdoors with this versatile deodorizer. Not made with natural rubber latex. Trust DermaRite, a leading provider of premium wound care products, for superior performance and optimal wound healing.",Blaine Burk,Smells amazing!!,This is the best smelling deodorizer. It really helps get bad odor out. I wish it came in a plug in since it smells so good and keeps the home smelling fresh.,8/3/2023,5,Yes,0
"DermaRite's ByeByeOdor Eliminator Deodorizer Spray, Fruit Scent - Nontoxic Fabric and Air Freshener - Urine and Fecal Odor, Pet, Hospital and Ostomy, 1 Count, 3 Packs, 3 Total","Rapidly eliminate odors in any indoor environment with DermaRite's ByeByeOdor Odor Eliminator Deodorizer Spray. Perfect for homes, hospitals, and industrial spaces, this non-toxic spray uses advanced chemical absorption technology to capture and neutralize airborne smells effectively. Unlike conventional air fresheners, it doesn't just mask odors but absorbs them, leaving behind a refreshing scent instead of harsh chemical fragrances. Formulated with safe ingredients like ammonium chloride, dimethyl, and benzyl compounds, it effectively neutralizes odors from urine, feces, and other bodily wastes. The pump spray mechanism with a protective storage cap ensures easy, eco-friendly dispensing without aerosols. Say goodbye to unpleasant odors indoors and outdoors with this versatile deodorizer. Not made with natural rubber latex. Trust DermaRite, a leading provider of premium wound care products, for superior performance and optimal wound healing.",chico,Game Changer,This stuff is Amazing kills bad smells in seconds! And smells great! It's a light clean smell if that helps almost a hint of Fruity Pepples cereal to me!,8/7/2023,5,Yes,0
"DermaRite's ByeByeOdor Eliminator Deodorizer Spray, Fruit Scent - Nontoxic Fabric and Air Freshener - Urine and Fecal Odor, Pet, Hospital and Ostomy, 1 Count, 3 Packs, 3 Total","Rapidly eliminate odors in any indoor environment with DermaRite's ByeByeOdor Odor Eliminator Deodorizer Spray. Perfect for homes, hospitals, and industrial spaces, this non-toxic spray uses advanced chemical absorption technology to capture and neutralize airborne smells effectively. Unlike conventional air fresheners, it doesn't just mask odors but absorbs them, leaving behind a refreshing scent instead of harsh chemical fragrances. Formulated with safe ingredients like ammonium chloride, dimethyl, and benzyl compounds, it effectively neutralizes odors from urine, feces, and other bodily wastes. The pump spray mechanism with a protective storage cap ensures easy, eco-friendly dispensing without aerosols. Say goodbye to unpleasant odors indoors and outdoors with this versatile deodorizer. Not made with natural rubber latex. Trust DermaRite, a leading provider of premium wound care products, for superior performance and optimal wound healing.",Withthetapofafinger,Gone,My dad is in a nursing home and smells can be a problem especially with a roommate. This has a light scent initially and then is gone as well as unwanted odors. He loves it.If you looking for something that is going to leave a lasting good smell—this is not for you. The scent dissipates as well as the unwanted odor.,8/27/2022,5,Yes,9
"DermaRite's ByeByeOdor Eliminator Deodorizer Spray, Fruit Scent - Nontoxic Fabric and Air Freshener - Urine and Fecal Odor, Pet, Hospital and Ostomy, 1 Count, 3 Packs, 3 Total","Rapidly eliminate odors in any indoor environment with DermaRite's ByeByeOdor Odor Eliminator Deodorizer Spray. Perfect for homes, hospitals, and industrial spaces, this non-toxic spray uses advanced chemical absorption technology to capture and neutralize airborne smells effectively. Unlike conventional air fresheners, it doesn't just mask odors but absorbs them, leaving behind a refreshing scent instead of harsh chemical fragrances. Formulated with safe ingredients like ammonium chloride, dimethyl, and benzyl compounds, it effectively neutralizes odors from urine, feces, and other bodily wastes. The pump spray mechanism with a protective storage cap ensures easy, eco-friendly dispensing without aerosols. Say goodbye to unpleasant odors indoors and outdoors with this versatile deodorizer. Not made with natural rubber latex. Trust DermaRite, a leading provider of premium wound care products, for superior performance and optimal wound healing.",jj,Works,I love this spray!  Works like magic.,4/23/2023,4,Yes,0
"DermaRite's ByeByeOdor Eliminator Deodorizer Spray, Fruit Scent - Nontoxic Fabric and Air Freshener - Urine and Fecal Odor, Pet, Hospital and Ostomy, 1 Count, 3 Packs, 3 Total","Rapidly eliminate odors in any indoor environment with DermaRite's ByeByeOdor Odor Eliminator Deodorizer Spray. Perfect for homes, hospitals, and industrial spaces, this non-toxic spray uses advanced chemical absorption technology to capture and neutralize airborne smells effectively. Unlike conventional air fresheners, it doesn't just mask odors but absorbs them, leaving behind a refreshing scent instead of harsh chemical fragrances. Formulated with safe ingredients like ammonium chloride, dimethyl, and benzyl compounds, it effectively neutralizes odors from urine, feces, and other bodily wastes. The pump spray mechanism with a protective storage cap ensures easy, eco-friendly dispensing without aerosols. Say goodbye to unpleasant odors indoors and outdoors with this versatile deodorizer. Not made with natural rubber latex. Trust DermaRite, a leading provider of premium wound care products, for superior performance and optimal wound healing.",CanD,I hoped; it delivered,"I really hoped the reviews were real...they were. Just a little spray delivers a light, clean scent that not only covers the offending smell, but eliminates it when it dies down. The spray's scent doesn't linger.",4/22/2023,5,Yes,2
"DermaRite's ByeByeOdor Eliminator Deodorizer Spray, Fruit Scent - Nontoxic Fabric and Air Freshener - Urine and Fecal Odor, Pet, Hospital and Ostomy, 1 Count, 3 Packs, 3 Total","Rapidly eliminate odors in any indoor environment with DermaRite's ByeByeOdor Odor Eliminator Deodorizer Spray. Perfect for homes, hospitals, and industrial spaces, this non-toxic spray uses advanced chemical absorption technology to capture and neutralize airborne smells effectively. Unlike conventional air fresheners, it doesn't just mask odors but absorbs them, leaving behind a refreshing scent instead of harsh chemical fragrances. Formulated with safe ingredients like ammonium chloride, dimethyl, and benzyl compounds, it effectively neutralizes odors from urine, feces, and other bodily wastes. The pump spray mechanism with a protective storage cap ensures easy, eco-friendly dispensing without aerosols. Say goodbye to unpleasant odors indoors and outdoors with this versatile deodorizer. Not made with natural rubber latex. Trust DermaRite, a leading provider of premium wound care products, for superior performance and optimal wound healing.",Lynn,Best deodoring product ever!,"Been using this product for years - great for quickly cutting the bathroom odor!  Scent is not overpowering, very pleasant!",8/20/2023,5,Yes,0
"DermaRite's ByeByeOdor Eliminator Deodorizer Spray, Fruit Scent - Nontoxic Fabric and Air Freshener - Urine and Fecal Odor, Pet, Hospital and Ostomy, 1 Count, 3 Packs, 3 Total","Rapidly eliminate odors in any indoor environment with DermaRite's ByeByeOdor Odor Eliminator Deodorizer Spray. Perfect for homes, hospitals, and industrial spaces, this non-toxic spray uses advanced chemical absorption technology to capture and neutralize airborne smells effectively. Unlike conventional air fresheners, it doesn't just mask odors but absorbs them, leaving behind a refreshing scent instead of harsh chemical fragrances. Formulated with safe ingredients like ammonium chloride, dimethyl, and benzyl compounds, it effectively neutralizes odors from urine, feces, and other bodily wastes. The pump spray mechanism with a protective storage cap ensures easy, eco-friendly dispensing without aerosols. Say goodbye to unpleasant odors indoors and outdoors with this versatile deodorizer. Not made with natural rubber latex. Trust DermaRite, a leading provider of premium wound care products, for superior performance and optimal wound healing.",Boardwalk Enthusiast,It works...even on my funky shoes,I can't believe this stuff works but it really does,9/25/2023,5,Yes,0
"DermaRite's ByeByeOdor Eliminator Deodorizer Spray, Fruit Scent - Nontoxic Fabric and Air Freshener - Urine and Fecal Odor, Pet, Hospital and Ostomy, 1 Count, 3 Packs, 3 Total","Rapidly eliminate odors in any indoor environment with DermaRite's ByeByeOdor Odor Eliminator Deodorizer Spray. Perfect for homes, hospitals, and industrial spaces, this non-toxic spray uses advanced chemical absorption technology to capture and neutralize airborne smells effectively. Unlike conventional air fresheners, it doesn't just mask odors but absorbs them, leaving behind a refreshing scent instead of harsh chemical fragrances. Formulated with safe ingredients like ammonium chloride, dimethyl, and benzyl compounds, it effectively neutralizes odors from urine, feces, and other bodily wastes. The pump spray mechanism with a protective storage cap ensures easy, eco-friendly dispensing without aerosols. Say goodbye to unpleasant odors indoors and outdoors with this versatile deodorizer. Not made with natural rubber latex. Trust DermaRite, a leading provider of premium wound care products, for superior performance and optimal wound healing.",Renee S.,Better than anything else,Two squirts from the pump and the odor in the bathroom is gone! Don't waste your money on freebrze! Use this product!  The smell is very neutral and does not last long in the air.,3/4/2023,5,Yes,4
"DermaRite's ByeByeOdor Eliminator Deodorizer Spray, Fruit Scent - Nontoxic Fabric and Air Freshener - Urine and Fecal Odor, Pet, Hospital and Ostomy, 1 Count, 3 Packs, 3 Total","Rapidly eliminate odors in any indoor environment with DermaRite's ByeByeOdor Odor Eliminator Deodorizer Spray. Perfect for homes, hospitals, and industrial spaces, this non-toxic spray uses advanced chemical absorption technology to capture and neutralize airborne smells effectively. Unlike conventional air fresheners, it doesn't just mask odors but absorbs them, leaving behind a refreshing scent instead of harsh chemical fragrances. Formulated with safe ingredients like ammonium chloride, dimethyl, and benzyl compounds, it effectively neutralizes odors from urine, feces, and other bodily wastes. The pump spray mechanism with a protective storage cap ensures easy, eco-friendly dispensing without aerosols. Say goodbye to unpleasant odors indoors and outdoors with this versatile deodorizer. Not made with natural rubber latex. Trust DermaRite, a leading provider of premium wound care products, for superior performance and optimal wound healing.",Tonya M,Light and refreshing,This spray isn’t harsh it has a pleasant sent that won’t give you a headache but takes away the bathroom odor.,8/3/2023,5,Yes,0
"DermaRite's ByeByeOdor Eliminator Deodorizer Spray, Fruit Scent - Nontoxic Fabric and Air Freshener - Urine and Fecal Odor, Pet, Hospital and Ostomy, 1 Count, 3 Packs, 3 Total","Rapidly eliminate odors in any indoor environment with DermaRite's ByeByeOdor Odor Eliminator Deodorizer Spray. Perfect for homes, hospitals, and industrial spaces, this non-toxic spray uses advanced chemical absorption technology to capture and neutralize airborne smells effectively. Unlike conventional air fresheners, it doesn't just mask odors but absorbs them, leaving behind a refreshing scent instead of harsh chemical fragrances. Formulated with safe ingredients like ammonium chloride, dimethyl, and benzyl compounds, it effectively neutralizes odors from urine, feces, and other bodily wastes. The pump spray mechanism with a protective storage cap ensures easy, eco-friendly dispensing without aerosols. Say goodbye to unpleasant odors indoors and outdoors with this versatile deodorizer. Not made with natural rubber latex. Trust DermaRite, a leading provider of premium wound care products, for superior performance and optimal wound healing.",Kayla Sahnow,Must have,Helps with my kids and husbands poop smells  immensely. Especially if you have to stay in a small area like a hotel or a car with someone that smells!,3/19/2023,5,Yes,2
"DermaRite's ByeByeOdor Eliminator Deodorizer Spray, Fruit Scent - Nontoxic Fabric and Air Freshener - Urine and Fecal Odor, Pet, Hospital and Ostomy, 1 Count, 3 Packs, 3 Total","Rapidly eliminate odors in any indoor environment with DermaRite's ByeByeOdor Odor Eliminator Deodorizer Spray. Perfect for homes, hospitals, and industrial spaces, this non-toxic spray uses advanced chemical absorption technology to capture and neutralize airborne smells effectively. Unlike conventional air fresheners, it doesn't just mask odors but absorbs them, leaving behind a refreshing scent instead of harsh chemical fragrances. Formulated with safe ingredients like ammonium chloride, dimethyl, and benzyl compounds, it effectively neutralizes odors from urine, feces, and other bodily wastes. The pump spray mechanism with a protective storage cap ensures easy, eco-friendly dispensing without aerosols. Say goodbye to unpleasant odors indoors and outdoors with this versatile deodorizer. Not made with natural rubber latex. Trust DermaRite, a leading provider of premium wound care products, for superior performance and optimal wound healing.",Diane Clark,Odor spray,Works great! Would definitely recommend.,10/9/2023,5,Yes,0
"DermaRite's ByeByeOdor Eliminator Deodorizer Spray, Fruit Scent - Nontoxic Fabric and Air Freshener - Urine and Fecal Odor, Pet, Hospital and Ostomy, 1 Count, 3 Packs, 3 Total","Rapidly eliminate odors in any indoor environment with DermaRite's ByeByeOdor Odor Eliminator Deodorizer Spray. Perfect for homes, hospitals, and industrial spaces, this non-toxic spray uses advanced chemical absorption technology to capture and neutralize airborne smells effectively. Unlike conventional air fresheners, it doesn't just mask odors but absorbs them, leaving behind a refreshing scent instead of harsh chemical fragrances. Formulated with safe ingredients like ammonium chloride, dimethyl, and benzyl compounds, it effectively neutralizes odors from urine, feces, and other bodily wastes. The pump spray mechanism with a protective storage cap ensures easy, eco-friendly dispensing without aerosols. Say goodbye to unpleasant odors indoors and outdoors with this versatile deodorizer. Not made with natural rubber latex. Trust DermaRite, a leading provider of premium wound care products, for superior performance and optimal wound healing.",DaveUSNret,Very effective,"I live in a nursing home. This eliminates odors with just a couple of sprays, without an overpowering scent",6/24/2023,5,Yes,2
"DermaRite's ByeByeOdor Eliminator Deodorizer Spray, Fruit Scent - Nontoxic Fabric and Air Freshener - Urine and Fecal Odor, Pet, Hospital and Ostomy, 1 Count, 3 Packs, 3 Total","Rapidly eliminate odors in any indoor environment with DermaRite's ByeByeOdor Odor Eliminator Deodorizer Spray. Perfect for homes, hospitals, and industrial spaces, this non-toxic spray uses advanced chemical absorption technology to capture and neutralize airborne smells effectively. Unlike conventional air fresheners, it doesn't just mask odors but absorbs them, leaving behind a refreshing scent instead of harsh chemical fragrances. Formulated with safe ingredients like ammonium chloride, dimethyl, and benzyl compounds, it effectively neutralizes odors from urine, feces, and other bodily wastes. The pump spray mechanism with a protective storage cap ensures easy, eco-friendly dispensing without aerosols. Say goodbye to unpleasant odors indoors and outdoors with this versatile deodorizer. Not made with natural rubber latex. Trust DermaRite, a leading provider of premium wound care products, for superior performance and optimal wound healing.",Stephen Graham,Works Surprisingly Well,"Dealing with an ostomy bag, and so far all we have been able to do is barely cover the odor. This manages to do exactly what it claims. A few squirts around the bathroom manages to shut down the odor, not just offset it. It doesn't really have an odor of its own.",5/3/2022,5,Yes,5
"DermaRite's ByeByeOdor Eliminator Deodorizer Spray, Fruit Scent - Nontoxic Fabric and Air Freshener - Urine and Fecal Odor, Pet, Hospital and Ostomy, 1 Count, 3 Packs, 3 Total","Rapidly eliminate odors in any indoor environment with DermaRite's ByeByeOdor Odor Eliminator Deodorizer Spray. Perfect for homes, hospitals, and industrial spaces, this non-toxic spray uses advanced chemical absorption technology to capture and neutralize airborne smells effectively. Unlike conventional air fresheners, it doesn't just mask odors but absorbs them, leaving behind a refreshing scent instead of harsh chemical fragrances. Formulated with safe ingredients like ammonium chloride, dimethyl, and benzyl compounds, it effectively neutralizes odors from urine, feces, and other bodily wastes. The pump spray mechanism with a protective storage cap ensures easy, eco-friendly dispensing without aerosols. Say goodbye to unpleasant odors indoors and outdoors with this versatile deodorizer. Not made with natural rubber latex. Trust DermaRite, a leading provider of premium wound care products, for superior performance and optimal wound healing.",Linda,Home odors,"We use this in each room when needed.Great for room with sick person area also.Recommend it to nursing areas, cooking smells, etc",2/8/2023,5,Yes,2
"DermaRite's ByeByeOdor Eliminator Deodorizer Spray, Fruit Scent - Nontoxic Fabric and Air Freshener - Urine and Fecal Odor, Pet, Hospital and Ostomy, 1 Count, 3 Packs, 3 Total","Rapidly eliminate odors in any indoor environment with DermaRite's ByeByeOdor Odor Eliminator Deodorizer Spray. Perfect for homes, hospitals, and industrial spaces, this non-toxic spray uses advanced chemical absorption technology to capture and neutralize airborne smells effectively. Unlike conventional air fresheners, it doesn't just mask odors but absorbs them, leaving behind a refreshing scent instead of harsh chemical fragrances. Formulated with safe ingredients like ammonium chloride, dimethyl, and benzyl compounds, it effectively neutralizes odors from urine, feces, and other bodily wastes. The pump spray mechanism with a protective storage cap ensures easy, eco-friendly dispensing without aerosols. Say goodbye to unpleasant odors indoors and outdoors with this versatile deodorizer. Not made with natural rubber latex. Trust DermaRite, a leading provider of premium wound care products, for superior performance and optimal wound healing.",Keythatsme,Amazing product,My only problem was that most of the product spilled into the packaging which was a plastic bag that did contain the liquid so that was a good thing. The product itself is awesome. Smells good and absorbs stinky odors fast. Smells a bit more diluted than my previous product though.,4/21/2021,4,Yes,3
"DermaRite's ByeByeOdor Eliminator Deodorizer Spray, Fruit Scent - Nontoxic Fabric and Air Freshener - Urine and Fecal Odor, Pet, Hospital and Ostomy, 1 Count, 3 Packs, 3 Total","Rapidly eliminate odors in any indoor environment with DermaRite's ByeByeOdor Odor Eliminator Deodorizer Spray. Perfect for homes, hospitals, and industrial spaces, this non-toxic spray uses advanced chemical absorption technology to capture and neutralize airborne smells effectively. Unlike conventional air fresheners, it doesn't just mask odors but absorbs them, leaving behind a refreshing scent instead of harsh chemical fragrances. Formulated with safe ingredients like ammonium chloride, dimethyl, and benzyl compounds, it effectively neutralizes odors from urine, feces, and other bodily wastes. The pump spray mechanism with a protective storage cap ensures easy, eco-friendly dispensing without aerosols. Say goodbye to unpleasant odors indoors and outdoors with this versatile deodorizer. Not made with natural rubber latex. Trust DermaRite, a leading provider of premium wound care products, for superior performance and optimal wound healing.",kelly mancini,Works great,Works great in bathroom! No need for details lol. It does what it says it will.,5/1/2023,5,Yes,0
"DermaRite's ByeByeOdor Eliminator Deodorizer Spray, Fruit Scent - Nontoxic Fabric and Air Freshener - Urine and Fecal Odor, Pet, Hospital and Ostomy, 1 Count, 3 Packs, 3 Total","Rapidly eliminate odors in any indoor environment with DermaRite's ByeByeOdor Odor Eliminator Deodorizer Spray. Perfect for homes, hospitals, and industrial spaces, this non-toxic spray uses advanced chemical absorption technology to capture and neutralize airborne smells effectively. Unlike conventional air fresheners, it doesn't just mask odors but absorbs them, leaving behind a refreshing scent instead of harsh chemical fragrances. Formulated with safe ingredients like ammonium chloride, dimethyl, and benzyl compounds, it effectively neutralizes odors from urine, feces, and other bodily wastes. The pump spray mechanism with a protective storage cap ensures easy, eco-friendly dispensing without aerosols. Say goodbye to unpleasant odors indoors and outdoors with this versatile deodorizer. Not made with natural rubber latex. Trust DermaRite, a leading provider of premium wound care products, for superior performance and optimal wound healing.",vstrmiskova,Only odor eliminator spray that works for diaper pail,I have tried soooo many sprays for my babies nursery and this is the only one that works on his Ubbi diaper pail,1/17/2023,5,Yes,2
"DermaRite's ByeByeOdor Eliminator Deodorizer Spray, Fruit Scent - Nontoxic Fabric and Air Freshener - Urine and Fecal Odor, Pet, Hospital and Ostomy, 1 Count, 3 Packs, 3 Total","Rapidly eliminate odors in any indoor environment with DermaRite's ByeByeOdor Odor Eliminator Deodorizer Spray. Perfect for homes, hospitals, and industrial spaces, this non-toxic spray uses advanced chemical absorption technology to capture and neutralize airborne smells effectively. Unlike conventional air fresheners, it doesn't just mask odors but absorbs them, leaving behind a refreshing scent instead of harsh chemical fragrances. Formulated with safe ingredients like ammonium chloride, dimethyl, and benzyl compounds, it effectively neutralizes odors from urine, feces, and other bodily wastes. The pump spray mechanism with a protective storage cap ensures easy, eco-friendly dispensing without aerosols. Say goodbye to unpleasant odors indoors and outdoors with this versatile deodorizer. Not made with natural rubber latex. Trust DermaRite, a leading provider of premium wound care products, for superior performance and optimal wound healing.",Amazon Customer,Amazing !!!!,Best thing to get rid of litter box odor. Has a light scent and not strong. Will definitely buy more,1/16/2023,5,Yes,2
"DermaRite's ByeByeOdor Eliminator Deodorizer Spray, Fruit Scent - Nontoxic Fabric and Air Freshener - Urine and Fecal Odor, Pet, Hospital and Ostomy, 1 Count, 3 Packs, 3 Total","Rapidly eliminate odors in any indoor environment with DermaRite's ByeByeOdor Odor Eliminator Deodorizer Spray. Perfect for homes, hospitals, and industrial spaces, this non-toxic spray uses advanced chemical absorption technology to capture and neutralize airborne smells effectively. Unlike conventional air fresheners, it doesn't just mask odors but absorbs them, leaving behind a refreshing scent instead of harsh chemical fragrances. Formulated with safe ingredients like ammonium chloride, dimethyl, and benzyl compounds, it effectively neutralizes odors from urine, feces, and other bodily wastes. The pump spray mechanism with a protective storage cap ensures easy, eco-friendly dispensing without aerosols. Say goodbye to unpleasant odors indoors and outdoors with this versatile deodorizer. Not made with natural rubber latex. Trust DermaRite, a leading provider of premium wound care products, for superior performance and optimal wound healing.",AnoahYoga,Great for pet smells too!,"I have a main coon cat and cannot stabs the litter smell! My cat is so big it’s like he takes human poos! This definitely works wonders! Eliminates the smell without being perfumey , makes things smell like fresh linens. Works great to take care of smoke smells too!",1/28/2022,5,Yes,5
"DermaRite's ByeByeOdor Eliminator Deodorizer Spray, Fruit Scent - Nontoxic Fabric and Air Freshener - Urine and Fecal Odor, Pet, Hospital and Ostomy, 1 Count, 3 Packs, 3 Total","Rapidly eliminate odors in any indoor environment with DermaRite's ByeByeOdor Odor Eliminator Deodorizer Spray. Perfect for homes, hospitals, and industrial spaces, this non-toxic spray uses advanced chemical absorption technology to capture and neutralize airborne smells effectively. Unlike conventional air fresheners, it doesn't just mask odors but absorbs them, leaving behind a refreshing scent instead of harsh chemical fragrances. Formulated with safe ingredients like ammonium chloride, dimethyl, and benzyl compounds, it effectively neutralizes odors from urine, feces, and other bodily wastes. The pump spray mechanism with a protective storage cap ensures easy, eco-friendly dispensing without aerosols. Say goodbye to unpleasant odors indoors and outdoors with this versatile deodorizer. Not made with natural rubber latex. Trust DermaRite, a leading provider of premium wound care products, for superior performance and optimal wound healing.",Jina,Works,Smells light and clean and it works!,7/20/2023,5,Yes,0
"DermaRite's ByeByeOdor Eliminator Deodorizer Spray, Fruit Scent - Nontoxic Fabric and Air Freshener - Urine and Fecal Odor, Pet, Hospital and Ostomy, 1 Count, 3 Packs, 3 Total","Rapidly eliminate odors in any indoor environment with DermaRite's ByeByeOdor Odor Eliminator Deodorizer Spray. Perfect for homes, hospitals, and industrial spaces, this non-toxic spray uses advanced chemical absorption technology to capture and neutralize airborne smells effectively. Unlike conventional air fresheners, it doesn't just mask odors but absorbs them, leaving behind a refreshing scent instead of harsh chemical fragrances. Formulated with safe ingredients like ammonium chloride, dimethyl, and benzyl compounds, it effectively neutralizes odors from urine, feces, and other bodily wastes. The pump spray mechanism with a protective storage cap ensures easy, eco-friendly dispensing without aerosols. Say goodbye to unpleasant odors indoors and outdoors with this versatile deodorizer. Not made with natural rubber latex. Trust DermaRite, a leading provider of premium wound care products, for superior performance and optimal wound healing.",TRUE,Would recommend,"Has a light scent that is rose like. Not overwhelming, would recommend if one doesn't like strong chemical smells",1/8/2023,5,Yes,0
"DermaRite's ByeByeOdor Eliminator Deodorizer Spray, Fruit Scent - Nontoxic Fabric and Air Freshener - Urine and Fecal Odor, Pet, Hospital and Ostomy, 1 Count, 3 Packs, 3 Total","Rapidly eliminate odors in any indoor environment with DermaRite's ByeByeOdor Odor Eliminator Deodorizer Spray. Perfect for homes, hospitals, and industrial spaces, this non-toxic spray uses advanced chemical absorption technology to capture and neutralize airborne smells effectively. Unlike conventional air fresheners, it doesn't just mask odors but absorbs them, leaving behind a refreshing scent instead of harsh chemical fragrances. Formulated with safe ingredients like ammonium chloride, dimethyl, and benzyl compounds, it effectively neutralizes odors from urine, feces, and other bodily wastes. The pump spray mechanism with a protective storage cap ensures easy, eco-friendly dispensing without aerosols. Say goodbye to unpleasant odors indoors and outdoors with this versatile deodorizer. Not made with natural rubber latex. Trust DermaRite, a leading provider of premium wound care products, for superior performance and optimal wound healing.",Inee,Eliminates odor with pleasant scent,Product words well. I wish the ingredients are listed on the label on the bottle. Claim for it to be safe for babies and animals need to be verifiable.,8/3/2021,4,Yes,6
"DermaRite's ByeByeOdor Eliminator Deodorizer Spray, Fruit Scent - Nontoxic Fabric and Air Freshener - Urine and Fecal Odor, Pet, Hospital and Ostomy, 1 Count, 3 Packs, 3 Total","Rapidly eliminate odors in any indoor environment with DermaRite's ByeByeOdor Odor Eliminator Deodorizer Spray. Perfect for homes, hospitals, and industrial spaces, this non-toxic spray uses advanced chemical absorption technology to capture and neutralize airborne smells effectively. Unlike conventional air fresheners, it doesn't just mask odors but absorbs them, leaving behind a refreshing scent instead of harsh chemical fragrances. Formulated with safe ingredients like ammonium chloride, dimethyl, and benzyl compounds, it effectively neutralizes odors from urine, feces, and other bodily wastes. The pump spray mechanism with a protective storage cap ensures easy, eco-friendly dispensing without aerosols. Say goodbye to unpleasant odors indoors and outdoors with this versatile deodorizer. Not made with natural rubber latex. Trust DermaRite, a leading provider of premium wound care products, for superior performance and optimal wound healing.",Kindle Customer Carol,Good stuff.,Does what it is suppose too!.  Nice fragrance AND cheap!,1/11/2022,4,Yes,0
"DermaRite's ByeByeOdor Eliminator Deodorizer Spray, Fruit Scent - Nontoxic Fabric and Air Freshener - Urine and Fecal Odor, Pet, Hospital and Ostomy, 1 Count, 3 Packs, 3 Total","Rapidly eliminate odors in any indoor environment with DermaRite's ByeByeOdor Odor Eliminator Deodorizer Spray. Perfect for homes, hospitals, and industrial spaces, this non-toxic spray uses advanced chemical absorption technology to capture and neutralize airborne smells effectively. Unlike conventional air fresheners, it doesn't just mask odors but absorbs them, leaving behind a refreshing scent instead of harsh chemical fragrances. Formulated with safe ingredients like ammonium chloride, dimethyl, and benzyl compounds, it effectively neutralizes odors from urine, feces, and other bodily wastes. The pump spray mechanism with a protective storage cap ensures easy, eco-friendly dispensing without aerosols. Say goodbye to unpleasant odors indoors and outdoors with this versatile deodorizer. Not made with natural rubber latex. Trust DermaRite, a leading provider of premium wound care products, for superior performance and optimal wound healing.",Yendu,Smells nice and takes away bad odor,"Glad I made the choice to buy it. Smells good & truly does what says it will do, bye bye odor in just a spray",4/28/2022,5,Yes,0
"DermaRite's ByeByeOdor Eliminator Deodorizer Spray, Fruit Scent - Nontoxic Fabric and Air Freshener - Urine and Fecal Odor, Pet, Hospital and Ostomy, 1 Count, 3 Packs, 3 Total","Rapidly eliminate odors in any indoor environment with DermaRite's ByeByeOdor Odor Eliminator Deodorizer Spray. Perfect for homes, hospitals, and industrial spaces, this non-toxic spray uses advanced chemical absorption technology to capture and neutralize airborne smells effectively. Unlike conventional air fresheners, it doesn't just mask odors but absorbs them, leaving behind a refreshing scent instead of harsh chemical fragrances. Formulated with safe ingredients like ammonium chloride, dimethyl, and benzyl compounds, it effectively neutralizes odors from urine, feces, and other bodily wastes. The pump spray mechanism with a protective storage cap ensures easy, eco-friendly dispensing without aerosols. Say goodbye to unpleasant odors indoors and outdoors with this versatile deodorizer. Not made with natural rubber latex. Trust DermaRite, a leading provider of premium wound care products, for superior performance and optimal wound healing.",Alice,Pleasant odor,This is a good product. Does the job and has a pleasant odor. Would buy again.,9/20/2022,5,Yes,4
"DermaRite's ByeByeOdor Eliminator Deodorizer Spray, Fruit Scent - Nontoxic Fabric and Air Freshener - Urine and Fecal Odor, Pet, Hospital and Ostomy, 1 Count, 3 Packs, 3 Total","Rapidly eliminate odors in any indoor environment with DermaRite's ByeByeOdor Odor Eliminator Deodorizer Spray. Perfect for homes, hospitals, and industrial spaces, this non-toxic spray uses advanced chemical absorption technology to capture and neutralize airborne smells effectively. Unlike conventional air fresheners, it doesn't just mask odors but absorbs them, leaving behind a refreshing scent instead of harsh chemical fragrances. Formulated with safe ingredients like ammonium chloride, dimethyl, and benzyl compounds, it effectively neutralizes odors from urine, feces, and other bodily wastes. The pump spray mechanism with a protective storage cap ensures easy, eco-friendly dispensing without aerosols. Say goodbye to unpleasant odors indoors and outdoors with this versatile deodorizer. Not made with natural rubber latex. Trust DermaRite, a leading provider of premium wound care products, for superior performance and optimal wound healing.",Starr,Bye Bye Odor,First time purchaser...Product pretty much delivers on what it claims...Does a fairly good job on masking odors in bathrooms and other areas of the house..Not to crazy about the scent.,4/24/2020,4,Yes,0
"DermaRite's ByeByeOdor Eliminator Deodorizer Spray, Fruit Scent - Nontoxic Fabric and Air Freshener - Urine and Fecal Odor, Pet, Hospital and Ostomy, 1 Count, 3 Packs, 3 Total","Rapidly eliminate odors in any indoor environment with DermaRite's ByeByeOdor Odor Eliminator Deodorizer Spray. Perfect for homes, hospitals, and industrial spaces, this non-toxic spray uses advanced chemical absorption technology to capture and neutralize airborne smells effectively. Unlike conventional air fresheners, it doesn't just mask odors but absorbs them, leaving behind a refreshing scent instead of harsh chemical fragrances. Formulated with safe ingredients like ammonium chloride, dimethyl, and benzyl compounds, it effectively neutralizes odors from urine, feces, and other bodily wastes. The pump spray mechanism with a protective storage cap ensures easy, eco-friendly dispensing without aerosols. Say goodbye to unpleasant odors indoors and outdoors with this versatile deodorizer. Not made with natural rubber latex. Trust DermaRite, a leading provider of premium wound care products, for superior performance and optimal wound healing.",Deana E.,Excellent product,This smells great and it works!,12/22/2022,5,Yes,0
"DermaRite's ByeByeOdor Eliminator Deodorizer Spray, Fruit Scent - Nontoxic Fabric and Air Freshener - Urine and Fecal Odor, Pet, Hospital and Ostomy, 1 Count, 3 Packs, 3 Total","Rapidly eliminate odors in any indoor environment with DermaRite's ByeByeOdor Odor Eliminator Deodorizer Spray. Perfect for homes, hospitals, and industrial spaces, this non-toxic spray uses advanced chemical absorption technology to capture and neutralize airborne smells effectively. Unlike conventional air fresheners, it doesn't just mask odors but absorbs them, leaving behind a refreshing scent instead of harsh chemical fragrances. Formulated with safe ingredients like ammonium chloride, dimethyl, and benzyl compounds, it effectively neutralizes odors from urine, feces, and other bodily wastes. The pump spray mechanism with a protective storage cap ensures easy, eco-friendly dispensing without aerosols. Say goodbye to unpleasant odors indoors and outdoors with this versatile deodorizer. Not made with natural rubber latex. Trust DermaRite, a leading provider of premium wound care products, for superior performance and optimal wound healing.",Liz,Excellent for dog accidents,Dog accidents,3/16/2023,5,Yes,3
"DermaRite's ByeByeOdor Eliminator Deodorizer Spray, Fruit Scent - Nontoxic Fabric and Air Freshener - Urine and Fecal Odor, Pet, Hospital and Ostomy, 1 Count, 3 Packs, 3 Total","Rapidly eliminate odors in any indoor environment with DermaRite's ByeByeOdor Odor Eliminator Deodorizer Spray. Perfect for homes, hospitals, and industrial spaces, this non-toxic spray uses advanced chemical absorption technology to capture and neutralize airborne smells effectively. Unlike conventional air fresheners, it doesn't just mask odors but absorbs them, leaving behind a refreshing scent instead of harsh chemical fragrances. Formulated with safe ingredients like ammonium chloride, dimethyl, and benzyl compounds, it effectively neutralizes odors from urine, feces, and other bodily wastes. The pump spray mechanism with a protective storage cap ensures easy, eco-friendly dispensing without aerosols. Say goodbye to unpleasant odors indoors and outdoors with this versatile deodorizer. Not made with natural rubber latex. Trust DermaRite, a leading provider of premium wound care products, for superior performance and optimal wound healing.",Shae,Great scent!,Love this room spray! Odor eliminating and smells amazing!,9/24/2022,5,Yes,2
"DermaRite's ByeByeOdor Eliminator Deodorizer Spray, Fruit Scent - Nontoxic Fabric and Air Freshener - Urine and Fecal Odor, Pet, Hospital and Ostomy, 1 Count, 3 Packs, 3 Total","Rapidly eliminate odors in any indoor environment with DermaRite's ByeByeOdor Odor Eliminator Deodorizer Spray. Perfect for homes, hospitals, and industrial spaces, this non-toxic spray uses advanced chemical absorption technology to capture and neutralize airborne smells effectively. Unlike conventional air fresheners, it doesn't just mask odors but absorbs them, leaving behind a refreshing scent instead of harsh chemical fragrances. Formulated with safe ingredients like ammonium chloride, dimethyl, and benzyl compounds, it effectively neutralizes odors from urine, feces, and other bodily wastes. The pump spray mechanism with a protective storage cap ensures easy, eco-friendly dispensing without aerosols. Say goodbye to unpleasant odors indoors and outdoors with this versatile deodorizer. Not made with natural rubber latex. Trust DermaRite, a leading provider of premium wound care products, for superior performance and optimal wound healing.",Paula Dixon,This actually works!,This product really works well. I worked in hospitals and this works better than the product they use to eliminate offensive bathroom odors .,11/28/2021,5,Yes,0
"DermaRite's ByeByeOdor Eliminator Deodorizer Spray, Fruit Scent - Nontoxic Fabric and Air Freshener - Urine and Fecal Odor, Pet, Hospital and Ostomy, 1 Count, 3 Packs, 3 Total","Rapidly eliminate odors in any indoor environment with DermaRite's ByeByeOdor Odor Eliminator Deodorizer Spray. Perfect for homes, hospitals, and industrial spaces, this non-toxic spray uses advanced chemical absorption technology to capture and neutralize airborne smells effectively. Unlike conventional air fresheners, it doesn't just mask odors but absorbs them, leaving behind a refreshing scent instead of harsh chemical fragrances. Formulated with safe ingredients like ammonium chloride, dimethyl, and benzyl compounds, it effectively neutralizes odors from urine, feces, and other bodily wastes. The pump spray mechanism with a protective storage cap ensures easy, eco-friendly dispensing without aerosols. Say goodbye to unpleasant odors indoors and outdoors with this versatile deodorizer. Not made with natural rubber latex. Trust DermaRite, a leading provider of premium wound care products, for superior performance and optimal wound healing.",Amazon Customer,Odor eliminator,Product is very good. Eliminates odor effectively. It also takes very little spray to accomplish the desired results. That makes it more economical.,11/23/2021,5,Yes,6
"DermaRite's ByeByeOdor Eliminator Deodorizer Spray, Fruit Scent - Nontoxic Fabric and Air Freshener - Urine and Fecal Odor, Pet, Hospital and Ostomy, 1 Count, 3 Packs, 3 Total","Rapidly eliminate odors in any indoor environment with DermaRite's ByeByeOdor Odor Eliminator Deodorizer Spray. Perfect for homes, hospitals, and industrial spaces, this non-toxic spray uses advanced chemical absorption technology to capture and neutralize airborne smells effectively. Unlike conventional air fresheners, it doesn't just mask odors but absorbs them, leaving behind a refreshing scent instead of harsh chemical fragrances. Formulated with safe ingredients like ammonium chloride, dimethyl, and benzyl compounds, it effectively neutralizes odors from urine, feces, and other bodily wastes. The pump spray mechanism with a protective storage cap ensures easy, eco-friendly dispensing without aerosols. Say goodbye to unpleasant odors indoors and outdoors with this versatile deodorizer. Not made with natural rubber latex. Trust DermaRite, a leading provider of premium wound care products, for superior performance and optimal wound healing.",Tropicalwolf,Smells Great,This is a fast acting spray. So much cheaper then others that cover the smell.,2/3/2022,5,Yes,0
"DermaRite's ByeByeOdor Eliminator Deodorizer Spray, Fruit Scent - Nontoxic Fabric and Air Freshener - Urine and Fecal Odor, Pet, Hospital and Ostomy, 1 Count, 3 Packs, 3 Total","Rapidly eliminate odors in any indoor environment with DermaRite's ByeByeOdor Odor Eliminator Deodorizer Spray. Perfect for homes, hospitals, and industrial spaces, this non-toxic spray uses advanced chemical absorption technology to capture and neutralize airborne smells effectively. Unlike conventional air fresheners, it doesn't just mask odors but absorbs them, leaving behind a refreshing scent instead of harsh chemical fragrances. Formulated with safe ingredients like ammonium chloride, dimethyl, and benzyl compounds, it effectively neutralizes odors from urine, feces, and other bodily wastes. The pump spray mechanism with a protective storage cap ensures easy, eco-friendly dispensing without aerosols. Say goodbye to unpleasant odors indoors and outdoors with this versatile deodorizer. Not made with natural rubber latex. Trust DermaRite, a leading provider of premium wound care products, for superior performance and optimal wound healing.",Judy,It does whay it says.,It works very well.  It can be used in an posting pouch for odor.,2/24/2022,5,Yes,0
"DermaRite's ByeByeOdor Eliminator Deodorizer Spray, Fruit Scent - Nontoxic Fabric and Air Freshener - Urine and Fecal Odor, Pet, Hospital and Ostomy, 1 Count, 3 Packs, 3 Total","Rapidly eliminate odors in any indoor environment with DermaRite's ByeByeOdor Odor Eliminator Deodorizer Spray. Perfect for homes, hospitals, and industrial spaces, this non-toxic spray uses advanced chemical absorption technology to capture and neutralize airborne smells effectively. Unlike conventional air fresheners, it doesn't just mask odors but absorbs them, leaving behind a refreshing scent instead of harsh chemical fragrances. Formulated with safe ingredients like ammonium chloride, dimethyl, and benzyl compounds, it effectively neutralizes odors from urine, feces, and other bodily wastes. The pump spray mechanism with a protective storage cap ensures easy, eco-friendly dispensing without aerosols. Say goodbye to unpleasant odors indoors and outdoors with this versatile deodorizer. Not made with natural rubber latex. Trust DermaRite, a leading provider of premium wound care products, for superior performance and optimal wound healing.",Candee k.,Nce refresher,It really does just what it claims and it has a nice soft fragrance. The odor is not masked like some sprays where you can smell the stink. peeyuuuu.,3/13/2021,5,Yes,0
"DermaRite's ByeByeOdor Eliminator Deodorizer Spray, Fruit Scent - Nontoxic Fabric and Air Freshener - Urine and Fecal Odor, Pet, Hospital and Ostomy, 1 Count, 3 Packs, 3 Total","Rapidly eliminate odors in any indoor environment with DermaRite's ByeByeOdor Odor Eliminator Deodorizer Spray. Perfect for homes, hospitals, and industrial spaces, this non-toxic spray uses advanced chemical absorption technology to capture and neutralize airborne smells effectively. Unlike conventional air fresheners, it doesn't just mask odors but absorbs them, leaving behind a refreshing scent instead of harsh chemical fragrances. Formulated with safe ingredients like ammonium chloride, dimethyl, and benzyl compounds, it effectively neutralizes odors from urine, feces, and other bodily wastes. The pump spray mechanism with a protective storage cap ensures easy, eco-friendly dispensing without aerosols. Say goodbye to unpleasant odors indoors and outdoors with this versatile deodorizer. Not made with natural rubber latex. Trust DermaRite, a leading provider of premium wound care products, for superior performance and optimal wound healing.",Bernie,Bernie,"Refresh after colostomy cleaning,",7/4/2022,5,Yes,0
"DermaRite's ByeByeOdor Eliminator Deodorizer Spray, Fruit Scent - Nontoxic Fabric and Air Freshener - Urine and Fecal Odor, Pet, Hospital and Ostomy, 1 Count, 3 Packs, 3 Total","Rapidly eliminate odors in any indoor environment with DermaRite's ByeByeOdor Odor Eliminator Deodorizer Spray. Perfect for homes, hospitals, and industrial spaces, this non-toxic spray uses advanced chemical absorption technology to capture and neutralize airborne smells effectively. Unlike conventional air fresheners, it doesn't just mask odors but absorbs them, leaving behind a refreshing scent instead of harsh chemical fragrances. Formulated with safe ingredients like ammonium chloride, dimethyl, and benzyl compounds, it effectively neutralizes odors from urine, feces, and other bodily wastes. The pump spray mechanism with a protective storage cap ensures easy, eco-friendly dispensing without aerosols. Say goodbye to unpleasant odors indoors and outdoors with this versatile deodorizer. Not made with natural rubber latex. Trust DermaRite, a leading provider of premium wound care products, for superior performance and optimal wound healing.",Beth Russ,Works!,"Works! I work in a group home and this is great, removes smells and is not overwhelming",6/10/2021,5,Yes,2
"DermaRite's ByeByeOdor Eliminator Deodorizer Spray, Fruit Scent - Nontoxic Fabric and Air Freshener - Urine and Fecal Odor, Pet, Hospital and Ostomy, 1 Count, 3 Packs, 3 Total","Rapidly eliminate odors in any indoor environment with DermaRite's ByeByeOdor Odor Eliminator Deodorizer Spray. Perfect for homes, hospitals, and industrial spaces, this non-toxic spray uses advanced chemical absorption technology to capture and neutralize airborne smells effectively. Unlike conventional air fresheners, it doesn't just mask odors but absorbs them, leaving behind a refreshing scent instead of harsh chemical fragrances. Formulated with safe ingredients like ammonium chloride, dimethyl, and benzyl compounds, it effectively neutralizes odors from urine, feces, and other bodily wastes. The pump spray mechanism with a protective storage cap ensures easy, eco-friendly dispensing without aerosols. Say goodbye to unpleasant odors indoors and outdoors with this versatile deodorizer. Not made with natural rubber latex. Trust DermaRite, a leading provider of premium wound care products, for superior performance and optimal wound healing.",J. L. Murphy,Getting rid of bad odors,Bathroom mostly,6/11/2022,5,Yes,0
"DermaRite's ByeByeOdor Eliminator Deodorizer Spray, Fruit Scent - Nontoxic Fabric and Air Freshener - Urine and Fecal Odor, Pet, Hospital and Ostomy, 1 Count, 3 Packs, 3 Total","Rapidly eliminate odors in any indoor environment with DermaRite's ByeByeOdor Odor Eliminator Deodorizer Spray. Perfect for homes, hospitals, and industrial spaces, this non-toxic spray uses advanced chemical absorption technology to capture and neutralize airborne smells effectively. Unlike conventional air fresheners, it doesn't just mask odors but absorbs them, leaving behind a refreshing scent instead of harsh chemical fragrances. Formulated with safe ingredients like ammonium chloride, dimethyl, and benzyl compounds, it effectively neutralizes odors from urine, feces, and other bodily wastes. The pump spray mechanism with a protective storage cap ensures easy, eco-friendly dispensing without aerosols. Say goodbye to unpleasant odors indoors and outdoors with this versatile deodorizer. Not made with natural rubber latex. Trust DermaRite, a leading provider of premium wound care products, for superior performance and optimal wound healing.",Janie,Good product,Use this product at home and always when we travel. Recommend!,8/25/2021,5,Yes,0
"DermaRite's ByeByeOdor Eliminator Deodorizer Spray, Fruit Scent - Nontoxic Fabric and Air Freshener - Urine and Fecal Odor, Pet, Hospital and Ostomy, 1 Count, 3 Packs, 3 Total","Rapidly eliminate odors in any indoor environment with DermaRite's ByeByeOdor Odor Eliminator Deodorizer Spray. Perfect for homes, hospitals, and industrial spaces, this non-toxic spray uses advanced chemical absorption technology to capture and neutralize airborne smells effectively. Unlike conventional air fresheners, it doesn't just mask odors but absorbs them, leaving behind a refreshing scent instead of harsh chemical fragrances. Formulated with safe ingredients like ammonium chloride, dimethyl, and benzyl compounds, it effectively neutralizes odors from urine, feces, and other bodily wastes. The pump spray mechanism with a protective storage cap ensures easy, eco-friendly dispensing without aerosols. Say goodbye to unpleasant odors indoors and outdoors with this versatile deodorizer. Not made with natural rubber latex. Trust DermaRite, a leading provider of premium wound care products, for superior performance and optimal wound healing.",Jacqueline V.,It works!,I have bought thus for several friends who are ill. It keeps their room smelling fresh. Also good for eliminating cooking odors.,12/5/2020,5,Yes,2
"DermaRite's ByeByeOdor Eliminator Deodorizer Spray, Fruit Scent - Nontoxic Fabric and Air Freshener - Urine and Fecal Odor, Pet, Hospital and Ostomy, 1 Count, 3 Packs, 3 Total","Rapidly eliminate odors in any indoor environment with DermaRite's ByeByeOdor Odor Eliminator Deodorizer Spray. Perfect for homes, hospitals, and industrial spaces, this non-toxic spray uses advanced chemical absorption technology to capture and neutralize airborne smells effectively. Unlike conventional air fresheners, it doesn't just mask odors but absorbs them, leaving behind a refreshing scent instead of harsh chemical fragrances. Formulated with safe ingredients like ammonium chloride, dimethyl, and benzyl compounds, it effectively neutralizes odors from urine, feces, and other bodily wastes. The pump spray mechanism with a protective storage cap ensures easy, eco-friendly dispensing without aerosols. Say goodbye to unpleasant odors indoors and outdoors with this versatile deodorizer. Not made with natural rubber latex. Trust DermaRite, a leading provider of premium wound care products, for superior performance and optimal wound healing.",pamela,Fresh lemon scent,I first introduce to this produce by hospice.I was excited to find it one Amazon.,9/2/2021,5,Yes,0
"DermaRite's ByeByeOdor Eliminator Deodorizer Spray, Fruit Scent - Nontoxic Fabric and Air Freshener - Urine and Fecal Odor, Pet, Hospital and Ostomy, 1 Count, 3 Packs, 3 Total","Rapidly eliminate odors in any indoor environment with DermaRite's ByeByeOdor Odor Eliminator Deodorizer Spray. Perfect for homes, hospitals, and industrial spaces, this non-toxic spray uses advanced chemical absorption technology to capture and neutralize airborne smells effectively. Unlike conventional air fresheners, it doesn't just mask odors but absorbs them, leaving behind a refreshing scent instead of harsh chemical fragrances. Formulated with safe ingredients like ammonium chloride, dimethyl, and benzyl compounds, it effectively neutralizes odors from urine, feces, and other bodily wastes. The pump spray mechanism with a protective storage cap ensures easy, eco-friendly dispensing without aerosols. Say goodbye to unpleasant odors indoors and outdoors with this versatile deodorizer. Not made with natural rubber latex. Trust DermaRite, a leading provider of premium wound care products, for superior performance and optimal wound healing.",JustbooksMarianreads,Very amazing product,Great non toxic room refresher and also great for keeping odors away especially when you poop.Bought to replace my room spray.,1/2/2021,5,Yes,0
"DermaRite's ByeByeOdor Eliminator Deodorizer Spray, Fruit Scent - Nontoxic Fabric and Air Freshener - Urine and Fecal Odor, Pet, Hospital and Ostomy, 1 Count, 3 Packs, 3 Total","Rapidly eliminate odors in any indoor environment with DermaRite's ByeByeOdor Odor Eliminator Deodorizer Spray. Perfect for homes, hospitals, and industrial spaces, this non-toxic spray uses advanced chemical absorption technology to capture and neutralize airborne smells effectively. Unlike conventional air fresheners, it doesn't just mask odors but absorbs them, leaving behind a refreshing scent instead of harsh chemical fragrances. Formulated with safe ingredients like ammonium chloride, dimethyl, and benzyl compounds, it effectively neutralizes odors from urine, feces, and other bodily wastes. The pump spray mechanism with a protective storage cap ensures easy, eco-friendly dispensing without aerosols. Say goodbye to unpleasant odors indoors and outdoors with this versatile deodorizer. Not made with natural rubber latex. Trust DermaRite, a leading provider of premium wound care products, for superior performance and optimal wound healing.",Curtisteen brooks,Great product,I work in a nursing home and this was great to spray around the nurse station,3/24/2021,5,Yes,3
"DermaRite's ByeByeOdor Eliminator Deodorizer Spray, Fruit Scent - Nontoxic Fabric and Air Freshener - Urine and Fecal Odor, Pet, Hospital and Ostomy, 1 Count, 3 Packs, 3 Total","Rapidly eliminate odors in any indoor environment with DermaRite's ByeByeOdor Odor Eliminator Deodorizer Spray. Perfect for homes, hospitals, and industrial spaces, this non-toxic spray uses advanced chemical absorption technology to capture and neutralize airborne smells effectively. Unlike conventional air fresheners, it doesn't just mask odors but absorbs them, leaving behind a refreshing scent instead of harsh chemical fragrances. Formulated with safe ingredients like ammonium chloride, dimethyl, and benzyl compounds, it effectively neutralizes odors from urine, feces, and other bodily wastes. The pump spray mechanism with a protective storage cap ensures easy, eco-friendly dispensing without aerosols. Say goodbye to unpleasant odors indoors and outdoors with this versatile deodorizer. Not made with natural rubber latex. Trust DermaRite, a leading provider of premium wound care products, for superior performance and optimal wound healing.",Arlee,Is a product that works,Its scent is very pleasant and the product works,9/13/2021,5,Yes,0
"DermaRite's ByeByeOdor Eliminator Deodorizer Spray, Fruit Scent - Nontoxic Fabric and Air Freshener - Urine and Fecal Odor, Pet, Hospital and Ostomy, 1 Count, 3 Packs, 3 Total","Rapidly eliminate odors in any indoor environment with DermaRite's ByeByeOdor Odor Eliminator Deodorizer Spray. Perfect for homes, hospitals, and industrial spaces, this non-toxic spray uses advanced chemical absorption technology to capture and neutralize airborne smells effectively. Unlike conventional air fresheners, it doesn't just mask odors but absorbs them, leaving behind a refreshing scent instead of harsh chemical fragrances. Formulated with safe ingredients like ammonium chloride, dimethyl, and benzyl compounds, it effectively neutralizes odors from urine, feces, and other bodily wastes. The pump spray mechanism with a protective storage cap ensures easy, eco-friendly dispensing without aerosols. Say goodbye to unpleasant odors indoors and outdoors with this versatile deodorizer. Not made with natural rubber latex. Trust DermaRite, a leading provider of premium wound care products, for superior performance and optimal wound healing.",Lisa Felder,Works well!,Pleasant scent that does a great job of eliminating odors.,6/19/2021,5,Yes,0
"DermaRite's ByeByeOdor Eliminator Deodorizer Spray, Fruit Scent - Nontoxic Fabric and Air Freshener - Urine and Fecal Odor, Pet, Hospital and Ostomy, 1 Count, 3 Packs, 3 Total","Rapidly eliminate odors in any indoor environment with DermaRite's ByeByeOdor Odor Eliminator Deodorizer Spray. Perfect for homes, hospitals, and industrial spaces, this non-toxic spray uses advanced chemical absorption technology to capture and neutralize airborne smells effectively. Unlike conventional air fresheners, it doesn't just mask odors but absorbs them, leaving behind a refreshing scent instead of harsh chemical fragrances. Formulated with safe ingredients like ammonium chloride, dimethyl, and benzyl compounds, it effectively neutralizes odors from urine, feces, and other bodily wastes. The pump spray mechanism with a protective storage cap ensures easy, eco-friendly dispensing without aerosols. Say goodbye to unpleasant odors indoors and outdoors with this versatile deodorizer. Not made with natural rubber latex. Trust DermaRite, a leading provider of premium wound care products, for superior performance and optimal wound healing.",CandiHMom,It works,This really works to get that musky dog smell out of furniture. I used it more then one on the same spots but I was very impressed!,2/23/2020,5,Yes,0
"DermaRite's ByeByeOdor Eliminator Deodorizer Spray, Fruit Scent - Nontoxic Fabric and Air Freshener - Urine and Fecal Odor, Pet, Hospital and Ostomy, 1 Count, 3 Packs, 3 Total","Rapidly eliminate odors in any indoor environment with DermaRite's ByeByeOdor Odor Eliminator Deodorizer Spray. Perfect for homes, hospitals, and industrial spaces, this non-toxic spray uses advanced chemical absorption technology to capture and neutralize airborne smells effectively. Unlike conventional air fresheners, it doesn't just mask odors but absorbs them, leaving behind a refreshing scent instead of harsh chemical fragrances. Formulated with safe ingredients like ammonium chloride, dimethyl, and benzyl compounds, it effectively neutralizes odors from urine, feces, and other bodily wastes. The pump spray mechanism with a protective storage cap ensures easy, eco-friendly dispensing without aerosols. Say goodbye to unpleasant odors indoors and outdoors with this versatile deodorizer. Not made with natural rubber latex. Trust DermaRite, a leading provider of premium wound care products, for superior performance and optimal wound healing.",Nocopay,Good for pet bed .odor.,Different than other sent sprays. No heavy odor. Works well.,6/21/2021,5,Yes,0
Adapt Lubricating Deodorant - 8 oz bottle,"Adapt Lubricating Deodorant Adapt Lubricating Deodorant enables a new level of confidence and security with a proven odor-neutralizer and pouch lubricant that helps keep the pouch interior clean. Lubrication eases emptying and helps prevent pouch static and sticking. Adapt Lubricating Deodorant features deodorant that works by neutralizing the odor, not a perfume or masking agent.",Mary K. McDonald,Doesn’t fulfill promise,Did not really prevent pancaking as advertised.,9/13/2024,3,Yes,0
Adapt Lubricating Deodorant - 8 oz bottle,"Adapt Lubricating Deodorant Adapt Lubricating Deodorant enables a new level of confidence and security with a proven odor-neutralizer and pouch lubricant that helps keep the pouch interior clean. Lubrication eases emptying and helps prevent pouch static and sticking. Adapt Lubricating Deodorant features deodorant that works by neutralizing the odor, not a perfume or masking agent.",Gary Hill,doesn't help,Doesn't eliminate or mitigate smell.,6/27/2024,3,Yes,0
Adapt Lubricating Deodorant - 8 oz bottle,"Adapt Lubricating Deodorant Adapt Lubricating Deodorant enables a new level of confidence and security with a proven odor-neutralizer and pouch lubricant that helps keep the pouch interior clean. Lubrication eases emptying and helps prevent pouch static and sticking. Adapt Lubricating Deodorant features deodorant that works by neutralizing the odor, not a perfume or masking agent.",CLD,Not a deodorizer,This is only a lubricant. Didn’t irritate skin. May have even protected skin. Didn’t deodorize at all.,9/28/2024,2,Yes,0
Adapt Lubricating Deodorant - 8 oz bottle,"Adapt Lubricating Deodorant Adapt Lubricating Deodorant enables a new level of confidence and security with a proven odor-neutralizer and pouch lubricant that helps keep the pouch interior clean. Lubrication eases emptying and helps prevent pouch static and sticking. Adapt Lubricating Deodorant features deodorant that works by neutralizing the odor, not a perfume or masking agent.",Bluebird of Happiness,Only used it a couple times,Only used it a couple times.  Didn't think it made much of a difference lubricating ostomy bag.,1/20/2024,3,Yes,0
Adapt Lubricating Deodorant - 8 oz bottle,"Adapt Lubricating Deodorant Adapt Lubricating Deodorant enables a new level of confidence and security with a proven odor-neutralizer and pouch lubricant that helps keep the pouch interior clean. Lubrication eases emptying and helps prevent pouch static and sticking. Adapt Lubricating Deodorant features deodorant that works by neutralizing the odor, not a perfume or masking agent.",relyongrace,Product is easy to use but doesn’t eliminate odor,"I like how easy it is to use this product, but it doesn’t eliminate the odor. Maybe I’m not using enough?",5/23/2023,3,Yes,0
Adapt Lubricating Deodorant - 8 oz bottle,"Adapt Lubricating Deodorant Adapt Lubricating Deodorant enables a new level of confidence and security with a proven odor-neutralizer and pouch lubricant that helps keep the pouch interior clean. Lubrication eases emptying and helps prevent pouch static and sticking. Adapt Lubricating Deodorant features deodorant that works by neutralizing the odor, not a perfume or masking agent.",MAXX,wasted my money,"Used a little, used a lot, doesn't seem to do much.",8/13/2022,3,Yes,2
Adapt Lubricating Deodorant - 8 oz bottle,"Adapt Lubricating Deodorant Adapt Lubricating Deodorant enables a new level of confidence and security with a proven odor-neutralizer and pouch lubricant that helps keep the pouch interior clean. Lubrication eases emptying and helps prevent pouch static and sticking. Adapt Lubricating Deodorant features deodorant that works by neutralizing the odor, not a perfume or masking agent.",buyer expert,Very bad product,Very bad product overallDeodorant badLubricant BadEverything bad,6/1/2024,1,Yes,0
Adapt Lubricating Deodorant - 8 oz bottle,"Adapt Lubricating Deodorant Adapt Lubricating Deodorant enables a new level of confidence and security with a proven odor-neutralizer and pouch lubricant that helps keep the pouch interior clean. Lubrication eases emptying and helps prevent pouch static and sticking. Adapt Lubricating Deodorant features deodorant that works by neutralizing the odor, not a perfume or masking agent.",B. Callahan,So so,The lube part works fine although you can just use old fashioned mineral oil.  The deodorant part changes the smell from bad fecal to unpleasant something else.,9/18/2020,3,Yes,0
Adapt Lubricating Deodorant - 8 oz bottle,"Adapt Lubricating Deodorant Adapt Lubricating Deodorant enables a new level of confidence and security with a proven odor-neutralizer and pouch lubricant that helps keep the pouch interior clean. Lubrication eases emptying and helps prevent pouch static and sticking. Adapt Lubricating Deodorant features deodorant that works by neutralizing the odor, not a perfume or masking agent.",D,Received WITH NO SEAL,"It says there is no return for this item.  It arrived in a box but without a seal under the cap.  This is a product you put on your person and the fact it's not sealed means its trash.  WASTE OF MONEY WITHOUT A SEAL.  It's a previously returned item at full price.  When I looked inside, 1/3 of the liquid is gone. VERY DISAPPOINTED AND A WASTE OF MONEY AND TIME. Do not buy from this seller.",9/24/2022,1,Yes,0
Adapt Lubricating Deodorant - 8 oz bottle,"Adapt Lubricating Deodorant Adapt Lubricating Deodorant enables a new level of confidence and security with a proven odor-neutralizer and pouch lubricant that helps keep the pouch interior clean. Lubrication eases emptying and helps prevent pouch static and sticking. Adapt Lubricating Deodorant features deodorant that works by neutralizing the odor, not a perfume or masking agent.",Amazon Customer,Odor control not so much.,Does not really control odor. Lubricant ok,5/21/2021,3,Yes,0
Adapt Lubricating Deodorant - 8 oz bottle,"Adapt Lubricating Deodorant Adapt Lubricating Deodorant enables a new level of confidence and security with a proven odor-neutralizer and pouch lubricant that helps keep the pouch interior clean. Lubrication eases emptying and helps prevent pouch static and sticking. Adapt Lubricating Deodorant features deodorant that works by neutralizing the odor, not a perfume or masking agent.",Courtney Marshall,Very Disappointed,I thought I was ordering Stop Plus Deodorizer and I guess I just mistakenly selected the Adapt I was going on vacation so I had to take this product as I was out of the other..... I figured it would work well enough...... I could not have been more disappointed. This is huge for me especially being on vacation and this product is useless! I would have had the same results if I would have put nothing in my bag. I can't explain how horrible this product was for me if your trying for first time please try it when you have a backup. So so so disgusted with this I had to order the correct product and have shipped to the vacation rental just so I can have a stress free vacation.  I would never recommend this product ever.,10/3/2016,1,Yes,0
Adapt Lubricating Deodorant - 8 oz bottle,"Adapt Lubricating Deodorant Adapt Lubricating Deodorant enables a new level of confidence and security with a proven odor-neutralizer and pouch lubricant that helps keep the pouch interior clean. Lubrication eases emptying and helps prevent pouch static and sticking. Adapt Lubricating Deodorant features deodorant that works by neutralizing the odor, not a perfume or masking agent.",Diana,So-so,Not great for odor (I like the blue M9 drops for this) but works fine as a bag lubricant,12/19/2019,3,Yes,0
Adapt Lubricating Deodorant - 8 oz bottle,"Adapt Lubricating Deodorant Adapt Lubricating Deodorant enables a new level of confidence and security with a proven odor-neutralizer and pouch lubricant that helps keep the pouch interior clean. Lubrication eases emptying and helps prevent pouch static and sticking. Adapt Lubricating Deodorant features deodorant that works by neutralizing the odor, not a perfume or masking agent.",H. Kashanian,Delivery,One of the product was damaged,6/11/2021,3,Yes,0
Adapt Lubricating Deodorant - 8 oz bottle,"Adapt Lubricating Deodorant Adapt Lubricating Deodorant enables a new level of confidence and security with a proven odor-neutralizer and pouch lubricant that helps keep the pouch interior clean. Lubrication eases emptying and helps prevent pouch static and sticking. Adapt Lubricating Deodorant features deodorant that works by neutralizing the odor, not a perfume or masking agent.",C. Kirkpatrick,Does not do much for deodorizing,"Easy application, but it does nothing for deodorizing and is only ok for lubricating. This is the first of this type product I have tried...not impressed.",9/19/2018,3,Yes,0
Adapt Lubricating Deodorant - 8 oz bottle,"Adapt Lubricating Deodorant Adapt Lubricating Deodorant enables a new level of confidence and security with a proven odor-neutralizer and pouch lubricant that helps keep the pouch interior clean. Lubrication eases emptying and helps prevent pouch static and sticking. Adapt Lubricating Deodorant features deodorant that works by neutralizing the odor, not a perfume or masking agent.",John H.,"You can obtain better results by inserting a few ""tic-tacks"" in the bag","The Lubricating aspect of this item meets expectations, however the ""deodorant"" portion is much to be desired.  Anyone who has needed to deal with a colostomy/ostomy bag is well aware of potential odors that can be released and this product does nothing to assist in masking the problem.  You can obtain better results by inserting a few ""tic-tacks"" in the bag.",12/11/2017,2,Yes,18
Adapt Lubricating Deodorant - 8 oz bottle,"Adapt Lubricating Deodorant Adapt Lubricating Deodorant enables a new level of confidence and security with a proven odor-neutralizer and pouch lubricant that helps keep the pouch interior clean. Lubrication eases emptying and helps prevent pouch static and sticking. Adapt Lubricating Deodorant features deodorant that works by neutralizing the odor, not a perfume or masking agent.",Teach,it is ok...,"This product keeps the odor down, but the bag sticks together over the hole.  I had to constantly move it around to loosen the grip the bag had.  i stopped using it after three attempts.",4/30/2014,3,Yes,3
Adapt Lubricating Deodorant - 8 oz bottle,"Adapt Lubricating Deodorant Adapt Lubricating Deodorant enables a new level of confidence and security with a proven odor-neutralizer and pouch lubricant that helps keep the pouch interior clean. Lubrication eases emptying and helps prevent pouch static and sticking. Adapt Lubricating Deodorant features deodorant that works by neutralizing the odor, not a perfume or masking agent.",Lorey Duprey,Works ok,"Works well for lubrication, but not for order",12/15/2019,3,Yes,0
Adapt Lubricating Deodorant - 8 oz bottle,"Adapt Lubricating Deodorant Adapt Lubricating Deodorant enables a new level of confidence and security with a proven odor-neutralizer and pouch lubricant that helps keep the pouch interior clean. Lubrication eases emptying and helps prevent pouch static and sticking. Adapt Lubricating Deodorant features deodorant that works by neutralizing the odor, not a perfume or masking agent.",Brandy Vishnesky,"and I have to use more than the recommended amount, so the bottle goes quickly","Not a long lasting solution to the problem, and I have to use more than the recommended amount, so the bottle goes quickly.",9/23/2016,3,Yes,0
Adapt Lubricating Deodorant - 8 oz bottle,"Adapt Lubricating Deodorant Adapt Lubricating Deodorant enables a new level of confidence and security with a proven odor-neutralizer and pouch lubricant that helps keep the pouch interior clean. Lubrication eases emptying and helps prevent pouch static and sticking. Adapt Lubricating Deodorant features deodorant that works by neutralizing the odor, not a perfume or masking agent.",Module,Doesn't cover smell like m9,"I got this product to test out. I've been using the m9 odor eliminator drops for over 6 years now.But, Adapt lubricating deodorant is only good at lubricating the ostomy pouch, for those that want their output to settle at the end of the pouch and not have it stuck in the middle or around the stoma.However, Adapt fails at eliminating odor. On a scale of 1 to 10. 10 being the best. Adapt gets a 3 out of 10 for eliminating odor.The best odor eliminator by far is m9. I'm not gonna order Adapt again.",9/10/2013,1,Yes,3
Adapt Lubricating Deodorant - 8 oz bottle,"Adapt Lubricating Deodorant Adapt Lubricating Deodorant enables a new level of confidence and security with a proven odor-neutralizer and pouch lubricant that helps keep the pouch interior clean. Lubrication eases emptying and helps prevent pouch static and sticking. Adapt Lubricating Deodorant features deodorant that works by neutralizing the odor, not a perfume or masking agent.",Bruce Edwards,Ok...not great.,"Works well on the ""cleaning"" end. Odor elimination, not so much. Carry spray, if you can.",12/20/2021,2,Yes,0
Adapt Lubricating Deodorant - 8 oz bottle,"Adapt Lubricating Deodorant Adapt Lubricating Deodorant enables a new level of confidence and security with a proven odor-neutralizer and pouch lubricant that helps keep the pouch interior clean. Lubrication eases emptying and helps prevent pouch static and sticking. Adapt Lubricating Deodorant features deodorant that works by neutralizing the odor, not a perfume or masking agent.",Roger_That,Waste of Money,For me did not work at all....waste of money,4/27/2023,1,Yes,0
Adapt Lubricating Deodorant - 8 oz bottle,"Adapt Lubricating Deodorant Adapt Lubricating Deodorant enables a new level of confidence and security with a proven odor-neutralizer and pouch lubricant that helps keep the pouch interior clean. Lubrication eases emptying and helps prevent pouch static and sticking. Adapt Lubricating Deodorant features deodorant that works by neutralizing the odor, not a perfume or masking agent.",Paula Spears,Not a good odor eliminator,This product does not help with odor at all,9/4/2023,1,Yes,0
Adapt Lubricating Deodorant - 8 oz bottle,"Adapt Lubricating Deodorant Adapt Lubricating Deodorant enables a new level of confidence and security with a proven odor-neutralizer and pouch lubricant that helps keep the pouch interior clean. Lubrication eases emptying and helps prevent pouch static and sticking. Adapt Lubricating Deodorant features deodorant that works by neutralizing the odor, not a perfume or masking agent.",Stephanie Etier,Doesn’t work for smell at all,Great lube but takes away from smell is almost none. Not a deodorant!!!,5/17/2023,1,Yes,0
Adapt Lubricating Deodorant - 8 oz bottle,"Adapt Lubricating Deodorant Adapt Lubricating Deodorant enables a new level of confidence and security with a proven odor-neutralizer and pouch lubricant that helps keep the pouch interior clean. Lubrication eases emptying and helps prevent pouch static and sticking. Adapt Lubricating Deodorant features deodorant that works by neutralizing the odor, not a perfume or masking agent.",Liana,Ineffective,This product did nothing to improve odor. It was the same as when we used nothing to mask odors.,1/24/2023,1,Yes,0
Adapt Lubricating Deodorant - 8 oz bottle,"Adapt Lubricating Deodorant Adapt Lubricating Deodorant enables a new level of confidence and security with a proven odor-neutralizer and pouch lubricant that helps keep the pouch interior clean. Lubrication eases emptying and helps prevent pouch static and sticking. Adapt Lubricating Deodorant features deodorant that works by neutralizing the odor, not a perfume or masking agent.",Thomas J. Hair,Three Stars,"too oily, made wafers fall off",7/30/2018,3,Yes,0
Adapt Lubricating Deodorant - 8 oz bottle,"Adapt Lubricating Deodorant Adapt Lubricating Deodorant enables a new level of confidence and security with a proven odor-neutralizer and pouch lubricant that helps keep the pouch interior clean. Lubrication eases emptying and helps prevent pouch static and sticking. Adapt Lubricating Deodorant features deodorant that works by neutralizing the odor, not a perfume or masking agent.",ROBBOW28,The smell is bad but the lube works.,The smell is bad. But the lube works.,2/27/2018,3,Yes,0
Adapt Lubricating Deodorant - 8 oz bottle,"Adapt Lubricating Deodorant Adapt Lubricating Deodorant enables a new level of confidence and security with a proven odor-neutralizer and pouch lubricant that helps keep the pouch interior clean. Lubrication eases emptying and helps prevent pouch static and sticking. Adapt Lubricating Deodorant features deodorant that works by neutralizing the odor, not a perfume or masking agent.",mind,Great lubricant. Doesn't do much for odor,Great lubricant.  Doesn't do much for odor.,12/3/2017,3,Yes,0
Adapt Lubricating Deodorant - 8 oz bottle,"Adapt Lubricating Deodorant Adapt Lubricating Deodorant enables a new level of confidence and security with a proven odor-neutralizer and pouch lubricant that helps keep the pouch interior clean. Lubrication eases emptying and helps prevent pouch static and sticking. Adapt Lubricating Deodorant features deodorant that works by neutralizing the odor, not a perfume or masking agent.",Lou49,Jury is still out...,I may not be using enough. 🤷🏾‍♂️Tend to use when changing to a new bag for freshness.,4/14/2019,2,Yes,0
Adapt Lubricating Deodorant - 8 oz bottle,"Adapt Lubricating Deodorant Adapt Lubricating Deodorant enables a new level of confidence and security with a proven odor-neutralizer and pouch lubricant that helps keep the pouch interior clean. Lubrication eases emptying and helps prevent pouch static and sticking. Adapt Lubricating Deodorant features deodorant that works by neutralizing the odor, not a perfume or masking agent.",Sissy,Doesn't work well with liquid stool!,I have an ileostomy and this product does not do much since my output is liquid a lot of the time. Not very lubricating or deodorizing for me.,12/3/2017,2,Yes,0
Adapt Lubricating Deodorant - 8 oz bottle,"Adapt Lubricating Deodorant Adapt Lubricating Deodorant enables a new level of confidence and security with a proven odor-neutralizer and pouch lubricant that helps keep the pouch interior clean. Lubrication eases emptying and helps prevent pouch static and sticking. Adapt Lubricating Deodorant features deodorant that works by neutralizing the odor, not a perfume or masking agent.",Robyn mercado,but I found a deodarent that works better.,"This product works okay, but I found a deodarent that works better.",12/26/2014,3,Yes,0
Adapt Lubricating Deodorant - 8 oz bottle,"Adapt Lubricating Deodorant Adapt Lubricating Deodorant enables a new level of confidence and security with a proven odor-neutralizer and pouch lubricant that helps keep the pouch interior clean. Lubrication eases emptying and helps prevent pouch static and sticking. Adapt Lubricating Deodorant features deodorant that works by neutralizing the odor, not a perfume or masking agent.",MinneApplegirl,Not effective,Though it is a good lubricant; as a deodorant it is awful,8/16/2017,2,Yes,0
Adapt Lubricating Deodorant - 8 oz bottle,"Adapt Lubricating Deodorant Adapt Lubricating Deodorant enables a new level of confidence and security with a proven odor-neutralizer and pouch lubricant that helps keep the pouch interior clean. Lubrication eases emptying and helps prevent pouch static and sticking. Adapt Lubricating Deodorant features deodorant that works by neutralizing the odor, not a perfume or masking agent.",annwiles,Three Stars,not very good lub,1/21/2016,3,Yes,0
Adapt Lubricating Deodorant - 8 oz bottle,"Adapt Lubricating Deodorant Adapt Lubricating Deodorant enables a new level of confidence and security with a proven odor-neutralizer and pouch lubricant that helps keep the pouch interior clean. Lubrication eases emptying and helps prevent pouch static and sticking. Adapt Lubricating Deodorant features deodorant that works by neutralizing the odor, not a perfume or masking agent.",Joyce O.,Thankyou... just what I needed.. ...,Thankyou...just what I needed.../Satisfied,9/12/2015,3,Yes,0
Adapt Lubricating Deodorant - 8 oz bottle,"Adapt Lubricating Deodorant Adapt Lubricating Deodorant enables a new level of confidence and security with a proven odor-neutralizer and pouch lubricant that helps keep the pouch interior clean. Lubrication eases emptying and helps prevent pouch static and sticking. Adapt Lubricating Deodorant features deodorant that works by neutralizing the odor, not a perfume or masking agent.",Gayle W. Dick,Three Stars,does not really help,7/11/2015,3,Yes,0
Adapt Lubricating Deodorant - 8 oz bottle,"Adapt Lubricating Deodorant Adapt Lubricating Deodorant enables a new level of confidence and security with a proven odor-neutralizer and pouch lubricant that helps keep the pouch interior clean. Lubrication eases emptying and helps prevent pouch static and sticking. Adapt Lubricating Deodorant features deodorant that works by neutralizing the odor, not a perfume or masking agent.",C. Rose,Doesn’t work in my opinion.,I’ve been using this product for the last 3.5 months and see no benefits product claims to have.  Plus on my 3rd reordering the price jumped $3. A bottle!  So I’m trying another deoterant product.,12/12/2018,1,Yes,0
Adapt Lubricating Deodorant - 8 oz bottle,"Adapt Lubricating Deodorant Adapt Lubricating Deodorant enables a new level of confidence and security with a proven odor-neutralizer and pouch lubricant that helps keep the pouch interior clean. Lubrication eases emptying and helps prevent pouch static and sticking. Adapt Lubricating Deodorant features deodorant that works by neutralizing the odor, not a perfume or masking agent.",Mary C,Horrible,Bought for family member. And it made the odor worse.,5/1/2022,1,Yes,0
Adapt Lubricating Deodorant - 8 oz bottle,"Adapt Lubricating Deodorant Adapt Lubricating Deodorant enables a new level of confidence and security with a proven odor-neutralizer and pouch lubricant that helps keep the pouch interior clean. Lubrication eases emptying and helps prevent pouch static and sticking. Adapt Lubricating Deodorant features deodorant that works by neutralizing the odor, not a perfume or masking agent.",Gary,Did not like it!,"I do not like this product.  It cut the smell some but gave off another real strong odor.  I changed to another brand in a white bottle with a blue label on it.  Then I was much happier.  If anyone wants any of this, I have 4 bottles I want to get rid of.",6/21/2015,1,Yes,0
Adapt Lubricating Deodorant - 8 oz bottle,"Adapt Lubricating Deodorant Adapt Lubricating Deodorant enables a new level of confidence and security with a proven odor-neutralizer and pouch lubricant that helps keep the pouch interior clean. Lubrication eases emptying and helps prevent pouch static and sticking. Adapt Lubricating Deodorant features deodorant that works by neutralizing the odor, not a perfume or masking agent.",april ramon,... product used it for 2 weeks did not deodorize like it claimed called company to see if i am ...,Had high expectations for the product used it for 2 weeks did not deodorize like it claimed called company to see if i am not putting enough in my pouch no response from them. Will not be reordering this product sorry,10/11/2017,1,Yes,0
Adapt Lubricating Deodorant - 8 oz bottle,"Adapt Lubricating Deodorant Adapt Lubricating Deodorant enables a new level of confidence and security with a proven odor-neutralizer and pouch lubricant that helps keep the pouch interior clean. Lubrication eases emptying and helps prevent pouch static and sticking. Adapt Lubricating Deodorant features deodorant that works by neutralizing the odor, not a perfume or masking agent.",David A Paige,Two Stars,"Didn't seem to work as advertised, for eliminating odor.",4/28/2017,2,Yes,0
Adapt Lubricating Deodorant - 8 oz bottle,"Adapt Lubricating Deodorant Adapt Lubricating Deodorant enables a new level of confidence and security with a proven odor-neutralizer and pouch lubricant that helps keep the pouch interior clean. Lubrication eases emptying and helps prevent pouch static and sticking. Adapt Lubricating Deodorant features deodorant that works by neutralizing the odor, not a perfume or masking agent.",Snackbish,I was really sad this didn't work,"I was really sad this didn't work. It made emptying the bag harder, oddly. Contents stuck to the bag more than before.",4/27/2018,1,Yes,0
Adapt Lubricating Deodorant - 8 oz bottle,"Adapt Lubricating Deodorant Adapt Lubricating Deodorant enables a new level of confidence and security with a proven odor-neutralizer and pouch lubricant that helps keep the pouch interior clean. Lubrication eases emptying and helps prevent pouch static and sticking. Adapt Lubricating Deodorant features deodorant that works by neutralizing the odor, not a perfume or masking agent.",Jessica Lincoln,doesn't even compare to other similar products,This product did nothing for ostomy odor. I will continue to purchase either M9 or Safe n' Simple brand.,2/18/2019,1,Yes,0
Adapt Lubricating Deodorant - 8 oz bottle,"Adapt Lubricating Deodorant Adapt Lubricating Deodorant enables a new level of confidence and security with a proven odor-neutralizer and pouch lubricant that helps keep the pouch interior clean. Lubrication eases emptying and helps prevent pouch static and sticking. Adapt Lubricating Deodorant features deodorant that works by neutralizing the odor, not a perfume or masking agent.",Corwin Thomas,DO NOT BUY IT DOESN'T WORK!!!!!,It doesn't work at all it never helps the smell,9/18/2019,1,Yes,0
Adapt Lubricating Deodorant - 8 oz bottle,"Adapt Lubricating Deodorant Adapt Lubricating Deodorant enables a new level of confidence and security with a proven odor-neutralizer and pouch lubricant that helps keep the pouch interior clean. Lubrication eases emptying and helps prevent pouch static and sticking. Adapt Lubricating Deodorant features deodorant that works by neutralizing the odor, not a perfume or masking agent.",Raymond Royal,SErvice.,Product is great and was great.,10/23/2019,1,Yes,0
Adapt Lubricating Deodorant - 8 oz bottle,"Adapt Lubricating Deodorant Adapt Lubricating Deodorant enables a new level of confidence and security with a proven odor-neutralizer and pouch lubricant that helps keep the pouch interior clean. Lubrication eases emptying and helps prevent pouch static and sticking. Adapt Lubricating Deodorant features deodorant that works by neutralizing the odor, not a perfume or masking agent.",Herman Johnson,Don't work,Does not work,5/21/2018,1,Yes,0
Adapt Lubricating Deodorant - 8 oz bottle,"Adapt Lubricating Deodorant Adapt Lubricating Deodorant enables a new level of confidence and security with a proven odor-neutralizer and pouch lubricant that helps keep the pouch interior clean. Lubrication eases emptying and helps prevent pouch static and sticking. Adapt Lubricating Deodorant features deodorant that works by neutralizing the odor, not a perfume or masking agent.",Mary L Tremain,not any better than nothing,Was not up to my expations...not any better than nothing!,6/29/2016,1,Yes,0
Adapt Lubricating Deodorant - 8 oz bottle,"Adapt Lubricating Deodorant Adapt Lubricating Deodorant enables a new level of confidence and security with a proven odor-neutralizer and pouch lubricant that helps keep the pouch interior clean. Lubrication eases emptying and helps prevent pouch static and sticking. Adapt Lubricating Deodorant features deodorant that works by neutralizing the odor, not a perfume or masking agent.",bry,does not cover smell,This did not cover the smell at all of the colostomy bag. My husband said he was worried at work that other people would notice!,2/16/2013,1,Yes,0
Adapt Lubricating Deodorant - 8 oz bottle,"Adapt Lubricating Deodorant Adapt Lubricating Deodorant enables a new level of confidence and security with a proven odor-neutralizer and pouch lubricant that helps keep the pouch interior clean. Lubrication eases emptying and helps prevent pouch static and sticking. Adapt Lubricating Deodorant features deodorant that works by neutralizing the odor, not a perfume or masking agent.",Sue G. Russell,Did not work,Did not work,9/4/2015,1,Yes,0
Adapt Lubricating Deodorant - 8 oz bottle,"Adapt Lubricating Deodorant Adapt Lubricating Deodorant enables a new level of confidence and security with a proven odor-neutralizer and pouch lubricant that helps keep the pouch interior clean. Lubrication eases emptying and helps prevent pouch static and sticking. Adapt Lubricating Deodorant features deodorant that works by neutralizing the odor, not a perfume or masking agent.",Dian Humphreys,Has never worked for me,Does not work for me. The only thing I use it for is to make my Safe & Simple deodorant last longer.,9/19/2017,1,No,0
Adapt Lubricating Deodorant - 8 oz bottle,"Adapt Lubricating Deodorant Adapt Lubricating Deodorant enables a new level of confidence and security with a proven odor-neutralizer and pouch lubricant that helps keep the pouch interior clean. Lubrication eases emptying and helps prevent pouch static and sticking. Adapt Lubricating Deodorant features deodorant that works by neutralizing the odor, not a perfume or masking agent.",Vincent,Its a lubricant not a deodorant,Very effective as a lubricant . Easily moves output to the bottom of the bag,10/19/2024,5,Yes,0
Adapt Lubricating Deodorant - 8 oz bottle,"Adapt Lubricating Deodorant Adapt Lubricating Deodorant enables a new level of confidence and security with a proven odor-neutralizer and pouch lubricant that helps keep the pouch interior clean. Lubrication eases emptying and helps prevent pouch static and sticking. Adapt Lubricating Deodorant features deodorant that works by neutralizing the odor, not a perfume or masking agent.",Dina Arnaut,Does the job,For small irritation,10/27/2024,5,Yes,0
Adapt Lubricating Deodorant - 8 oz bottle,"Adapt Lubricating Deodorant Adapt Lubricating Deodorant enables a new level of confidence and security with a proven odor-neutralizer and pouch lubricant that helps keep the pouch interior clean. Lubrication eases emptying and helps prevent pouch static and sticking. Adapt Lubricating Deodorant features deodorant that works by neutralizing the odor, not a perfume or masking agent.",DOMINGO MONTALVO V.,Excelente producto,Es un gel muy bueno ayuda mucho .Un excelente lubricante para usar en la ostomiaRealmente lo recomiendo,9/19/2024,5,Yes,0
Adapt Lubricating Deodorant - 8 oz bottle,"Adapt Lubricating Deodorant Adapt Lubricating Deodorant enables a new level of confidence and security with a proven odor-neutralizer and pouch lubricant that helps keep the pouch interior clean. Lubrication eases emptying and helps prevent pouch static and sticking. Adapt Lubricating Deodorant features deodorant that works by neutralizing the odor, not a perfume or masking agent.",Peggy,Works as advertised.,It works as advertised.  It really helps with the ability to empty the bag and helps with masking odors.,9/14/2024,5,Yes,0
Adapt Lubricating Deodorant - 8 oz bottle,"Adapt Lubricating Deodorant Adapt Lubricating Deodorant enables a new level of confidence and security with a proven odor-neutralizer and pouch lubricant that helps keep the pouch interior clean. Lubrication eases emptying and helps prevent pouch static and sticking. Adapt Lubricating Deodorant features deodorant that works by neutralizing the odor, not a perfume or masking agent.",Linda,"Shipping time, great",Use this product for Colustomy pouch,7/25/2023,4,Yes,0
Adapt Lubricating Deodorant - 8 oz bottle,"Adapt Lubricating Deodorant Adapt Lubricating Deodorant enables a new level of confidence and security with a proven odor-neutralizer and pouch lubricant that helps keep the pouch interior clean. Lubrication eases emptying and helps prevent pouch static and sticking. Adapt Lubricating Deodorant features deodorant that works by neutralizing the odor, not a perfume or masking agent.",Jennifer Johnson,Does not leak through a filter,My husband was using another brand for his ostomy bags and this product was found not to leak.  He generally leaks through the filter of his ostomy bag at night but not with this brand.,8/11/2024,5,Yes,0
Adapt Lubricating Deodorant - 8 oz bottle,"Adapt Lubricating Deodorant Adapt Lubricating Deodorant enables a new level of confidence and security with a proven odor-neutralizer and pouch lubricant that helps keep the pouch interior clean. Lubrication eases emptying and helps prevent pouch static and sticking. Adapt Lubricating Deodorant features deodorant that works by neutralizing the odor, not a perfume or masking agent.",Annette Guirlinger,Arrived very hot!!,This was shipped USPS and arrived on a day that was 103 degrees.  I was watching the mailbox and retrieved it soon after it arrived.  It was very hot!  Probably from sitting in the mail truck all day since we get our mail at dinnertime.  I have used samples of this and it worked.  It is now a very thin consistence and not working as it should.  Be careful when ordering this product as to what the temperature outside is.,6/27/2024,5,Yes,0
Adapt Lubricating Deodorant - 8 oz bottle,"Adapt Lubricating Deodorant Adapt Lubricating Deodorant enables a new level of confidence and security with a proven odor-neutralizer and pouch lubricant that helps keep the pouch interior clean. Lubrication eases emptying and helps prevent pouch static and sticking. Adapt Lubricating Deodorant features deodorant that works by neutralizing the odor, not a perfume or masking agent.",Maryann Radulski,Prevents pancaking.,"This is a lubricant to be put in bag and over the stoma. It prevents your liquid stool from sitting on top of stoma and not moving. This “not moving of stoma waste” can push the liquid out under the flange and any other extra taping. It doesn’t matter if the insides of the pouch is completely covered, the lubricant that is sitting on the stoma will also connect to drainage and help it along. I use this every time I drain my pouch. I have no problem with odor as the pouch is closed again after rinsing and there is no odor when closed and no one has ever complained about me smelling. I go into my bathroom alone. I keep a large plastic bottle filled with water next to my toilet. I keep all my cleaning up supplies in a basket . There is also a blue liquid deodorant that I sometimes put in with the water . I hope you try this and see that it helps.",3/19/2024,5,Yes,10
Adapt Lubricating Deodorant - 8 oz bottle,"Adapt Lubricating Deodorant Adapt Lubricating Deodorant enables a new level of confidence and security with a proven odor-neutralizer and pouch lubricant that helps keep the pouch interior clean. Lubrication eases emptying and helps prevent pouch static and sticking. Adapt Lubricating Deodorant features deodorant that works by neutralizing the odor, not a perfume or masking agent.",Priscilla S. Hall,The best I have tried for directing the solids away from my stoma! Very easy to empty bag now 😁!,"I had been having trouble with the output staying around where it comes out preventing further pieces from getting past the one sometimes more, lodged around the stoma. I had tried several brands that did nothing but turn everything brown and liquid at the neck where we open to entry. But they did nothing for the new stuff up top of the bag, causing what I’ve now figured out that’s what seasoned Ostomates call “pancaking”. Plus, this also seems to keep the stoma from sucking the plastic bag into it, also blocking the pathway for subsequent output. I can still smell the poop ONLY when I empty into the toilet and it doesn’t smell as strong anymore. My husband has never been able to smell it but he doesn’t have the “Blood Hound” smeller I do-thank God! And it’s just the two of us living in our house. My biggest problem was the difficulty getting the stuff out of the bag, especially when I start to back up and have to use something like Miralax. That makes it really sticky and almost impossible for me to shake it out, usually having to dig way up into the mess and pull it out! So disgusting and embarrassing when my husband has to help me pour water into the top of the bag to wash it out! I have decided to just throw the whole bag away when it gets like that! But this product helps with that too. And like I said it’s the best brand for the money I have found. Good luck and may God give peace to all who have to deal with this!",9/26/2023,5,Yes,15
Adapt Lubricating Deodorant - 8 oz bottle,"Adapt Lubricating Deodorant Adapt Lubricating Deodorant enables a new level of confidence and security with a proven odor-neutralizer and pouch lubricant that helps keep the pouch interior clean. Lubrication eases emptying and helps prevent pouch static and sticking. Adapt Lubricating Deodorant features deodorant that works by neutralizing the odor, not a perfume or masking agent.",Silke Wohlrab,Too expensive but great product,"I need this product for my colostomy but insurance doesn’t give me enough for what I need.It’s just too expensive to order on a regular basis as I need it,- so I have to improvise with baby oil which doesn’t work very good but better than nothing.I wished there would be a special program for ostomy patients",7/12/2024,5,Yes,2
Adapt Lubricating Deodorant - 8 oz bottle,"Adapt Lubricating Deodorant Adapt Lubricating Deodorant enables a new level of confidence and security with a proven odor-neutralizer and pouch lubricant that helps keep the pouch interior clean. Lubrication eases emptying and helps prevent pouch static and sticking. Adapt Lubricating Deodorant features deodorant that works by neutralizing the odor, not a perfume or masking agent.",Lady J,Adapt Deodorizer,Great product. Non irritating to skin. No coloring or perfumes. Works well for cleaning and deodorizing pouch. A must. A bit pricey but will continue to use.,7/31/2024,5,Yes,0
Adapt Lubricating Deodorant - 8 oz bottle,"Adapt Lubricating Deodorant Adapt Lubricating Deodorant enables a new level of confidence and security with a proven odor-neutralizer and pouch lubricant that helps keep the pouch interior clean. Lubrication eases emptying and helps prevent pouch static and sticking. Adapt Lubricating Deodorant features deodorant that works by neutralizing the odor, not a perfume or masking agent.",Holly A,The best but expensive,"This always works well but is no better than the cheaper brands as far as I can tell. However I have to purchase this brand when the cheaper brands are out of stock. I wish it wasn’t so expensive but you are paying for the brand name of “Adapt”, in the medical world!",5/15/2024,5,Yes,0
Adapt Lubricating Deodorant - 8 oz bottle,"Adapt Lubricating Deodorant Adapt Lubricating Deodorant enables a new level of confidence and security with a proven odor-neutralizer and pouch lubricant that helps keep the pouch interior clean. Lubrication eases emptying and helps prevent pouch static and sticking. Adapt Lubricating Deodorant features deodorant that works by neutralizing the odor, not a perfume or masking agent.",Barb Martin,Works great,This has helped me so much. I'm new to this (1 year) and this has been a lifesaver.,6/15/2024,5,Yes,0
Adapt Lubricating Deodorant - 8 oz bottle,"Adapt Lubricating Deodorant Adapt Lubricating Deodorant enables a new level of confidence and security with a proven odor-neutralizer and pouch lubricant that helps keep the pouch interior clean. Lubrication eases emptying and helps prevent pouch static and sticking. Adapt Lubricating Deodorant features deodorant that works by neutralizing the odor, not a perfume or masking agent.",Jerry Soen,Excellent product,"Excellent product, does the job, was able to get it very quickly through Amazon.",6/4/2024,5,Yes,0
Adapt Lubricating Deodorant - 8 oz bottle,"Adapt Lubricating Deodorant Adapt Lubricating Deodorant enables a new level of confidence and security with a proven odor-neutralizer and pouch lubricant that helps keep the pouch interior clean. Lubrication eases emptying and helps prevent pouch static and sticking. Adapt Lubricating Deodorant features deodorant that works by neutralizing the odor, not a perfume or masking agent.",Charles Wire,Good Stuff,"This is my second review of this product. The first review was early on in my tenure as an ostomate.  And it was fairly negative. Since then my experience with all the related Ostomy products has increased. In fact I’m a full on ostomy warrior at this point. In conclusion, this is a good product. It does what it is supposed to do. It kills odors and the lubricating property is helpful. Buy it.",12/28/2023,5,Yes,6
Adapt Lubricating Deodorant - 8 oz bottle,"Adapt Lubricating Deodorant Adapt Lubricating Deodorant enables a new level of confidence and security with a proven odor-neutralizer and pouch lubricant that helps keep the pouch interior clean. Lubrication eases emptying and helps prevent pouch static and sticking. Adapt Lubricating Deodorant features deodorant that works by neutralizing the odor, not a perfume or masking agent.",Shaun Paterson,Very effective product,I wish it came in larger bottles,4/28/2024,5,Yes,0
Adapt Lubricating Deodorant - 8 oz bottle,"Adapt Lubricating Deodorant Adapt Lubricating Deodorant enables a new level of confidence and security with a proven odor-neutralizer and pouch lubricant that helps keep the pouch interior clean. Lubrication eases emptying and helps prevent pouch static and sticking. Adapt Lubricating Deodorant features deodorant that works by neutralizing the odor, not a perfume or masking agent.",Jim Van Dover,Purpse,Used for heath purposes. Do not desire to discuss further,1/15/2024,5,Yes,0
Adapt Lubricating Deodorant - 8 oz bottle,"Adapt Lubricating Deodorant Adapt Lubricating Deodorant enables a new level of confidence and security with a proven odor-neutralizer and pouch lubricant that helps keep the pouch interior clean. Lubrication eases emptying and helps prevent pouch static and sticking. Adapt Lubricating Deodorant features deodorant that works by neutralizing the odor, not a perfume or masking agent.",Joi L. Owen,Adapt works great for me.,"I received my temporary ileostomy in May.  The hospital provided me with the basics,  no m9 or adapt to address the smell.  My family would flee my hospital room when i went to the toilet to empty the bag.I did receive a free sample from Hollister that included the squeeze packets and I started using them.  They make a marked difference in the amount of reek produced when emptying a drainable Hollister appliance.  My folks no longer flee.Note that the deodorant function works well on the fluids and semi - solids output,  but it can do nothing for gas that has accumulated within  the bag.  I use m9 air spray liberally when I produce unusual amounts of gas output.I'm also restarted using PooPouri in the toilet before I empty the appliance.  It helps reduce reek escaping from the bowl before you flush.  It can't do anything about the gas emissions.",10/21/2017,5,Yes,14
Adapt Lubricating Deodorant - 8 oz bottle,"Adapt Lubricating Deodorant Adapt Lubricating Deodorant enables a new level of confidence and security with a proven odor-neutralizer and pouch lubricant that helps keep the pouch interior clean. Lubrication eases emptying and helps prevent pouch static and sticking. Adapt Lubricating Deodorant features deodorant that works by neutralizing the odor, not a perfume or masking agent.",Kindle Customer,It works !,Gel like product sticks and lubricants the sides of the pouch.  Controls odor.,10/6/2023,5,Yes,0
Adapt Lubricating Deodorant - 8 oz bottle,"Adapt Lubricating Deodorant Adapt Lubricating Deodorant enables a new level of confidence and security with a proven odor-neutralizer and pouch lubricant that helps keep the pouch interior clean. Lubrication eases emptying and helps prevent pouch static and sticking. Adapt Lubricating Deodorant features deodorant that works by neutralizing the odor, not a perfume or masking agent.",gail sauls,Adapt lubricant,Great,12/26/2023,5,Yes,0
Adapt Lubricating Deodorant - 8 oz bottle,"Adapt Lubricating Deodorant Adapt Lubricating Deodorant enables a new level of confidence and security with a proven odor-neutralizer and pouch lubricant that helps keep the pouch interior clean. Lubrication eases emptying and helps prevent pouch static and sticking. Adapt Lubricating Deodorant features deodorant that works by neutralizing the odor, not a perfume or masking agent.",LA Livin,This is the better lube of the bunch,"I've tried them all and I personally feel this is the best one out there, if you use it correctly. If you go to Hollisters website and watch the video it will make things easy. Your have to use the correct amount or it is not going to be as effective. It does not affect the stoma so you can rub both sides of the pouch right up to it. Helps with the pancaking effect so many people experience. I've tried them all and even home remedies like baby oil and adding scenting drops. It will work, but scent is to strong for me even without scenting drops.  And if you get the oil on the tail section , it seems to affect the pouch material and everytime after a few days starts to split. HIGHLY RECOMMEND ADAPT!",1/2/2019,5,Yes,18
Adapt Lubricating Deodorant - 8 oz bottle,"Adapt Lubricating Deodorant Adapt Lubricating Deodorant enables a new level of confidence and security with a proven odor-neutralizer and pouch lubricant that helps keep the pouch interior clean. Lubrication eases emptying and helps prevent pouch static and sticking. Adapt Lubricating Deodorant features deodorant that works by neutralizing the odor, not a perfume or masking agent.",Candy H.,Works,Works,5/24/2023,4,Yes,0
Adapt Lubricating Deodorant - 8 oz bottle,"Adapt Lubricating Deodorant Adapt Lubricating Deodorant enables a new level of confidence and security with a proven odor-neutralizer and pouch lubricant that helps keep the pouch interior clean. Lubrication eases emptying and helps prevent pouch static and sticking. Adapt Lubricating Deodorant features deodorant that works by neutralizing the odor, not a perfume or masking agent.",Erica Rose 🌹,Great,Great,10/28/2023,5,Yes,0
Adapt Lubricating Deodorant - 8 oz bottle,"Adapt Lubricating Deodorant Adapt Lubricating Deodorant enables a new level of confidence and security with a proven odor-neutralizer and pouch lubricant that helps keep the pouch interior clean. Lubrication eases emptying and helps prevent pouch static and sticking. Adapt Lubricating Deodorant features deodorant that works by neutralizing the odor, not a perfume or masking agent.",Donna Busz,as advertised,"The product works as advertised. The exterior package was fine. However, in transit it must have been crushed. The plastic bottle is collapsed in two spots. The top had popped open and leaked a bit of product.",2/10/2022,4,Yes,0
Adapt Lubricating Deodorant - 8 oz bottle,"Adapt Lubricating Deodorant Adapt Lubricating Deodorant enables a new level of confidence and security with a proven odor-neutralizer and pouch lubricant that helps keep the pouch interior clean. Lubrication eases emptying and helps prevent pouch static and sticking. Adapt Lubricating Deodorant features deodorant that works by neutralizing the odor, not a perfume or masking agent.",JwP,I've used it for years.,This is an Ostomy product and it does well what it's supposed to do.,7/21/2023,5,Yes,0
Adapt Lubricating Deodorant - 8 oz bottle,"Adapt Lubricating Deodorant Adapt Lubricating Deodorant enables a new level of confidence and security with a proven odor-neutralizer and pouch lubricant that helps keep the pouch interior clean. Lubrication eases emptying and helps prevent pouch static and sticking. Adapt Lubricating Deodorant features deodorant that works by neutralizing the odor, not a perfume or masking agent.",Mary A Key,Nothing is perfect.,You are still going to have a order from body waste such as foul bowl waste. Only if you pour more than ateaspoon in the bag which I don't go over because it high dollar cost.,12/9/2022,5,Yes,2
Adapt Lubricating Deodorant - 8 oz bottle,"Adapt Lubricating Deodorant Adapt Lubricating Deodorant enables a new level of confidence and security with a proven odor-neutralizer and pouch lubricant that helps keep the pouch interior clean. Lubrication eases emptying and helps prevent pouch static and sticking. Adapt Lubricating Deodorant features deodorant that works by neutralizing the odor, not a perfume or masking agent.",Mike Calimari,Adapt Lube & Deoderant,Adapt Lube & Deoderant 8 oz bottle.  I had the packets before and decided to try the bottle to regulate the amount of lube to use in my pouch. The packets were good for several applications but were hard to store after opening.  This is a heavier viscosity fluid compared to others I used which is good because it doesn't readily migrate up to the sealing ring and dissolve the adhesive.  The only caveat is the product doesn't come in a tamper resistant carton for peace of mind.,4/5/2017,4,Yes,0
Adapt Lubricating Deodorant - 8 oz bottle,"Adapt Lubricating Deodorant Adapt Lubricating Deodorant enables a new level of confidence and security with a proven odor-neutralizer and pouch lubricant that helps keep the pouch interior clean. Lubrication eases emptying and helps prevent pouch static and sticking. Adapt Lubricating Deodorant features deodorant that works by neutralizing the odor, not a perfume or masking agent.",Luv2shopp,Great product,"Does what it says and works best! Really is the best out there in my opinion, sad thing is my insurance only covers 2 monthly and i use maybe 4 month so have to purchase the other two monthly but will happily do that over the other product that is covered as it just doesn’t work for me. This product does exactly what it is meant to do!",1/12/2021,5,Yes,7
Adapt Lubricating Deodorant - 8 oz bottle,"Adapt Lubricating Deodorant Adapt Lubricating Deodorant enables a new level of confidence and security with a proven odor-neutralizer and pouch lubricant that helps keep the pouch interior clean. Lubrication eases emptying and helps prevent pouch static and sticking. Adapt Lubricating Deodorant features deodorant that works by neutralizing the odor, not a perfume or masking agent.",Brice H.,It works okay,"It definitely lubricates and makes it easier to empty your bag, but the smell is horrid to me. It's a strong chemical smell that when mixed with the contents of your bag is really, really unpleasant. Just some food for thought.",11/24/2020,4,Yes,0
Adapt Lubricating Deodorant - 8 oz bottle,"Adapt Lubricating Deodorant Adapt Lubricating Deodorant enables a new level of confidence and security with a proven odor-neutralizer and pouch lubricant that helps keep the pouch interior clean. Lubrication eases emptying and helps prevent pouch static and sticking. Adapt Lubricating Deodorant features deodorant that works by neutralizing the odor, not a perfume or masking agent.",VVVCC,Just as advertised,A friend in need is a friend indeed.,5/10/2023,5,Yes,0
Adapt Lubricating Deodorant - 8 oz bottle,"Adapt Lubricating Deodorant Adapt Lubricating Deodorant enables a new level of confidence and security with a proven odor-neutralizer and pouch lubricant that helps keep the pouch interior clean. Lubrication eases emptying and helps prevent pouch static and sticking. Adapt Lubricating Deodorant features deodorant that works by neutralizing the odor, not a perfume or masking agent.",Linda N.,Works Fairly Well but Pricey,"Did not completely eliminate bag odor, but it definitely helped reduce odor when used as directed (i.e., each and every time bag is emptied). Also, when used as directed, the bottle gets used up pretty quickly (for me, within a week) - which makes it pricey. However, I would definitely recommend using it (over nothing at all) since it dramatically helped extend the number of days between bag changes.",7/26/2017,4,Yes,3
Adapt Lubricating Deodorant - 8 oz bottle,"Adapt Lubricating Deodorant Adapt Lubricating Deodorant enables a new level of confidence and security with a proven odor-neutralizer and pouch lubricant that helps keep the pouch interior clean. Lubrication eases emptying and helps prevent pouch static and sticking. Adapt Lubricating Deodorant features deodorant that works by neutralizing the odor, not a perfume or masking agent.",Peggy,The speed in which I received it,It's a need my husband has and it's so nice to be able to get it fast,10/22/2022,5,Yes,0
Adapt Lubricating Deodorant - 8 oz bottle,"Adapt Lubricating Deodorant Adapt Lubricating Deodorant enables a new level of confidence and security with a proven odor-neutralizer and pouch lubricant that helps keep the pouch interior clean. Lubrication eases emptying and helps prevent pouch static and sticking. Adapt Lubricating Deodorant features deodorant that works by neutralizing the odor, not a perfume or masking agent.",tim,Great product for its need,"This eliminates odor from the Ostomy bags, and keeps the feces from going into the stoma.",8/19/2022,5,Yes,2
Adapt Lubricating Deodorant - 8 oz bottle,"Adapt Lubricating Deodorant Adapt Lubricating Deodorant enables a new level of confidence and security with a proven odor-neutralizer and pouch lubricant that helps keep the pouch interior clean. Lubrication eases emptying and helps prevent pouch static and sticking. Adapt Lubricating Deodorant features deodorant that works by neutralizing the odor, not a perfume or masking agent.",Duane Jacobson,Have used this product for a long time.,I like the product.  Used for colostomy bags.,12/30/2022,5,Yes,0
Adapt Lubricating Deodorant - 8 oz bottle,"Adapt Lubricating Deodorant Adapt Lubricating Deodorant enables a new level of confidence and security with a proven odor-neutralizer and pouch lubricant that helps keep the pouch interior clean. Lubrication eases emptying and helps prevent pouch static and sticking. Adapt Lubricating Deodorant features deodorant that works by neutralizing the odor, not a perfume or masking agent.",Newell Davis,Works as expected. Came on time,Shipped quickly. Bit expensive. Works as usual,1/15/2023,5,Yes,0
Adapt Lubricating Deodorant - 8 oz bottle,"Adapt Lubricating Deodorant Adapt Lubricating Deodorant enables a new level of confidence and security with a proven odor-neutralizer and pouch lubricant that helps keep the pouch interior clean. Lubrication eases emptying and helps prevent pouch static and sticking. Adapt Lubricating Deodorant features deodorant that works by neutralizing the odor, not a perfume or masking agent.",Esther Smith,Good product,"This is a very good product for people with ostomies.  It was shipped timely and it is a lot cheaper on Amazon from this seller than purchasing it from supply companies.  I have Blue Cross, Blue Shield, and unfortunately, ostomy deodorants are not covered by insurance.  If you use this product in your pouch when you change it and each time you empty your pouch, it helps a lot with order control.",1/5/2012,4,Yes,12
Adapt Lubricating Deodorant - 8 oz bottle,"Adapt Lubricating Deodorant Adapt Lubricating Deodorant enables a new level of confidence and security with a proven odor-neutralizer and pouch lubricant that helps keep the pouch interior clean. Lubrication eases emptying and helps prevent pouch static and sticking. Adapt Lubricating Deodorant features deodorant that works by neutralizing the odor, not a perfume or masking agent.",Raul M.,"Works excellent for Ileostomy bags, lubes and deodorant",See the above,1/16/2023,5,Yes,4
Adapt Lubricating Deodorant - 8 oz bottle,"Adapt Lubricating Deodorant Adapt Lubricating Deodorant enables a new level of confidence and security with a proven odor-neutralizer and pouch lubricant that helps keep the pouch interior clean. Lubrication eases emptying and helps prevent pouch static and sticking. Adapt Lubricating Deodorant features deodorant that works by neutralizing the odor, not a perfume or masking agent.",bill b.,As advertised,Cheaper than medicare,1/3/2023,5,Yes,2
Adapt Lubricating Deodorant - 8 oz bottle,"Adapt Lubricating Deodorant Adapt Lubricating Deodorant enables a new level of confidence and security with a proven odor-neutralizer and pouch lubricant that helps keep the pouch interior clean. Lubrication eases emptying and helps prevent pouch static and sticking. Adapt Lubricating Deodorant features deodorant that works by neutralizing the odor, not a perfume or masking agent.",Diane Meyers,Arrived on time.,Great product,10/17/2022,5,Yes,0
Adapt Lubricating Deodorant - 8 oz bottle,"Adapt Lubricating Deodorant Adapt Lubricating Deodorant enables a new level of confidence and security with a proven odor-neutralizer and pouch lubricant that helps keep the pouch interior clean. Lubrication eases emptying and helps prevent pouch static and sticking. Adapt Lubricating Deodorant features deodorant that works by neutralizing the odor, not a perfume or masking agent.",Nala Lou,Ease the job,This really worked to prevent stool sticking to the interior walls of my colostomy bag.  It also deodorizes.  Wish I’d know of this product long ago.,11/2/2020,5,Yes,2
Adapt Lubricating Deodorant - 8 oz bottle,"Adapt Lubricating Deodorant Adapt Lubricating Deodorant enables a new level of confidence and security with a proven odor-neutralizer and pouch lubricant that helps keep the pouch interior clean. Lubrication eases emptying and helps prevent pouch static and sticking. Adapt Lubricating Deodorant features deodorant that works by neutralizing the odor, not a perfume or masking agent.",KjunNurs,Can't believe they didn't set me up w/ this when ...,"Can't believe they didn't set me up w/ this when they did all my new colostomy teaching,  Saves me time and frustration when emptying the bag.  I do not think it does anything for odor control.",1/4/2017,4,Yes,5
Adapt Lubricating Deodorant - 8 oz bottle,"Adapt Lubricating Deodorant Adapt Lubricating Deodorant enables a new level of confidence and security with a proven odor-neutralizer and pouch lubricant that helps keep the pouch interior clean. Lubrication eases emptying and helps prevent pouch static and sticking. Adapt Lubricating Deodorant features deodorant that works by neutralizing the odor, not a perfume or masking agent.",Amazon Customer,This product is amazing!,Love this product!,6/22/2022,5,Yes,0
Adapt Lubricating Deodorant - 8 oz bottle,"Adapt Lubricating Deodorant Adapt Lubricating Deodorant enables a new level of confidence and security with a proven odor-neutralizer and pouch lubricant that helps keep the pouch interior clean. Lubrication eases emptying and helps prevent pouch static and sticking. Adapt Lubricating Deodorant features deodorant that works by neutralizing the odor, not a perfume or masking agent.",P Wilson,Works well. Nice clean smell,Works well. The smell is clean and it lubricates the bag enough to stop issues with sticking.,8/20/2019,4,Yes,0
Adapt Lubricating Deodorant - 8 oz bottle,"Adapt Lubricating Deodorant Adapt Lubricating Deodorant enables a new level of confidence and security with a proven odor-neutralizer and pouch lubricant that helps keep the pouch interior clean. Lubrication eases emptying and helps prevent pouch static and sticking. Adapt Lubricating Deodorant features deodorant that works by neutralizing the odor, not a perfume or masking agent.","John S., Brewer",Good lubricant but definately not a deodorizer I purchased a ...,Good lubricant but definately not a deodorizerI purchased a deoderizer from hollister that works well along with it. Still smells when I change bags but I dont think anything will stop that.,8/1/2017,4,Yes,0
Adapt Lubricating Deodorant - 8 oz bottle,"Adapt Lubricating Deodorant Adapt Lubricating Deodorant enables a new level of confidence and security with a proven odor-neutralizer and pouch lubricant that helps keep the pouch interior clean. Lubrication eases emptying and helps prevent pouch static and sticking. Adapt Lubricating Deodorant features deodorant that works by neutralizing the odor, not a perfume or masking agent.",Rose,Good product.,Dad said is good product .,2/25/2022,5,Yes,0
Adapt Lubricating Deodorant - 8 oz bottle,"Adapt Lubricating Deodorant Adapt Lubricating Deodorant enables a new level of confidence and security with a proven odor-neutralizer and pouch lubricant that helps keep the pouch interior clean. Lubrication eases emptying and helps prevent pouch static and sticking. Adapt Lubricating Deodorant features deodorant that works by neutralizing the odor, not a perfume or masking agent.",JD,Great product,"I have ordered this twice and the second time I even received allergy pill samples, this product makes life with an  ostomy easier",5/31/2020,5,Yes,0
Adapt Lubricating Deodorant - 8 oz bottle,"Adapt Lubricating Deodorant Adapt Lubricating Deodorant enables a new level of confidence and security with a proven odor-neutralizer and pouch lubricant that helps keep the pouch interior clean. Lubrication eases emptying and helps prevent pouch static and sticking. Adapt Lubricating Deodorant features deodorant that works by neutralizing the odor, not a perfume or masking agent.",Melissa,Fantastic!,I love this product and really don't know how I ever got on without it! It's a game changer as far as maintenance goes.,3/21/2020,5,Yes,0
Adapt Lubricating Deodorant - 8 oz bottle,"Adapt Lubricating Deodorant Adapt Lubricating Deodorant enables a new level of confidence and security with a proven odor-neutralizer and pouch lubricant that helps keep the pouch interior clean. Lubrication eases emptying and helps prevent pouch static and sticking. Adapt Lubricating Deodorant features deodorant that works by neutralizing the odor, not a perfume or masking agent.",Amazon Customer,They were exactly like the products that I receive from the medical supply ...,They were exactly like the products that I receive from the medical supply company each month. I'm very pleased but I was not real happy with the way it was packaged for shipment. The boxes were squashed because they were shipped in a bubble bag. They should always be shipped in a box!!Sincerely-  Marcia Groth,11/21/2015,5,Yes,2
Adapt Lubricating Deodorant - 8 oz bottle,"Adapt Lubricating Deodorant Adapt Lubricating Deodorant enables a new level of confidence and security with a proven odor-neutralizer and pouch lubricant that helps keep the pouch interior clean. Lubrication eases emptying and helps prevent pouch static and sticking. Adapt Lubricating Deodorant features deodorant that works by neutralizing the odor, not a perfume or masking agent.",Peggy King,Helps with pancaking,Works to help with pancaking,1/14/2022,5,Yes,0
Adapt Lubricating Deodorant - 8 oz bottle,"Adapt Lubricating Deodorant Adapt Lubricating Deodorant enables a new level of confidence and security with a proven odor-neutralizer and pouch lubricant that helps keep the pouch interior clean. Lubrication eases emptying and helps prevent pouch static and sticking. Adapt Lubricating Deodorant features deodorant that works by neutralizing the odor, not a perfume or masking agent.",Megan Miller,Good purchase.,Everything I needed it to be. Works well. Doesn't seem to be irritating.,4/5/2021,5,Yes,0
Adapt Lubricating Deodorant - 8 oz bottle,"Adapt Lubricating Deodorant Adapt Lubricating Deodorant enables a new level of confidence and security with a proven odor-neutralizer and pouch lubricant that helps keep the pouch interior clean. Lubrication eases emptying and helps prevent pouch static and sticking. Adapt Lubricating Deodorant features deodorant that works by neutralizing the odor, not a perfume or masking agent.",KaRen,Lengthened use.,Highly recommend!!!! My G I nurse never heard of this. I told her to recommend to everyone with a colostomy bag!!!,2/16/2020,5,Yes,0
Adapt Lubricating Deodorant - 8 oz bottle,"Adapt Lubricating Deodorant Adapt Lubricating Deodorant enables a new level of confidence and security with a proven odor-neutralizer and pouch lubricant that helps keep the pouch interior clean. Lubrication eases emptying and helps prevent pouch static and sticking. Adapt Lubricating Deodorant features deodorant that works by neutralizing the odor, not a perfume or masking agent.",John Martin,As Advertised,"We use this product to lubricate colostomy bags prior to installation.  Works well, but leaks a bit the first day when first opened, so be careful.  Otherwise, it works as advertised.",8/21/2015,4,Yes,6
Adapt Lubricating Deodorant - 8 oz bottle,"Adapt Lubricating Deodorant Adapt Lubricating Deodorant enables a new level of confidence and security with a proven odor-neutralizer and pouch lubricant that helps keep the pouch interior clean. Lubrication eases emptying and helps prevent pouch static and sticking. Adapt Lubricating Deodorant features deodorant that works by neutralizing the odor, not a perfume or masking agent.",Nicole Simon,bottle was bigger than I thought which was great.,"Item as received in reasonable timing, bottle was bigger than I thought which was great.",6/4/2018,4,Yes,0
Adapt Lubricating Deodorant - 8 oz bottle,"Adapt Lubricating Deodorant Adapt Lubricating Deodorant enables a new level of confidence and security with a proven odor-neutralizer and pouch lubricant that helps keep the pouch interior clean. Lubrication eases emptying and helps prevent pouch static and sticking. Adapt Lubricating Deodorant features deodorant that works by neutralizing the odor, not a perfume or masking agent.",Jason,Great but..,"This product works for lubricant, but for helping with smells not so much",7/6/2018,4,Yes,0
Adapt Lubricating Deodorant - 8 oz bottle,"Adapt Lubricating Deodorant Adapt Lubricating Deodorant enables a new level of confidence and security with a proven odor-neutralizer and pouch lubricant that helps keep the pouch interior clean. Lubrication eases emptying and helps prevent pouch static and sticking. Adapt Lubricating Deodorant features deodorant that works by neutralizing the odor, not a perfume or masking agent.",Janet N,Love this is my ostomy bag,Love this is my ostomy bag. Makes it easy to dump the appliance. Must refill after 2-3 appliance dumps.,1/6/2018,4,Yes,0
Adapt Lubricating Deodorant - 8 oz bottle,"Adapt Lubricating Deodorant Adapt Lubricating Deodorant enables a new level of confidence and security with a proven odor-neutralizer and pouch lubricant that helps keep the pouch interior clean. Lubrication eases emptying and helps prevent pouch static and sticking. Adapt Lubricating Deodorant features deodorant that works by neutralizing the odor, not a perfume or masking agent.",Wayne Schimpf,great stuff,great stuff that work's awesome just a little expensive when you need 4-5 bottles a month,5/3/2020,5,Yes,0
Adapt Lubricating Deodorant - 8 oz bottle,"Adapt Lubricating Deodorant Adapt Lubricating Deodorant enables a new level of confidence and security with a proven odor-neutralizer and pouch lubricant that helps keep the pouch interior clean. Lubrication eases emptying and helps prevent pouch static and sticking. Adapt Lubricating Deodorant features deodorant that works by neutralizing the odor, not a perfume or masking agent.",Guadalupe F. Kennedy,The Adapt Lubricating Deodorant is a great help,"The Adapt Lubricating Deodorant is very important for people who have Colostomy and Eliostomy it help when used in the pouch. Thanks to Hollister the seller and Amazon for having this Medical Supplies available to us customers. Sincerely, Guadalupe F Kennedy",8/21/2017,5,Yes,0
Adapt Lubricating Deodorant - 8 oz bottle,"Adapt Lubricating Deodorant Adapt Lubricating Deodorant enables a new level of confidence and security with a proven odor-neutralizer and pouch lubricant that helps keep the pouch interior clean. Lubrication eases emptying and helps prevent pouch static and sticking. Adapt Lubricating Deodorant features deodorant that works by neutralizing the odor, not a perfume or masking agent.",sam k,Doesn't deodorize as well as M9,I guess it works as a pouch lubricant.  As a deodorizer it's not as good as M9.,1/22/2018,4,Yes,0
Adapt Lubricating Deodorant - 8 oz bottle,"Adapt Lubricating Deodorant Adapt Lubricating Deodorant enables a new level of confidence and security with a proven odor-neutralizer and pouch lubricant that helps keep the pouch interior clean. Lubrication eases emptying and helps prevent pouch static and sticking. Adapt Lubricating Deodorant features deodorant that works by neutralizing the odor, not a perfume or masking agent.",Mia,Excellent product,Adapt Lubricating deodorant is an excellent product. I heard about it from hospital staff when my mom had emergency surgery and a colostomy.My mom feels more confident when using it during her recovery from colon cancer.,12/8/2017,5,Yes,3
Adapt Lubricating Deodorant - 8 oz bottle,"Adapt Lubricating Deodorant Adapt Lubricating Deodorant enables a new level of confidence and security with a proven odor-neutralizer and pouch lubricant that helps keep the pouch interior clean. Lubrication eases emptying and helps prevent pouch static and sticking. Adapt Lubricating Deodorant features deodorant that works by neutralizing the odor, not a perfume or masking agent.",MARGARET B.,This stuff is a must have!,"The hospital sent my mother home with this. It also comes in mini packets.  It's a little pricey, but good stuff.",6/12/2019,5,Yes,0
Adapt Lubricating Deodorant - 8 oz bottle,"Adapt Lubricating Deodorant Adapt Lubricating Deodorant enables a new level of confidence and security with a proven odor-neutralizer and pouch lubricant that helps keep the pouch interior clean. Lubrication eases emptying and helps prevent pouch static and sticking. Adapt Lubricating Deodorant features deodorant that works by neutralizing the odor, not a perfume or masking agent.",Edanalog,I like it better than M9 or Safe-n-Simple,Deodorizes well and keeps bag slippery so that it empties easier.  Bag is also easier to clean. I like it better than M9 or Safe-n-Simple.,9/2/2018,5,Yes,0
Adapt Lubricating Deodorant - 8 oz bottle,"Adapt Lubricating Deodorant Adapt Lubricating Deodorant enables a new level of confidence and security with a proven odor-neutralizer and pouch lubricant that helps keep the pouch interior clean. Lubrication eases emptying and helps prevent pouch static and sticking. Adapt Lubricating Deodorant features deodorant that works by neutralizing the odor, not a perfume or masking agent.",Mae Parker,Lubricating Deodorant,This really does work to help keep things going down I still use the other deodorant along with it.,8/14/2019,5,Yes,0
Adapt Lubricating Deodorant - 8 oz bottle,"Adapt Lubricating Deodorant Adapt Lubricating Deodorant enables a new level of confidence and security with a proven odor-neutralizer and pouch lubricant that helps keep the pouch interior clean. Lubrication eases emptying and helps prevent pouch static and sticking. Adapt Lubricating Deodorant features deodorant that works by neutralizing the odor, not a perfume or masking agent.",Diana Wesolek,Great Product,I like the product but find it hard to measure out the correct amount while trying to manage the bag and do everything else.,7/3/2014,4,Yes,4
Adapt Lubricating Deodorant - 8 oz bottle,"Adapt Lubricating Deodorant Adapt Lubricating Deodorant enables a new level of confidence and security with a proven odor-neutralizer and pouch lubricant that helps keep the pouch interior clean. Lubrication eases emptying and helps prevent pouch static and sticking. Adapt Lubricating Deodorant features deodorant that works by neutralizing the odor, not a perfume or masking agent.",Lois Keel,good product,This was given to me in the hospital and it's the only brand I have tried. If it works don't worry is my motto.,6/6/2014,4,Yes,2
Adapt Lubricating Deodorant - 8 oz bottle,"Adapt Lubricating Deodorant Adapt Lubricating Deodorant enables a new level of confidence and security with a proven odor-neutralizer and pouch lubricant that helps keep the pouch interior clean. Lubrication eases emptying and helps prevent pouch static and sticking. Adapt Lubricating Deodorant features deodorant that works by neutralizing the odor, not a perfume or masking agent.",Patricia M Vanhook,Excellent Ostomy Odor Control,Love this product as it is both odor control and pouch lubricant. Vendor delivery is awesome!,10/15/2019,5,Yes,0
Adapt Lubricating Deodorant - 8 oz bottle,"Adapt Lubricating Deodorant Adapt Lubricating Deodorant enables a new level of confidence and security with a proven odor-neutralizer and pouch lubricant that helps keep the pouch interior clean. Lubrication eases emptying and helps prevent pouch static and sticking. Adapt Lubricating Deodorant features deodorant that works by neutralizing the odor, not a perfume or masking agent.",J. Wilder,note lubricating,Good product  for lubricating pouch and deodorizing. Lubricating means that you have to be careful not to get this under the wafer.,8/16/2018,5,Yes,0
Adapt Lubricating Deodorant - 8 oz bottle,"Adapt Lubricating Deodorant Adapt Lubricating Deodorant enables a new level of confidence and security with a proven odor-neutralizer and pouch lubricant that helps keep the pouch interior clean. Lubrication eases emptying and helps prevent pouch static and sticking. Adapt Lubricating Deodorant features deodorant that works by neutralizing the odor, not a perfume or masking agent.",Walyo,Works well.,Performs as advertised for ostomy pouches. Odor control for ostomy pouches is a challenge. Nothing works completely but this makes a significant reduction. Also see M9 from the same manufacturer.,9/23/2017,5,Yes,7
Adapt Lubricating Deodorant - 8 oz bottle,"Adapt Lubricating Deodorant Adapt Lubricating Deodorant enables a new level of confidence and security with a proven odor-neutralizer and pouch lubricant that helps keep the pouch interior clean. Lubrication eases emptying and helps prevent pouch static and sticking. Adapt Lubricating Deodorant features deodorant that works by neutralizing the odor, not a perfume or masking agent.",terry l mest,thank you,thank you,9/28/2021,5,Yes,0
Adapt Lubricating Deodorant - 8 oz bottle,"Adapt Lubricating Deodorant Adapt Lubricating Deodorant enables a new level of confidence and security with a proven odor-neutralizer and pouch lubricant that helps keep the pouch interior clean. Lubrication eases emptying and helps prevent pouch static and sticking. Adapt Lubricating Deodorant features deodorant that works by neutralizing the odor, not a perfume or masking agent.",James Carbary,Works well and is a good price for the size of the bottle.,"Does what it is supposed to do, lubricate and deoderize Colostomy Bags. The best brand on the market for this purpose in my opinion. And very good price for a big bottle.",3/26/2017,5,Yes,2
Adapt Lubricating Deodorant - 8 oz bottle,"Adapt Lubricating Deodorant Adapt Lubricating Deodorant enables a new level of confidence and security with a proven odor-neutralizer and pouch lubricant that helps keep the pouch interior clean. Lubrication eases emptying and helps prevent pouch static and sticking. Adapt Lubricating Deodorant features deodorant that works by neutralizing the odor, not a perfume or masking agent.",MumMum9,Works great!,Works great- use it every time I empty or change my bag-each bottle lasts a long time- my insurance  no longer covers this so I'm glad to find it on Amazon at a good price!,9/5/2016,5,Yes,4
Adapt Lubricating Deodorant - 8 oz bottle,"Adapt Lubricating Deodorant Adapt Lubricating Deodorant enables a new level of confidence and security with a proven odor-neutralizer and pouch lubricant that helps keep the pouch interior clean. Lubrication eases emptying and helps prevent pouch static and sticking. Adapt Lubricating Deodorant features deodorant that works by neutralizing the odor, not a perfume or masking agent.",Amazon Customer,Helps to control odor,"If you have an ostomy device, this helps with the odor.  I will be reordering it as my sister needs a new supply.",2/24/2018,5,Yes,0
Adapt Lubricating Deodorant - 8 oz bottle,"Adapt Lubricating Deodorant Adapt Lubricating Deodorant enables a new level of confidence and security with a proven odor-neutralizer and pouch lubricant that helps keep the pouch interior clean. Lubrication eases emptying and helps prevent pouch static and sticking. Adapt Lubricating Deodorant features deodorant that works by neutralizing the odor, not a perfume or masking agent.",Emilio Marwin Arabe,good,does not eliminate smellyou have to purchase an odor eliminator for thatthis product helps ease the draining,10/9/2014,4,Yes,0
Adapt Lubricating Deodorant - 8 oz bottle,"Adapt Lubricating Deodorant Adapt Lubricating Deodorant enables a new level of confidence and security with a proven odor-neutralizer and pouch lubricant that helps keep the pouch interior clean. Lubrication eases emptying and helps prevent pouch static and sticking. Adapt Lubricating Deodorant features deodorant that works by neutralizing the odor, not a perfume or masking agent.",Sandra Shurbet,On time,My husband uses it in conjunction with his colostomy,7/13/2020,5,Yes,0
Adapt Lubricating Deodorant - 8 oz bottle,"Adapt Lubricating Deodorant Adapt Lubricating Deodorant enables a new level of confidence and security with a proven odor-neutralizer and pouch lubricant that helps keep the pouch interior clean. Lubrication eases emptying and helps prevent pouch static and sticking. Adapt Lubricating Deodorant features deodorant that works by neutralizing the odor, not a perfume or masking agent.",sarah newhalfen,Convient,Works well! Never have a problem with it not helping it slide down the bag,7/30/2019,5,Yes,0
Adapt Lubricating Deodorant - 8 oz bottle,"Adapt Lubricating Deodorant Adapt Lubricating Deodorant enables a new level of confidence and security with a proven odor-neutralizer and pouch lubricant that helps keep the pouch interior clean. Lubrication eases emptying and helps prevent pouch static and sticking. Adapt Lubricating Deodorant features deodorant that works by neutralizing the odor, not a perfume or masking agent.",Jon M Fredrich,Four Stars,Very nice product. Doesn't get rid of the ostomy bag smell though.,12/7/2016,4,Yes,0
Adapt Lubricating Deodorant - 8 oz bottle,"Adapt Lubricating Deodorant Adapt Lubricating Deodorant enables a new level of confidence and security with a proven odor-neutralizer and pouch lubricant that helps keep the pouch interior clean. Lubrication eases emptying and helps prevent pouch static and sticking. Adapt Lubricating Deodorant features deodorant that works by neutralizing the odor, not a perfume or masking agent.",carlos c.,Four Stars,works well not great.,12/4/2017,4,Yes,0
Adapt Lubricating Deodorant - 8 oz bottle,"Adapt Lubricating Deodorant Adapt Lubricating Deodorant enables a new level of confidence and security with a proven odor-neutralizer and pouch lubricant that helps keep the pouch interior clean. Lubrication eases emptying and helps prevent pouch static and sticking. Adapt Lubricating Deodorant features deodorant that works by neutralizing the odor, not a perfume or masking agent.",Kandi Robinson,Best product available,Best product for keeping the ostomy bag from smelling foul.,2/17/2020,5,Yes,0
Adapt Lubricating Deodorant - 8 oz bottle,"Adapt Lubricating Deodorant Adapt Lubricating Deodorant enables a new level of confidence and security with a proven odor-neutralizer and pouch lubricant that helps keep the pouch interior clean. Lubrication eases emptying and helps prevent pouch static and sticking. Adapt Lubricating Deodorant features deodorant that works by neutralizing the odor, not a perfume or masking agent.",Amazon Customer,It works!,A product that does exactly what it says it does. It works great and I will be buying more.,9/4/2018,5,Yes,0
Adapt Lubricating Deodorant - 8 oz bottle,"Adapt Lubricating Deodorant Adapt Lubricating Deodorant enables a new level of confidence and security with a proven odor-neutralizer and pouch lubricant that helps keep the pouch interior clean. Lubrication eases emptying and helps prevent pouch static and sticking. Adapt Lubricating Deodorant features deodorant that works by neutralizing the odor, not a perfume or masking agent.",Shermhorn,A must-have for ostemy bag wearers,"If you have to wear an ostemy bag, it's a good idea to have this stuff on hand and use it.  It does lubricate and keeps any odor from seeping out of the bag.",2/21/2016,5,Yes,3
Adapt Lubricating Deodorant - 8 oz bottle,"Adapt Lubricating Deodorant Adapt Lubricating Deodorant enables a new level of confidence and security with a proven odor-neutralizer and pouch lubricant that helps keep the pouch interior clean. Lubrication eases emptying and helps prevent pouch static and sticking. Adapt Lubricating Deodorant features deodorant that works by neutralizing the odor, not a perfume or masking agent.",Nancy,Good for the job!,Can't live without it.  Excellent product.  Good for the job.,12/31/2015,4,Yes,0
Adapt Lubricating Deodorant - 8 oz bottle,"Adapt Lubricating Deodorant Adapt Lubricating Deodorant enables a new level of confidence and security with a proven odor-neutralizer and pouch lubricant that helps keep the pouch interior clean. Lubrication eases emptying and helps prevent pouch static and sticking. Adapt Lubricating Deodorant features deodorant that works by neutralizing the odor, not a perfume or masking agent.",Jeff Patton,Best product,"If you need it, this is the product for you!",11/17/2019,5,Yes,0
Adapt Lubricating Deodorant - 8 oz bottle,"Adapt Lubricating Deodorant Adapt Lubricating Deodorant enables a new level of confidence and security with a proven odor-neutralizer and pouch lubricant that helps keep the pouch interior clean. Lubrication eases emptying and helps prevent pouch static and sticking. Adapt Lubricating Deodorant features deodorant that works by neutralizing the odor, not a perfume or masking agent.",Dawn Brewster,Very useful,The product makes it easier to remove the bag contents.,8/21/2019,5,Yes,0
Adapt Lubricating Deodorant - 8 oz bottle,"Adapt Lubricating Deodorant Adapt Lubricating Deodorant enables a new level of confidence and security with a proven odor-neutralizer and pouch lubricant that helps keep the pouch interior clean. Lubrication eases emptying and helps prevent pouch static and sticking. Adapt Lubricating Deodorant features deodorant that works by neutralizing the odor, not a perfume or masking agent.",Auburn Berry,Makes emptying ostomy bags so much easier. Does not ...,"Makes emptying ostomy bags so much easier.  Does not eliminate odor, but works very well in combination with Hollister's M9 Odor Eliminator drops.",9/22/2016,5,Yes,2
Adapt Lubricating Deodorant - 8 oz bottle,"Adapt Lubricating Deodorant Adapt Lubricating Deodorant enables a new level of confidence and security with a proven odor-neutralizer and pouch lubricant that helps keep the pouch interior clean. Lubrication eases emptying and helps prevent pouch static and sticking. Adapt Lubricating Deodorant features deodorant that works by neutralizing the odor, not a perfume or masking agent.",Gloria Risner,Four Stars,Works just fine.  Just what I needed.,5/2/2016,4,Yes,0
Adapt Lubricating Deodorant - 8 oz bottle,"Adapt Lubricating Deodorant Adapt Lubricating Deodorant enables a new level of confidence and security with a proven odor-neutralizer and pouch lubricant that helps keep the pouch interior clean. Lubrication eases emptying and helps prevent pouch static and sticking. Adapt Lubricating Deodorant features deodorant that works by neutralizing the odor, not a perfume or masking agent.",Jame' Huggins,GOOD PRODUCT,WOULD LIKE IT TO BE CHEAPER :),11/22/2019,5,Yes,3
Adapt Lubricating Deodorant - 8 oz bottle,"Adapt Lubricating Deodorant Adapt Lubricating Deodorant enables a new level of confidence and security with a proven odor-neutralizer and pouch lubricant that helps keep the pouch interior clean. Lubrication eases emptying and helps prevent pouch static and sticking. Adapt Lubricating Deodorant features deodorant that works by neutralizing the odor, not a perfume or masking agent.",Amazon Customer,Four Stars,Works great easy to use,4/19/2017,4,Yes,0
Adapt Lubricating Deodorant - 8 oz bottle,"Adapt Lubricating Deodorant Adapt Lubricating Deodorant enables a new level of confidence and security with a proven odor-neutralizer and pouch lubricant that helps keep the pouch interior clean. Lubrication eases emptying and helps prevent pouch static and sticking. Adapt Lubricating Deodorant features deodorant that works by neutralizing the odor, not a perfume or masking agent.",Xtina,Ostomy,I bought for a friend and she loved it,10/2/2019,5,Yes,0
Adapt Lubricating Deodorant - 8 oz bottle,"Adapt Lubricating Deodorant Adapt Lubricating Deodorant enables a new level of confidence and security with a proven odor-neutralizer and pouch lubricant that helps keep the pouch interior clean. Lubrication eases emptying and helps prevent pouch static and sticking. Adapt Lubricating Deodorant features deodorant that works by neutralizing the odor, not a perfume or masking agent.",Kathryn,Adapt is the best deodorant for me,Adapt is the best deodorant for me. I have tried them all at one time or another. Other people like others better.,4/5/2017,5,Yes,0
Adapt Lubricating Deodorant - 8 oz bottle,"Adapt Lubricating Deodorant Adapt Lubricating Deodorant enables a new level of confidence and security with a proven odor-neutralizer and pouch lubricant that helps keep the pouch interior clean. Lubrication eases emptying and helps prevent pouch static and sticking. Adapt Lubricating Deodorant features deodorant that works by neutralizing the odor, not a perfume or masking agent.",Amazon Customer,This is the best product I've found to help keep bags from getting ...,"This is the best product I've found to help keep bags from getting ""yucky"". Definitely worth it when trying to keep area clean.",6/14/2017,5,Yes,5
Adapt Lubricating Deodorant - 8 oz bottle,"Adapt Lubricating Deodorant Adapt Lubricating Deodorant enables a new level of confidence and security with a proven odor-neutralizer and pouch lubricant that helps keep the pouch interior clean. Lubrication eases emptying and helps prevent pouch static and sticking. Adapt Lubricating Deodorant features deodorant that works by neutralizing the odor, not a perfume or masking agent.",greyone_310,Four Stars,really works well,6/16/2016,4,Yes,0
Adapt Lubricating Deodorant - 8 oz bottle,"Adapt Lubricating Deodorant Adapt Lubricating Deodorant enables a new level of confidence and security with a proven odor-neutralizer and pouch lubricant that helps keep the pouch interior clean. Lubrication eases emptying and helps prevent pouch static and sticking. Adapt Lubricating Deodorant features deodorant that works by neutralizing the odor, not a perfume or masking agent.",Phillip Blunk,... ostimate I can tell you that this is a superior product for both odor control and lubrication,As an experienced ostimate I can tell you that this is a superior product for both odor control and lubrication. Failure price.,9/6/2017,5,Yes,0
Adapt Lubricating Deodorant - 8 oz bottle,"Adapt Lubricating Deodorant Adapt Lubricating Deodorant enables a new level of confidence and security with a proven odor-neutralizer and pouch lubricant that helps keep the pouch interior clean. Lubrication eases emptying and helps prevent pouch static and sticking. Adapt Lubricating Deodorant features deodorant that works by neutralizing the odor, not a perfume or masking agent.",Russ,Four Stars,works well for me,7/4/2016,4,Yes,0
Adapt Lubricating Deodorant - 8 oz bottle,"Adapt Lubricating Deodorant Adapt Lubricating Deodorant enables a new level of confidence and security with a proven odor-neutralizer and pouch lubricant that helps keep the pouch interior clean. Lubrication eases emptying and helps prevent pouch static and sticking. Adapt Lubricating Deodorant features deodorant that works by neutralizing the odor, not a perfume or masking agent.",Terry Graham,Most effective,This is the best lubricant!,4/2/2020,5,Yes,0
Adapt Lubricating Deodorant - 8 oz bottle,"Adapt Lubricating Deodorant Adapt Lubricating Deodorant enables a new level of confidence and security with a proven odor-neutralizer and pouch lubricant that helps keep the pouch interior clean. Lubrication eases emptying and helps prevent pouch static and sticking. Adapt Lubricating Deodorant features deodorant that works by neutralizing the odor, not a perfume or masking agent.",Sam,Four Stars,Works as expected.,12/14/2016,4,Yes,0
Adapt Lubricating Deodorant - 8 oz bottle,"Adapt Lubricating Deodorant Adapt Lubricating Deodorant enables a new level of confidence and security with a proven odor-neutralizer and pouch lubricant that helps keep the pouch interior clean. Lubrication eases emptying and helps prevent pouch static and sticking. Adapt Lubricating Deodorant features deodorant that works by neutralizing the odor, not a perfume or masking agent.",Amazon Customer,does its job,its okay,10/23/2020,5,Yes,0
Adapt Lubricating Deodorant - 8 oz bottle,"Adapt Lubricating Deodorant Adapt Lubricating Deodorant enables a new level of confidence and security with a proven odor-neutralizer and pouch lubricant that helps keep the pouch interior clean. Lubrication eases emptying and helps prevent pouch static and sticking. Adapt Lubricating Deodorant features deodorant that works by neutralizing the odor, not a perfume or masking agent.",Kenneth orbes,Four Stars,it performs as expected,10/14/2015,4,Yes,0
Adapt Lubricating Deodorant - 8 oz bottle,"Adapt Lubricating Deodorant Adapt Lubricating Deodorant enables a new level of confidence and security with a proven odor-neutralizer and pouch lubricant that helps keep the pouch interior clean. Lubrication eases emptying and helps prevent pouch static and sticking. Adapt Lubricating Deodorant features deodorant that works by neutralizing the odor, not a perfume or masking agent.",Dorothy,Four Stars,it works good,7/1/2016,4,Yes,0
Adapt Lubricating Deodorant - 8 oz bottle,"Adapt Lubricating Deodorant Adapt Lubricating Deodorant enables a new level of confidence and security with a proven odor-neutralizer and pouch lubricant that helps keep the pouch interior clean. Lubrication eases emptying and helps prevent pouch static and sticking. Adapt Lubricating Deodorant features deodorant that works by neutralizing the odor, not a perfume or masking agent.",Bert Coon,quick easy ordering,"this is a great product,  and fast delivery",6/7/2019,5,Yes,0
Adapt Lubricating Deodorant - 8 oz bottle,"Adapt Lubricating Deodorant Adapt Lubricating Deodorant enables a new level of confidence and security with a proven odor-neutralizer and pouch lubricant that helps keep the pouch interior clean. Lubrication eases emptying and helps prevent pouch static and sticking. Adapt Lubricating Deodorant features deodorant that works by neutralizing the odor, not a perfume or masking agent.",winston13,I was very happy with the Deodorant,"I was very happy with the Deodorant, and would appreciate it ifyou would provide express shipping at no cost.Thank you very much,Magali Battenfield",6/20/2015,5,Yes,0
Adapt Lubricating Deodorant - 8 oz bottle,"Adapt Lubricating Deodorant Adapt Lubricating Deodorant enables a new level of confidence and security with a proven odor-neutralizer and pouch lubricant that helps keep the pouch interior clean. Lubrication eases emptying and helps prevent pouch static and sticking. Adapt Lubricating Deodorant features deodorant that works by neutralizing the odor, not a perfume or masking agent.",John A. Phillips,The love this product,"This is for a family member. The love this product. They states, not to thin or to thick just right. The ordor control is not overwhelming.",1/18/2015,5,Yes,2
Na`Scent Ostomy Odor Eliminator 12oz - Single,"Na'Scent Ostomy Odor Eliminator 12 oz. [ Sold by the Each, Quantity per Each : 1 EA, Category : Per Fluid Ounce, Product Class : Ostomy ] Na`Scent is not a deodorant. This clear liquid doesn’t hide odor, it eliminates it by creating an oxygen-rich environment that eliminates odor-causing microbes in the pouch. For use in colostomy, ileostomy, and urostomy pouches and Stoma caps. Allows you to enjoy your favorite foods and socialize without worry. Requires only one to two squirts - depending on the need - directly into the pouch. The science behind it is complex, but the results are straightforward: ostomy odors not just masked but eliminated. Na'Scent doesn't use harsh chemicals or deodorants. The product is a clear, non-flammable, non-toxic, non-carcinogenic liquid. Na`Scent Eliminates odor by creating an oxygen-rich environment that eliminates odor-causing microbes in the pouch. it even enhances hygiene. Our customers SATISFACTION and QUALITY OF LIFE is our #1 PRIORITY! ""We guarantee Na`Scent will change your life.""",Linda,It’s just ok,It helps some for odor but not the best,1/15/2024,3,Yes,0
Na`Scent Ostomy Odor Eliminator 12oz - Single,"Na'Scent Ostomy Odor Eliminator 12 oz. [ Sold by the Each, Quantity per Each : 1 EA, Category : Per Fluid Ounce, Product Class : Ostomy ] Na`Scent is not a deodorant. This clear liquid doesn’t hide odor, it eliminates it by creating an oxygen-rich environment that eliminates odor-causing microbes in the pouch. For use in colostomy, ileostomy, and urostomy pouches and Stoma caps. Allows you to enjoy your favorite foods and socialize without worry. Requires only one to two squirts - depending on the need - directly into the pouch. The science behind it is complex, but the results are straightforward: ostomy odors not just masked but eliminated. Na'Scent doesn't use harsh chemicals or deodorants. The product is a clear, non-flammable, non-toxic, non-carcinogenic liquid. Na`Scent Eliminates odor by creating an oxygen-rich environment that eliminates odor-causing microbes in the pouch. it even enhances hygiene. Our customers SATISFACTION and QUALITY OF LIFE is our #1 PRIORITY! ""We guarantee Na`Scent will change your life.""",Debbicia,Didn't work like the samples I received from the actual makers...,"I've gotten samples of Na'Scent and they work great with only a few drops. For some reason, this full size bottle doesn't seam to do much. I'm wondering if it's been watered down? I'll still use Na'Scent, but won't buy through here again...",3/8/2019,2,Yes,6
Na`Scent Ostomy Odor Eliminator 12oz - Single,"Na'Scent Ostomy Odor Eliminator 12 oz. [ Sold by the Each, Quantity per Each : 1 EA, Category : Per Fluid Ounce, Product Class : Ostomy ] Na`Scent is not a deodorant. This clear liquid doesn’t hide odor, it eliminates it by creating an oxygen-rich environment that eliminates odor-causing microbes in the pouch. For use in colostomy, ileostomy, and urostomy pouches and Stoma caps. Allows you to enjoy your favorite foods and socialize without worry. Requires only one to two squirts - depending on the need - directly into the pouch. The science behind it is complex, but the results are straightforward: ostomy odors not just masked but eliminated. Na'Scent doesn't use harsh chemicals or deodorants. The product is a clear, non-flammable, non-toxic, non-carcinogenic liquid. Na`Scent Eliminates odor by creating an oxygen-rich environment that eliminates odor-causing microbes in the pouch. it even enhances hygiene. Our customers SATISFACTION and QUALITY OF LIFE is our #1 PRIORITY! ""We guarantee Na`Scent will change your life.""",Jenkins,Not as potent as M-9.,"It is a good product but still leaves a strong odor when emptying bag. I gave it a 3 out of 5. This product is great for a home, but to have less embarrassing confidence when on the road, zI suggest M-9 is a product that cost a lot more, but there is only a faint, short living smell.",3/23/2024,3,Yes,0
Na`Scent Ostomy Odor Eliminator 12oz - Single,"Na'Scent Ostomy Odor Eliminator 12 oz. [ Sold by the Each, Quantity per Each : 1 EA, Category : Per Fluid Ounce, Product Class : Ostomy ] Na`Scent is not a deodorant. This clear liquid doesn’t hide odor, it eliminates it by creating an oxygen-rich environment that eliminates odor-causing microbes in the pouch. For use in colostomy, ileostomy, and urostomy pouches and Stoma caps. Allows you to enjoy your favorite foods and socialize without worry. Requires only one to two squirts - depending on the need - directly into the pouch. The science behind it is complex, but the results are straightforward: ostomy odors not just masked but eliminated. Na'Scent doesn't use harsh chemicals or deodorants. The product is a clear, non-flammable, non-toxic, non-carcinogenic liquid. Na`Scent Eliminates odor by creating an oxygen-rich environment that eliminates odor-causing microbes in the pouch. it even enhances hygiene. Our customers SATISFACTION and QUALITY OF LIFE is our #1 PRIORITY! ""We guarantee Na`Scent will change your life.""",MinneApplegirl,It's just okay,"Basically, you just want a product to do what it says it will do.  This one is just okay.",9/11/2022,3,Yes,0
Na`Scent Ostomy Odor Eliminator 12oz - Single,"Na'Scent Ostomy Odor Eliminator 12 oz. [ Sold by the Each, Quantity per Each : 1 EA, Category : Per Fluid Ounce, Product Class : Ostomy ] Na`Scent is not a deodorant. This clear liquid doesn’t hide odor, it eliminates it by creating an oxygen-rich environment that eliminates odor-causing microbes in the pouch. For use in colostomy, ileostomy, and urostomy pouches and Stoma caps. Allows you to enjoy your favorite foods and socialize without worry. Requires only one to two squirts - depending on the need - directly into the pouch. The science behind it is complex, but the results are straightforward: ostomy odors not just masked but eliminated. Na'Scent doesn't use harsh chemicals or deodorants. The product is a clear, non-flammable, non-toxic, non-carcinogenic liquid. Na`Scent Eliminates odor by creating an oxygen-rich environment that eliminates odor-causing microbes in the pouch. it even enhances hygiene. Our customers SATISFACTION and QUALITY OF LIFE is our #1 PRIORITY! ""We guarantee Na`Scent will change your life.""",Tina,Doesn't work very well,I have used M9 for a while now and thought I would try something different.  This product does not work for me.  Hardly eliminated any odor.,11/15/2018,3,Yes,6
Na`Scent Ostomy Odor Eliminator 12oz - Single,"Na'Scent Ostomy Odor Eliminator 12 oz. [ Sold by the Each, Quantity per Each : 1 EA, Category : Per Fluid Ounce, Product Class : Ostomy ] Na`Scent is not a deodorant. This clear liquid doesn’t hide odor, it eliminates it by creating an oxygen-rich environment that eliminates odor-causing microbes in the pouch. For use in colostomy, ileostomy, and urostomy pouches and Stoma caps. Allows you to enjoy your favorite foods and socialize without worry. Requires only one to two squirts - depending on the need - directly into the pouch. The science behind it is complex, but the results are straightforward: ostomy odors not just masked but eliminated. Na'Scent doesn't use harsh chemicals or deodorants. The product is a clear, non-flammable, non-toxic, non-carcinogenic liquid. Na`Scent Eliminates odor by creating an oxygen-rich environment that eliminates odor-causing microbes in the pouch. it even enhances hygiene. Our customers SATISFACTION and QUALITY OF LIFE is our #1 PRIORITY! ""We guarantee Na`Scent will change your life.""",Alice Allen,Leaking Bottles,I love the product and normally it is packed much better..One of the bottels was cracked and leaked all over.,8/28/2021,1,Yes,0
Na`Scent Ostomy Odor Eliminator 12oz - Single,"Na'Scent Ostomy Odor Eliminator 12 oz. [ Sold by the Each, Quantity per Each : 1 EA, Category : Per Fluid Ounce, Product Class : Ostomy ] Na`Scent is not a deodorant. This clear liquid doesn’t hide odor, it eliminates it by creating an oxygen-rich environment that eliminates odor-causing microbes in the pouch. For use in colostomy, ileostomy, and urostomy pouches and Stoma caps. Allows you to enjoy your favorite foods and socialize without worry. Requires only one to two squirts - depending on the need - directly into the pouch. The science behind it is complex, but the results are straightforward: ostomy odors not just masked but eliminated. Na'Scent doesn't use harsh chemicals or deodorants. The product is a clear, non-flammable, non-toxic, non-carcinogenic liquid. Na`Scent Eliminates odor by creating an oxygen-rich environment that eliminates odor-causing microbes in the pouch. it even enhances hygiene. Our customers SATISFACTION and QUALITY OF LIFE is our #1 PRIORITY! ""We guarantee Na`Scent will change your life.""",Frenchies,Not good enough,Dosnt eliminate odor enough to negate that it isn’t also a lubricant,6/30/2020,1,Yes,0
Na`Scent Ostomy Odor Eliminator 12oz - Single,"Na'Scent Ostomy Odor Eliminator 12 oz. [ Sold by the Each, Quantity per Each : 1 EA, Category : Per Fluid Ounce, Product Class : Ostomy ] Na`Scent is not a deodorant. This clear liquid doesn’t hide odor, it eliminates it by creating an oxygen-rich environment that eliminates odor-causing microbes in the pouch. For use in colostomy, ileostomy, and urostomy pouches and Stoma caps. Allows you to enjoy your favorite foods and socialize without worry. Requires only one to two squirts - depending on the need - directly into the pouch. The science behind it is complex, but the results are straightforward: ostomy odors not just masked but eliminated. Na'Scent doesn't use harsh chemicals or deodorants. The product is a clear, non-flammable, non-toxic, non-carcinogenic liquid. Na`Scent Eliminates odor by creating an oxygen-rich environment that eliminates odor-causing microbes in the pouch. it even enhances hygiene. Our customers SATISFACTION and QUALITY OF LIFE is our #1 PRIORITY! ""We guarantee Na`Scent will change your life.""",Wendi Watson,Not worth it,ABSOLUTELY doesn't stop any kind of smell!!!,3/15/2019,1,Yes,3
Na`Scent Ostomy Odor Eliminator 12oz - Single,"Na'Scent Ostomy Odor Eliminator 12 oz. [ Sold by the Each, Quantity per Each : 1 EA, Category : Per Fluid Ounce, Product Class : Ostomy ] Na`Scent is not a deodorant. This clear liquid doesn’t hide odor, it eliminates it by creating an oxygen-rich environment that eliminates odor-causing microbes in the pouch. For use in colostomy, ileostomy, and urostomy pouches and Stoma caps. Allows you to enjoy your favorite foods and socialize without worry. Requires only one to two squirts - depending on the need - directly into the pouch. The science behind it is complex, but the results are straightforward: ostomy odors not just masked but eliminated. Na'Scent doesn't use harsh chemicals or deodorants. The product is a clear, non-flammable, non-toxic, non-carcinogenic liquid. Na`Scent Eliminates odor by creating an oxygen-rich environment that eliminates odor-causing microbes in the pouch. it even enhances hygiene. Our customers SATISFACTION and QUALITY OF LIFE is our #1 PRIORITY! ""We guarantee Na`Scent will change your life.""",JR,Didn't work for my wife,Burns your skin till it bled,1/5/2019,1,Yes,6
Na`Scent Ostomy Odor Eliminator 12oz - Single,"Na'Scent Ostomy Odor Eliminator 12 oz. [ Sold by the Each, Quantity per Each : 1 EA, Category : Per Fluid Ounce, Product Class : Ostomy ] Na`Scent is not a deodorant. This clear liquid doesn’t hide odor, it eliminates it by creating an oxygen-rich environment that eliminates odor-causing microbes in the pouch. For use in colostomy, ileostomy, and urostomy pouches and Stoma caps. Allows you to enjoy your favorite foods and socialize without worry. Requires only one to two squirts - depending on the need - directly into the pouch. The science behind it is complex, but the results are straightforward: ostomy odors not just masked but eliminated. Na'Scent doesn't use harsh chemicals or deodorants. The product is a clear, non-flammable, non-toxic, non-carcinogenic liquid. Na`Scent Eliminates odor by creating an oxygen-rich environment that eliminates odor-causing microbes in the pouch. it even enhances hygiene. Our customers SATISFACTION and QUALITY OF LIFE is our #1 PRIORITY! ""We guarantee Na`Scent will change your life.""",Applesauce,Excellent odor eliminator,"I have an ostomy and I have tried many odor eliminators. Na Scent does the best job for me.  Just insert one or two squirts into the pouch after emptying. One squirt greatly reduces the odor and two squirts eliminates the odor.  Na Scent is not advertised as a lubricant but it liquifies the contents of the pouch for me, making it easier to empty the pouch.  Buy this if you haven't tried it.",6/14/2023,5,Yes,0
Na`Scent Ostomy Odor Eliminator 12oz - Single,"Na'Scent Ostomy Odor Eliminator 12 oz. [ Sold by the Each, Quantity per Each : 1 EA, Category : Per Fluid Ounce, Product Class : Ostomy ] Na`Scent is not a deodorant. This clear liquid doesn’t hide odor, it eliminates it by creating an oxygen-rich environment that eliminates odor-causing microbes in the pouch. For use in colostomy, ileostomy, and urostomy pouches and Stoma caps. Allows you to enjoy your favorite foods and socialize without worry. Requires only one to two squirts - depending on the need - directly into the pouch. The science behind it is complex, but the results are straightforward: ostomy odors not just masked but eliminated. Na'Scent doesn't use harsh chemicals or deodorants. The product is a clear, non-flammable, non-toxic, non-carcinogenic liquid. Na`Scent Eliminates odor by creating an oxygen-rich environment that eliminates odor-causing microbes in the pouch. it even enhances hygiene. Our customers SATISFACTION and QUALITY OF LIFE is our #1 PRIORITY! ""We guarantee Na`Scent will change your life.""",Laura Huffington,Works well,I have been getting this for years and I use it all the time!,8/20/2024,5,Yes,0
Na`Scent Ostomy Odor Eliminator 12oz - Single,"Na'Scent Ostomy Odor Eliminator 12 oz. [ Sold by the Each, Quantity per Each : 1 EA, Category : Per Fluid Ounce, Product Class : Ostomy ] Na`Scent is not a deodorant. This clear liquid doesn’t hide odor, it eliminates it by creating an oxygen-rich environment that eliminates odor-causing microbes in the pouch. For use in colostomy, ileostomy, and urostomy pouches and Stoma caps. Allows you to enjoy your favorite foods and socialize without worry. Requires only one to two squirts - depending on the need - directly into the pouch. The science behind it is complex, but the results are straightforward: ostomy odors not just masked but eliminated. Na'Scent doesn't use harsh chemicals or deodorants. The product is a clear, non-flammable, non-toxic, non-carcinogenic liquid. Na`Scent Eliminates odor by creating an oxygen-rich environment that eliminates odor-causing microbes in the pouch. it even enhances hygiene. Our customers SATISFACTION and QUALITY OF LIFE is our #1 PRIORITY! ""We guarantee Na`Scent will change your life.""",Candice Brown,Works good enough,"I purchased this because it had fairly good reviews and it is cheaper than the M9 drops. It does work but, it seems like you have to use a lot for it to work. It is cheaper than the M9 drops but, the M9 lasts much longer. I will still purchase this though, sometimes. It does the job when you need it.",1/31/2024,4,Yes,0
Na`Scent Ostomy Odor Eliminator 12oz - Single,"Na'Scent Ostomy Odor Eliminator 12 oz. [ Sold by the Each, Quantity per Each : 1 EA, Category : Per Fluid Ounce, Product Class : Ostomy ] Na`Scent is not a deodorant. This clear liquid doesn’t hide odor, it eliminates it by creating an oxygen-rich environment that eliminates odor-causing microbes in the pouch. For use in colostomy, ileostomy, and urostomy pouches and Stoma caps. Allows you to enjoy your favorite foods and socialize without worry. Requires only one to two squirts - depending on the need - directly into the pouch. The science behind it is complex, but the results are straightforward: ostomy odors not just masked but eliminated. Na'Scent doesn't use harsh chemicals or deodorants. The product is a clear, non-flammable, non-toxic, non-carcinogenic liquid. Na`Scent Eliminates odor by creating an oxygen-rich environment that eliminates odor-causing microbes in the pouch. it even enhances hygiene. Our customers SATISFACTION and QUALITY OF LIFE is our #1 PRIORITY! ""We guarantee Na`Scent will change your life.""",MplsAmbassador,Great value in the marketplace!,This is by far the best value for an ostomy pouch deodorizer. My WOC nurse provided a 2 oz. sample when I was in the hospital and I couldn't believe how effective it was. I immediately sourced a full size. Appreciate any item that mitigates the nuisance of having a pouch. Highly recommend!,10/15/2024,5,Yes,0
Na`Scent Ostomy Odor Eliminator 12oz - Single,"Na'Scent Ostomy Odor Eliminator 12 oz. [ Sold by the Each, Quantity per Each : 1 EA, Category : Per Fluid Ounce, Product Class : Ostomy ] Na`Scent is not a deodorant. This clear liquid doesn’t hide odor, it eliminates it by creating an oxygen-rich environment that eliminates odor-causing microbes in the pouch. For use in colostomy, ileostomy, and urostomy pouches and Stoma caps. Allows you to enjoy your favorite foods and socialize without worry. Requires only one to two squirts - depending on the need - directly into the pouch. The science behind it is complex, but the results are straightforward: ostomy odors not just masked but eliminated. Na'Scent doesn't use harsh chemicals or deodorants. The product is a clear, non-flammable, non-toxic, non-carcinogenic liquid. Na`Scent Eliminates odor by creating an oxygen-rich environment that eliminates odor-causing microbes in the pouch. it even enhances hygiene. Our customers SATISFACTION and QUALITY OF LIFE is our #1 PRIORITY! ""We guarantee Na`Scent will change your life.""",B.C.,It's a Godsend!,"When I woke up to this stoma a few months ago I had no idea how or what was needed for Ostomy care. At my very first outpatient appointment with an Ostomy nurse she gave me a bottle of this (along with the standard bag supplies) and I am so glad she did! If only I had known about it while inpatient, my room would have been a much more pleasant environment! I use this whenever I change or rinse out my bag when it gets anything in it. I only use about 4 or 5 drops and it does the trick! The customer service at this company is wonderful. When I placed the order I did not see that while the shipping is free that it wasn't Prime 2 - day shipping and realised I would run out before it got here. The company reached to me and made arrangements for me to get it faster, it got here within a day! Finding great Ostomy supplies within itself can be difficult, finding that and a company that personally cares about their clients is invaluable! Thank you so much!",5/13/2022,5,Yes,11
Na`Scent Ostomy Odor Eliminator 12oz - Single,"Na'Scent Ostomy Odor Eliminator 12 oz. [ Sold by the Each, Quantity per Each : 1 EA, Category : Per Fluid Ounce, Product Class : Ostomy ] Na`Scent is not a deodorant. This clear liquid doesn’t hide odor, it eliminates it by creating an oxygen-rich environment that eliminates odor-causing microbes in the pouch. For use in colostomy, ileostomy, and urostomy pouches and Stoma caps. Allows you to enjoy your favorite foods and socialize without worry. Requires only one to two squirts - depending on the need - directly into the pouch. The science behind it is complex, but the results are straightforward: ostomy odors not just masked but eliminated. Na'Scent doesn't use harsh chemicals or deodorants. The product is a clear, non-flammable, non-toxic, non-carcinogenic liquid. Na`Scent Eliminates odor by creating an oxygen-rich environment that eliminates odor-causing microbes in the pouch. it even enhances hygiene. Our customers SATISFACTION and QUALITY OF LIFE is our #1 PRIORITY! ""We guarantee Na`Scent will change your life.""",Brenda S Johnson,Na`Scent Ostomy Odor Eliminator,very satisfied - effectively eliminates oders.,3/30/2024,5,Yes,0
Na`Scent Ostomy Odor Eliminator 12oz - Single,"Na'Scent Ostomy Odor Eliminator 12 oz. [ Sold by the Each, Quantity per Each : 1 EA, Category : Per Fluid Ounce, Product Class : Ostomy ] Na`Scent is not a deodorant. This clear liquid doesn’t hide odor, it eliminates it by creating an oxygen-rich environment that eliminates odor-causing microbes in the pouch. For use in colostomy, ileostomy, and urostomy pouches and Stoma caps. Allows you to enjoy your favorite foods and socialize without worry. Requires only one to two squirts - depending on the need - directly into the pouch. The science behind it is complex, but the results are straightforward: ostomy odors not just masked but eliminated. Na'Scent doesn't use harsh chemicals or deodorants. The product is a clear, non-flammable, non-toxic, non-carcinogenic liquid. Na`Scent Eliminates odor by creating an oxygen-rich environment that eliminates odor-causing microbes in the pouch. it even enhances hygiene. Our customers SATISFACTION and QUALITY OF LIFE is our #1 PRIORITY! ""We guarantee Na`Scent will change your life.""",Debra VanDunk,Works Great!!,This product is Amazing!!! Will keep this in stock!!,12/18/2023,5,Yes,0
Na`Scent Ostomy Odor Eliminator 12oz - Single,"Na'Scent Ostomy Odor Eliminator 12 oz. [ Sold by the Each, Quantity per Each : 1 EA, Category : Per Fluid Ounce, Product Class : Ostomy ] Na`Scent is not a deodorant. This clear liquid doesn’t hide odor, it eliminates it by creating an oxygen-rich environment that eliminates odor-causing microbes in the pouch. For use in colostomy, ileostomy, and urostomy pouches and Stoma caps. Allows you to enjoy your favorite foods and socialize without worry. Requires only one to two squirts - depending on the need - directly into the pouch. The science behind it is complex, but the results are straightforward: ostomy odors not just masked but eliminated. Na'Scent doesn't use harsh chemicals or deodorants. The product is a clear, non-flammable, non-toxic, non-carcinogenic liquid. Na`Scent Eliminates odor by creating an oxygen-rich environment that eliminates odor-causing microbes in the pouch. it even enhances hygiene. Our customers SATISFACTION and QUALITY OF LIFE is our #1 PRIORITY! ""We guarantee Na`Scent will change your life.""",Jenifer,Seller that goes above and beyond,The seller was out of 12 oz. bottles so they sent me a letter along with two 8 oz. bottles plus a 1 oz. travel size bottle. I was not expecting that. What great customer service. Oh and I tried the odor eliminator and it is a game changer for sure! Way better than the poo porri spray I was using. This one does not have scent which I’m allergic to.,11/1/2021,5,Yes,2
Na`Scent Ostomy Odor Eliminator 12oz - Single,"Na'Scent Ostomy Odor Eliminator 12 oz. [ Sold by the Each, Quantity per Each : 1 EA, Category : Per Fluid Ounce, Product Class : Ostomy ] Na`Scent is not a deodorant. This clear liquid doesn’t hide odor, it eliminates it by creating an oxygen-rich environment that eliminates odor-causing microbes in the pouch. For use in colostomy, ileostomy, and urostomy pouches and Stoma caps. Allows you to enjoy your favorite foods and socialize without worry. Requires only one to two squirts - depending on the need - directly into the pouch. The science behind it is complex, but the results are straightforward: ostomy odors not just masked but eliminated. Na'Scent doesn't use harsh chemicals or deodorants. The product is a clear, non-flammable, non-toxic, non-carcinogenic liquid. Na`Scent Eliminates odor by creating an oxygen-rich environment that eliminates odor-causing microbes in the pouch. it even enhances hygiene. Our customers SATISFACTION and QUALITY OF LIFE is our #1 PRIORITY! ""We guarantee Na`Scent will change your life.""",Kathy,This really worked for me.,I really liked this product to manage the smell of ostomy.  I would highly Reccomended you give this a try.,11/20/2022,5,Yes,0
Na`Scent Ostomy Odor Eliminator 12oz - Single,"Na'Scent Ostomy Odor Eliminator 12 oz. [ Sold by the Each, Quantity per Each : 1 EA, Category : Per Fluid Ounce, Product Class : Ostomy ] Na`Scent is not a deodorant. This clear liquid doesn’t hide odor, it eliminates it by creating an oxygen-rich environment that eliminates odor-causing microbes in the pouch. For use in colostomy, ileostomy, and urostomy pouches and Stoma caps. Allows you to enjoy your favorite foods and socialize without worry. Requires only one to two squirts - depending on the need - directly into the pouch. The science behind it is complex, but the results are straightforward: ostomy odors not just masked but eliminated. Na'Scent doesn't use harsh chemicals or deodorants. The product is a clear, non-flammable, non-toxic, non-carcinogenic liquid. Na`Scent Eliminates odor by creating an oxygen-rich environment that eliminates odor-causing microbes in the pouch. it even enhances hygiene. Our customers SATISFACTION and QUALITY OF LIFE is our #1 PRIORITY! ""We guarantee Na`Scent will change your life.""",Morgan H,works amazingly well!,"This scent neutralizer is perfect. You do not need a lot, and it works really well. It is not an easy situation if you need to use this, but it is good to know that there is help in reducing odor during  the daily routine. The item arrived very quickly. I would trust this seller again!",1/13/2021,5,Yes,6
Na`Scent Ostomy Odor Eliminator 12oz - Single,"Na'Scent Ostomy Odor Eliminator 12 oz. [ Sold by the Each, Quantity per Each : 1 EA, Category : Per Fluid Ounce, Product Class : Ostomy ] Na`Scent is not a deodorant. This clear liquid doesn’t hide odor, it eliminates it by creating an oxygen-rich environment that eliminates odor-causing microbes in the pouch. For use in colostomy, ileostomy, and urostomy pouches and Stoma caps. Allows you to enjoy your favorite foods and socialize without worry. Requires only one to two squirts - depending on the need - directly into the pouch. The science behind it is complex, but the results are straightforward: ostomy odors not just masked but eliminated. Na'Scent doesn't use harsh chemicals or deodorants. The product is a clear, non-flammable, non-toxic, non-carcinogenic liquid. Na`Scent Eliminates odor by creating an oxygen-rich environment that eliminates odor-causing microbes in the pouch. it even enhances hygiene. Our customers SATISFACTION and QUALITY OF LIFE is our #1 PRIORITY! ""We guarantee Na`Scent will change your life.""",bstarr,It works,"This is so easy to use and takes just drops, have used it for years. Highly recommended.",10/22/2022,5,Yes,0
Na`Scent Ostomy Odor Eliminator 12oz - Single,"Na'Scent Ostomy Odor Eliminator 12 oz. [ Sold by the Each, Quantity per Each : 1 EA, Category : Per Fluid Ounce, Product Class : Ostomy ] Na`Scent is not a deodorant. This clear liquid doesn’t hide odor, it eliminates it by creating an oxygen-rich environment that eliminates odor-causing microbes in the pouch. For use in colostomy, ileostomy, and urostomy pouches and Stoma caps. Allows you to enjoy your favorite foods and socialize without worry. Requires only one to two squirts - depending on the need - directly into the pouch. The science behind it is complex, but the results are straightforward: ostomy odors not just masked but eliminated. Na'Scent doesn't use harsh chemicals or deodorants. The product is a clear, non-flammable, non-toxic, non-carcinogenic liquid. Na`Scent Eliminates odor by creating an oxygen-rich environment that eliminates odor-causing microbes in the pouch. it even enhances hygiene. Our customers SATISFACTION and QUALITY OF LIFE is our #1 PRIORITY! ""We guarantee Na`Scent will change your life.""",Randi,Awesome,I’ve tried numerous well known brands and this is the only product that actually works,11/15/2022,5,Yes,0
Na`Scent Ostomy Odor Eliminator 12oz - Single,"Na'Scent Ostomy Odor Eliminator 12 oz. [ Sold by the Each, Quantity per Each : 1 EA, Category : Per Fluid Ounce, Product Class : Ostomy ] Na`Scent is not a deodorant. This clear liquid doesn’t hide odor, it eliminates it by creating an oxygen-rich environment that eliminates odor-causing microbes in the pouch. For use in colostomy, ileostomy, and urostomy pouches and Stoma caps. Allows you to enjoy your favorite foods and socialize without worry. Requires only one to two squirts - depending on the need - directly into the pouch. The science behind it is complex, but the results are straightforward: ostomy odors not just masked but eliminated. Na'Scent doesn't use harsh chemicals or deodorants. The product is a clear, non-flammable, non-toxic, non-carcinogenic liquid. Na`Scent Eliminates odor by creating an oxygen-rich environment that eliminates odor-causing microbes in the pouch. it even enhances hygiene. Our customers SATISFACTION and QUALITY OF LIFE is our #1 PRIORITY! ""We guarantee Na`Scent will change your life.""",susan m hamrick,It works!!!!,"My husband, the pessimist that he is, thought this was going to be a fail.  Nope, it really works.  And I'm so very happy with this product.",1/20/2022,5,Yes,3
Na`Scent Ostomy Odor Eliminator 12oz - Single,"Na'Scent Ostomy Odor Eliminator 12 oz. [ Sold by the Each, Quantity per Each : 1 EA, Category : Per Fluid Ounce, Product Class : Ostomy ] Na`Scent is not a deodorant. This clear liquid doesn’t hide odor, it eliminates it by creating an oxygen-rich environment that eliminates odor-causing microbes in the pouch. For use in colostomy, ileostomy, and urostomy pouches and Stoma caps. Allows you to enjoy your favorite foods and socialize without worry. Requires only one to two squirts - depending on the need - directly into the pouch. The science behind it is complex, but the results are straightforward: ostomy odors not just masked but eliminated. Na'Scent doesn't use harsh chemicals or deodorants. The product is a clear, non-flammable, non-toxic, non-carcinogenic liquid. Na`Scent Eliminates odor by creating an oxygen-rich environment that eliminates odor-causing microbes in the pouch. it even enhances hygiene. Our customers SATISFACTION and QUALITY OF LIFE is our #1 PRIORITY! ""We guarantee Na`Scent will change your life.""",Rehema Dhenyi,Member,"Being a member here, is really a great pleasure!",11/28/2022,5,Yes,0
Na`Scent Ostomy Odor Eliminator 12oz - Single,"Na'Scent Ostomy Odor Eliminator 12 oz. [ Sold by the Each, Quantity per Each : 1 EA, Category : Per Fluid Ounce, Product Class : Ostomy ] Na`Scent is not a deodorant. This clear liquid doesn’t hide odor, it eliminates it by creating an oxygen-rich environment that eliminates odor-causing microbes in the pouch. For use in colostomy, ileostomy, and urostomy pouches and Stoma caps. Allows you to enjoy your favorite foods and socialize without worry. Requires only one to two squirts - depending on the need - directly into the pouch. The science behind it is complex, but the results are straightforward: ostomy odors not just masked but eliminated. Na'Scent doesn't use harsh chemicals or deodorants. The product is a clear, non-flammable, non-toxic, non-carcinogenic liquid. Na`Scent Eliminates odor by creating an oxygen-rich environment that eliminates odor-causing microbes in the pouch. it even enhances hygiene. Our customers SATISFACTION and QUALITY OF LIFE is our #1 PRIORITY! ""We guarantee Na`Scent will change your life.""",Amazon Customer,Doesn't eliminate odors.,Should be made with slightly stronger deodorizer.  But it does help.,7/28/2020,4,Yes,0
Na`Scent Ostomy Odor Eliminator 12oz - Single,"Na'Scent Ostomy Odor Eliminator 12 oz. [ Sold by the Each, Quantity per Each : 1 EA, Category : Per Fluid Ounce, Product Class : Ostomy ] Na`Scent is not a deodorant. This clear liquid doesn’t hide odor, it eliminates it by creating an oxygen-rich environment that eliminates odor-causing microbes in the pouch. For use in colostomy, ileostomy, and urostomy pouches and Stoma caps. Allows you to enjoy your favorite foods and socialize without worry. Requires only one to two squirts - depending on the need - directly into the pouch. The science behind it is complex, but the results are straightforward: ostomy odors not just masked but eliminated. Na'Scent doesn't use harsh chemicals or deodorants. The product is a clear, non-flammable, non-toxic, non-carcinogenic liquid. Na`Scent Eliminates odor by creating an oxygen-rich environment that eliminates odor-causing microbes in the pouch. it even enhances hygiene. Our customers SATISFACTION and QUALITY OF LIFE is our #1 PRIORITY! ""We guarantee Na`Scent will change your life.""",susan hobby,Na’scent is SUPERIOR!,This is a superior product!  There are no more odor problems ever !!  This is a LIFE SAVER for people with an ileostomy or colostomy.,3/24/2021,5,Yes,2
Na`Scent Ostomy Odor Eliminator 12oz - Single,"Na'Scent Ostomy Odor Eliminator 12 oz. [ Sold by the Each, Quantity per Each : 1 EA, Category : Per Fluid Ounce, Product Class : Ostomy ] Na`Scent is not a deodorant. This clear liquid doesn’t hide odor, it eliminates it by creating an oxygen-rich environment that eliminates odor-causing microbes in the pouch. For use in colostomy, ileostomy, and urostomy pouches and Stoma caps. Allows you to enjoy your favorite foods and socialize without worry. Requires only one to two squirts - depending on the need - directly into the pouch. The science behind it is complex, but the results are straightforward: ostomy odors not just masked but eliminated. Na'Scent doesn't use harsh chemicals or deodorants. The product is a clear, non-flammable, non-toxic, non-carcinogenic liquid. Na`Scent Eliminates odor by creating an oxygen-rich environment that eliminates odor-causing microbes in the pouch. it even enhances hygiene. Our customers SATISFACTION and QUALITY OF LIFE is our #1 PRIORITY! ""We guarantee Na`Scent will change your life.""",Laura Love,Nice product!,"We had to do some traveling last summer,  and this product made it more pleasant.",10/20/2021,5,Yes,2
Na`Scent Ostomy Odor Eliminator 12oz - Single,"Na'Scent Ostomy Odor Eliminator 12 oz. [ Sold by the Each, Quantity per Each : 1 EA, Category : Per Fluid Ounce, Product Class : Ostomy ] Na`Scent is not a deodorant. This clear liquid doesn’t hide odor, it eliminates it by creating an oxygen-rich environment that eliminates odor-causing microbes in the pouch. For use in colostomy, ileostomy, and urostomy pouches and Stoma caps. Allows you to enjoy your favorite foods and socialize without worry. Requires only one to two squirts - depending on the need - directly into the pouch. The science behind it is complex, but the results are straightforward: ostomy odors not just masked but eliminated. Na'Scent doesn't use harsh chemicals or deodorants. The product is a clear, non-flammable, non-toxic, non-carcinogenic liquid. Na`Scent Eliminates odor by creating an oxygen-rich environment that eliminates odor-causing microbes in the pouch. it even enhances hygiene. Our customers SATISFACTION and QUALITY OF LIFE is our #1 PRIORITY! ""We guarantee Na`Scent will change your life.""",tafarie,5-Apr,Works as should,9/2/2019,4,Yes,0
Na`Scent Ostomy Odor Eliminator 12oz - Single,"Na'Scent Ostomy Odor Eliminator 12 oz. [ Sold by the Each, Quantity per Each : 1 EA, Category : Per Fluid Ounce, Product Class : Ostomy ] Na`Scent is not a deodorant. This clear liquid doesn’t hide odor, it eliminates it by creating an oxygen-rich environment that eliminates odor-causing microbes in the pouch. For use in colostomy, ileostomy, and urostomy pouches and Stoma caps. Allows you to enjoy your favorite foods and socialize without worry. Requires only one to two squirts - depending on the need - directly into the pouch. The science behind it is complex, but the results are straightforward: ostomy odors not just masked but eliminated. Na'Scent doesn't use harsh chemicals or deodorants. The product is a clear, non-flammable, non-toxic, non-carcinogenic liquid. Na`Scent Eliminates odor by creating an oxygen-rich environment that eliminates odor-causing microbes in the pouch. it even enhances hygiene. Our customers SATISFACTION and QUALITY OF LIFE is our #1 PRIORITY! ""We guarantee Na`Scent will change your life.""",Liz Cooley,I ordered it and it came quickly,I have ordered this product before and it's perfect for what I wanted it for,5/24/2021,5,Yes,0
Na`Scent Ostomy Odor Eliminator 12oz - Single,"Na'Scent Ostomy Odor Eliminator 12 oz. [ Sold by the Each, Quantity per Each : 1 EA, Category : Per Fluid Ounce, Product Class : Ostomy ] Na`Scent is not a deodorant. This clear liquid doesn’t hide odor, it eliminates it by creating an oxygen-rich environment that eliminates odor-causing microbes in the pouch. For use in colostomy, ileostomy, and urostomy pouches and Stoma caps. Allows you to enjoy your favorite foods and socialize without worry. Requires only one to two squirts - depending on the need - directly into the pouch. The science behind it is complex, but the results are straightforward: ostomy odors not just masked but eliminated. Na'Scent doesn't use harsh chemicals or deodorants. The product is a clear, non-flammable, non-toxic, non-carcinogenic liquid. Na`Scent Eliminates odor by creating an oxygen-rich environment that eliminates odor-causing microbes in the pouch. it even enhances hygiene. Our customers SATISFACTION and QUALITY OF LIFE is our #1 PRIORITY! ""We guarantee Na`Scent will change your life.""",Jeffrey,"Simple, it works !!!","Simple description, it works !!!No more ""stinky"" odors when burping my bag.And it's a 12oz bottle compared to 8oz of most other brands- more for my money!!",7/7/2019,5,Yes,0
Na`Scent Ostomy Odor Eliminator 12oz - Single,"Na'Scent Ostomy Odor Eliminator 12 oz. [ Sold by the Each, Quantity per Each : 1 EA, Category : Per Fluid Ounce, Product Class : Ostomy ] Na`Scent is not a deodorant. This clear liquid doesn’t hide odor, it eliminates it by creating an oxygen-rich environment that eliminates odor-causing microbes in the pouch. For use in colostomy, ileostomy, and urostomy pouches and Stoma caps. Allows you to enjoy your favorite foods and socialize without worry. Requires only one to two squirts - depending on the need - directly into the pouch. The science behind it is complex, but the results are straightforward: ostomy odors not just masked but eliminated. Na'Scent doesn't use harsh chemicals or deodorants. The product is a clear, non-flammable, non-toxic, non-carcinogenic liquid. Na`Scent Eliminates odor by creating an oxygen-rich environment that eliminates odor-causing microbes in the pouch. it even enhances hygiene. Our customers SATISFACTION and QUALITY OF LIFE is our #1 PRIORITY! ""We guarantee Na`Scent will change your life.""",Linda lee,Buy it and try it !!!,This stuff works really great ! Hardly no smell.  It's great  I would like to have a gallon of it !!,9/10/2019,5,Yes,0
Na`Scent Ostomy Odor Eliminator 12oz - Single,"Na'Scent Ostomy Odor Eliminator 12 oz. [ Sold by the Each, Quantity per Each : 1 EA, Category : Per Fluid Ounce, Product Class : Ostomy ] Na`Scent is not a deodorant. This clear liquid doesn’t hide odor, it eliminates it by creating an oxygen-rich environment that eliminates odor-causing microbes in the pouch. For use in colostomy, ileostomy, and urostomy pouches and Stoma caps. Allows you to enjoy your favorite foods and socialize without worry. Requires only one to two squirts - depending on the need - directly into the pouch. The science behind it is complex, but the results are straightforward: ostomy odors not just masked but eliminated. Na'Scent doesn't use harsh chemicals or deodorants. The product is a clear, non-flammable, non-toxic, non-carcinogenic liquid. Na`Scent Eliminates odor by creating an oxygen-rich environment that eliminates odor-causing microbes in the pouch. it even enhances hygiene. Our customers SATISFACTION and QUALITY OF LIFE is our #1 PRIORITY! ""We guarantee Na`Scent will change your life.""",Ron H.,It works,It does what it does and that is to eliminate odor. No perfume or deodorant to cover up the odor.Will be purchasing on a regular basis.,2/4/2019,5,Yes,0
Na`Scent Ostomy Odor Eliminator 12oz - Single,"Na'Scent Ostomy Odor Eliminator 12 oz. [ Sold by the Each, Quantity per Each : 1 EA, Category : Per Fluid Ounce, Product Class : Ostomy ] Na`Scent is not a deodorant. This clear liquid doesn’t hide odor, it eliminates it by creating an oxygen-rich environment that eliminates odor-causing microbes in the pouch. For use in colostomy, ileostomy, and urostomy pouches and Stoma caps. Allows you to enjoy your favorite foods and socialize without worry. Requires only one to two squirts - depending on the need - directly into the pouch. The science behind it is complex, but the results are straightforward: ostomy odors not just masked but eliminated. Na'Scent doesn't use harsh chemicals or deodorants. The product is a clear, non-flammable, non-toxic, non-carcinogenic liquid. Na`Scent Eliminates odor by creating an oxygen-rich environment that eliminates odor-causing microbes in the pouch. it even enhances hygiene. Our customers SATISFACTION and QUALITY OF LIFE is our #1 PRIORITY! ""We guarantee Na`Scent will change your life.""",Amazon Customer,Works great,Worked the best out of all the other products I have tried,6/16/2020,5,Yes,0
Na`Scent Ostomy Odor Eliminator 12oz - Single,"Na'Scent Ostomy Odor Eliminator 12 oz. [ Sold by the Each, Quantity per Each : 1 EA, Category : Per Fluid Ounce, Product Class : Ostomy ] Na`Scent is not a deodorant. This clear liquid doesn’t hide odor, it eliminates it by creating an oxygen-rich environment that eliminates odor-causing microbes in the pouch. For use in colostomy, ileostomy, and urostomy pouches and Stoma caps. Allows you to enjoy your favorite foods and socialize without worry. Requires only one to two squirts - depending on the need - directly into the pouch. The science behind it is complex, but the results are straightforward: ostomy odors not just masked but eliminated. Na'Scent doesn't use harsh chemicals or deodorants. The product is a clear, non-flammable, non-toxic, non-carcinogenic liquid. Na`Scent Eliminates odor by creating an oxygen-rich environment that eliminates odor-causing microbes in the pouch. it even enhances hygiene. Our customers SATISFACTION and QUALITY OF LIFE is our #1 PRIORITY! ""We guarantee Na`Scent will change your life.""",Carol,This product really does work!!!,I'm impressed! I received my order quickly!  It exceeds all other odor eliminators that I've tried. Great product! Highly recommended. I'm ordering more.,11/14/2018,5,Yes,0
Na`Scent Ostomy Odor Eliminator 12oz - Single,"Na'Scent Ostomy Odor Eliminator 12 oz. [ Sold by the Each, Quantity per Each : 1 EA, Category : Per Fluid Ounce, Product Class : Ostomy ] Na`Scent is not a deodorant. This clear liquid doesn’t hide odor, it eliminates it by creating an oxygen-rich environment that eliminates odor-causing microbes in the pouch. For use in colostomy, ileostomy, and urostomy pouches and Stoma caps. Allows you to enjoy your favorite foods and socialize without worry. Requires only one to two squirts - depending on the need - directly into the pouch. The science behind it is complex, but the results are straightforward: ostomy odors not just masked but eliminated. Na'Scent doesn't use harsh chemicals or deodorants. The product is a clear, non-flammable, non-toxic, non-carcinogenic liquid. Na`Scent Eliminates odor by creating an oxygen-rich environment that eliminates odor-causing microbes in the pouch. it even enhances hygiene. Our customers SATISFACTION and QUALITY OF LIFE is our #1 PRIORITY! ""We guarantee Na`Scent will change your life.""",JoeBlow,Outstanding product.,I recommend this to anyone needing such a product. Works outstanding for me.,10/19/2019,5,Yes,0
Na`Scent Ostomy Odor Eliminator 12oz - Single,"Na'Scent Ostomy Odor Eliminator 12 oz. [ Sold by the Each, Quantity per Each : 1 EA, Category : Per Fluid Ounce, Product Class : Ostomy ] Na`Scent is not a deodorant. This clear liquid doesn’t hide odor, it eliminates it by creating an oxygen-rich environment that eliminates odor-causing microbes in the pouch. For use in colostomy, ileostomy, and urostomy pouches and Stoma caps. Allows you to enjoy your favorite foods and socialize without worry. Requires only one to two squirts - depending on the need - directly into the pouch. The science behind it is complex, but the results are straightforward: ostomy odors not just masked but eliminated. Na'Scent doesn't use harsh chemicals or deodorants. The product is a clear, non-flammable, non-toxic, non-carcinogenic liquid. Na`Scent Eliminates odor by creating an oxygen-rich environment that eliminates odor-causing microbes in the pouch. it even enhances hygiene. Our customers SATISFACTION and QUALITY OF LIFE is our #1 PRIORITY! ""We guarantee Na`Scent will change your life.""",John McPherson,Excellent product,This stuff is fantastic. Eliminates odor from my ileostomy bag.,4/2/2020,5,Yes,0
Na`Scent Ostomy Odor Eliminator 12oz - Single,"Na'Scent Ostomy Odor Eliminator 12 oz. [ Sold by the Each, Quantity per Each : 1 EA, Category : Per Fluid Ounce, Product Class : Ostomy ] Na`Scent is not a deodorant. This clear liquid doesn’t hide odor, it eliminates it by creating an oxygen-rich environment that eliminates odor-causing microbes in the pouch. For use in colostomy, ileostomy, and urostomy pouches and Stoma caps. Allows you to enjoy your favorite foods and socialize without worry. Requires only one to two squirts - depending on the need - directly into the pouch. The science behind it is complex, but the results are straightforward: ostomy odors not just masked but eliminated. Na'Scent doesn't use harsh chemicals or deodorants. The product is a clear, non-flammable, non-toxic, non-carcinogenic liquid. Na`Scent Eliminates odor by creating an oxygen-rich environment that eliminates odor-causing microbes in the pouch. it even enhances hygiene. Our customers SATISFACTION and QUALITY OF LIFE is our #1 PRIORITY! ""We guarantee Na`Scent will change your life.""",Amazon Customer,Works,My husband says this works well for ileostomy order.,6/20/2019,5,Yes,0
Na`Scent Ostomy Odor Eliminator 12oz - Single,"Na'Scent Ostomy Odor Eliminator 12 oz. [ Sold by the Each, Quantity per Each : 1 EA, Category : Per Fluid Ounce, Product Class : Ostomy ] Na`Scent is not a deodorant. This clear liquid doesn’t hide odor, it eliminates it by creating an oxygen-rich environment that eliminates odor-causing microbes in the pouch. For use in colostomy, ileostomy, and urostomy pouches and Stoma caps. Allows you to enjoy your favorite foods and socialize without worry. Requires only one to two squirts - depending on the need - directly into the pouch. The science behind it is complex, but the results are straightforward: ostomy odors not just masked but eliminated. Na'Scent doesn't use harsh chemicals or deodorants. The product is a clear, non-flammable, non-toxic, non-carcinogenic liquid. Na`Scent Eliminates odor by creating an oxygen-rich environment that eliminates odor-causing microbes in the pouch. it even enhances hygiene. Our customers SATISFACTION and QUALITY OF LIFE is our #1 PRIORITY! ""We guarantee Na`Scent will change your life.""",Gayle Farrell,Good odor remover,Like the fact that it really works,7/6/2019,5,Yes,0
Na`Scent Ostomy Odor Eliminator 12oz - Single,"Na'Scent Ostomy Odor Eliminator 12 oz. [ Sold by the Each, Quantity per Each : 1 EA, Category : Per Fluid Ounce, Product Class : Ostomy ] Na`Scent is not a deodorant. This clear liquid doesn’t hide odor, it eliminates it by creating an oxygen-rich environment that eliminates odor-causing microbes in the pouch. For use in colostomy, ileostomy, and urostomy pouches and Stoma caps. Allows you to enjoy your favorite foods and socialize without worry. Requires only one to two squirts - depending on the need - directly into the pouch. The science behind it is complex, but the results are straightforward: ostomy odors not just masked but eliminated. Na'Scent doesn't use harsh chemicals or deodorants. The product is a clear, non-flammable, non-toxic, non-carcinogenic liquid. Na`Scent Eliminates odor by creating an oxygen-rich environment that eliminates odor-causing microbes in the pouch. it even enhances hygiene. Our customers SATISFACTION and QUALITY OF LIFE is our #1 PRIORITY! ""We guarantee Na`Scent will change your life.""",Tbglover,Great product for odor control,Love this product. Very efficient in odor control,12/23/2018,5,Yes,2
Na`Scent Ostomy Odor Eliminator 12oz - Single,"Na'Scent Ostomy Odor Eliminator 12 oz. [ Sold by the Each, Quantity per Each : 1 EA, Category : Per Fluid Ounce, Product Class : Ostomy ] Na`Scent is not a deodorant. This clear liquid doesn’t hide odor, it eliminates it by creating an oxygen-rich environment that eliminates odor-causing microbes in the pouch. For use in colostomy, ileostomy, and urostomy pouches and Stoma caps. Allows you to enjoy your favorite foods and socialize without worry. Requires only one to two squirts - depending on the need - directly into the pouch. The science behind it is complex, but the results are straightforward: ostomy odors not just masked but eliminated. Na'Scent doesn't use harsh chemicals or deodorants. The product is a clear, non-flammable, non-toxic, non-carcinogenic liquid. Na`Scent Eliminates odor by creating an oxygen-rich environment that eliminates odor-causing microbes in the pouch. it even enhances hygiene. Our customers SATISFACTION and QUALITY OF LIFE is our #1 PRIORITY! ""We guarantee Na`Scent will change your life.""",Brian Mackey,Na Scent vs. M9 -- My Experience,"I use Na Scent because it works best for my ileostomy.  I have tried M9, which works better for complete odor elimination, and only requires 3-4 drops instead of a big squirt at each empty.  But I'm happier with Na Scent because after about day 3, the M9 (which looks and smells exactly like RV-Blue) starts making your bag smell like an RV toilet every time you open it.  And the longer you go without a bag-change, the more the M9 chemical smell builds-up.  I find that repulsive.  In case you don't know, an ileostomy is a very stinky location to terminate the digestive tract.  And it's a smell that hangs around for a very long time and elicits much complaining from family members.  The Na Scent product does not eliminate this odor completely like M9.  But it doesn't add it's own repulsive chemical smell ever.  And a good squirt after each emptying knocks the odor back to no worse than my typical pre-surgery output.  My bathroom fan is broken, so I just open the door and within a few minutes any smell is gone.  No more complaints from others (or myself).  You can order free samples from the Na Scent website ($5 shipping) and give it a try.  Keep both those sample bottles for later use in your travel bag.  The one complaint I do have about Na Scent is that it takes so much product to work well, especially if you're eating fast-food or pepperoni pizzas.  My insurance allows x3 12 oz. bottles per month.  And I keep finding myself running low by the end of each month.  Which is why I'm on here buying more.  I hope you can apply my experience to your situation to figure-out which one is best for you.",11/18/2020,5,No,2
Na`Scent Ostomy Odor Eliminator 12oz - Single,"Na'Scent Ostomy Odor Eliminator 12 oz. [ Sold by the Each, Quantity per Each : 1 EA, Category : Per Fluid Ounce, Product Class : Ostomy ] Na`Scent is not a deodorant. This clear liquid doesn’t hide odor, it eliminates it by creating an oxygen-rich environment that eliminates odor-causing microbes in the pouch. For use in colostomy, ileostomy, and urostomy pouches and Stoma caps. Allows you to enjoy your favorite foods and socialize without worry. Requires only one to two squirts - depending on the need - directly into the pouch. The science behind it is complex, but the results are straightforward: ostomy odors not just masked but eliminated. Na'Scent doesn't use harsh chemicals or deodorants. The product is a clear, non-flammable, non-toxic, non-carcinogenic liquid. Na`Scent Eliminates odor by creating an oxygen-rich environment that eliminates odor-causing microbes in the pouch. it even enhances hygiene. Our customers SATISFACTION and QUALITY OF LIFE is our #1 PRIORITY! ""We guarantee Na`Scent will change your life.""",CASshop,Na`Scent really does the job!,"I've been using Na`Scent for over five years, and I would not use anything else.  Each time I empty my ostomy bag, I squirt a small amount of Na`Scent into the bag and I'm good to go.  I live in a small condo and this product has kept all ostomy odors away.  I feel so much better about bathroom smells because there are none.  I am even able to purchase a 90 day supply through Medicare.  The only minor negative I have is be careful that the product doesn't get on your clothing as it will lift the color.",5/8/2019,5,No,4
Na`Scent Ostomy Odor Eliminator 12oz - Single,"Na'Scent Ostomy Odor Eliminator 12 oz. [ Sold by the Each, Quantity per Each : 1 EA, Category : Per Fluid Ounce, Product Class : Ostomy ] Na`Scent is not a deodorant. This clear liquid doesn’t hide odor, it eliminates it by creating an oxygen-rich environment that eliminates odor-causing microbes in the pouch. For use in colostomy, ileostomy, and urostomy pouches and Stoma caps. Allows you to enjoy your favorite foods and socialize without worry. Requires only one to two squirts - depending on the need - directly into the pouch. The science behind it is complex, but the results are straightforward: ostomy odors not just masked but eliminated. Na'Scent doesn't use harsh chemicals or deodorants. The product is a clear, non-flammable, non-toxic, non-carcinogenic liquid. Na`Scent Eliminates odor by creating an oxygen-rich environment that eliminates odor-causing microbes in the pouch. it even enhances hygiene. Our customers SATISFACTION and QUALITY OF LIFE is our #1 PRIORITY! ""We guarantee Na`Scent will change your life.""",Flash,Five Stars,Tried others and this stuff works!,7/11/2018,5,No,3
Na`Scent Ostomy Odor Eliminator 12oz - Single,"Na'Scent Ostomy Odor Eliminator 12 oz. [ Sold by the Each, Quantity per Each : 1 EA, Category : Per Fluid Ounce, Product Class : Ostomy ] Na`Scent is not a deodorant. This clear liquid doesn’t hide odor, it eliminates it by creating an oxygen-rich environment that eliminates odor-causing microbes in the pouch. For use in colostomy, ileostomy, and urostomy pouches and Stoma caps. Allows you to enjoy your favorite foods and socialize without worry. Requires only one to two squirts - depending on the need - directly into the pouch. The science behind it is complex, but the results are straightforward: ostomy odors not just masked but eliminated. Na'Scent doesn't use harsh chemicals or deodorants. The product is a clear, non-flammable, non-toxic, non-carcinogenic liquid. Na`Scent Eliminates odor by creating an oxygen-rich environment that eliminates odor-causing microbes in the pouch. it even enhances hygiene. Our customers SATISFACTION and QUALITY OF LIFE is our #1 PRIORITY! ""We guarantee Na`Scent will change your life.""",Lynn McFall,Great product,This was the first time trying this brand and I couldn't of been more pleased! Works great and the price is great! Also their customer service is amazing!!,9/30/2022,5,Yes,0
Na`Scent Ostomy Odor Eliminator 12oz - Single,"Na'Scent Ostomy Odor Eliminator 12 oz. [ Sold by the Each, Quantity per Each : 1 EA, Category : Per Fluid Ounce, Product Class : Ostomy ] Na`Scent is not a deodorant. This clear liquid doesn’t hide odor, it eliminates it by creating an oxygen-rich environment that eliminates odor-causing microbes in the pouch. For use in colostomy, ileostomy, and urostomy pouches and Stoma caps. Allows you to enjoy your favorite foods and socialize without worry. Requires only one to two squirts - depending on the need - directly into the pouch. The science behind it is complex, but the results are straightforward: ostomy odors not just masked but eliminated. Na'Scent doesn't use harsh chemicals or deodorants. The product is a clear, non-flammable, non-toxic, non-carcinogenic liquid. Na`Scent Eliminates odor by creating an oxygen-rich environment that eliminates odor-causing microbes in the pouch. it even enhances hygiene. Our customers SATISFACTION and QUALITY OF LIFE is our #1 PRIORITY! ""We guarantee Na`Scent will change your life.""",Alfred G Bradford,REALLY IS NO SMELL FOR MY OSTOMY,Came in within 2 days of order I have used for 20+ years always have worked,8/13/2022,5,Yes,0
Safe n' Simple Ostomy Pouch Deodorant Classic Blue - Safe Deodorant - Colostomy Bag Odor Eliminator - Colostomy Deodorizer - 8 Fluid Ounce Drops,Fantastic odor control with no perfumes or artificial scents added for discreet protection. Blue formula helps to see the liquid inside the pouch. Leak-proof seal on bottle to prevent spills before opened. Push top cap to ensure liquid does not escape cap. ALSO AVAILABLE IN A CLEAR FORMULATION (PART NUMBER SNS41408),dianastasia,It is OK. It is Blue. I didn't smell any fragrance,I don't like that the liquid is blue. Just my preference for it to be clear.  Then it had no smell at all. I thought which it doesn't say it is lubricating as well like most are. This one is not lubricating.,5/31/2024,3,Yes,0
Safe n' Simple Ostomy Pouch Deodorant Classic Blue - Safe Deodorant - Colostomy Bag Odor Eliminator - Colostomy Deodorizer - 8 Fluid Ounce Drops,Fantastic odor control with no perfumes or artificial scents added for discreet protection. Blue formula helps to see the liquid inside the pouch. Leak-proof seal on bottle to prevent spills before opened. Push top cap to ensure liquid does not escape cap. ALSO AVAILABLE IN A CLEAR FORMULATION (PART NUMBER SNS41408),Mike Jazz,does not work effectively,"does not assist in lubrication to discharge waste from the ostemy bag. it is also blue liquid, so if the bag you are using is transparent on one side, then it will make the bag look like its filled with black diareeah. i had to go to the doctors to get an update on reattaching my colon and he even recommended that i use another product cause it caused a slight discoloration. i woukd return it, but it is uneligable for returns",9/5/2024,1,Yes,0
Safe n' Simple Ostomy Pouch Deodorant Classic Blue - Safe Deodorant - Colostomy Bag Odor Eliminator - Colostomy Deodorizer - 8 Fluid Ounce Drops,Fantastic odor control with no perfumes or artificial scents added for discreet protection. Blue formula helps to see the liquid inside the pouch. Leak-proof seal on bottle to prevent spills before opened. Push top cap to ensure liquid does not escape cap. ALSO AVAILABLE IN A CLEAR FORMULATION (PART NUMBER SNS41408),James p.,Blue dye???,"The blue dye in this product is a big no from us!! We used it one time for our grandson who is 2.5 years old, We can’t afford to keep replacing clothing due to staining. We would buy it again but only if it’s dye free.",5/30/2024,3,Yes,0
Safe n' Simple Ostomy Pouch Deodorant Classic Blue - Safe Deodorant - Colostomy Bag Odor Eliminator - Colostomy Deodorizer - 8 Fluid Ounce Drops,Fantastic odor control with no perfumes or artificial scents added for discreet protection. Blue formula helps to see the liquid inside the pouch. Leak-proof seal on bottle to prevent spills before opened. Push top cap to ensure liquid does not escape cap. ALSO AVAILABLE IN A CLEAR FORMULATION (PART NUMBER SNS41408),CLD,Irritates skin and doesn’t fully take away smell,"This is significantly cheaper than name brand. It irritated the skin and even caused a small infection because of it. It works slightly better for the smell than the name brand. This is not a lubricant like name brand. I wish it didn’t cause irritation, we would have kept using.",10/4/2024,2,Yes,0
Safe n' Simple Ostomy Pouch Deodorant Classic Blue - Safe Deodorant - Colostomy Bag Odor Eliminator - Colostomy Deodorizer - 8 Fluid Ounce Drops,Fantastic odor control with no perfumes or artificial scents added for discreet protection. Blue formula helps to see the liquid inside the pouch. Leak-proof seal on bottle to prevent spills before opened. Push top cap to ensure liquid does not escape cap. ALSO AVAILABLE IN A CLEAR FORMULATION (PART NUMBER SNS41408),Siren,Didn’t help much,This product for me didn’t help much. I tried playing the amounts and still nothing. It was very easy to use which was a pro. The bottle is small as well if you’d like to carry with you in a small bag and the bottle seemed leak proof.,9/22/2024,2,Yes,0
Safe n' Simple Ostomy Pouch Deodorant Classic Blue - Safe Deodorant - Colostomy Bag Odor Eliminator - Colostomy Deodorizer - 8 Fluid Ounce Drops,Fantastic odor control with no perfumes or artificial scents added for discreet protection. Blue formula helps to see the liquid inside the pouch. Leak-proof seal on bottle to prevent spills before opened. Push top cap to ensure liquid does not escape cap. ALSO AVAILABLE IN A CLEAR FORMULATION (PART NUMBER SNS41408),S. Trudeau,"Works ok, but watery.","I normally use the Hollister m9.  I was in limbo with my doctor's office getting the prescription for my ostomy supply order, so I found this on Amazon as a cheap emergency option since I was nearly out of the m9.  Unfortunately, it wasn't delivered on time and Amazon initially had no idea where the delivery was when I called them to find out since I had a tracking number that even they couldn't figure out.  So it was a fake tracking number I guess.  They told me to wait 24 hours to see if I got it the next day.  So, of course, the next day a different tracking number appeared and it showed up the next day.  I guess the sender realized they messed up or forgot to send it out or something...I don't know and don't care since I won't be ordering from them again...or this product again.So, as to this product, I gave it 3 stars since it does work, but compared to the m9, it is very watery so you have to use more.  I put it into the 1oz m9 squeeze bottle, but it would leak from the tip more than the m9 and leave a big mess in the cap when you open it.",12/28/2021,3,Yes,0
Safe n' Simple Ostomy Pouch Deodorant Classic Blue - Safe Deodorant - Colostomy Bag Odor Eliminator - Colostomy Deodorizer - 8 Fluid Ounce Drops,Fantastic odor control with no perfumes or artificial scents added for discreet protection. Blue formula helps to see the liquid inside the pouch. Leak-proof seal on bottle to prevent spills before opened. Push top cap to ensure liquid does not escape cap. ALSO AVAILABLE IN A CLEAR FORMULATION (PART NUMBER SNS41408),James S.,"Okay for odors, poor lubrication","It does a fair job at deodorizing, not great. The bottle indicates it also lubricates. That's simply not true. Switching to a different product.",3/28/2024,3,Yes,0
Safe n' Simple Ostomy Pouch Deodorant Classic Blue - Safe Deodorant - Colostomy Bag Odor Eliminator - Colostomy Deodorizer - 8 Fluid Ounce Drops,Fantastic odor control with no perfumes or artificial scents added for discreet protection. Blue formula helps to see the liquid inside the pouch. Leak-proof seal on bottle to prevent spills before opened. Push top cap to ensure liquid does not escape cap. ALSO AVAILABLE IN A CLEAR FORMULATION (PART NUMBER SNS41408),AmazonCustomer,Not properly packed for shipping,"The deodorant works, but it leaked in the box and stained other items that were shipped with it.",8/6/2024,2,Yes,0
Safe n' Simple Ostomy Pouch Deodorant Classic Blue - Safe Deodorant - Colostomy Bag Odor Eliminator - Colostomy Deodorizer - 8 Fluid Ounce Drops,Fantastic odor control with no perfumes or artificial scents added for discreet protection. Blue formula helps to see the liquid inside the pouch. Leak-proof seal on bottle to prevent spills before opened. Push top cap to ensure liquid does not escape cap. ALSO AVAILABLE IN A CLEAR FORMULATION (PART NUMBER SNS41408),cowgirlpat,Doesn't work aa well as my previous deodorant A little disappointed,Did not work that well to diminish odors,1/30/2024,3,Yes,0
Safe n' Simple Ostomy Pouch Deodorant Classic Blue - Safe Deodorant - Colostomy Bag Odor Eliminator - Colostomy Deodorizer - 8 Fluid Ounce Drops,Fantastic odor control with no perfumes or artificial scents added for discreet protection. Blue formula helps to see the liquid inside the pouch. Leak-proof seal on bottle to prevent spills before opened. Push top cap to ensure liquid does not escape cap. ALSO AVAILABLE IN A CLEAR FORMULATION (PART NUMBER SNS41408),Lanita k sage,Didn’t do away with odor,Ostomy pouch,1/24/2024,3,Yes,0
Safe n' Simple Ostomy Pouch Deodorant Classic Blue - Safe Deodorant - Colostomy Bag Odor Eliminator - Colostomy Deodorizer - 8 Fluid Ounce Drops,Fantastic odor control with no perfumes or artificial scents added for discreet protection. Blue formula helps to see the liquid inside the pouch. Leak-proof seal on bottle to prevent spills before opened. Push top cap to ensure liquid does not escape cap. ALSO AVAILABLE IN A CLEAR FORMULATION (PART NUMBER SNS41408),C.Bat,But why blue?,"This definitely works for eliminating the smell associated with my daughter’s ileostomy output... only complaint is the blue color. Her bag leaks at times, which makes this more troublesome as it tinges everything a greenish color and is difficult the get out. Also can make it confusing to tell if there is bile mixed in with the output. I started adding it only at bag emtpy times or changes for this reason, which means we’re still dealing with the smells during ventings or when the bag is initially opened.UPDATE:  after using this a few times, my daughter began itching and had a spotty rash that extending from her bellybutton area to around her back.  We are no longer able to use this, but it does eliminate odor. I have 2 bottles, so I’m going to try alternate uses like keeping it in the bathroom to put in the toilet before people poop LOL",1/18/2021,3,Yes,3
Safe n' Simple Ostomy Pouch Deodorant Classic Blue - Safe Deodorant - Colostomy Bag Odor Eliminator - Colostomy Deodorizer - 8 Fluid Ounce Drops,Fantastic odor control with no perfumes or artificial scents added for discreet protection. Blue formula helps to see the liquid inside the pouch. Leak-proof seal on bottle to prevent spills before opened. Push top cap to ensure liquid does not escape cap. ALSO AVAILABLE IN A CLEAR FORMULATION (PART NUMBER SNS41408),Boo,this product is trash.  its liquid and i needed it to be powder,liquid not powder.  there is no return on this product so i threw it in the trash.  what a waste,10/24/2024,1,Yes,0
Safe n' Simple Ostomy Pouch Deodorant Classic Blue - Safe Deodorant - Colostomy Bag Odor Eliminator - Colostomy Deodorizer - 8 Fluid Ounce Drops,Fantastic odor control with no perfumes or artificial scents added for discreet protection. Blue formula helps to see the liquid inside the pouch. Leak-proof seal on bottle to prevent spills before opened. Push top cap to ensure liquid does not escape cap. ALSO AVAILABLE IN A CLEAR FORMULATION (PART NUMBER SNS41408),Michele G. Fuqua,"Did not care for scent, dark green color was off putting, and Ed up throwing it out",Not a fan of the scent provided.,6/16/2024,2,Yes,0
Safe n' Simple Ostomy Pouch Deodorant Classic Blue - Safe Deodorant - Colostomy Bag Odor Eliminator - Colostomy Deodorizer - 8 Fluid Ounce Drops,Fantastic odor control with no perfumes or artificial scents added for discreet protection. Blue formula helps to see the liquid inside the pouch. Leak-proof seal on bottle to prevent spills before opened. Push top cap to ensure liquid does not escape cap. ALSO AVAILABLE IN A CLEAR FORMULATION (PART NUMBER SNS41408),marina s,Amazon cannot deliver as promised,"Late late late, sent postal mail FROM AMAZON! This is a medical item. Without your promises, you are nothing. Impossible to contact as well",10/8/2024,1,Yes,0
Safe n' Simple Ostomy Pouch Deodorant Classic Blue - Safe Deodorant - Colostomy Bag Odor Eliminator - Colostomy Deodorizer - 8 Fluid Ounce Drops,Fantastic odor control with no perfumes or artificial scents added for discreet protection. Blue formula helps to see the liquid inside the pouch. Leak-proof seal on bottle to prevent spills before opened. Push top cap to ensure liquid does not escape cap. ALSO AVAILABLE IN A CLEAR FORMULATION (PART NUMBER SNS41408),Jeanne,lid is not easy to use,the lid is too big. it gets matter on it when it is in the pouch. Also the product is not easy to direct because of the lid so it goes all over the place.,5/8/2023,3,Yes,0
Safe n' Simple Ostomy Pouch Deodorant Classic Blue - Safe Deodorant - Colostomy Bag Odor Eliminator - Colostomy Deodorizer - 8 Fluid Ounce Drops,Fantastic odor control with no perfumes or artificial scents added for discreet protection. Blue formula helps to see the liquid inside the pouch. Leak-proof seal on bottle to prevent spills before opened. Push top cap to ensure liquid does not escape cap. ALSO AVAILABLE IN A CLEAR FORMULATION (PART NUMBER SNS41408),Roy Blaine,"Okay, but not as effective as m9 Drops",Bottle is difficult to use and tends to be messy when using it; deodorant is not as effective at reducing odors as either m9 or Adapt deodorant.,4/12/2023,3,Yes,3
Safe n' Simple Ostomy Pouch Deodorant Classic Blue - Safe Deodorant - Colostomy Bag Odor Eliminator - Colostomy Deodorizer - 8 Fluid Ounce Drops,Fantastic odor control with no perfumes or artificial scents added for discreet protection. Blue formula helps to see the liquid inside the pouch. Leak-proof seal on bottle to prevent spills before opened. Push top cap to ensure liquid does not escape cap. ALSO AVAILABLE IN A CLEAR FORMULATION (PART NUMBER SNS41408),Peggy,It leaked.  It is blue and can stain my clothes and they won't allow a refund or replacement,It is blue and can stain it leaks and amazon won't allow a refund return or replacement.  Don't buy.,8/28/2024,1,Yes,0
Safe n' Simple Ostomy Pouch Deodorant Classic Blue - Safe Deodorant - Colostomy Bag Odor Eliminator - Colostomy Deodorizer - 8 Fluid Ounce Drops,Fantastic odor control with no perfumes or artificial scents added for discreet protection. Blue formula helps to see the liquid inside the pouch. Leak-proof seal on bottle to prevent spills before opened. Push top cap to ensure liquid does not escape cap. ALSO AVAILABLE IN A CLEAR FORMULATION (PART NUMBER SNS41408),Chris Sanchez,Works well,"Works so well! Very easy to use and keep next to the toilet. The only downfall is it’s difficult to travel with because no matter how tight the lid is on, it spills everywhere. I lost about half a bottle in a suitcase.",10/16/2022,3,Yes,0
Safe n' Simple Ostomy Pouch Deodorant Classic Blue - Safe Deodorant - Colostomy Bag Odor Eliminator - Colostomy Deodorizer - 8 Fluid Ounce Drops,Fantastic odor control with no perfumes or artificial scents added for discreet protection. Blue formula helps to see the liquid inside the pouch. Leak-proof seal on bottle to prevent spills before opened. Push top cap to ensure liquid does not escape cap. ALSO AVAILABLE IN A CLEAR FORMULATION (PART NUMBER SNS41408),Danib,BUYER BEWARE!,"I have used the Assure C odor eliminator and I liked it well enough to order it from Amazon.  The product information defaults to the ""blue"" type of odor eliminator.  I have never seen an odor eliminator that is blue in color, so I admit I didn't see that.  When I received it and went to open the bottle I saw that there was a warning that it was blue in color and might stain!  What?  Why on earth would they even think of producing an ostomy odor eliminator that was blue and might stain!  What possible purpose could the coloring have?  A bad thing for me - as I could not imagine that this product was blue and might stain, is that the site defaults to the blue color product.I will be keeping both bottles - probably throwing them out actually - although I only opened one, as the information was there.  To me  having a colored odor eliminator makes no sense, and as the site defaults to the blue color, I made a big mistake.  I do like the clear Assure C.  I just wanted to give other potential purchasers a heads-up that they need to change the selection to the ""clear"" type of eliminator or they will end up with useless products the way I have.",3/25/2020,1,Yes,25
Safe n' Simple Ostomy Pouch Deodorant Classic Blue - Safe Deodorant - Colostomy Bag Odor Eliminator - Colostomy Deodorizer - 8 Fluid Ounce Drops,Fantastic odor control with no perfumes or artificial scents added for discreet protection. Blue formula helps to see the liquid inside the pouch. Leak-proof seal on bottle to prevent spills before opened. Push top cap to ensure liquid does not escape cap. ALSO AVAILABLE IN A CLEAR FORMULATION (PART NUMBER SNS41408),B. PARKER,Can’t get this from my ostomy supplier,Someone on your end sent wrong product… ugh!  I can’t reward for poor service even though the product I ordered I love !,10/20/2022,3,Yes,0
Safe n' Simple Ostomy Pouch Deodorant Classic Blue - Safe Deodorant - Colostomy Bag Odor Eliminator - Colostomy Deodorizer - 8 Fluid Ounce Drops,Fantastic odor control with no perfumes or artificial scents added for discreet protection. Blue formula helps to see the liquid inside the pouch. Leak-proof seal on bottle to prevent spills before opened. Push top cap to ensure liquid does not escape cap. ALSO AVAILABLE IN A CLEAR FORMULATION (PART NUMBER SNS41408),Holly,It works,The product works however I don’t care for it myself. It is blue which could be an issue if it gets on your clothing. I prefer a clear product,4/14/2022,3,Yes,0
Safe n' Simple Ostomy Pouch Deodorant Classic Blue - Safe Deodorant - Colostomy Bag Odor Eliminator - Colostomy Deodorizer - 8 Fluid Ounce Drops,Fantastic odor control with no perfumes or artificial scents added for discreet protection. Blue formula helps to see the liquid inside the pouch. Leak-proof seal on bottle to prevent spills before opened. Push top cap to ensure liquid does not escape cap. ALSO AVAILABLE IN A CLEAR FORMULATION (PART NUMBER SNS41408),Cee N.,Not as good as Adapt Pouch lube/deodorant,"Safe n’ Simple is watery, unlike Adapt which is somewhat thicker and coats the pouch lining.  Adapt does a better job deodorizing, whereas I can smell myself with S n’ S.  And S n’ S does stain, as the bottle says, so you need to wash off any spills on clothing etc. or use stain remover before washing, and since it is watery it drips and spills more easily than something thicker.  Pay the few extra dollars for Adapt.",3/28/2022,2,Yes,0
Safe n' Simple Ostomy Pouch Deodorant Classic Blue - Safe Deodorant - Colostomy Bag Odor Eliminator - Colostomy Deodorizer - 8 Fluid Ounce Drops,Fantastic odor control with no perfumes or artificial scents added for discreet protection. Blue formula helps to see the liquid inside the pouch. Leak-proof seal on bottle to prevent spills before opened. Push top cap to ensure liquid does not escape cap. ALSO AVAILABLE IN A CLEAR FORMULATION (PART NUMBER SNS41408),Angelia,Bottle covers not on tight,"Leaked all out, no refunds.  Ridiculous",8/23/2024,1,Yes,0
Safe n' Simple Ostomy Pouch Deodorant Classic Blue - Safe Deodorant - Colostomy Bag Odor Eliminator - Colostomy Deodorizer - 8 Fluid Ounce Drops,Fantastic odor control with no perfumes or artificial scents added for discreet protection. Blue formula helps to see the liquid inside the pouch. Leak-proof seal on bottle to prevent spills before opened. Push top cap to ensure liquid does not escape cap. ALSO AVAILABLE IN A CLEAR FORMULATION (PART NUMBER SNS41408),James J Dunn,Terrible product.,Does not work. And I can't not return. Not allowed.,7/27/2024,1,Yes,0
Safe n' Simple Ostomy Pouch Deodorant Classic Blue - Safe Deodorant - Colostomy Bag Odor Eliminator - Colostomy Deodorizer - 8 Fluid Ounce Drops,Fantastic odor control with no perfumes or artificial scents added for discreet protection. Blue formula helps to see the liquid inside the pouch. Leak-proof seal on bottle to prevent spills before opened. Push top cap to ensure liquid does not escape cap. ALSO AVAILABLE IN A CLEAR FORMULATION (PART NUMBER SNS41408),Carl F.,Disappointed,Disappointed,1/28/2023,3,Yes,2
Safe n' Simple Ostomy Pouch Deodorant Classic Blue - Safe Deodorant - Colostomy Bag Odor Eliminator - Colostomy Deodorizer - 8 Fluid Ounce Drops,Fantastic odor control with no perfumes or artificial scents added for discreet protection. Blue formula helps to see the liquid inside the pouch. Leak-proof seal on bottle to prevent spills before opened. Push top cap to ensure liquid does not escape cap. ALSO AVAILABLE IN A CLEAR FORMULATION (PART NUMBER SNS41408),K. W. Craft,Not what I hoped for.,This is not the economical substitute for Hollister M9 that I hoped for. It's not a great deodorizer.,5/20/2022,3,Yes,0
Safe n' Simple Ostomy Pouch Deodorant Classic Blue - Safe Deodorant - Colostomy Bag Odor Eliminator - Colostomy Deodorizer - 8 Fluid Ounce Drops,Fantastic odor control with no perfumes or artificial scents added for discreet protection. Blue formula helps to see the liquid inside the pouch. Leak-proof seal on bottle to prevent spills before opened. Push top cap to ensure liquid does not escape cap. ALSO AVAILABLE IN A CLEAR FORMULATION (PART NUMBER SNS41408),Cheryl A. Piros,Save your money,"This product did NOT work at all. Not only that but the blue coloring turns the stool black and therefore, it is impossible to determine if there is internal bleeding (indicated by black stool). I do NOT recommend this product to anyone.",3/8/2024,1,Yes,5
Safe n' Simple Ostomy Pouch Deodorant Classic Blue - Safe Deodorant - Colostomy Bag Odor Eliminator - Colostomy Deodorizer - 8 Fluid Ounce Drops,Fantastic odor control with no perfumes or artificial scents added for discreet protection. Blue formula helps to see the liquid inside the pouch. Leak-proof seal on bottle to prevent spills before opened. Push top cap to ensure liquid does not escape cap. ALSO AVAILABLE IN A CLEAR FORMULATION (PART NUMBER SNS41408),Amazon Customer,Will not buy again...,Thought I would try this but didn't care forthe blue color.,7/22/2024,1,Yes,0
Safe n' Simple Ostomy Pouch Deodorant Classic Blue - Safe Deodorant - Colostomy Bag Odor Eliminator - Colostomy Deodorizer - 8 Fluid Ounce Drops,Fantastic odor control with no perfumes or artificial scents added for discreet protection. Blue formula helps to see the liquid inside the pouch. Leak-proof seal on bottle to prevent spills before opened. Push top cap to ensure liquid does not escape cap. ALSO AVAILABLE IN A CLEAR FORMULATION (PART NUMBER SNS41408),ACC,Not effective,This does not provide much protection at all. I could still smell the strong odor in my pouch. HIGHLY recommend going with a different product. This product does NOT offer a return.,5/2/2024,1,Yes,2
Safe n' Simple Ostomy Pouch Deodorant Classic Blue - Safe Deodorant - Colostomy Bag Odor Eliminator - Colostomy Deodorizer - 8 Fluid Ounce Drops,Fantastic odor control with no perfumes or artificial scents added for discreet protection. Blue formula helps to see the liquid inside the pouch. Leak-proof seal on bottle to prevent spills before opened. Push top cap to ensure liquid does not escape cap. ALSO AVAILABLE IN A CLEAR FORMULATION (PART NUMBER SNS41408),Lisa,It’s ok,I don’t like that it’s a liquid not a gel but it’s ok,5/25/2022,3,Yes,0
Safe n' Simple Ostomy Pouch Deodorant Classic Blue - Safe Deodorant - Colostomy Bag Odor Eliminator - Colostomy Deodorizer - 8 Fluid Ounce Drops,Fantastic odor control with no perfumes or artificial scents added for discreet protection. Blue formula helps to see the liquid inside the pouch. Leak-proof seal on bottle to prevent spills before opened. Push top cap to ensure liquid does not escape cap. ALSO AVAILABLE IN A CLEAR FORMULATION (PART NUMBER SNS41408),Kindle Customer,Effective but wish it was colorless,It does help with the odor but I wish it wasn't blue and that it was clear because it makes everything in your bag look black,4/13/2021,3,Yes,2
Safe n' Simple Ostomy Pouch Deodorant Classic Blue - Safe Deodorant - Colostomy Bag Odor Eliminator - Colostomy Deodorizer - 8 Fluid Ounce Drops,Fantastic odor control with no perfumes or artificial scents added for discreet protection. Blue formula helps to see the liquid inside the pouch. Leak-proof seal on bottle to prevent spills before opened. Push top cap to ensure liquid does not escape cap. ALSO AVAILABLE IN A CLEAR FORMULATION (PART NUMBER SNS41408),Joseph M.,It's blue and it stains!!! I can't imagine anyone with a colostomy wanting to use this product.,"How can you sell this to people with a colostomy when it stains and the consistency is like water? I tried a small amount, and it stained the bag and when I duped it out, it stained the toilet. The worst part is, you won't take it back. I purchased it because my insurance company pays for two bottles of adapt, and I buy two more a month from Amazon for $21.00 each!  Completely disgusted!",1/6/2024,1,Yes,3
Safe n' Simple Ostomy Pouch Deodorant Classic Blue - Safe Deodorant - Colostomy Bag Odor Eliminator - Colostomy Deodorizer - 8 Fluid Ounce Drops,Fantastic odor control with no perfumes or artificial scents added for discreet protection. Blue formula helps to see the liquid inside the pouch. Leak-proof seal on bottle to prevent spills before opened. Push top cap to ensure liquid does not escape cap. ALSO AVAILABLE IN A CLEAR FORMULATION (PART NUMBER SNS41408),Dawn Brewster,Not as good as reviews I read beforehand,"The reviews I read before purchasing this product, were of a fantastic odor eliminating drops. That’s not my experience. You have to use a lot of it to make a difference in the least bit. Also, it took an abnormally lengthy time to be delivered.",7/26/2019,3,Yes,0
Safe n' Simple Ostomy Pouch Deodorant Classic Blue - Safe Deodorant - Colostomy Bag Odor Eliminator - Colostomy Deodorizer - 8 Fluid Ounce Drops,Fantastic odor control with no perfumes or artificial scents added for discreet protection. Blue formula helps to see the liquid inside the pouch. Leak-proof seal on bottle to prevent spills before opened. Push top cap to ensure liquid does not escape cap. ALSO AVAILABLE IN A CLEAR FORMULATION (PART NUMBER SNS41408),Texan,BLUE DYE and has no smell,Buyer beware that his product is tinted with a dark blue dye.  The product has zero smell.  The bottle clearly states that it will stain items.  I would not suggest this item and it is non-returnable.,2/29/2024,1,Yes,0
Safe n' Simple Ostomy Pouch Deodorant Classic Blue - Safe Deodorant - Colostomy Bag Odor Eliminator - Colostomy Deodorizer - 8 Fluid Ounce Drops,Fantastic odor control with no perfumes or artificial scents added for discreet protection. Blue formula helps to see the liquid inside the pouch. Leak-proof seal on bottle to prevent spills before opened. Push top cap to ensure liquid does not escape cap. ALSO AVAILABLE IN A CLEAR FORMULATION (PART NUMBER SNS41408),KELLYE SMITH,Didn’t work,Product did not reduce odor at all. Waste of money. Not returnable.,7/5/2024,1,Yes,2
Safe n' Simple Ostomy Pouch Deodorant Classic Blue - Safe Deodorant - Colostomy Bag Odor Eliminator - Colostomy Deodorizer - 8 Fluid Ounce Drops,Fantastic odor control with no perfumes or artificial scents added for discreet protection. Blue formula helps to see the liquid inside the pouch. Leak-proof seal on bottle to prevent spills before opened. Push top cap to ensure liquid does not escape cap. ALSO AVAILABLE IN A CLEAR FORMULATION (PART NUMBER SNS41408),DadByDefault,Blue gave me the Blues: The watered down Alternative,"If we are talking price point, then it's a great ""alternative"" to the Hollister product. That's where I'll stop with the compliments.I've had my ostomy almost a year, and it's so important that my brain feels calm and collective while cleaning my bag. To be frank, it's simply too watered down, which makes such a mess. To add to it, the blue stains on everything.I find myself to be very patient and fair, but this alternative will not be purchased again. Pretty disappointed.",4/17/2020,2,Yes,0
Safe n' Simple Ostomy Pouch Deodorant Classic Blue - Safe Deodorant - Colostomy Bag Odor Eliminator - Colostomy Deodorizer - 8 Fluid Ounce Drops,Fantastic odor control with no perfumes or artificial scents added for discreet protection. Blue formula helps to see the liquid inside the pouch. Leak-proof seal on bottle to prevent spills before opened. Push top cap to ensure liquid does not escape cap. ALSO AVAILABLE IN A CLEAR FORMULATION (PART NUMBER SNS41408),Tina L. Pierce,Didn’t work,This deodorant did not work for my colostomy bag.,5/3/2022,3,Yes,0
Safe n' Simple Ostomy Pouch Deodorant Classic Blue - Safe Deodorant - Colostomy Bag Odor Eliminator - Colostomy Deodorizer - 8 Fluid Ounce Drops,Fantastic odor control with no perfumes or artificial scents added for discreet protection. Blue formula helps to see the liquid inside the pouch. Leak-proof seal on bottle to prevent spills before opened. Push top cap to ensure liquid does not escape cap. ALSO AVAILABLE IN A CLEAR FORMULATION (PART NUMBER SNS41408),Wendell,"Liquid Good, Bottle Bad","The deodorant seemed to work well. Unfortunately, the bottle is crap and I lost a great deal of the liquid to leakage on my trip. The pic is after my return flight. The bottle was maybe 1/3 full and in my carry-on so no issues with pressure. Same happened with the full bottle on my flight out ... only far more liquid. Thankfully, the bottle was in a ziploc then, as well.",8/25/2021,2,Yes,5
Safe n' Simple Ostomy Pouch Deodorant Classic Blue - Safe Deodorant - Colostomy Bag Odor Eliminator - Colostomy Deodorizer - 8 Fluid Ounce Drops,Fantastic odor control with no perfumes or artificial scents added for discreet protection. Blue formula helps to see the liquid inside the pouch. Leak-proof seal on bottle to prevent spills before opened. Push top cap to ensure liquid does not escape cap. ALSO AVAILABLE IN A CLEAR FORMULATION (PART NUMBER SNS41408),Jenny W,Does not eliminate or even reduce odor,"This does nothing to little to reduce the odor. As there are no instructions on how much you should use I started with 3 drops and worked my way up to about 10. No difference,  still a nasty stench.I'm glad I bought the smaller bottle so I didn't waste too much money.",2/20/2022,2,Yes,2
Safe n' Simple Ostomy Pouch Deodorant Classic Blue - Safe Deodorant - Colostomy Bag Odor Eliminator - Colostomy Deodorizer - 8 Fluid Ounce Drops,Fantastic odor control with no perfumes or artificial scents added for discreet protection. Blue formula helps to see the liquid inside the pouch. Leak-proof seal on bottle to prevent spills before opened. Push top cap to ensure liquid does not escape cap. ALSO AVAILABLE IN A CLEAR FORMULATION (PART NUMBER SNS41408),Kindle Customer,beware of dyes in this product,Not safe. Contains blue dye. No need for that. Will not use.,5/16/2024,1,Yes,0
Safe n' Simple Ostomy Pouch Deodorant Classic Blue - Safe Deodorant - Colostomy Bag Odor Eliminator - Colostomy Deodorizer - 8 Fluid Ounce Drops,Fantastic odor control with no perfumes or artificial scents added for discreet protection. Blue formula helps to see the liquid inside the pouch. Leak-proof seal on bottle to prevent spills before opened. Push top cap to ensure liquid does not escape cap. ALSO AVAILABLE IN A CLEAR FORMULATION (PART NUMBER SNS41408),Ed,Water based.,"I don’t like that it is like water , it seems to mask the smell though.",5/27/2021,3,Yes,0
Safe n' Simple Ostomy Pouch Deodorant Classic Blue - Safe Deodorant - Colostomy Bag Odor Eliminator - Colostomy Deodorizer - 8 Fluid Ounce Drops,Fantastic odor control with no perfumes or artificial scents added for discreet protection. Blue formula helps to see the liquid inside the pouch. Leak-proof seal on bottle to prevent spills before opened. Push top cap to ensure liquid does not escape cap. ALSO AVAILABLE IN A CLEAR FORMULATION (PART NUMBER SNS41408),Amazon Customer,Issues,Broke out in a rash when started to use.,3/16/2024,1,Yes,0
Safe n' Simple Ostomy Pouch Deodorant Classic Blue - Safe Deodorant - Colostomy Bag Odor Eliminator - Colostomy Deodorizer - 8 Fluid Ounce Drops,Fantastic odor control with no perfumes or artificial scents added for discreet protection. Blue formula helps to see the liquid inside the pouch. Leak-proof seal on bottle to prevent spills before opened. Push top cap to ensure liquid does not escape cap. ALSO AVAILABLE IN A CLEAR FORMULATION (PART NUMBER SNS41408),Dr Bob,Too much tape on bottle,Tape on bottle covered over the directions and ingredients of the product .,4/2/2021,3,Yes,0
Safe n' Simple Ostomy Pouch Deodorant Classic Blue - Safe Deodorant - Colostomy Bag Odor Eliminator - Colostomy Deodorizer - 8 Fluid Ounce Drops,Fantastic odor control with no perfumes or artificial scents added for discreet protection. Blue formula helps to see the liquid inside the pouch. Leak-proof seal on bottle to prevent spills before opened. Push top cap to ensure liquid does not escape cap. ALSO AVAILABLE IN A CLEAR FORMULATION (PART NUMBER SNS41408),njnana,Terrible,"Home nurses provided us with similar product that  was thicker and provided a thin film on the inside of pouch. I bought this one and it is the consistency of water. It was difficult to control amount to pour into pouch and was much to runny. I should have asked for a refund but have lots on my plate right now so not worth the time. But I do NOT recommend this product. It's dark blue, runny, and hard to control for use intended.",1/31/2022,1,Yes,2
Safe n' Simple Ostomy Pouch Deodorant Classic Blue - Safe Deodorant - Colostomy Bag Odor Eliminator - Colostomy Deodorizer - 8 Fluid Ounce Drops,Fantastic odor control with no perfumes or artificial scents added for discreet protection. Blue formula helps to see the liquid inside the pouch. Leak-proof seal on bottle to prevent spills before opened. Push top cap to ensure liquid does not escape cap. ALSO AVAILABLE IN A CLEAR FORMULATION (PART NUMBER SNS41408),Rusty’s Mama,Toilet bowl cleaner,"I guess I didn’t realize it was blue, didn’t even imagine after using other lubricant deodorants, also very thin, not lubricating. My own fault for not reading enough about it before buying, but will not but again. Feel like I’m putting toilet bowl cleaner in my pouch. Also says it may stain. Just be aware if you plan to buy!",8/31/2021,1,Yes,0
Safe n' Simple Ostomy Pouch Deodorant Classic Blue - Safe Deodorant - Colostomy Bag Odor Eliminator - Colostomy Deodorizer - 8 Fluid Ounce Drops,Fantastic odor control with no perfumes or artificial scents added for discreet protection. Blue formula helps to see the liquid inside the pouch. Leak-proof seal on bottle to prevent spills before opened. Push top cap to ensure liquid does not escape cap. ALSO AVAILABLE IN A CLEAR FORMULATION (PART NUMBER SNS41408),Bradley Griffis,Doesn’t work!,Doesn’t work as advertised. Save your money.,10/14/2022,2,Yes,0
Safe n' Simple Ostomy Pouch Deodorant Classic Blue - Safe Deodorant - Colostomy Bag Odor Eliminator - Colostomy Deodorizer - 8 Fluid Ounce Drops,Fantastic odor control with no perfumes or artificial scents added for discreet protection. Blue formula helps to see the liquid inside the pouch. Leak-proof seal on bottle to prevent spills before opened. Push top cap to ensure liquid does not escape cap. ALSO AVAILABLE IN A CLEAR FORMULATION (PART NUMBER SNS41408),DiDi,Didn’t Help,"For me, this product doesn’t deodorize whatsoever. I’ve tried it in varying amounts-a little and a lot - either way things do smell different, but AWFUL.",10/19/2023,1,Yes,2
Safe n' Simple Ostomy Pouch Deodorant Classic Blue - Safe Deodorant - Colostomy Bag Odor Eliminator - Colostomy Deodorizer - 8 Fluid Ounce Drops,Fantastic odor control with no perfumes or artificial scents added for discreet protection. Blue formula helps to see the liquid inside the pouch. Leak-proof seal on bottle to prevent spills before opened. Push top cap to ensure liquid does not escape cap. ALSO AVAILABLE IN A CLEAR FORMULATION (PART NUMBER SNS41408),K Fly,Didn't work for me,Did NOT eliminate odor OR lubricate efficiently. I was shocked at the blue coloration...what the heck?? Safe n' Simple...WHY??Now my clothes are stained & I am praying my bedsheets don't end up the same!! So happy many of you found this product helpful with odors...I'm still searching. I will try the Assure C since its CLEAR and everything else is way too expensive and still ineffective.,1/25/2021,1,Yes,0
Safe n' Simple Ostomy Pouch Deodorant Classic Blue - Safe Deodorant - Colostomy Bag Odor Eliminator - Colostomy Deodorizer - 8 Fluid Ounce Drops,Fantastic odor control with no perfumes or artificial scents added for discreet protection. Blue formula helps to see the liquid inside the pouch. Leak-proof seal on bottle to prevent spills before opened. Push top cap to ensure liquid does not escape cap. ALSO AVAILABLE IN A CLEAR FORMULATION (PART NUMBER SNS41408),Harvey,Contains dyes,Liked nothing. Couldn’t return,3/11/2024,1,Yes,0
Safe n' Simple Ostomy Pouch Deodorant Classic Blue - Safe Deodorant - Colostomy Bag Odor Eliminator - Colostomy Deodorizer - 8 Fluid Ounce Drops,Fantastic odor control with no perfumes or artificial scents added for discreet protection. Blue formula helps to see the liquid inside the pouch. Leak-proof seal on bottle to prevent spills before opened. Push top cap to ensure liquid does not escape cap. ALSO AVAILABLE IN A CLEAR FORMULATION (PART NUMBER SNS41408),Megan,Don't Throw Your Money in the Bag!,This is the absolute worst deodorant I've ever used! It actually made things smell worse....as if that was even possible. I tried with a different deodorant and I could stand to be in the same bathroom as myself again. The cost is cheaper and you get what you pay for.,3/9/2022,1,Yes,0
Safe n' Simple Ostomy Pouch Deodorant Classic Blue - Safe Deodorant - Colostomy Bag Odor Eliminator - Colostomy Deodorizer - 8 Fluid Ounce Drops,Fantastic odor control with no perfumes or artificial scents added for discreet protection. Blue formula helps to see the liquid inside the pouch. Leak-proof seal on bottle to prevent spills before opened. Push top cap to ensure liquid does not escape cap. ALSO AVAILABLE IN A CLEAR FORMULATION (PART NUMBER SNS41408),Patricia M Vanhook,Odor control,This product provides some odor control but not at the level of the Hollister product.,10/14/2019,3,Yes,0
Safe n' Simple Ostomy Pouch Deodorant Classic Blue - Safe Deodorant - Colostomy Bag Odor Eliminator - Colostomy Deodorizer - 8 Fluid Ounce Drops,Fantastic odor control with no perfumes or artificial scents added for discreet protection. Blue formula helps to see the liquid inside the pouch. Leak-proof seal on bottle to prevent spills before opened. Push top cap to ensure liquid does not escape cap. ALSO AVAILABLE IN A CLEAR FORMULATION (PART NUMBER SNS41408),Jim Van Dover,Effectiveness,Still comparing it with M9 produce,1/15/2024,1,Yes,0
Safe n' Simple Ostomy Pouch Deodorant Classic Blue - Safe Deodorant - Colostomy Bag Odor Eliminator - Colostomy Deodorizer - 8 Fluid Ounce Drops,Fantastic odor control with no perfumes or artificial scents added for discreet protection. Blue formula helps to see the liquid inside the pouch. Leak-proof seal on bottle to prevent spills before opened. Push top cap to ensure liquid does not escape cap. ALSO AVAILABLE IN A CLEAR FORMULATION (PART NUMBER SNS41408),KEN WILLIAMS,good appliance product,"I am happy with the results of this product, I have used many others and this is one of the better ones. I will continue to buy this one as long as the price stays decent cause it works. I only have an issue with the packaging that it was sent in, it needs to be more padded if sent in an envelope because the bouncing around made it leak inside just enough to cause a nice mess. Please rethink your packaging.",5/22/2014,2,Yes,31
Safe n' Simple Ostomy Pouch Deodorant Classic Blue - Safe Deodorant - Colostomy Bag Odor Eliminator - Colostomy Deodorizer - 8 Fluid Ounce Drops,Fantastic odor control with no perfumes or artificial scents added for discreet protection. Blue formula helps to see the liquid inside the pouch. Leak-proof seal on bottle to prevent spills before opened. Push top cap to ensure liquid does not escape cap. ALSO AVAILABLE IN A CLEAR FORMULATION (PART NUMBER SNS41408),P. Duffy,Blue one smells bad 👎,I don't usually post reviews. It was so bad I had to.  This is on the blue variety.  Its smelled vile. I am tossing the rest out.  I usually love this company's products.  It could have been a chemical reaction to me but it was bad.  Going back to my normal.,8/11/2020,1,Yes,0
Safe n' Simple Ostomy Pouch Deodorant Classic Blue - Safe Deodorant - Colostomy Bag Odor Eliminator - Colostomy Deodorizer - 8 Fluid Ounce Drops,Fantastic odor control with no perfumes or artificial scents added for discreet protection. Blue formula helps to see the liquid inside the pouch. Leak-proof seal on bottle to prevent spills before opened. Push top cap to ensure liquid does not escape cap. ALSO AVAILABLE IN A CLEAR FORMULATION (PART NUMBER SNS41408),PecanPie,Did not work well,"The product arrived quickly and was well packaged.  Unfortunately, for me, this did not work well as a deodorizer.  At on point ,I  even tried it with Brava deodorizer and lubricant.  That was a total disaster.  The blue color did not bother me.  I feel that it just did not work with my body chemistry.",1/28/2020,1,Yes,0
Safe n' Simple Ostomy Pouch Deodorant Classic Blue - Safe Deodorant - Colostomy Bag Odor Eliminator - Colostomy Deodorizer - 8 Fluid Ounce Drops,Fantastic odor control with no perfumes or artificial scents added for discreet protection. Blue formula helps to see the liquid inside the pouch. Leak-proof seal on bottle to prevent spills before opened. Push top cap to ensure liquid does not escape cap. ALSO AVAILABLE IN A CLEAR FORMULATION (PART NUMBER SNS41408),KatMutch,Disappointed in product,"I am very disappointed with this product.  It did not work for me.  Based on those reviews, I purchased.  Insurance does not cover this product.  I liked the Holister Adapt but it's expensive.  I found using cooking avocado spray works great and does not harm the bag.",12/2/2021,1,Yes,0
Safe n' Simple Ostomy Pouch Deodorant Classic Blue - Safe Deodorant - Colostomy Bag Odor Eliminator - Colostomy Deodorizer - 8 Fluid Ounce Drops,Fantastic odor control with no perfumes or artificial scents added for discreet protection. Blue formula helps to see the liquid inside the pouch. Leak-proof seal on bottle to prevent spills before opened. Push top cap to ensure liquid does not escape cap. ALSO AVAILABLE IN A CLEAR FORMULATION (PART NUMBER SNS41408),Bianca,Product expired,This product wasn't working and I saw it expired in 2019,8/17/2023,1,Yes,0
Safe n' Simple Ostomy Pouch Deodorant Classic Blue - Safe Deodorant - Colostomy Bag Odor Eliminator - Colostomy Deodorizer - 8 Fluid Ounce Drops,Fantastic odor control with no perfumes or artificial scents added for discreet protection. Blue formula helps to see the liquid inside the pouch. Leak-proof seal on bottle to prevent spills before opened. Push top cap to ensure liquid does not escape cap. ALSO AVAILABLE IN A CLEAR FORMULATION (PART NUMBER SNS41408),Lorey Duprey,Works well,Worked well just wish it wasnt blue.,12/15/2019,3,Yes,0
Safe n' Simple Ostomy Pouch Deodorant Classic Blue - Safe Deodorant - Colostomy Bag Odor Eliminator - Colostomy Deodorizer - 8 Fluid Ounce Drops,Fantastic odor control with no perfumes or artificial scents added for discreet protection. Blue formula helps to see the liquid inside the pouch. Leak-proof seal on bottle to prevent spills before opened. Push top cap to ensure liquid does not escape cap. ALSO AVAILABLE IN A CLEAR FORMULATION (PART NUMBER SNS41408),Cathyt255,Neutralizing,Helped with odor but I needed to put 20 drops in for neutralizing,3/1/2019,3,Yes,0
Safe n' Simple Ostomy Pouch Deodorant Classic Blue - Safe Deodorant - Colostomy Bag Odor Eliminator - Colostomy Deodorizer - 8 Fluid Ounce Drops,Fantastic odor control with no perfumes or artificial scents added for discreet protection. Blue formula helps to see the liquid inside the pouch. Leak-proof seal on bottle to prevent spills before opened. Push top cap to ensure liquid does not escape cap. ALSO AVAILABLE IN A CLEAR FORMULATION (PART NUMBER SNS41408),E. Grabousky,Very Disappointed,Didn’t work at all for me. One drop or several drops. For me it was useless.,1/21/2021,2,Yes,0
Safe n' Simple Ostomy Pouch Deodorant Classic Blue - Safe Deodorant - Colostomy Bag Odor Eliminator - Colostomy Deodorizer - 8 Fluid Ounce Drops,Fantastic odor control with no perfumes or artificial scents added for discreet protection. Blue formula helps to see the liquid inside the pouch. Leak-proof seal on bottle to prevent spills before opened. Push top cap to ensure liquid does not escape cap. ALSO AVAILABLE IN A CLEAR FORMULATION (PART NUMBER SNS41408),JrTommyboi,The item is expired,Delivery was fine and fast but the product is expired since 2019!,7/25/2023,1,Yes,2
Safe n' Simple Ostomy Pouch Deodorant Classic Blue - Safe Deodorant - Colostomy Bag Odor Eliminator - Colostomy Deodorizer - 8 Fluid Ounce Drops,Fantastic odor control with no perfumes or artificial scents added for discreet protection. Blue formula helps to see the liquid inside the pouch. Leak-proof seal on bottle to prevent spills before opened. Push top cap to ensure liquid does not escape cap. ALSO AVAILABLE IN A CLEAR FORMULATION (PART NUMBER SNS41408),Leah Self,Poor results,This product was a waste of my money. The only thing that I got from this product was an allergic reaction.,4/13/2023,1,Yes,0
Safe n' Simple Ostomy Pouch Deodorant Classic Blue - Safe Deodorant - Colostomy Bag Odor Eliminator - Colostomy Deodorizer - 8 Fluid Ounce Drops,Fantastic odor control with no perfumes or artificial scents added for discreet protection. Blue formula helps to see the liquid inside the pouch. Leak-proof seal on bottle to prevent spills before opened. Push top cap to ensure liquid does not escape cap. ALSO AVAILABLE IN A CLEAR FORMULATION (PART NUMBER SNS41408),me,Three Stars,"Effective, but, it does caution you that it will stain.",9/18/2017,3,Yes,2
Safe n' Simple Ostomy Pouch Deodorant Classic Blue - Safe Deodorant - Colostomy Bag Odor Eliminator - Colostomy Deodorizer - 8 Fluid Ounce Drops,Fantastic odor control with no perfumes or artificial scents added for discreet protection. Blue formula helps to see the liquid inside the pouch. Leak-proof seal on bottle to prevent spills before opened. Push top cap to ensure liquid does not escape cap. ALSO AVAILABLE IN A CLEAR FORMULATION (PART NUMBER SNS41408),golfer,Spout,"The spout does match Ostromy bag opening, making the product useless.  I recommend the Colopost product.",4/22/2023,1,Yes,0
Safe n' Simple Ostomy Pouch Deodorant Classic Blue - Safe Deodorant - Colostomy Bag Odor Eliminator - Colostomy Deodorizer - 8 Fluid Ounce Drops,Fantastic odor control with no perfumes or artificial scents added for discreet protection. Blue formula helps to see the liquid inside the pouch. Leak-proof seal on bottle to prevent spills before opened. Push top cap to ensure liquid does not escape cap. ALSO AVAILABLE IN A CLEAR FORMULATION (PART NUMBER SNS41408),steve lopez,Controls odor but very watery,This product is very watery and bright green.. stains easily.. it did control the odor but would be better in a gel form,12/11/2019,2,Yes,0
Safe n' Simple Ostomy Pouch Deodorant Classic Blue - Safe Deodorant - Colostomy Bag Odor Eliminator - Colostomy Deodorizer - 8 Fluid Ounce Drops,Fantastic odor control with no perfumes or artificial scents added for discreet protection. Blue formula helps to see the liquid inside the pouch. Leak-proof seal on bottle to prevent spills before opened. Push top cap to ensure liquid does not escape cap. ALSO AVAILABLE IN A CLEAR FORMULATION (PART NUMBER SNS41408),Ausha,Did not get the job done,We did not noticed any difference in smell. Tried using quite a bit of it at 1 time And still no difference. This item is not eligible for a refund Or exchange Don't waste your money,7/13/2022,1,Yes,0
Safe n' Simple Ostomy Pouch Deodorant Classic Blue - Safe Deodorant - Colostomy Bag Odor Eliminator - Colostomy Deodorizer - 8 Fluid Ounce Drops,Fantastic odor control with no perfumes or artificial scents added for discreet protection. Blue formula helps to see the liquid inside the pouch. Leak-proof seal on bottle to prevent spills before opened. Push top cap to ensure liquid does not escape cap. ALSO AVAILABLE IN A CLEAR FORMULATION (PART NUMBER SNS41408),Reno69,Dissatisfied,"For some reason this made my wife bleed. We had been using ADAPT brand and it worked great but I bought her this and when she used it, blood came into her bag. Very dissatisfied",5/23/2021,1,Yes,0
Safe n' Simple Ostomy Pouch Deodorant Classic Blue - Safe Deodorant - Colostomy Bag Odor Eliminator - Colostomy Deodorizer - 8 Fluid Ounce Drops,Fantastic odor control with no perfumes or artificial scents added for discreet protection. Blue formula helps to see the liquid inside the pouch. Leak-proof seal on bottle to prevent spills before opened. Push top cap to ensure liquid does not escape cap. ALSO AVAILABLE IN A CLEAR FORMULATION (PART NUMBER SNS41408),A.S,Does nothing,"Drink peppermint tea, these deodorizers don’t make a difference and have a burning feeling on the stoma",4/5/2023,1,Yes,0
Safe n' Simple Ostomy Pouch Deodorant Classic Blue - Safe Deodorant - Colostomy Bag Odor Eliminator - Colostomy Deodorizer - 8 Fluid Ounce Drops,Fantastic odor control with no perfumes or artificial scents added for discreet protection. Blue formula helps to see the liquid inside the pouch. Leak-proof seal on bottle to prevent spills before opened. Push top cap to ensure liquid does not escape cap. ALSO AVAILABLE IN A CLEAR FORMULATION (PART NUMBER SNS41408),#1MNWildfan,Gave me chemical burns,I would never buy this product again it actually burned my skin the second it touched even anywhere near my ostamy I found a different brand in a much happier with that it doesn’t burn I would not recommend this product,7/16/2020,1,Yes,0
Safe n' Simple Ostomy Pouch Deodorant Classic Blue - Safe Deodorant - Colostomy Bag Odor Eliminator - Colostomy Deodorizer - 8 Fluid Ounce Drops,Fantastic odor control with no perfumes or artificial scents added for discreet protection. Blue formula helps to see the liquid inside the pouch. Leak-proof seal on bottle to prevent spills before opened. Push top cap to ensure liquid does not escape cap. ALSO AVAILABLE IN A CLEAR FORMULATION (PART NUMBER SNS41408),James Brown,Don’t buy here.,The product had almost no smell and was the consistencyof water and not oil.,4/19/2023,1,Yes,0
Safe n' Simple Ostomy Pouch Deodorant Classic Blue - Safe Deodorant - Colostomy Bag Odor Eliminator - Colostomy Deodorizer - 8 Fluid Ounce Drops,Fantastic odor control with no perfumes or artificial scents added for discreet protection. Blue formula helps to see the liquid inside the pouch. Leak-proof seal on bottle to prevent spills before opened. Push top cap to ensure liquid does not escape cap. ALSO AVAILABLE IN A CLEAR FORMULATION (PART NUMBER SNS41408),rita,Didn’t work,Disappointed really didn’t work. It was messy splashed everywhere went closed the bottle.,5/22/2021,2,Yes,0
Safe n' Simple Ostomy Pouch Deodorant Classic Blue - Safe Deodorant - Colostomy Bag Odor Eliminator - Colostomy Deodorizer - 8 Fluid Ounce Drops,Fantastic odor control with no perfumes or artificial scents added for discreet protection. Blue formula helps to see the liquid inside the pouch. Leak-proof seal on bottle to prevent spills before opened. Push top cap to ensure liquid does not escape cap. ALSO AVAILABLE IN A CLEAR FORMULATION (PART NUMBER SNS41408),prtyblueyez2000,Colostomy,Made output in colostomy bag blue and made it smell a weird unpleasant smell,5/6/2021,2,Yes,0
Safe n' Simple Ostomy Pouch Deodorant Classic Blue - Safe Deodorant - Colostomy Bag Odor Eliminator - Colostomy Deodorizer - 8 Fluid Ounce Drops,Fantastic odor control with no perfumes or artificial scents added for discreet protection. Blue formula helps to see the liquid inside the pouch. Leak-proof seal on bottle to prevent spills before opened. Push top cap to ensure liquid does not escape cap. ALSO AVAILABLE IN A CLEAR FORMULATION (PART NUMBER SNS41408),David M.,"there are better products, though this was good for the price","Ok, there are better products, though this was good for the price.",5/25/2018,3,Yes,0
Safe n' Simple Ostomy Pouch Deodorant Classic Blue - Safe Deodorant - Colostomy Bag Odor Eliminator - Colostomy Deodorizer - 8 Fluid Ounce Drops,Fantastic odor control with no perfumes or artificial scents added for discreet protection. Blue formula helps to see the liquid inside the pouch. Leak-proof seal on bottle to prevent spills before opened. Push top cap to ensure liquid does not escape cap. ALSO AVAILABLE IN A CLEAR FORMULATION (PART NUMBER SNS41408),Eli Biomy,Terrible smell,The smell it's worst with that product. I prefer smell to poo and no smell the mixing of the product with the poo.,1/17/2023,1,Yes,0
Safe n' Simple Ostomy Pouch Deodorant Classic Blue - Safe Deodorant - Colostomy Bag Odor Eliminator - Colostomy Deodorizer - 8 Fluid Ounce Drops,Fantastic odor control with no perfumes or artificial scents added for discreet protection. Blue formula helps to see the liquid inside the pouch. Leak-proof seal on bottle to prevent spills before opened. Push top cap to ensure liquid does not escape cap. ALSO AVAILABLE IN A CLEAR FORMULATION (PART NUMBER SNS41408),Mary K,Not sure about this,Just didn’t care for the blue color,12/2/2018,3,Yes,0
Safe n' Simple Ostomy Pouch Deodorant Classic Blue - Safe Deodorant - Colostomy Bag Odor Eliminator - Colostomy Deodorizer - 8 Fluid Ounce Drops,Fantastic odor control with no perfumes or artificial scents added for discreet protection. Blue formula helps to see the liquid inside the pouch. Leak-proof seal on bottle to prevent spills before opened. Push top cap to ensure liquid does not escape cap. ALSO AVAILABLE IN A CLEAR FORMULATION (PART NUMBER SNS41408),Sandra,Did not work for me,This product did not work at all for me and just realized it’s not returnable so what a waste of money. What a shame,10/23/2022,1,Yes,0
Safe n' Simple Ostomy Pouch Deodorant Classic Blue - Safe Deodorant - Colostomy Bag Odor Eliminator - Colostomy Deodorizer - 8 Fluid Ounce Drops,Fantastic odor control with no perfumes or artificial scents added for discreet protection. Blue formula helps to see the liquid inside the pouch. Leak-proof seal on bottle to prevent spills before opened. Push top cap to ensure liquid does not escape cap. ALSO AVAILABLE IN A CLEAR FORMULATION (PART NUMBER SNS41408),bbea24,Not what i thought.,The bile cleans out of the bag easier but as far as odor I don't feel it helped much.,8/27/2019,2,Yes,0
Safe n' Simple Ostomy Pouch Deodorant Classic Blue - Safe Deodorant - Colostomy Bag Odor Eliminator - Colostomy Deodorizer - 8 Fluid Ounce Drops,Fantastic odor control with no perfumes or artificial scents added for discreet protection. Blue formula helps to see the liquid inside the pouch. Leak-proof seal on bottle to prevent spills before opened. Push top cap to ensure liquid does not escape cap. ALSO AVAILABLE IN A CLEAR FORMULATION (PART NUMBER SNS41408),Veronica Guerra,empty bottle,Product arrived well packed but contents leaked out into the plastic wrap will not recommend.,4/15/2023,1,Yes,0
Safe n' Simple Ostomy Pouch Deodorant Classic Blue - Safe Deodorant - Colostomy Bag Odor Eliminator - Colostomy Deodorizer - 8 Fluid Ounce Drops,Fantastic odor control with no perfumes or artificial scents added for discreet protection. Blue formula helps to see the liquid inside the pouch. Leak-proof seal on bottle to prevent spills before opened. Push top cap to ensure liquid does not escape cap. ALSO AVAILABLE IN A CLEAR FORMULATION (PART NUMBER SNS41408),Philip z.,Garbage,Its green for and its more like water with green dye this doesnt even compare to adapt brand will definitely not buy this again,5/15/2022,1,Yes,0
Safe n' Simple Ostomy Pouch Deodorant Classic Blue - Safe Deodorant - Colostomy Bag Odor Eliminator - Colostomy Deodorizer - 8 Fluid Ounce Drops,Fantastic odor control with no perfumes or artificial scents added for discreet protection. Blue formula helps to see the liquid inside the pouch. Leak-proof seal on bottle to prevent spills before opened. Push top cap to ensure liquid does not escape cap. ALSO AVAILABLE IN A CLEAR FORMULATION (PART NUMBER SNS41408),TexasWalker,Tribbles over the work area.,"Has the flip top lid for dispensing the deordorant therefore it cannot be closed with out tilting it back upright, Results in dribbles around the work area.  The flip out spigot is does not dribble.",7/29/2017,2,Yes,0
Safe n' Simple Ostomy Pouch Deodorant Classic Blue - Safe Deodorant - Colostomy Bag Odor Eliminator - Colostomy Deodorizer - 8 Fluid Ounce Drops,Fantastic odor control with no perfumes or artificial scents added for discreet protection. Blue formula helps to see the liquid inside the pouch. Leak-proof seal on bottle to prevent spills before opened. Push top cap to ensure liquid does not escape cap. ALSO AVAILABLE IN A CLEAR FORMULATION (PART NUMBER SNS41408),Jan Kelley,"Unless you really really really like blue, take a pass","It didn't seem to actually do what it's supposed to do, which may be subjective. What it really does do is stain your rugs, carpet, towels and clothes if you spill it. Spring for the Holister lubricating deodorant. Ostomy supplies are not a good place to try to save money. You will regret it.",5/11/2018,1,Yes,3
Safe n' Simple Ostomy Pouch Deodorant Classic Blue - Safe Deodorant - Colostomy Bag Odor Eliminator - Colostomy Deodorizer - 8 Fluid Ounce Drops,Fantastic odor control with no perfumes or artificial scents added for discreet protection. Blue formula helps to see the liquid inside the pouch. Leak-proof seal on bottle to prevent spills before opened. Push top cap to ensure liquid does not escape cap. ALSO AVAILABLE IN A CLEAR FORMULATION (PART NUMBER SNS41408),Linko,Burn,This product had a nice odor but burnt the crap out of my stoma,11/7/2019,2,Yes,0
Safe n' Simple Ostomy Pouch Deodorant Classic Blue - Safe Deodorant - Colostomy Bag Odor Eliminator - Colostomy Deodorizer - 8 Fluid Ounce Drops,Fantastic odor control with no perfumes or artificial scents added for discreet protection. Blue formula helps to see the liquid inside the pouch. Leak-proof seal on bottle to prevent spills before opened. Push top cap to ensure liquid does not escape cap. ALSO AVAILABLE IN A CLEAR FORMULATION (PART NUMBER SNS41408),Brent Shedd,Porta Potty?,Made my entire bag smell like we just walked into a porta john. Not the best smell. Ew.,1/7/2023,1,Yes,0
Safe n' Simple Ostomy Pouch Deodorant Classic Blue - Safe Deodorant - Colostomy Bag Odor Eliminator - Colostomy Deodorizer - 8 Fluid Ounce Drops,Fantastic odor control with no perfumes or artificial scents added for discreet protection. Blue formula helps to see the liquid inside the pouch. Leak-proof seal on bottle to prevent spills before opened. Push top cap to ensure liquid does not escape cap. ALSO AVAILABLE IN A CLEAR FORMULATION (PART NUMBER SNS41408),Pam,Bad Bottle Design,I haven't been able to use the product because the bottle opening doesn't fit the opening of my ostomy pouch. I expected a spout or something to squeeze drops in to the pouch after emptying. Just spilled out of bottle. Very disappointed.,7/16/2019,1,Yes,2
Safe n' Simple Ostomy Pouch Deodorant Classic Blue - Safe Deodorant - Colostomy Bag Odor Eliminator - Colostomy Deodorizer - 8 Fluid Ounce Drops,Fantastic odor control with no perfumes or artificial scents added for discreet protection. Blue formula helps to see the liquid inside the pouch. Leak-proof seal on bottle to prevent spills before opened. Push top cap to ensure liquid does not escape cap. ALSO AVAILABLE IN A CLEAR FORMULATION (PART NUMBER SNS41408),Ruth,Was not what my husband expected,I got this for my husband because he was running out of adapt what a mistake he said  it was green and runny and does not like.,4/4/2021,1,Yes,0
Safe n' Simple Ostomy Pouch Deodorant Classic Blue - Safe Deodorant - Colostomy Bag Odor Eliminator - Colostomy Deodorizer - 8 Fluid Ounce Drops,Fantastic odor control with no perfumes or artificial scents added for discreet protection. Blue formula helps to see the liquid inside the pouch. Leak-proof seal on bottle to prevent spills before opened. Push top cap to ensure liquid does not escape cap. ALSO AVAILABLE IN A CLEAR FORMULATION (PART NUMBER SNS41408),Led,POUCH DEODORANT,"I am new to this whole colostomy pouch.  People told me this was a great product for the odorseriously, it smells like a public bathroom cleaner.  I would not recommend this ...So I would  give it no stars if I could",11/15/2018,1,Yes,4
Safe n' Simple Ostomy Pouch Deodorant Classic Blue - Safe Deodorant - Colostomy Bag Odor Eliminator - Colostomy Deodorizer - 8 Fluid Ounce Drops,Fantastic odor control with no perfumes or artificial scents added for discreet protection. Blue formula helps to see the liquid inside the pouch. Leak-proof seal on bottle to prevent spills before opened. Push top cap to ensure liquid does not escape cap. ALSO AVAILABLE IN A CLEAR FORMULATION (PART NUMBER SNS41408),Rosemary McElroy,HORRIBLE NOT GOOD,Messed up,12/28/2022,1,Yes,0
Safe n' Simple Ostomy Pouch Deodorant Classic Blue - Safe Deodorant - Colostomy Bag Odor Eliminator - Colostomy Deodorizer - 8 Fluid Ounce Drops,Fantastic odor control with no perfumes or artificial scents added for discreet protection. Blue formula helps to see the liquid inside the pouch. Leak-proof seal on bottle to prevent spills before opened. Push top cap to ensure liquid does not escape cap. ALSO AVAILABLE IN A CLEAR FORMULATION (PART NUMBER SNS41408),Amy Nicholson,Does not work well at all.  Does not coat bag well & it smells bad.  Will not order again.,Does not work well at all.  Does not coat bag well & it smells bad.  Will not order again.,1/6/2022,1,Yes,0
Safe n' Simple Ostomy Pouch Deodorant Classic Blue - Safe Deodorant - Colostomy Bag Odor Eliminator - Colostomy Deodorizer - 8 Fluid Ounce Drops,Fantastic odor control with no perfumes or artificial scents added for discreet protection. Blue formula helps to see the liquid inside the pouch. Leak-proof seal on bottle to prevent spills before opened. Push top cap to ensure liquid does not escape cap. ALSO AVAILABLE IN A CLEAR FORMULATION (PART NUMBER SNS41408),Nabila Abdelhameid,Im returning this,The product came with an expired date so it’s not useable and the outside wasn’t clean so I have to return this,9/7/2020,1,Yes,2
Safe n' Simple Ostomy Pouch Deodorant Classic Blue - Safe Deodorant - Colostomy Bag Odor Eliminator - Colostomy Deodorizer - 8 Fluid Ounce Drops,Fantastic odor control with no perfumes or artificial scents added for discreet protection. Blue formula helps to see the liquid inside the pouch. Leak-proof seal on bottle to prevent spills before opened. Push top cap to ensure liquid does not escape cap. ALSO AVAILABLE IN A CLEAR FORMULATION (PART NUMBER SNS41408),mavin,fraud,The two boats were open and what they contained inside was water.,10/19/2022,1,Yes,0
Safe n' Simple Ostomy Pouch Deodorant Classic Blue - Safe Deodorant - Colostomy Bag Odor Eliminator - Colostomy Deodorizer - 8 Fluid Ounce Drops,Fantastic odor control with no perfumes or artificial scents added for discreet protection. Blue formula helps to see the liquid inside the pouch. Leak-proof seal on bottle to prevent spills before opened. Push top cap to ensure liquid does not escape cap. ALSO AVAILABLE IN A CLEAR FORMULATION (PART NUMBER SNS41408),JL,Horrible,Blue liquid all over the packaging.  Must have been at least 1/3 gone upon arrival.Product DOES NOT reduce odor.DO NOT recommend!,1/17/2020,1,Yes,0
Safe n' Simple Ostomy Pouch Deodorant Classic Blue - Safe Deodorant - Colostomy Bag Odor Eliminator - Colostomy Deodorizer - 8 Fluid Ounce Drops,Fantastic odor control with no perfumes or artificial scents added for discreet protection. Blue formula helps to see the liquid inside the pouch. Leak-proof seal on bottle to prevent spills before opened. Push top cap to ensure liquid does not escape cap. ALSO AVAILABLE IN A CLEAR FORMULATION (PART NUMBER SNS41408),Caja,Deodorizer,Does not deodorize pouch.,10/20/2018,2,Yes,0
Safe n' Simple Ostomy Pouch Deodorant Classic Blue - Safe Deodorant - Colostomy Bag Odor Eliminator - Colostomy Deodorizer - 8 Fluid Ounce Drops,Fantastic odor control with no perfumes or artificial scents added for discreet protection. Blue formula helps to see the liquid inside the pouch. Leak-proof seal on bottle to prevent spills before opened. Push top cap to ensure liquid does not escape cap. ALSO AVAILABLE IN A CLEAR FORMULATION (PART NUMBER SNS41408),Triskelion,Doesn't work,I used this off and on with various ostomy bags. It doesn't do anything except make the contents blue.Don't waste your money.,11/6/2019,1,Yes,0
Safe n' Simple Ostomy Pouch Deodorant Classic Blue - Safe Deodorant - Colostomy Bag Odor Eliminator - Colostomy Deodorizer - 8 Fluid Ounce Drops,Fantastic odor control with no perfumes or artificial scents added for discreet protection. Blue formula helps to see the liquid inside the pouch. Leak-proof seal on bottle to prevent spills before opened. Push top cap to ensure liquid does not escape cap. ALSO AVAILABLE IN A CLEAR FORMULATION (PART NUMBER SNS41408),Keith lam,really dost help with the smell.,really doesn't help with the smell .,8/13/2021,1,Yes,0
Safe n' Simple Ostomy Pouch Deodorant Classic Blue - Safe Deodorant - Colostomy Bag Odor Eliminator - Colostomy Deodorizer - 8 Fluid Ounce Drops,Fantastic odor control with no perfumes or artificial scents added for discreet protection. Blue formula helps to see the liquid inside the pouch. Leak-proof seal on bottle to prevent spills before opened. Push top cap to ensure liquid does not escape cap. ALSO AVAILABLE IN A CLEAR FORMULATION (PART NUMBER SNS41408),Lisandra,Llego vencido,The media could not be loaded.Llego vencido,3/20/2023,1,Yes,0
Safe n' Simple Ostomy Pouch Deodorant Classic Blue - Safe Deodorant - Colostomy Bag Odor Eliminator - Colostomy Deodorizer - 8 Fluid Ounce Drops,Fantastic odor control with no perfumes or artificial scents added for discreet protection. Blue formula helps to see the liquid inside the pouch. Leak-proof seal on bottle to prevent spills before opened. Push top cap to ensure liquid does not escape cap. ALSO AVAILABLE IN A CLEAR FORMULATION (PART NUMBER SNS41408),Sabrina E James,Doesn’t work,This didn’t do anything for us. Didn’t notice a difference at all.,3/26/2021,1,Yes,0
Safe n' Simple Ostomy Pouch Deodorant Classic Blue - Safe Deodorant - Colostomy Bag Odor Eliminator - Colostomy Deodorizer - 8 Fluid Ounce Drops,Fantastic odor control with no perfumes or artificial scents added for discreet protection. Blue formula helps to see the liquid inside the pouch. Leak-proof seal on bottle to prevent spills before opened. Push top cap to ensure liquid does not escape cap. ALSO AVAILABLE IN A CLEAR FORMULATION (PART NUMBER SNS41408),ashlyn,Useless,Doesn’t smell like anything and doesn’t eliminate odor,10/3/2021,1,Yes,0
Safe n' Simple Ostomy Pouch Deodorant Classic Blue - Safe Deodorant - Colostomy Bag Odor Eliminator - Colostomy Deodorizer - 8 Fluid Ounce Drops,Fantastic odor control with no perfumes or artificial scents added for discreet protection. Blue formula helps to see the liquid inside the pouch. Leak-proof seal on bottle to prevent spills before opened. Push top cap to ensure liquid does not escape cap. ALSO AVAILABLE IN A CLEAR FORMULATION (PART NUMBER SNS41408),Tamta Sharashenidze,Firstly it has no instruction on how much of the liquid you should use to stop the bad aroma. Secondly the blue colour ruins eve,It don't work at all. Firstly it has no instruction on how much of the liquid you should use to stop the bad aroma. Secondly the blue colour ruins everything if it is spilled on close or other things.,8/25/2014,1,Yes,2
Safe n' Simple Ostomy Pouch Deodorant Classic Blue - Safe Deodorant - Colostomy Bag Odor Eliminator - Colostomy Deodorizer - 8 Fluid Ounce Drops,Fantastic odor control with no perfumes or artificial scents added for discreet protection. Blue formula helps to see the liquid inside the pouch. Leak-proof seal on bottle to prevent spills before opened. Push top cap to ensure liquid does not escape cap. ALSO AVAILABLE IN A CLEAR FORMULATION (PART NUMBER SNS41408),karen rowzee,not what I thought it was.,I was looking for a lubricant not a deodorizer,4/10/2022,1,Yes,0
Safe n' Simple Ostomy Pouch Deodorant Classic Blue - Safe Deodorant - Colostomy Bag Odor Eliminator - Colostomy Deodorizer - 8 Fluid Ounce Drops,Fantastic odor control with no perfumes or artificial scents added for discreet protection. Blue formula helps to see the liquid inside the pouch. Leak-proof seal on bottle to prevent spills before opened. Push top cap to ensure liquid does not escape cap. ALSO AVAILABLE IN A CLEAR FORMULATION (PART NUMBER SNS41408),MumMum9,Cheaper but is very runny-does not coat well and is not effective as a deodorant!,Did not work for me,12/19/2017,2,Yes,2
Safe n' Simple Ostomy Pouch Deodorant Classic Blue - Safe Deodorant - Colostomy Bag Odor Eliminator - Colostomy Deodorizer - 8 Fluid Ounce Drops,Fantastic odor control with no perfumes or artificial scents added for discreet protection. Blue formula helps to see the liquid inside the pouch. Leak-proof seal on bottle to prevent spills before opened. Push top cap to ensure liquid does not escape cap. ALSO AVAILABLE IN A CLEAR FORMULATION (PART NUMBER SNS41408),Denis,Have tried them all,"This product is superior. The odour control is magnificent. I find the blue colour a little off setting. Still, the best product for the money out there. It’s a game changer for me and it will be for you too. 5 stars",10/27/2024,5,Yes,0
Safe n' Simple Ostomy Pouch Deodorant Classic Blue - Safe Deodorant - Colostomy Bag Odor Eliminator - Colostomy Deodorizer - 8 Fluid Ounce Drops,Fantastic odor control with no perfumes or artificial scents added for discreet protection. Blue formula helps to see the liquid inside the pouch. Leak-proof seal on bottle to prevent spills before opened. Push top cap to ensure liquid does not escape cap. ALSO AVAILABLE IN A CLEAR FORMULATION (PART NUMBER SNS41408),Michelle McCombs,This product works wonders!!!,"When I first got my ostomy, there were so many adjustments to make. It can be a difficult time. One of the things I struggled with most was the bag odor. I tried a few different things, but nothing was working. Then I came across Safe n' Simple Ostomy Pouch Deodorant and it's been a godsend!With just a small amount (a little squirt), the pouch and content order is eliminated. I have to say I was totally surprised after using it the first time. Now, I order it 3 bottles at a time, because I never want to run out, and I like to have one available in each restroom. One bottle will last me a few weeks, so it's a great price for how long it lasts. Trust me when I say, if finding an ostomy bag deodorant that truly works, is what you need, then this is the product you've been looking for!",8/26/2024,5,Yes,4
Safe n' Simple Ostomy Pouch Deodorant Classic Blue - Safe Deodorant - Colostomy Bag Odor Eliminator - Colostomy Deodorizer - 8 Fluid Ounce Drops,Fantastic odor control with no perfumes or artificial scents added for discreet protection. Blue formula helps to see the liquid inside the pouch. Leak-proof seal on bottle to prevent spills before opened. Push top cap to ensure liquid does not escape cap. ALSO AVAILABLE IN A CLEAR FORMULATION (PART NUMBER SNS41408),Richard Eaton,Works as advertised,"Nit sure what. To say, it works.  A few drops, maybe a littl more into the bag, and it greatly helps the odor.",6/17/2024,4,Yes,0
Safe n' Simple Ostomy Pouch Deodorant Classic Blue - Safe Deodorant - Colostomy Bag Odor Eliminator - Colostomy Deodorizer - 8 Fluid Ounce Drops,Fantastic odor control with no perfumes or artificial scents added for discreet protection. Blue formula helps to see the liquid inside the pouch. Leak-proof seal on bottle to prevent spills before opened. Push top cap to ensure liquid does not escape cap. ALSO AVAILABLE IN A CLEAR FORMULATION (PART NUMBER SNS41408),maxwell edison,Absolute must have.,Works way better then the stuff they gave me at the hospital. It actually removes all the oder. This is a truly amazing product.,10/24/2024,5,Yes,0
Safe n' Simple Ostomy Pouch Deodorant Classic Blue - Safe Deodorant - Colostomy Bag Odor Eliminator - Colostomy Deodorizer - 8 Fluid Ounce Drops,Fantastic odor control with no perfumes or artificial scents added for discreet protection. Blue formula helps to see the liquid inside the pouch. Leak-proof seal on bottle to prevent spills before opened. Push top cap to ensure liquid does not escape cap. ALSO AVAILABLE IN A CLEAR FORMULATION (PART NUMBER SNS41408),Placeholder,Great price and value.,Works great! Worth the price.,10/18/2024,5,Yes,0
Safe n' Simple Ostomy Pouch Deodorant Classic Blue - Safe Deodorant - Colostomy Bag Odor Eliminator - Colostomy Deodorizer - 8 Fluid Ounce Drops,Fantastic odor control with no perfumes or artificial scents added for discreet protection. Blue formula helps to see the liquid inside the pouch. Leak-proof seal on bottle to prevent spills before opened. Push top cap to ensure liquid does not escape cap. ALSO AVAILABLE IN A CLEAR FORMULATION (PART NUMBER SNS41408),Tracy M,works well,"Easy to use, works well as the lubricant, has no smell itself but really covers the smell from the bag.",9/18/2024,5,Yes,0
Safe n' Simple Ostomy Pouch Deodorant Classic Blue - Safe Deodorant - Colostomy Bag Odor Eliminator - Colostomy Deodorizer - 8 Fluid Ounce Drops,Fantastic odor control with no perfumes or artificial scents added for discreet protection. Blue formula helps to see the liquid inside the pouch. Leak-proof seal on bottle to prevent spills before opened. Push top cap to ensure liquid does not escape cap. ALSO AVAILABLE IN A CLEAR FORMULATION (PART NUMBER SNS41408),Joey,This product works,"Those of you that have a need for this type of product may have tried other brands, maybe even the one put out by Hollister that make the bags.  What I found is this product works better than the others I’ve tried. I do use a little more than the suggested amount. I do recommend this product.",8/28/2024,4,Yes,0
Safe n' Simple Ostomy Pouch Deodorant Classic Blue - Safe Deodorant - Colostomy Bag Odor Eliminator - Colostomy Deodorizer - 8 Fluid Ounce Drops,Fantastic odor control with no perfumes or artificial scents added for discreet protection. Blue formula helps to see the liquid inside the pouch. Leak-proof seal on bottle to prevent spills before opened. Push top cap to ensure liquid does not escape cap. ALSO AVAILABLE IN A CLEAR FORMULATION (PART NUMBER SNS41408),elaine laird,My my sofa cover up,I love that it covered up where my dog had chewed up! I love that it arrives so early! I will order again as I already have.,10/10/2024,5,Yes,0
Safe n' Simple Ostomy Pouch Deodorant Classic Blue - Safe Deodorant - Colostomy Bag Odor Eliminator - Colostomy Deodorizer - 8 Fluid Ounce Drops,Fantastic odor control with no perfumes or artificial scents added for discreet protection. Blue formula helps to see the liquid inside the pouch. Leak-proof seal on bottle to prevent spills before opened. Push top cap to ensure liquid does not escape cap. ALSO AVAILABLE IN A CLEAR FORMULATION (PART NUMBER SNS41408),Laurie,Honeybear,"Cost affective, and works well,but don't put to much in colostomy bag like I did, it irrated my stoma,",9/10/2024,4,Yes,0
Safe n' Simple Ostomy Pouch Deodorant Classic Blue - Safe Deodorant - Colostomy Bag Odor Eliminator - Colostomy Deodorizer - 8 Fluid Ounce Drops,Fantastic odor control with no perfumes or artificial scents added for discreet protection. Blue formula helps to see the liquid inside the pouch. Leak-proof seal on bottle to prevent spills before opened. Push top cap to ensure liquid does not escape cap. ALSO AVAILABLE IN A CLEAR FORMULATION (PART NUMBER SNS41408),A.J. Gutierrez,Great for odor and lubrication,"Although not perfect (I doubt anything is), this deodorant does a great job at keeping the odor down. Also, it lubricates the ostomy bag pretty well so the output can be emptied easier. Again, it isn't a perfect lubricant, but I have noticed the difference whenever it wasn't used. As far as the deodorant's own odor, it has none, or none that I have noticed, but since it is blue, be careful as it can stain clothing/etc., but it can be washed away easily enough.",8/31/2024,5,Yes,3
Safe n' Simple Ostomy Pouch Deodorant Classic Blue - Safe Deodorant - Colostomy Bag Odor Eliminator - Colostomy Deodorizer - 8 Fluid Ounce Drops,Fantastic odor control with no perfumes or artificial scents added for discreet protection. Blue formula helps to see the liquid inside the pouch. Leak-proof seal on bottle to prevent spills before opened. Push top cap to ensure liquid does not escape cap. ALSO AVAILABLE IN A CLEAR FORMULATION (PART NUMBER SNS41408),William Chisholm,It works to eliminate odors,Used in colostomy bag,10/13/2024,5,Yes,0
Safe n' Simple Ostomy Pouch Deodorant Classic Blue - Safe Deodorant - Colostomy Bag Odor Eliminator - Colostomy Deodorizer - 8 Fluid Ounce Drops,Fantastic odor control with no perfumes or artificial scents added for discreet protection. Blue formula helps to see the liquid inside the pouch. Leak-proof seal on bottle to prevent spills before opened. Push top cap to ensure liquid does not escape cap. ALSO AVAILABLE IN A CLEAR FORMULATION (PART NUMBER SNS41408),agnes rosa,It works,"I did not think this would work especially since they say only a drop or two but they are right it does work , will buy this again.",8/29/2024,5,Yes,0
Safe n' Simple Ostomy Pouch Deodorant Classic Blue - Safe Deodorant - Colostomy Bag Odor Eliminator - Colostomy Deodorizer - 8 Fluid Ounce Drops,Fantastic odor control with no perfumes or artificial scents added for discreet protection. Blue formula helps to see the liquid inside the pouch. Leak-proof seal on bottle to prevent spills before opened. Push top cap to ensure liquid does not escape cap. ALSO AVAILABLE IN A CLEAR FORMULATION (PART NUMBER SNS41408),Larry,Works good,"Good product at a cheaper price than some of the other brands, works good",6/29/2024,4,Yes,0
Safe n' Simple Ostomy Pouch Deodorant Classic Blue - Safe Deodorant - Colostomy Bag Odor Eliminator - Colostomy Deodorizer - 8 Fluid Ounce Drops,Fantastic odor control with no perfumes or artificial scents added for discreet protection. Blue formula helps to see the liquid inside the pouch. Leak-proof seal on bottle to prevent spills before opened. Push top cap to ensure liquid does not escape cap. ALSO AVAILABLE IN A CLEAR FORMULATION (PART NUMBER SNS41408),Renae907,Essential for odor control,Excellent product!  Highly recommend to those who want to control the odor from your ostomy bag. 👍🏼,9/5/2024,5,Yes,0
Safe n' Simple Ostomy Pouch Deodorant Classic Blue - Safe Deodorant - Colostomy Bag Odor Eliminator - Colostomy Deodorizer - 8 Fluid Ounce Drops,Fantastic odor control with no perfumes or artificial scents added for discreet protection. Blue formula helps to see the liquid inside the pouch. Leak-proof seal on bottle to prevent spills before opened. Push top cap to ensure liquid does not escape cap. ALSO AVAILABLE IN A CLEAR FORMULATION (PART NUMBER SNS41408),Kevin lepage,Works great fast delivery,Great quality as well,9/12/2024,5,Yes,0
Safe n' Simple Ostomy Pouch Deodorant Classic Blue - Safe Deodorant - Colostomy Bag Odor Eliminator - Colostomy Deodorizer - 8 Fluid Ounce Drops,Fantastic odor control with no perfumes or artificial scents added for discreet protection. Blue formula helps to see the liquid inside the pouch. Leak-proof seal on bottle to prevent spills before opened. Push top cap to ensure liquid does not escape cap. ALSO AVAILABLE IN A CLEAR FORMULATION (PART NUMBER SNS41408),Maw Maw Sue,Works well!!,"I have an ileostomy and for those of us that have such an issue, we know that smells can often be an issue.  I was using another brand that was more expensive and often took awhile to arrive thru the mail.  I thought I'd give this one a try and was ""very"" pleasantly surprised as it seems to work just as well...a little less expensive...and arrives much more quickly through Amazon!!  I would advise anyone with this condition to give it a try!!",6/28/2024,5,Yes,5
Safe n' Simple Ostomy Pouch Deodorant Classic Blue - Safe Deodorant - Colostomy Bag Odor Eliminator - Colostomy Deodorizer - 8 Fluid Ounce Drops,Fantastic odor control with no perfumes or artificial scents added for discreet protection. Blue formula helps to see the liquid inside the pouch. Leak-proof seal on bottle to prevent spills before opened. Push top cap to ensure liquid does not escape cap. ALSO AVAILABLE IN A CLEAR FORMULATION (PART NUMBER SNS41408),Christina Cartwright,It Works!,"This order control substance works great. I use it every time I empty the bag. However, I have to fold a tissue and soak it with the liquid, then place the tissue in the bag because if the drops are free in the bag, it irritates my stoma. This way the drops are in the bag and contained.",4/10/2024,4,Yes,0
Safe n' Simple Ostomy Pouch Deodorant Classic Blue - Safe Deodorant - Colostomy Bag Odor Eliminator - Colostomy Deodorizer - 8 Fluid Ounce Drops,Fantastic odor control with no perfumes or artificial scents added for discreet protection. Blue formula helps to see the liquid inside the pouch. Leak-proof seal on bottle to prevent spills before opened. Push top cap to ensure liquid does not escape cap. ALSO AVAILABLE IN A CLEAR FORMULATION (PART NUMBER SNS41408),thomas lynch,good,"works great, and at a good price.",8/30/2024,5,Yes,0
Safe n' Simple Ostomy Pouch Deodorant Classic Blue - Safe Deodorant - Colostomy Bag Odor Eliminator - Colostomy Deodorizer - 8 Fluid Ounce Drops,Fantastic odor control with no perfumes or artificial scents added for discreet protection. Blue formula helps to see the liquid inside the pouch. Leak-proof seal on bottle to prevent spills before opened. Push top cap to ensure liquid does not escape cap. ALSO AVAILABLE IN A CLEAR FORMULATION (PART NUMBER SNS41408),Wendy Packard,Ostomy deodorant,It does the job,8/30/2024,5,Yes,0
Safe n' Simple Ostomy Pouch Deodorant Classic Blue - Safe Deodorant - Colostomy Bag Odor Eliminator - Colostomy Deodorizer - 8 Fluid Ounce Drops,Fantastic odor control with no perfumes or artificial scents added for discreet protection. Blue formula helps to see the liquid inside the pouch. Leak-proof seal on bottle to prevent spills before opened. Push top cap to ensure liquid does not escape cap. ALSO AVAILABLE IN A CLEAR FORMULATION (PART NUMBER SNS41408),Leslie,Love the product.,The color and smell.,8/29/2024,5,Yes,0
Safe n' Simple Ostomy Pouch Deodorant Classic Blue - Safe Deodorant - Colostomy Bag Odor Eliminator - Colostomy Deodorizer - 8 Fluid Ounce Drops,Fantastic odor control with no perfumes or artificial scents added for discreet protection. Blue formula helps to see the liquid inside the pouch. Leak-proof seal on bottle to prevent spills before opened. Push top cap to ensure liquid does not escape cap. ALSO AVAILABLE IN A CLEAR FORMULATION (PART NUMBER SNS41408),Florida girl,Thank GOD for this,"BF unfortunately has to have a colostomy for a bit.First days home...swear to GOD was a deal breaker.After 11yrs, I was leaving.Was like carrying a bag of smelly 💩 in your purse everywhere you went.Got this, game changer!!I realize, it's not great to have one.Since adding this to the ""routine"" I can assist with bag changes and not vomit or gag!Totally endorse!!",6/2/2024,5,Yes,2
Safe n' Simple Ostomy Pouch Deodorant Classic Blue - Safe Deodorant - Colostomy Bag Odor Eliminator - Colostomy Deodorizer - 8 Fluid Ounce Drops,Fantastic odor control with no perfumes or artificial scents added for discreet protection. Blue formula helps to see the liquid inside the pouch. Leak-proof seal on bottle to prevent spills before opened. Push top cap to ensure liquid does not escape cap. ALSO AVAILABLE IN A CLEAR FORMULATION (PART NUMBER SNS41408),e root,Eroot,Works great does the job well,5/1/2024,4,Yes,0
Safe n' Simple Ostomy Pouch Deodorant Classic Blue - Safe Deodorant - Colostomy Bag Odor Eliminator - Colostomy Deodorizer - 8 Fluid Ounce Drops,Fantastic odor control with no perfumes or artificial scents added for discreet protection. Blue formula helps to see the liquid inside the pouch. Leak-proof seal on bottle to prevent spills before opened. Push top cap to ensure liquid does not escape cap. ALSO AVAILABLE IN A CLEAR FORMULATION (PART NUMBER SNS41408),Bob Jarvis,Works as claimed.,Meets expectations.,8/18/2024,5,Yes,0
Safe n' Simple Ostomy Pouch Deodorant Classic Blue - Safe Deodorant - Colostomy Bag Odor Eliminator - Colostomy Deodorizer - 8 Fluid Ounce Drops,Fantastic odor control with no perfumes or artificial scents added for discreet protection. Blue formula helps to see the liquid inside the pouch. Leak-proof seal on bottle to prevent spills before opened. Push top cap to ensure liquid does not escape cap. ALSO AVAILABLE IN A CLEAR FORMULATION (PART NUMBER SNS41408),Amazon Customer,Deodorize,"This is just as good as M9 which is twice the price. I have a subscription to get this monthly. I’m new to having a ileostomy, but this product is fabulous.",7/1/2024,5,Yes,0
Safe n' Simple Ostomy Pouch Deodorant Classic Blue - Safe Deodorant - Colostomy Bag Odor Eliminator - Colostomy Deodorizer - 8 Fluid Ounce Drops,Fantastic odor control with no perfumes or artificial scents added for discreet protection. Blue formula helps to see the liquid inside the pouch. Leak-proof seal on bottle to prevent spills before opened. Push top cap to ensure liquid does not escape cap. ALSO AVAILABLE IN A CLEAR FORMULATION (PART NUMBER SNS41408),Holly A,Works just as well as brand names,"I like that it works well and is cheaper than the brand names. The bad side is: it’s not ahead available and it takes much longer to ship and receive. When this is a “needed immediately” item, sometime you can’t wait that long",5/15/2024,5,Yes,0
Safe n' Simple Ostomy Pouch Deodorant Classic Blue - Safe Deodorant - Colostomy Bag Odor Eliminator - Colostomy Deodorizer - 8 Fluid Ounce Drops,Fantastic odor control with no perfumes or artificial scents added for discreet protection. Blue formula helps to see the liquid inside the pouch. Leak-proof seal on bottle to prevent spills before opened. Push top cap to ensure liquid does not escape cap. ALSO AVAILABLE IN A CLEAR FORMULATION (PART NUMBER SNS41408),MissBevC,Works Well,Insurance only covers one bottle per month. Have been buying an extra bottle out of pocket here. Ostomate husband relies on this for odor protection. Worth it and great to fill travel bottles. Can even stretch it out with a little water to dilute and it still works great.,5/1/2024,5,Yes,2
Safe n' Simple Ostomy Pouch Deodorant Classic Blue - Safe Deodorant - Colostomy Bag Odor Eliminator - Colostomy Deodorizer - 8 Fluid Ounce Drops,Fantastic odor control with no perfumes or artificial scents added for discreet protection. Blue formula helps to see the liquid inside the pouch. Leak-proof seal on bottle to prevent spills before opened. Push top cap to ensure liquid does not escape cap. ALSO AVAILABLE IN A CLEAR FORMULATION (PART NUMBER SNS41408),Amazon Customer,as expected,Yes exactly what is it gonna do. It is also very blue.,7/6/2024,5,Yes,0
Safe n' Simple Ostomy Pouch Deodorant Classic Blue - Safe Deodorant - Colostomy Bag Odor Eliminator - Colostomy Deodorizer - 8 Fluid Ounce Drops,Fantastic odor control with no perfumes or artificial scents added for discreet protection. Blue formula helps to see the liquid inside the pouch. Leak-proof seal on bottle to prevent spills before opened. Push top cap to ensure liquid does not escape cap. ALSO AVAILABLE IN A CLEAR FORMULATION (PART NUMBER SNS41408),Greg B.,Works great,Easy to use and eliminates almost all the odor. Wish I had not waited 5 years to try it.,6/24/2024,5,Yes,4
Safe n' Simple Ostomy Pouch Deodorant Classic Blue - Safe Deodorant - Colostomy Bag Odor Eliminator - Colostomy Deodorizer - 8 Fluid Ounce Drops,Fantastic odor control with no perfumes or artificial scents added for discreet protection. Blue formula helps to see the liquid inside the pouch. Leak-proof seal on bottle to prevent spills before opened. Push top cap to ensure liquid does not escape cap. ALSO AVAILABLE IN A CLEAR FORMULATION (PART NUMBER SNS41408),DARLENE BOYD,My husband likes it better than than Holloster's brand,"It is thin,  but really controls the ostomy odor",7/8/2024,5,Yes,0
Safe n' Simple Ostomy Pouch Deodorant Classic Blue - Safe Deodorant - Colostomy Bag Odor Eliminator - Colostomy Deodorizer - 8 Fluid Ounce Drops,Fantastic odor control with no perfumes or artificial scents added for discreet protection. Blue formula helps to see the liquid inside the pouch. Leak-proof seal on bottle to prevent spills before opened. Push top cap to ensure liquid does not escape cap. ALSO AVAILABLE IN A CLEAR FORMULATION (PART NUMBER SNS41408),TMiller,Wow! It really works! 😲🤯,"First let me say, Wow! it works! I did a little research first and checked reviews. This product came highly recommended. I had been running a diffuser with essential oils, spraying air freshener, burning candles, using wax melts, cleaning, but nothing could mask the pungent odor of the off-gassing of the bag. Nothing. (This situation is not a colostomy bag but a catheter bag for my friend with terminal cancer who has a fistula of the colon and bladder so the Foley catheter has become essentially a colostomy bag.) Tough situation when they don't really have odor solutions for this type of medical issue. Long story short, I simply add several drops of this wonderful product down into a fresh bag each time it's changed and finally, the odor is barely even noticable IF at all. No more sprays, oils, or candles needed. I went from having to change the bag every single day to being able to change it every couple of days or longer with no problems whatsoever. Very thankful to have come across this product. It makes my life much simpler and I can certainly use that these days!",6/13/2022,5,Yes,16
Safe n' Simple Ostomy Pouch Deodorant Classic Blue - Safe Deodorant - Colostomy Bag Odor Eliminator - Colostomy Deodorizer - 8 Fluid Ounce Drops,Fantastic odor control with no perfumes or artificial scents added for discreet protection. Blue formula helps to see the liquid inside the pouch. Leak-proof seal on bottle to prevent spills before opened. Push top cap to ensure liquid does not escape cap. ALSO AVAILABLE IN A CLEAR FORMULATION (PART NUMBER SNS41408),German Girl,Deodorizer for Ostomy bag,This product works amazingly well.,7/12/2024,5,Yes,0
Safe n' Simple Ostomy Pouch Deodorant Classic Blue - Safe Deodorant - Colostomy Bag Odor Eliminator - Colostomy Deodorizer - 8 Fluid Ounce Drops,Fantastic odor control with no perfumes or artificial scents added for discreet protection. Blue formula helps to see the liquid inside the pouch. Leak-proof seal on bottle to prevent spills before opened. Push top cap to ensure liquid does not escape cap. ALSO AVAILABLE IN A CLEAR FORMULATION (PART NUMBER SNS41408),Leroy Thomas,Great Deodorant,"I like this ostomy deodorant. When my regular brand ran out, I tried this one, and I was happy with the results. I highly recommend it.",6/5/2024,5,Yes,0
Safe n' Simple Ostomy Pouch Deodorant Classic Blue - Safe Deodorant - Colostomy Bag Odor Eliminator - Colostomy Deodorizer - 8 Fluid Ounce Drops,Fantastic odor control with no perfumes or artificial scents added for discreet protection. Blue formula helps to see the liquid inside the pouch. Leak-proof seal on bottle to prevent spills before opened. Push top cap to ensure liquid does not escape cap. ALSO AVAILABLE IN A CLEAR FORMULATION (PART NUMBER SNS41408),Cee Nowlin,Great product!,"My first-ever review. This product was worth the time. I'm caretaking for my father and I have to empty or change his ostomy bag daily. Before I started using this product the smell of his bag was strong. I did some homework, hoping there was something out there that could neutralize the smell. I stumbled across the reviews for this product and tried it out. O-M-G!! This stuff is amazing! It works!",1/27/2024,5,Yes,6
Safe n' Simple Ostomy Pouch Deodorant Classic Blue - Safe Deodorant - Colostomy Bag Odor Eliminator - Colostomy Deodorizer - 8 Fluid Ounce Drops,Fantastic odor control with no perfumes or artificial scents added for discreet protection. Blue formula helps to see the liquid inside the pouch. Leak-proof seal on bottle to prevent spills before opened. Push top cap to ensure liquid does not escape cap. ALSO AVAILABLE IN A CLEAR FORMULATION (PART NUMBER SNS41408),L. Vincent,Seems to be doing the job with less product,"Don’t freak out, it is blue, a bit thicker but not a gel.  I seem to be using less than my Coloplast deodorant lube which I love",5/30/2024,5,Yes,0
Safe n' Simple Ostomy Pouch Deodorant Classic Blue - Safe Deodorant - Colostomy Bag Odor Eliminator - Colostomy Deodorizer - 8 Fluid Ounce Drops,Fantastic odor control with no perfumes or artificial scents added for discreet protection. Blue formula helps to see the liquid inside the pouch. Leak-proof seal on bottle to prevent spills before opened. Push top cap to ensure liquid does not escape cap. ALSO AVAILABLE IN A CLEAR FORMULATION (PART NUMBER SNS41408),Misty,Deodorizer review,"It worked well.  However, I would prefer to have had it in a clear liquid vs. dark blue.  No complaints.",6/11/2024,5,Yes,0
Safe n' Simple Ostomy Pouch Deodorant Classic Blue - Safe Deodorant - Colostomy Bag Odor Eliminator - Colostomy Deodorizer - 8 Fluid Ounce Drops,Fantastic odor control with no perfumes or artificial scents added for discreet protection. Blue formula helps to see the liquid inside the pouch. Leak-proof seal on bottle to prevent spills before opened. Push top cap to ensure liquid does not escape cap. ALSO AVAILABLE IN A CLEAR FORMULATION (PART NUMBER SNS41408),Tina,Works Great,"Easy to use, works well and excellent value.",6/21/2024,5,Yes,0
Safe n' Simple Ostomy Pouch Deodorant Classic Blue - Safe Deodorant - Colostomy Bag Odor Eliminator - Colostomy Deodorizer - 8 Fluid Ounce Drops,Fantastic odor control with no perfumes or artificial scents added for discreet protection. Blue formula helps to see the liquid inside the pouch. Leak-proof seal on bottle to prevent spills before opened. Push top cap to ensure liquid does not escape cap. ALSO AVAILABLE IN A CLEAR FORMULATION (PART NUMBER SNS41408),Holly Houston,The PROOF is in the POO POO!,"Safe n Simple Ostomy Pouch Deodorant is the real deal. This product makes foul colostomy bag poo poo smells go poof!After spending five months in a hospital at my husband’s bedside and running from the awful smell each time his colostomy bag was changed, I had to find a deodorizer when I took him home.You see, hospitals don’t use ostomy pouch deodorant of any kind. Nurses just deal with the awful smell. Well, my husband’s nurses don’t anymore!My honey is back in the hospital and I gave his nurses Safe n Simple Ostomy Pouch Deodorant. They use it now and everybody’s happy. I no longer run out of the room when it’s time to burp, empty, or change the ostomy pouch. Hallelujah!!!!",5/23/2023,5,Yes,16
Safe n' Simple Ostomy Pouch Deodorant Classic Blue - Safe Deodorant - Colostomy Bag Odor Eliminator - Colostomy Deodorizer - 8 Fluid Ounce Drops,Fantastic odor control with no perfumes or artificial scents added for discreet protection. Blue formula helps to see the liquid inside the pouch. Leak-proof seal on bottle to prevent spills before opened. Push top cap to ensure liquid does not escape cap. ALSO AVAILABLE IN A CLEAR FORMULATION (PART NUMBER SNS41408),KW,Life saver,"First rime ostomy bagger here. Once I was able to eat again, the smell when changing or emptying the bag made me gag. I cried and thought there was just no way I could do this. I was afraid people would smell me. This product changed everything. I put the drops in after every empty and there is NO SMELL AT ALL. It makes emptying the bag so much easier. I bought travel size squeeze containers for my purse and emergency ""car kit"" and divided up the bottle of drops. Now I have them whenever I need them. I would never leave home without them. This is such a hard and awful experience to adjust to and the deodorizer made all the difference. Definitely recommend! ❤️",4/16/2023,5,Yes,11
Safe n' Simple Ostomy Pouch Deodorant Classic Blue - Safe Deodorant - Colostomy Bag Odor Eliminator - Colostomy Deodorizer - 8 Fluid Ounce Drops,Fantastic odor control with no perfumes or artificial scents added for discreet protection. Blue formula helps to see the liquid inside the pouch. Leak-proof seal on bottle to prevent spills before opened. Push top cap to ensure liquid does not escape cap. ALSO AVAILABLE IN A CLEAR FORMULATION (PART NUMBER SNS41408),Vnlopez03,Works good,"It keeps the odor at bay, works great",6/5/2024,5,Yes,0
Safe n' Simple Ostomy Pouch Deodorant Classic Blue - Safe Deodorant - Colostomy Bag Odor Eliminator - Colostomy Deodorizer - 8 Fluid Ounce Drops,Fantastic odor control with no perfumes or artificial scents added for discreet protection. Blue formula helps to see the liquid inside the pouch. Leak-proof seal on bottle to prevent spills before opened. Push top cap to ensure liquid does not escape cap. ALSO AVAILABLE IN A CLEAR FORMULATION (PART NUMBER SNS41408),R. Deramus,Ostomy Pouch Deodorant,This is the best product that l've found to help eliminate oder. It's worth spending money to purchase this product.,4/28/2024,5,Yes,0
Safe n' Simple Ostomy Pouch Deodorant Classic Blue - Safe Deodorant - Colostomy Bag Odor Eliminator - Colostomy Deodorizer - 8 Fluid Ounce Drops,Fantastic odor control with no perfumes or artificial scents added for discreet protection. Blue formula helps to see the liquid inside the pouch. Leak-proof seal on bottle to prevent spills before opened. Push top cap to ensure liquid does not escape cap. ALSO AVAILABLE IN A CLEAR FORMULATION (PART NUMBER SNS41408),S,Works great!,This works just as well as the brand I order with my stoma supplies. I only am allowed one a month of the insurance brand. I like having a bottle in each bathroom.,3/17/2024,5,Yes,0
Safe n' Simple Ostomy Pouch Deodorant Classic Blue - Safe Deodorant - Colostomy Bag Odor Eliminator - Colostomy Deodorizer - 8 Fluid Ounce Drops,Fantastic odor control with no perfumes or artificial scents added for discreet protection. Blue formula helps to see the liquid inside the pouch. Leak-proof seal on bottle to prevent spills before opened. Push top cap to ensure liquid does not escape cap. ALSO AVAILABLE IN A CLEAR FORMULATION (PART NUMBER SNS41408),buyer expert,Excelent,Amazing product100% eliminate odor100% recommended,6/1/2024,5,Yes,0
Safe n' Simple Ostomy Pouch Deodorant Classic Blue - Safe Deodorant - Colostomy Bag Odor Eliminator - Colostomy Deodorizer - 8 Fluid Ounce Drops,Fantastic odor control with no perfumes or artificial scents added for discreet protection. Blue formula helps to see the liquid inside the pouch. Leak-proof seal on bottle to prevent spills before opened. Push top cap to ensure liquid does not escape cap. ALSO AVAILABLE IN A CLEAR FORMULATION (PART NUMBER SNS41408),mark smith,Good price...good size,Easy read!  Nice size font,5/21/2024,5,Yes,0
Safe n' Simple Ostomy Pouch Deodorant Classic Blue - Safe Deodorant - Colostomy Bag Odor Eliminator - Colostomy Deodorizer - 8 Fluid Ounce Drops,Fantastic odor control with no perfumes or artificial scents added for discreet protection. Blue formula helps to see the liquid inside the pouch. Leak-proof seal on bottle to prevent spills before opened. Push top cap to ensure liquid does not escape cap. ALSO AVAILABLE IN A CLEAR FORMULATION (PART NUMBER SNS41408),"BOB,SC",It works as advertised,Easy to use and eliminates odors,5/24/2024,5,Yes,0
Safe n' Simple Ostomy Pouch Deodorant Classic Blue - Safe Deodorant - Colostomy Bag Odor Eliminator - Colostomy Deodorizer - 8 Fluid Ounce Drops,Fantastic odor control with no perfumes or artificial scents added for discreet protection. Blue formula helps to see the liquid inside the pouch. Leak-proof seal on bottle to prevent spills before opened. Push top cap to ensure liquid does not escape cap. ALSO AVAILABLE IN A CLEAR FORMULATION (PART NUMBER SNS41408),Marik,The Color might throw you,The color of your waste might make you think you had been drinking green beer on saint paddy's day. Works to cover odors.,8/21/2023,4,Yes,4
Safe n' Simple Ostomy Pouch Deodorant Classic Blue - Safe Deodorant - Colostomy Bag Odor Eliminator - Colostomy Deodorizer - 8 Fluid Ounce Drops,Fantastic odor control with no perfumes or artificial scents added for discreet protection. Blue formula helps to see the liquid inside the pouch. Leak-proof seal on bottle to prevent spills before opened. Push top cap to ensure liquid does not escape cap. ALSO AVAILABLE IN A CLEAR FORMULATION (PART NUMBER SNS41408),mjackson,Price,Used before. No complaints,5/26/2024,5,Yes,0
Safe n' Simple Ostomy Pouch Deodorant Classic Blue - Safe Deodorant - Colostomy Bag Odor Eliminator - Colostomy Deodorizer - 8 Fluid Ounce Drops,Fantastic odor control with no perfumes or artificial scents added for discreet protection. Blue formula helps to see the liquid inside the pouch. Leak-proof seal on bottle to prevent spills before opened. Push top cap to ensure liquid does not escape cap. ALSO AVAILABLE IN A CLEAR FORMULATION (PART NUMBER SNS41408),Tiffany Deyarmin,Same as M9 cheaper cost,I'm grateful that it worked as well as the M9 Hollister brand. It's much more affordable!,4/8/2024,5,Yes,0
Safe n' Simple Ostomy Pouch Deodorant Classic Blue - Safe Deodorant - Colostomy Bag Odor Eliminator - Colostomy Deodorizer - 8 Fluid Ounce Drops,Fantastic odor control with no perfumes or artificial scents added for discreet protection. Blue formula helps to see the liquid inside the pouch. Leak-proof seal on bottle to prevent spills before opened. Push top cap to ensure liquid does not escape cap. ALSO AVAILABLE IN A CLEAR FORMULATION (PART NUMBER SNS41408),Valerie See,Good Buy,This deodorizer works very well for husbands ostomy care. Wish it came in a larger bottle.,4/10/2024,5,Yes,0
Safe n' Simple Ostomy Pouch Deodorant Classic Blue - Safe Deodorant - Colostomy Bag Odor Eliminator - Colostomy Deodorizer - 8 Fluid Ounce Drops,Fantastic odor control with no perfumes or artificial scents added for discreet protection. Blue formula helps to see the liquid inside the pouch. Leak-proof seal on bottle to prevent spills before opened. Push top cap to ensure liquid does not escape cap. ALSO AVAILABLE IN A CLEAR FORMULATION (PART NUMBER SNS41408),marcy,It Works,"This stuff  is amazing, works really well.",4/26/2024,5,Yes,0
Safe n' Simple Ostomy Pouch Deodorant Classic Blue - Safe Deodorant - Colostomy Bag Odor Eliminator - Colostomy Deodorizer - 8 Fluid Ounce Drops,Fantastic odor control with no perfumes or artificial scents added for discreet protection. Blue formula helps to see the liquid inside the pouch. Leak-proof seal on bottle to prevent spills before opened. Push top cap to ensure liquid does not escape cap. ALSO AVAILABLE IN A CLEAR FORMULATION (PART NUMBER SNS41408),Quincy,works great,No more odor,10/5/2023,4,Yes,2
Safe n' Simple Ostomy Pouch Deodorant Classic Blue - Safe Deodorant - Colostomy Bag Odor Eliminator - Colostomy Deodorizer - 8 Fluid Ounce Drops,Fantastic odor control with no perfumes or artificial scents added for discreet protection. Blue formula helps to see the liquid inside the pouch. Leak-proof seal on bottle to prevent spills before opened. Push top cap to ensure liquid does not escape cap. ALSO AVAILABLE IN A CLEAR FORMULATION (PART NUMBER SNS41408),Anna,Effective but needs adjustment,The deodorizer really worked but I didn’t like the color because it caused staining. Can it be made clear? Also every time I closed the cap on top it would spit some out. The bottle should be designed like a pint at the top instead. This would make it a lot easier and not so messy with blue stains going all over.,12/18/2022,4,Yes,0
Safe n' Simple Ostomy Pouch Deodorant Classic Blue - Safe Deodorant - Colostomy Bag Odor Eliminator - Colostomy Deodorizer - 8 Fluid Ounce Drops,Fantastic odor control with no perfumes or artificial scents added for discreet protection. Blue formula helps to see the liquid inside the pouch. Leak-proof seal on bottle to prevent spills before opened. Push top cap to ensure liquid does not escape cap. ALSO AVAILABLE IN A CLEAR FORMULATION (PART NUMBER SNS41408),"Cinderella, Mosley",Don’t need to use a lot,This will last me a long time,9/11/2023,4,Yes,0
Safe n' Simple Ostomy Pouch Deodorant Classic Blue - Safe Deodorant - Colostomy Bag Odor Eliminator - Colostomy Deodorizer - 8 Fluid Ounce Drops,Fantastic odor control with no perfumes or artificial scents added for discreet protection. Blue formula helps to see the liquid inside the pouch. Leak-proof seal on bottle to prevent spills before opened. Push top cap to ensure liquid does not escape cap. ALSO AVAILABLE IN A CLEAR FORMULATION (PART NUMBER SNS41408),Margaret Kern,Works For Me,"I find that this product really helps eliminate odor in my ostomy bag better than other products I have used. It also makes emptying the bag very easy & efficient. I had some trouble with dripping from the flip-up bottle cap so I bought a bottle at the Dollar Store that has a twist-up nozzle & put the product into that new bottle. It now works very well as I just have to squirt it into my bag & there is no chance of any drippage from the cap. As for staining, before I bought the new bottle type I had a drip on my rug but it cleaned up with just some water. I will continue to purchase this item.",4/16/2022,5,Yes,0
Safe n' Simple Ostomy Pouch Deodorant Classic Blue - Safe Deodorant - Colostomy Bag Odor Eliminator - Colostomy Deodorizer - 8 Fluid Ounce Drops,Fantastic odor control with no perfumes or artificial scents added for discreet protection. Blue formula helps to see the liquid inside the pouch. Leak-proof seal on bottle to prevent spills before opened. Push top cap to ensure liquid does not escape cap. ALSO AVAILABLE IN A CLEAR FORMULATION (PART NUMBER SNS41408),Clarisa Gonzalez,Works great,Very pleased with product!,4/24/2024,5,Yes,0
Safe n' Simple Ostomy Pouch Deodorant Classic Blue - Safe Deodorant - Colostomy Bag Odor Eliminator - Colostomy Deodorizer - 8 Fluid Ounce Drops,Fantastic odor control with no perfumes or artificial scents added for discreet protection. Blue formula helps to see the liquid inside the pouch. Leak-proof seal on bottle to prevent spills before opened. Push top cap to ensure liquid does not escape cap. ALSO AVAILABLE IN A CLEAR FORMULATION (PART NUMBER SNS41408),Stacey McKim,Works Well,"This stuff works well. Cuts the smell down a lot. The only downside is that it's blue, so it can be a bit messy. It is a little bit pricey, but as long as it works.",4/20/2023,4,Yes,9
Safe n' Simple Ostomy Pouch Deodorant Classic Blue - Safe Deodorant - Colostomy Bag Odor Eliminator - Colostomy Deodorizer - 8 Fluid Ounce Drops,Fantastic odor control with no perfumes or artificial scents added for discreet protection. Blue formula helps to see the liquid inside the pouch. Leak-proof seal on bottle to prevent spills before opened. Push top cap to ensure liquid does not escape cap. ALSO AVAILABLE IN A CLEAR FORMULATION (PART NUMBER SNS41408),lizu,It really works.,"My urostomy bag once connected does not detach. So, dropping the liquid in my bag at the outset is a waste as it gets eliminated when I empty the bag the first time. I now drop it in the toilet bowl before I empty the bag. It works like poopouri. Eliminates smells.",9/8/2023,5,Yes,2
Safe n' Simple Ostomy Pouch Deodorant Classic Blue - Safe Deodorant - Colostomy Bag Odor Eliminator - Colostomy Deodorizer - 8 Fluid Ounce Drops,Fantastic odor control with no perfumes or artificial scents added for discreet protection. Blue formula helps to see the liquid inside the pouch. Leak-proof seal on bottle to prevent spills before opened. Push top cap to ensure liquid does not escape cap. ALSO AVAILABLE IN A CLEAR FORMULATION (PART NUMBER SNS41408),Bill Bishop,"Good product, usage directions need work","The cap is a poor design and difficult to get the product in the bag. I use a funnel. Directions are minimal.  They say squirt in the bag, but don’t say how much. Don’t use this product unless your bag has at least a little content. It can be painful if the bag is new and empty.",10/3/2022,4,Yes,8
Safe n' Simple Ostomy Pouch Deodorant Classic Blue - Safe Deodorant - Colostomy Bag Odor Eliminator - Colostomy Deodorizer - 8 Fluid Ounce Drops,Fantastic odor control with no perfumes or artificial scents added for discreet protection. Blue formula helps to see the liquid inside the pouch. Leak-proof seal on bottle to prevent spills before opened. Push top cap to ensure liquid does not escape cap. ALSO AVAILABLE IN A CLEAR FORMULATION (PART NUMBER SNS41408),Frank H.,Love this product,"I’m a RN w 25 yrs experience and have had an ostomy since 2013.  This is by far the best ostomy deodorizer!  It takes 5 drops & it neutralizes all the odor as long as there isn’t severe ballooning. Nothing really gets rid of that smell. But, aside from ballooning odor, it works well.  I vent frequently to prevent that odor but over night it’s sometimes unavoidable.  This is the best product that I have used so far.",11/30/2022,5,Yes,13
Safe n' Simple Ostomy Pouch Deodorant Classic Blue - Safe Deodorant - Colostomy Bag Odor Eliminator - Colostomy Deodorizer - 8 Fluid Ounce Drops,Fantastic odor control with no perfumes or artificial scents added for discreet protection. Blue formula helps to see the liquid inside the pouch. Leak-proof seal on bottle to prevent spills before opened. Push top cap to ensure liquid does not escape cap. ALSO AVAILABLE IN A CLEAR FORMULATION (PART NUMBER SNS41408),Amazon Customer,"Cheap, effective. Abandon your fear of the public restroom...",For you are no longer going to cause anyone to pass out and hit their head and receive an involuntary manslaughter charge. Hooray!Get the small bottle for that public restroom and just refill it from the larger one. Waste of money to buy the small one more than once.Go forth and vent your bag with peace of mind.,5/30/2023,5,Yes,0
Safe n' Simple Ostomy Pouch Deodorant Classic Blue - Safe Deodorant - Colostomy Bag Odor Eliminator - Colostomy Deodorizer - 8 Fluid Ounce Drops,Fantastic odor control with no perfumes or artificial scents added for discreet protection. Blue formula helps to see the liquid inside the pouch. Leak-proof seal on bottle to prevent spills before opened. Push top cap to ensure liquid does not escape cap. ALSO AVAILABLE IN A CLEAR FORMULATION (PART NUMBER SNS41408),MinneApplegirl,It works !!!!,For anyone with a colostomy the important thing you need to know - this works.  The product does exactly what it is supposed to do and what I want it to do - manage odors.  The added benefit is that it is reasonably priced.,9/14/2023,5,Yes,4
Safe n' Simple Ostomy Pouch Deodorant Classic Blue - Safe Deodorant - Colostomy Bag Odor Eliminator - Colostomy Deodorizer - 8 Fluid Ounce Drops,Fantastic odor control with no perfumes or artificial scents added for discreet protection. Blue formula helps to see the liquid inside the pouch. Leak-proof seal on bottle to prevent spills before opened. Push top cap to ensure liquid does not escape cap. ALSO AVAILABLE IN A CLEAR FORMULATION (PART NUMBER SNS41408),Nikki Taylor,Works well,"I would suggest it, works well.",3/11/2024,5,Yes,0
Safe n' Simple Ostomy Pouch Deodorant Classic Blue - Safe Deodorant - Colostomy Bag Odor Eliminator - Colostomy Deodorizer - 8 Fluid Ounce Drops,Fantastic odor control with no perfumes or artificial scents added for discreet protection. Blue formula helps to see the liquid inside the pouch. Leak-proof seal on bottle to prevent spills before opened. Push top cap to ensure liquid does not escape cap. ALSO AVAILABLE IN A CLEAR FORMULATION (PART NUMBER SNS41408),Matt Crystal,Must have for fellow Ostomates.,"Having an ostomy is just plain awful. One of the most annoying things about having an ostomy bag is the frickin smell! No one wants to smell like poop, no one! This is where safe n simple ostomy pouch deodorant can improve your quality of life. I've tried many different ostomy deodorants and none of them come close to getting rid of the poop smell like safe n simple deodorant does. If you have an ostomy bag do yourself a favor and get this! You won't regret it.",6/1/2022,5,Yes,2
Safe n' Simple Ostomy Pouch Deodorant Classic Blue - Safe Deodorant - Colostomy Bag Odor Eliminator - Colostomy Deodorizer - 8 Fluid Ounce Drops,Fantastic odor control with no perfumes or artificial scents added for discreet protection. Blue formula helps to see the liquid inside the pouch. Leak-proof seal on bottle to prevent spills before opened. Push top cap to ensure liquid does not escape cap. ALSO AVAILABLE IN A CLEAR FORMULATION (PART NUMBER SNS41408),DMak,Wish it worked better,This product doesn’t work as well as it should. I still buy it occasionally because it works better than not using anything.,5/18/2023,4,Yes,0
Safe n' Simple Ostomy Pouch Deodorant Classic Blue - Safe Deodorant - Colostomy Bag Odor Eliminator - Colostomy Deodorizer - 8 Fluid Ounce Drops,Fantastic odor control with no perfumes or artificial scents added for discreet protection. Blue formula helps to see the liquid inside the pouch. Leak-proof seal on bottle to prevent spills before opened. Push top cap to ensure liquid does not escape cap. ALSO AVAILABLE IN A CLEAR FORMULATION (PART NUMBER SNS41408),K,Awesome!,"This stuff is amazing. I always used the Brava lubricating deodorant since getting my colostomy 4 years ago, and never was very impressed with the odor control. This is life changing, and I wish I had tried it sooner. I imagine I will be going through the bottle fairly quickly since I need to add drops each time I empty, but honestly it's even deodorizing the gas inflation and I don't feel like I'm stinkin' up the entire house every time I go in the bathroom. I'm still in my early 30s, and it's embarrassing trying to explain why my half of the apartment is sometimes a little fragrant, or getting dirty looks after using the restroom at work. People don't really get that you can't do much about it. It has added to my privacy and my peace of mind, and I'm definitely glad I gave it a try.",7/22/2020,5,Yes,37
Safe n' Simple Ostomy Pouch Deodorant Classic Blue - Safe Deodorant - Colostomy Bag Odor Eliminator - Colostomy Deodorizer - 8 Fluid Ounce Drops,Fantastic odor control with no perfumes or artificial scents added for discreet protection. Blue formula helps to see the liquid inside the pouch. Leak-proof seal on bottle to prevent spills before opened. Push top cap to ensure liquid does not escape cap. ALSO AVAILABLE IN A CLEAR FORMULATION (PART NUMBER SNS41408),Paul J,It really Works!,It works great to stop odor in catheters.,2/15/2024,5,Yes,0
Safe n' Simple Ostomy Pouch Deodorant Classic Blue - Safe Deodorant - Colostomy Bag Odor Eliminator - Colostomy Deodorizer - 8 Fluid Ounce Drops,Fantastic odor control with no perfumes or artificial scents added for discreet protection. Blue formula helps to see the liquid inside the pouch. Leak-proof seal on bottle to prevent spills before opened. Push top cap to ensure liquid does not escape cap. ALSO AVAILABLE IN A CLEAR FORMULATION (PART NUMBER SNS41408),Les J.,Works amazingly well,I was quite skeptical that this would actually work well to eliminate the ostomy pouch odorNot any more..this is shockingly an amazing product. This Totally eliminates the odor even while dumping the bag!!!No smell period. I find it works well using a small funnel inserted into the end of the pouch and allowing a few drops into the bag . It's inexpensive enough to last a long time....no more embarrassing outgas problems any more.You can't go wrong with this product,5/21/2022,5,Yes,0
Safe n' Simple Ostomy Pouch Deodorant Classic Blue - Safe Deodorant - Colostomy Bag Odor Eliminator - Colostomy Deodorizer - 8 Fluid Ounce Drops,Fantastic odor control with no perfumes or artificial scents added for discreet protection. Blue formula helps to see the liquid inside the pouch. Leak-proof seal on bottle to prevent spills before opened. Push top cap to ensure liquid does not escape cap. ALSO AVAILABLE IN A CLEAR FORMULATION (PART NUMBER SNS41408),Jay Rey,Works great,"This product reduces odor as well as any other product I have used, better than most of them.",12/7/2023,5,Yes,2
Safe n' Simple Ostomy Pouch Deodorant Classic Blue - Safe Deodorant - Colostomy Bag Odor Eliminator - Colostomy Deodorizer - 8 Fluid Ounce Drops,Fantastic odor control with no perfumes or artificial scents added for discreet protection. Blue formula helps to see the liquid inside the pouch. Leak-proof seal on bottle to prevent spills before opened. Push top cap to ensure liquid does not escape cap. ALSO AVAILABLE IN A CLEAR FORMULATION (PART NUMBER SNS41408),Camille,Works as advertised,The product delivered.,6/11/2023,4,Yes,0
Safe n' Simple Ostomy Pouch Deodorant Classic Blue - Safe Deodorant - Colostomy Bag Odor Eliminator - Colostomy Deodorizer - 8 Fluid Ounce Drops,Fantastic odor control with no perfumes or artificial scents added for discreet protection. Blue formula helps to see the liquid inside the pouch. Leak-proof seal on bottle to prevent spills before opened. Push top cap to ensure liquid does not escape cap. ALSO AVAILABLE IN A CLEAR FORMULATION (PART NUMBER SNS41408),Patti Lucas,It Really Works,This is a great product and reduces the odor when emptying an ostomy pouch. Wish I had discovered it early. I love this product. It really does what it is supposed to do.,6/27/2023,5,Yes,0
Safe n' Simple Ostomy Pouch Deodorant Classic Blue - Safe Deodorant - Colostomy Bag Odor Eliminator - Colostomy Deodorizer - 8 Fluid Ounce Drops,Fantastic odor control with no perfumes or artificial scents added for discreet protection. Blue formula helps to see the liquid inside the pouch. Leak-proof seal on bottle to prevent spills before opened. Push top cap to ensure liquid does not escape cap. ALSO AVAILABLE IN A CLEAR FORMULATION (PART NUMBER SNS41408),Ginger Moore,"As effective as M9, but much cheaper!",I have an illeostomy and have been buying M9 for odor control for years. It is ridiculously expensive! A friend found Safe & Simple Ostomy deodorant my accident. I was skeptical at first because it was less expensive. It works great. The only draw back is the blue color.,2/5/2023,5,Yes,3
Safe n' Simple Ostomy Pouch Deodorant Classic Blue - Safe Deodorant - Colostomy Bag Odor Eliminator - Colostomy Deodorizer - 8 Fluid Ounce Drops,Fantastic odor control with no perfumes or artificial scents added for discreet protection. Blue formula helps to see the liquid inside the pouch. Leak-proof seal on bottle to prevent spills before opened. Push top cap to ensure liquid does not escape cap. ALSO AVAILABLE IN A CLEAR FORMULATION (PART NUMBER SNS41408),UpstateAC,Works well but makes me itch,"Great for deodorizing. Works well. The only downside for me is that every time I use it, a few hours after put it in my pouch, the skin under my wafer itches ferociously for a couple hours (no leaks, just itch). After that initial “burn” it doesn’t bother me. I think I must have a mild allergy to something in it. I probably won’t order this brand again but it doesn’t seem to be a common problem from other reviews.",3/8/2021,4,Yes,4
Safe n' Simple Ostomy Pouch Deodorant Classic Blue - Safe Deodorant - Colostomy Bag Odor Eliminator - Colostomy Deodorizer - 8 Fluid Ounce Drops,Fantastic odor control with no perfumes or artificial scents added for discreet protection. Blue formula helps to see the liquid inside the pouch. Leak-proof seal on bottle to prevent spills before opened. Push top cap to ensure liquid does not escape cap. ALSO AVAILABLE IN A CLEAR FORMULATION (PART NUMBER SNS41408),Sweety,Name speaks for itself,This product actually does its job. No complaints from me.,3/26/2023,4,Yes,5
Safe n' Simple Ostomy Pouch Deodorant Classic Blue - Safe Deodorant - Colostomy Bag Odor Eliminator - Colostomy Deodorizer - 8 Fluid Ounce Drops,Fantastic odor control with no perfumes or artificial scents added for discreet protection. Blue formula helps to see the liquid inside the pouch. Leak-proof seal on bottle to prevent spills before opened. Push top cap to ensure liquid does not escape cap. ALSO AVAILABLE IN A CLEAR FORMULATION (PART NUMBER SNS41408),Fred,Very effective,Easy to use,1/24/2024,5,Yes,0
Safe n' Simple Ostomy Pouch Deodorant Classic Blue - Safe Deodorant - Colostomy Bag Odor Eliminator - Colostomy Deodorizer - 8 Fluid Ounce Drops,Fantastic odor control with no perfumes or artificial scents added for discreet protection. Blue formula helps to see the liquid inside the pouch. Leak-proof seal on bottle to prevent spills before opened. Push top cap to ensure liquid does not escape cap. ALSO AVAILABLE IN A CLEAR FORMULATION (PART NUMBER SNS41408),Amber S.,"Better than M9, except for on-the-go","I was extremely disappointed when I tried Hollister M9 deodorant and it did not cover up the odor as much as I would have liked. I thought there was no way this cheaper product would do a better job but it eliminates the odor 100%.For at-home use, I prefer the flip up squirt top because it is quick to open and close. The only downside is that this type of lid is not at all appropriate for on-the-go/travel use. So I use this at home but use the little 1 oz twist-top eyedropper bottles of M9 for when I'm out and about (carrying it in my purse or pocket).",5/19/2020,5,Yes,16
Safe n' Simple Ostomy Pouch Deodorant Classic Blue - Safe Deodorant - Colostomy Bag Odor Eliminator - Colostomy Deodorizer - 8 Fluid Ounce Drops,Fantastic odor control with no perfumes or artificial scents added for discreet protection. Blue formula helps to see the liquid inside the pouch. Leak-proof seal on bottle to prevent spills before opened. Push top cap to ensure liquid does not escape cap. ALSO AVAILABLE IN A CLEAR FORMULATION (PART NUMBER SNS41408),Lisa Ramirez,WORKS!,I have been trying everything to get rid of the sewer smell I finally decided to try this after reading all the positive reviews. I thought ok what can it hurt. To my surprise - no sewer smell and my husband hasn’t complained once!  There is still an odor but nothing that one spray of room deodorizer can’t eliminate!,6/23/2022,5,Yes,0
Safe n' Simple Ostomy Pouch Deodorant Classic Blue - Safe Deodorant - Colostomy Bag Odor Eliminator - Colostomy Deodorizer - 8 Fluid Ounce Drops,Fantastic odor control with no perfumes or artificial scents added for discreet protection. Blue formula helps to see the liquid inside the pouch. Leak-proof seal on bottle to prevent spills before opened. Push top cap to ensure liquid does not escape cap. ALSO AVAILABLE IN A CLEAR FORMULATION (PART NUMBER SNS41408),DMK,Better than M9,"To me this is better than the M9. So much cheaper, eliminates odor and also lubricates.",10/22/2023,5,Yes,0
Safe n' Simple Ostomy Pouch Deodorant Classic Blue - Safe Deodorant - Colostomy Bag Odor Eliminator - Colostomy Deodorizer - 8 Fluid Ounce Drops,Fantastic odor control with no perfumes or artificial scents added for discreet protection. Blue formula helps to see the liquid inside the pouch. Leak-proof seal on bottle to prevent spills before opened. Push top cap to ensure liquid does not escape cap. ALSO AVAILABLE IN A CLEAR FORMULATION (PART NUMBER SNS41408),Pearl H.,Deodorant for Ostomy Bags,This item is half the price of the M9 product and works great. It reduces the odor amazingly & you don’t have to worry about offending anyone. Do love this product.,7/7/2023,5,Yes,0
Safe n' Simple Ostomy Pouch Deodorant Classic Blue - Safe Deodorant - Colostomy Bag Odor Eliminator - Colostomy Deodorizer - 8 Fluid Ounce Drops,Fantastic odor control with no perfumes or artificial scents added for discreet protection. Blue formula helps to see the liquid inside the pouch. Leak-proof seal on bottle to prevent spills before opened. Push top cap to ensure liquid does not escape cap. ALSO AVAILABLE IN A CLEAR FORMULATION (PART NUMBER SNS41408),Grace,Helps with odor,"It isn't overly ""perfumy"".  I am not crazy about the blue coloring.  Next time I'll order clear if they have it.",9/5/2022,4,Yes,2
Safe n' Simple Ostomy Pouch Deodorant Classic Blue - Safe Deodorant - Colostomy Bag Odor Eliminator - Colostomy Deodorizer - 8 Fluid Ounce Drops,Fantastic odor control with no perfumes or artificial scents added for discreet protection. Blue formula helps to see the liquid inside the pouch. Leak-proof seal on bottle to prevent spills before opened. Push top cap to ensure liquid does not escape cap. ALSO AVAILABLE IN A CLEAR FORMULATION (PART NUMBER SNS41408),Amazon Customer,works awesome,i have wasted money on several smell helpers and i hsve not found anything untill now that covers the septic tank smell when i empty my ostomy..i was embarrased to go when away from home..came across this product and read reviews and honestly didnt believe it would work !!! well it does..with freash bag i put about tablespoon amount in...hardly no smell..even with dirty bag after empting i put about tablespoon in and still works great..i would rate this about a 9 out of ten for covering severe smells.,4/13/2021,5,Yes,0
Safe n' Simple Ostomy Pouch Deodorant Classic Blue - Safe Deodorant - Colostomy Bag Odor Eliminator - Colostomy Deodorizer - 8 Fluid Ounce Drops,Fantastic odor control with no perfumes or artificial scents added for discreet protection. Blue formula helps to see the liquid inside the pouch. Leak-proof seal on bottle to prevent spills before opened. Push top cap to ensure liquid does not escape cap. ALSO AVAILABLE IN A CLEAR FORMULATION (PART NUMBER SNS41408),DONNA SMITH,Great smell,I luv it ! Nobody can tell that I have a bag can’t smell anything,10/8/2023,5,Yes,0
Safe n' Simple Ostomy Pouch Deodorant Classic Blue - Safe Deodorant - Colostomy Bag Odor Eliminator - Colostomy Deodorizer - 8 Fluid Ounce Drops,Fantastic odor control with no perfumes or artificial scents added for discreet protection. Blue formula helps to see the liquid inside the pouch. Leak-proof seal on bottle to prevent spills before opened. Push top cap to ensure liquid does not escape cap. ALSO AVAILABLE IN A CLEAR FORMULATION (PART NUMBER SNS41408),Maggy Santana,Súper bueno,Se usó para cambiar bolsas de colostomia y redujo el olor al cambiar las bolsas.,10/6/2023,5,Yes,0
Safe n' Simple Ostomy Pouch Deodorant Classic Blue - Safe Deodorant - Colostomy Bag Odor Eliminator - Colostomy Deodorizer - 8 Fluid Ounce Drops,Fantastic odor control with no perfumes or artificial scents added for discreet protection. Blue formula helps to see the liquid inside the pouch. Leak-proof seal on bottle to prevent spills before opened. Push top cap to ensure liquid does not escape cap. ALSO AVAILABLE IN A CLEAR FORMULATION (PART NUMBER SNS41408),Carlotta Lewis,Deodorant,It holds the odor down,12/2/2023,5,Yes,0
Safe n' Simple Ostomy Pouch Deodorant Classic Blue - Safe Deodorant - Colostomy Bag Odor Eliminator - Colostomy Deodorizer - 8 Fluid Ounce Drops,Fantastic odor control with no perfumes or artificial scents added for discreet protection. Blue formula helps to see the liquid inside the pouch. Leak-proof seal on bottle to prevent spills before opened. Push top cap to ensure liquid does not escape cap. ALSO AVAILABLE IN A CLEAR FORMULATION (PART NUMBER SNS41408),TexasRose,Finally a Deodorizer that Works!,Other deodorizers tried have a very strong mint smell but do not eliminate underlying odors. This stuff actually works and does not give off it's own scent. Excellent product.,6/29/2023,5,Yes,0
Safe n' Simple Ostomy Pouch Deodorant Classic Blue - Safe Deodorant - Colostomy Bag Odor Eliminator - Colostomy Deodorizer - 8 Fluid Ounce Drops,Fantastic odor control with no perfumes or artificial scents added for discreet protection. Blue formula helps to see the liquid inside the pouch. Leak-proof seal on bottle to prevent spills before opened. Push top cap to ensure liquid does not escape cap. ALSO AVAILABLE IN A CLEAR FORMULATION (PART NUMBER SNS41408),LunaB,Great stuff,This works very well and better priced than other brands. Boosts confidence knowing it works.,9/23/2023,5,Yes,2
Safe n' Simple Ostomy Pouch Deodorant Classic Blue - Safe Deodorant - Colostomy Bag Odor Eliminator - Colostomy Deodorizer - 8 Fluid Ounce Drops,Fantastic odor control with no perfumes or artificial scents added for discreet protection. Blue formula helps to see the liquid inside the pouch. Leak-proof seal on bottle to prevent spills before opened. Push top cap to ensure liquid does not escape cap. ALSO AVAILABLE IN A CLEAR FORMULATION (PART NUMBER SNS41408),Bettie Lee,Ostomy Pouch,It removes some of the odor but not all of it,11/6/2022,4,Yes,3
Safe n' Simple Ostomy Pouch Deodorant Classic Blue - Safe Deodorant - Colostomy Bag Odor Eliminator - Colostomy Deodorizer - 8 Fluid Ounce Drops,Fantastic odor control with no perfumes or artificial scents added for discreet protection. Blue formula helps to see the liquid inside the pouch. Leak-proof seal on bottle to prevent spills before opened. Push top cap to ensure liquid does not escape cap. ALSO AVAILABLE IN A CLEAR FORMULATION (PART NUMBER SNS41408),M. Wilson,Always useful,All these ostomy pouch deodorants work about the same. They’re very helpful for sure.,9/21/2022,4,Yes,3
Safe n' Simple Ostomy Pouch Deodorant Classic Blue - Safe Deodorant - Colostomy Bag Odor Eliminator - Colostomy Deodorizer - 8 Fluid Ounce Drops,Fantastic odor control with no perfumes or artificial scents added for discreet protection. Blue formula helps to see the liquid inside the pouch. Leak-proof seal on bottle to prevent spills before opened. Push top cap to ensure liquid does not escape cap. ALSO AVAILABLE IN A CLEAR FORMULATION (PART NUMBER SNS41408),joe mata,Deodorant for ostomy bag,Good price,12/2/2023,5,Yes,0
Safe n' Simple Ostomy Pouch Deodorant Classic Blue - Safe Deodorant - Colostomy Bag Odor Eliminator - Colostomy Deodorizer - 8 Fluid Ounce Drops,Fantastic odor control with no perfumes or artificial scents added for discreet protection. Blue formula helps to see the liquid inside the pouch. Leak-proof seal on bottle to prevent spills before opened. Push top cap to ensure liquid does not escape cap. ALSO AVAILABLE IN A CLEAR FORMULATION (PART NUMBER SNS41408),H. Livingston,I can count on this to work every time!!,"Every bit as effective as more expensive brands. It's dyed blue so that you know how much you're putting into your bag. I can count on it working! My only complaint is the top of the bottle. The product gets all over the top and is easy to waste a few drops each time I use it that adds up. It would be better to have a flip up pour spout so I can direct the product right where it needs to go. Still, great product!",7/6/2018,4,Yes,2
Safe n' Simple Ostomy Pouch Deodorant Classic Blue - Safe Deodorant - Colostomy Bag Odor Eliminator - Colostomy Deodorizer - 8 Fluid Ounce Drops,Fantastic odor control with no perfumes or artificial scents added for discreet protection. Blue formula helps to see the liquid inside the pouch. Leak-proof seal on bottle to prevent spills before opened. Push top cap to ensure liquid does not escape cap. ALSO AVAILABLE IN A CLEAR FORMULATION (PART NUMBER SNS41408),Thomas Van Winkle,Lubricant and deodorant,"Lubricant and deodorant all in one, for a healthy Ostomy bad, easy to use, no sent and makes it easy to rinse",7/16/2023,5,Yes,0
Safe n' Simple Ostomy Pouch Deodorant Classic Blue - Safe Deodorant - Colostomy Bag Odor Eliminator - Colostomy Deodorizer - 8 Fluid Ounce Drops,Fantastic odor control with no perfumes or artificial scents added for discreet protection. Blue formula helps to see the liquid inside the pouch. Leak-proof seal on bottle to prevent spills before opened. Push top cap to ensure liquid does not escape cap. ALSO AVAILABLE IN A CLEAR FORMULATION (PART NUMBER SNS41408),K. Stewart,A lifesaver,"This stuff is amazing! I can now stay in my home, I had my bags packed! They should give this to all patients who have this procedure.Just a few drops and the odor is gone! No more perfumed poop smell! Does it come in gallon size?",5/18/2022,5,Yes,0
Safe n' Simple Ostomy Pouch Deodorant Classic Blue - Safe Deodorant - Colostomy Bag Odor Eliminator - Colostomy Deodorizer - 8 Fluid Ounce Drops,Fantastic odor control with no perfumes or artificial scents added for discreet protection. Blue formula helps to see the liquid inside the pouch. Leak-proof seal on bottle to prevent spills before opened. Push top cap to ensure liquid does not escape cap. ALSO AVAILABLE IN A CLEAR FORMULATION (PART NUMBER SNS41408),Mia,Ostomy,"The color surprised me, but it works.",9/12/2022,4,Yes,2
Safe n' Simple Ostomy Pouch Deodorant Classic Blue - Safe Deodorant - Colostomy Bag Odor Eliminator - Colostomy Deodorizer - 8 Fluid Ounce Drops,Fantastic odor control with no perfumes or artificial scents added for discreet protection. Blue formula helps to see the liquid inside the pouch. Leak-proof seal on bottle to prevent spills before opened. Push top cap to ensure liquid does not escape cap. ALSO AVAILABLE IN A CLEAR FORMULATION (PART NUMBER SNS41408),Amazon Customer,Odorless,Does a good job of minimizing odor.,9/27/2023,5,Yes,0
Safe n' Simple Ostomy Pouch Deodorant Classic Blue - Safe Deodorant - Colostomy Bag Odor Eliminator - Colostomy Deodorizer - 8 Fluid Ounce Drops,Fantastic odor control with no perfumes or artificial scents added for discreet protection. Blue formula helps to see the liquid inside the pouch. Leak-proof seal on bottle to prevent spills before opened. Push top cap to ensure liquid does not escape cap. ALSO AVAILABLE IN A CLEAR FORMULATION (PART NUMBER SNS41408),Mrs B,Essential for ostomates,I have used this for years. Other brands have a smell. I use this to get rid of smells! and it does the job.,4/22/2023,5,Yes,4
Safe n' Simple Ostomy Pouch Deodorant Classic Blue - Safe Deodorant - Colostomy Bag Odor Eliminator - Colostomy Deodorizer - 8 Fluid Ounce Drops,Fantastic odor control with no perfumes or artificial scents added for discreet protection. Blue formula helps to see the liquid inside the pouch. Leak-proof seal on bottle to prevent spills before opened. Push top cap to ensure liquid does not escape cap. ALSO AVAILABLE IN A CLEAR FORMULATION (PART NUMBER SNS41408),Vicki Phillips-Stout,The best I’ve tried!,"It’s a deodorizer, not a lubricant. Just what I need!  So happy I found it. I’ve read some reviews that are horrified that it’s blue. Of no consequence to me and it hasn’t stained ANYTHING!  If it works, (eliminates the odor) who cares what color it is!",4/12/2022,5,Yes,0
Safe n' Simple Ostomy Pouch Deodorant Classic Blue - Safe Deodorant - Colostomy Bag Odor Eliminator - Colostomy Deodorizer - 8 Fluid Ounce Drops,Fantastic odor control with no perfumes or artificial scents added for discreet protection. Blue formula helps to see the liquid inside the pouch. Leak-proof seal on bottle to prevent spills before opened. Push top cap to ensure liquid does not escape cap. ALSO AVAILABLE IN A CLEAR FORMULATION (PART NUMBER SNS41408),UCmba97,Worked great. No pouch odor for temp ostomy patient.,A loved one had a temporary ileostomy after rectal cancer surgery. This pouch deodorant worked wonders. 12 drops in the pouch after each empty and the contents were virtually odorless at the next empty.  The bottle lasted almost 2 months.  The product is blue and will stain any clothing it drips or splashes on. But it worked very well for him. He wore hollister ceraplus single pieces pouches.  The closure at the top of the bottle would be better suited to a dropper type lid instead of a lotion bottle type lid.,11/21/2018,5,Yes,0
Safe n' Simple Ostomy Pouch Deodorant Classic Blue - Safe Deodorant - Colostomy Bag Odor Eliminator - Colostomy Deodorizer - 8 Fluid Ounce Drops,Fantastic odor control with no perfumes or artificial scents added for discreet protection. Blue formula helps to see the liquid inside the pouch. Leak-proof seal on bottle to prevent spills before opened. Push top cap to ensure liquid does not escape cap. ALSO AVAILABLE IN A CLEAR FORMULATION (PART NUMBER SNS41408),Joe Torok,It worked better than advertised.,"My son was struggling with the odor from his colostomy, this product has eliminated the problem and is very simple to use.",3/19/2023,5,Yes,2
Safe n' Simple Ostomy Pouch Deodorant Classic Blue - Safe Deodorant - Colostomy Bag Odor Eliminator - Colostomy Deodorizer - 8 Fluid Ounce Drops,Fantastic odor control with no perfumes or artificial scents added for discreet protection. Blue formula helps to see the liquid inside the pouch. Leak-proof seal on bottle to prevent spills before opened. Push top cap to ensure liquid does not escape cap. ALSO AVAILABLE IN A CLEAR FORMULATION (PART NUMBER SNS41408),Laura L. Stanford,"Works, with a caveat","Wish Amazon allowed half stars, this is a 4.5 star product. It does deodorize - thank heavens! - but I dislike the blue dye used with it. I occasionally have accidents with my two piece ostomy bag, where the bag becomes unattached and messes spill; that blue dye will surely ruin fabrics and possibly even the floor with such a deep color.  Still.... it's better than no odor control, so I'll live with it.",5/7/2021,5,Yes,0
Safe n' Simple Ostomy Pouch Deodorant Classic Blue - Safe Deodorant - Colostomy Bag Odor Eliminator - Colostomy Deodorizer - 8 Fluid Ounce Drops,Fantastic odor control with no perfumes or artificial scents added for discreet protection. Blue formula helps to see the liquid inside the pouch. Leak-proof seal on bottle to prevent spills before opened. Push top cap to ensure liquid does not escape cap. ALSO AVAILABLE IN A CLEAR FORMULATION (PART NUMBER SNS41408),barbara j gigante,Best deodorant I have used,"Really works well. Once you employ the bag, remember to add more. Five of six drops seems to work. Do not be put off by the blue color. I have not had it stain anything. It just helps see where the product is in the bag.",4/18/2022,5,Yes,0
Safe n' Simple Ostomy Pouch Deodorant Classic Blue - Safe Deodorant - Colostomy Bag Odor Eliminator - Colostomy Deodorizer - 8 Fluid Ounce Drops,Fantastic odor control with no perfumes or artificial scents added for discreet protection. Blue formula helps to see the liquid inside the pouch. Leak-proof seal on bottle to prevent spills before opened. Push top cap to ensure liquid does not escape cap. ALSO AVAILABLE IN A CLEAR FORMULATION (PART NUMBER SNS41408),Amazon Customer,Does the job,This is a good product for the price. Does the job.,9/9/2023,5,Yes,0
Safe n' Simple Ostomy Pouch Deodorant Classic Blue - Safe Deodorant - Colostomy Bag Odor Eliminator - Colostomy Deodorizer - 8 Fluid Ounce Drops,Fantastic odor control with no perfumes or artificial scents added for discreet protection. Blue formula helps to see the liquid inside the pouch. Leak-proof seal on bottle to prevent spills before opened. Push top cap to ensure liquid does not escape cap. ALSO AVAILABLE IN A CLEAR FORMULATION (PART NUMBER SNS41408),wojlet,Excellent product and price.,This product works very well. The price is much lower than the leading products and works just as well. I will be changing to this permanently.,1/2/2023,5,Yes,5
