Product Name,Description,Reviewer Name,Review Title,Review,Date,Rating,Verified Purchase,Helpful Votes
"Brava Alcohol-Free Ostomy Barrier Moldable Strip Paste, 2 oz, 1 Count, 10 Packs, 10 Total","Fill deep stoma folds with Brava ostomy paste sticks. This ostomy paste works to form a custom seal between the user's skin and any applied skin barrier, creating an even surface on the skin. This ostomy strip paste ensures that no fluids leak out of the stoma through the folds of the skin barrier. As the paste is moldable and flexible, users can simply tear off the portion of paste they need to seal their stoma and conform it to any shape needed for a proper fit. Keep the unused portion of the ostomy stick preserved in its individual packaging. Using this paste can also prolong the effectiveness of your skin barrier, allowing you to wear it for longer throughout the day. Containing no alcohol or latex, this paste is very gentle on the skin.",Patricia Purvis,Hard to mold,Product required too much manipulation to mold,12/19/2023,2,Yes,0
"Brava Alcohol-Free Ostomy Barrier Moldable Strip Paste, 2 oz, 1 Count, 10 Packs, 10 Total","Fill deep stoma folds with Brava ostomy paste sticks. This ostomy paste works to form a custom seal between the user's skin and any applied skin barrier, creating an even surface on the skin. This ostomy strip paste ensures that no fluids leak out of the stoma through the folds of the skin barrier. As the paste is moldable and flexible, users can simply tear off the portion of paste they need to seal their stoma and conform it to any shape needed for a proper fit. Keep the unused portion of the ostomy stick preserved in its individual packaging. Using this paste can also prolong the effectiveness of your skin barrier, allowing you to wear it for longer throughout the day. Containing no alcohol or latex, this paste is very gentle on the skin.",Starfinder,Not useful for me.,"In general these have not worked well for me. I think that for a permanent ostomate where the stone retracts to skin level and a flat wafer lies flush against the skin, being able to patch with this would be a godsend.But when one uses a moldable barrier under a convex wafer, as I do, it's redundant at best. Get the right wafer size, cut it carefully, find a moldable barrier that works for you and you should be ok.",11/16/2016,3,Yes,2
"Brava Alcohol-Free Ostomy Barrier Moldable Strip Paste, 2 oz, 1 Count, 10 Packs, 10 Total","Fill deep stoma folds with Brava ostomy paste sticks. This ostomy paste works to form a custom seal between the user's skin and any applied skin barrier, creating an even surface on the skin. This ostomy strip paste ensures that no fluids leak out of the stoma through the folds of the skin barrier. As the paste is moldable and flexible, users can simply tear off the portion of paste they need to seal their stoma and conform it to any shape needed for a proper fit. Keep the unused portion of the ostomy stick preserved in its individual packaging. Using this paste can also prolong the effectiveness of your skin barrier, allowing you to wear it for longer throughout the day. Containing no alcohol or latex, this paste is very gentle on the skin.",Amazon Customer,Not for me,Too soft for me...,10/27/2019,3,Yes,0
"Brava Alcohol-Free Ostomy Barrier Moldable Strip Paste, 2 oz, 1 Count, 10 Packs, 10 Total","Fill deep stoma folds with Brava ostomy paste sticks. This ostomy paste works to form a custom seal between the user's skin and any applied skin barrier, creating an even surface on the skin. This ostomy strip paste ensures that no fluids leak out of the stoma through the folds of the skin barrier. As the paste is moldable and flexible, users can simply tear off the portion of paste they need to seal their stoma and conform it to any shape needed for a proper fit. Keep the unused portion of the ostomy stick preserved in its individual packaging. Using this paste can also prolong the effectiveness of your skin barrier, allowing you to wear it for longer throughout the day. Containing no alcohol or latex, this paste is very gentle on the skin.",Renee S Ngobeh,It doesn't work well,The product doesn't work well I still had leakage using it.,5/10/2023,1,Yes,0
"Brava Alcohol-Free Ostomy Barrier Moldable Strip Paste, 2 oz, 1 Count, 10 Packs, 10 Total","Fill deep stoma folds with Brava ostomy paste sticks. This ostomy paste works to form a custom seal between the user's skin and any applied skin barrier, creating an even surface on the skin. This ostomy strip paste ensures that no fluids leak out of the stoma through the folds of the skin barrier. As the paste is moldable and flexible, users can simply tear off the portion of paste they need to seal their stoma and conform it to any shape needed for a proper fit. Keep the unused portion of the ostomy stick preserved in its individual packaging. Using this paste can also prolong the effectiveness of your skin barrier, allowing you to wear it for longer throughout the day. Containing no alcohol or latex, this paste is very gentle on the skin.",Cheryll,One Star,Don't waste your money...,2/4/2017,1,Yes,0
"Brava Alcohol-Free Ostomy Barrier Moldable Strip Paste, 2 oz, 1 Count, 10 Packs, 10 Total","Fill deep stoma folds with Brava ostomy paste sticks. This ostomy paste works to form a custom seal between the user's skin and any applied skin barrier, creating an even surface on the skin. This ostomy strip paste ensures that no fluids leak out of the stoma through the folds of the skin barrier. As the paste is moldable and flexible, users can simply tear off the portion of paste they need to seal their stoma and conform it to any shape needed for a proper fit. Keep the unused portion of the ostomy stick preserved in its individual packaging. Using this paste can also prolong the effectiveness of your skin barrier, allowing you to wear it for longer throughout the day. Containing no alcohol or latex, this paste is very gentle on the skin.",Brian,Invaluable for wound vac use,Enables a tight seal over toes when using a wound vac.,3/16/2024,5,Yes,0
"Brava Alcohol-Free Ostomy Barrier Moldable Strip Paste, 2 oz, 1 Count, 10 Packs, 10 Total","Fill deep stoma folds with Brava ostomy paste sticks. This ostomy paste works to form a custom seal between the user's skin and any applied skin barrier, creating an even surface on the skin. This ostomy strip paste ensures that no fluids leak out of the stoma through the folds of the skin barrier. As the paste is moldable and flexible, users can simply tear off the portion of paste they need to seal their stoma and conform it to any shape needed for a proper fit. Keep the unused portion of the ostomy stick preserved in its individual packaging. Using this paste can also prolong the effectiveness of your skin barrier, allowing you to wear it for longer throughout the day. Containing no alcohol or latex, this paste is very gentle on the skin.",Alli Wait,game changer for uneven areas,This has been a saving grace for our ostomy user.  The strips are able to fit in some odd spaces from scarring that we have around the stoma. And it doesn't stick to my hands as much as the tube paste,12/17/2023,5,Yes,2
"Brava Alcohol-Free Ostomy Barrier Moldable Strip Paste, 2 oz, 1 Count, 10 Packs, 10 Total","Fill deep stoma folds with Brava ostomy paste sticks. This ostomy paste works to form a custom seal between the user's skin and any applied skin barrier, creating an even surface on the skin. This ostomy strip paste ensures that no fluids leak out of the stoma through the folds of the skin barrier. As the paste is moldable and flexible, users can simply tear off the portion of paste they need to seal their stoma and conform it to any shape needed for a proper fit. Keep the unused portion of the ostomy stick preserved in its individual packaging. Using this paste can also prolong the effectiveness of your skin barrier, allowing you to wear it for longer throughout the day. Containing no alcohol or latex, this paste is very gentle on the skin.",A. John Gironda III,"Oh, this stuff is GOOOOOD! (esp. if you've an ostomy close to an open wound)","100% like. No dislikes.If you have an ostomy close to an open wound (e.g. due to colon surgery) and need a barrier, this product is great.Product withstands acid from ileostomy, serving as a great barrier to keep fecal matter out of a nearby wound.  Great stick to skin, and product has enough strength to hold up to wound dressing stresses (unlike the soft paste in a tube).",1/4/2023,5,Yes,6
"Brava Alcohol-Free Ostomy Barrier Moldable Strip Paste, 2 oz, 1 Count, 10 Packs, 10 Total","Fill deep stoma folds with Brava ostomy paste sticks. This ostomy paste works to form a custom seal between the user's skin and any applied skin barrier, creating an even surface on the skin. This ostomy strip paste ensures that no fluids leak out of the stoma through the folds of the skin barrier. As the paste is moldable and flexible, users can simply tear off the portion of paste they need to seal their stoma and conform it to any shape needed for a proper fit. Keep the unused portion of the ostomy stick preserved in its individual packaging. Using this paste can also prolong the effectiveness of your skin barrier, allowing you to wear it for longer throughout the day. Containing no alcohol or latex, this paste is very gentle on the skin.",Shannon D,Ileostomy must have,These paste strips have been a game changer. Decreased skin irritation and leaks.,7/27/2023,5,Yes,0
"Brava Alcohol-Free Ostomy Barrier Moldable Strip Paste, 2 oz, 1 Count, 10 Packs, 10 Total","Fill deep stoma folds with Brava ostomy paste sticks. This ostomy paste works to form a custom seal between the user's skin and any applied skin barrier, creating an even surface on the skin. This ostomy strip paste ensures that no fluids leak out of the stoma through the folds of the skin barrier. As the paste is moldable and flexible, users can simply tear off the portion of paste they need to seal their stoma and conform it to any shape needed for a proper fit. Keep the unused portion of the ostomy stick preserved in its individual packaging. Using this paste can also prolong the effectiveness of your skin barrier, allowing you to wear it for longer throughout the day. Containing no alcohol or latex, this paste is very gentle on the skin.",bruce millar,good,I have used before and I believe it has helped,10/15/2022,4,Yes,0
"Brava Alcohol-Free Ostomy Barrier Moldable Strip Paste, 2 oz, 1 Count, 10 Packs, 10 Total","Fill deep stoma folds with Brava ostomy paste sticks. This ostomy paste works to form a custom seal between the user's skin and any applied skin barrier, creating an even surface on the skin. This ostomy strip paste ensures that no fluids leak out of the stoma through the folds of the skin barrier. As the paste is moldable and flexible, users can simply tear off the portion of paste they need to seal their stoma and conform it to any shape needed for a proper fit. Keep the unused portion of the ostomy stick preserved in its individual packaging. Using this paste can also prolong the effectiveness of your skin barrier, allowing you to wear it for longer throughout the day. Containing no alcohol or latex, this paste is very gentle on the skin.",Arieva,It's work,I like the product and I used it to even my skin,6/10/2023,5,Yes,0
"Brava Alcohol-Free Ostomy Barrier Moldable Strip Paste, 2 oz, 1 Count, 10 Packs, 10 Total","Fill deep stoma folds with Brava ostomy paste sticks. This ostomy paste works to form a custom seal between the user's skin and any applied skin barrier, creating an even surface on the skin. This ostomy strip paste ensures that no fluids leak out of the stoma through the folds of the skin barrier. As the paste is moldable and flexible, users can simply tear off the portion of paste they need to seal their stoma and conform it to any shape needed for a proper fit. Keep the unused portion of the ostomy stick preserved in its individual packaging. Using this paste can also prolong the effectiveness of your skin barrier, allowing you to wear it for longer throughout the day. Containing no alcohol or latex, this paste is very gentle on the skin.",Cynthia,They work,It was what it was supposed to be,4/27/2023,5,Yes,0
"Brava Alcohol-Free Ostomy Barrier Moldable Strip Paste, 2 oz, 1 Count, 10 Packs, 10 Total","Fill deep stoma folds with Brava ostomy paste sticks. This ostomy paste works to form a custom seal between the user's skin and any applied skin barrier, creating an even surface on the skin. This ostomy strip paste ensures that no fluids leak out of the stoma through the folds of the skin barrier. As the paste is moldable and flexible, users can simply tear off the portion of paste they need to seal their stoma and conform it to any shape needed for a proper fit. Keep the unused portion of the ostomy stick preserved in its individual packaging. Using this paste can also prolong the effectiveness of your skin barrier, allowing you to wear it for longer throughout the day. Containing no alcohol or latex, this paste is very gentle on the skin.",Mary R. Cardinal,What can you say about this product.,It’s hard to evaluate supplies used to help out colostomy patients.  I’m just happy with this product. Helps me control my personal care.,6/3/2022,5,Yes,0
"Brava Alcohol-Free Ostomy Barrier Moldable Strip Paste, 2 oz, 1 Count, 10 Packs, 10 Total","Fill deep stoma folds with Brava ostomy paste sticks. This ostomy paste works to form a custom seal between the user's skin and any applied skin barrier, creating an even surface on the skin. This ostomy strip paste ensures that no fluids leak out of the stoma through the folds of the skin barrier. As the paste is moldable and flexible, users can simply tear off the portion of paste they need to seal their stoma and conform it to any shape needed for a proper fit. Keep the unused portion of the ostomy stick preserved in its individual packaging. Using this paste can also prolong the effectiveness of your skin barrier, allowing you to wear it for longer throughout the day. Containing no alcohol or latex, this paste is very gentle on the skin.",Ken chijo,Wound Vac Savior,"If you care for someone who has a wound vac machine, especially on the coccyx. Please introduce them to this. This is my saving grace for my grandpa. This makes sure the drape stays no matter what inconsistency comes its way. Just surround the wound with this strip paste and then apply drape as normal.",1/10/2020,5,Yes,9
"Brava Alcohol-Free Ostomy Barrier Moldable Strip Paste, 2 oz, 1 Count, 10 Packs, 10 Total","Fill deep stoma folds with Brava ostomy paste sticks. This ostomy paste works to form a custom seal between the user's skin and any applied skin barrier, creating an even surface on the skin. This ostomy strip paste ensures that no fluids leak out of the stoma through the folds of the skin barrier. As the paste is moldable and flexible, users can simply tear off the portion of paste they need to seal their stoma and conform it to any shape needed for a proper fit. Keep the unused portion of the ostomy stick preserved in its individual packaging. Using this paste can also prolong the effectiveness of your skin barrier, allowing you to wear it for longer throughout the day. Containing no alcohol or latex, this paste is very gentle on the skin.",Dominic Floccare,It’s 100% better than paste and easier and less messy to use,To seal my waifer around my stoma,1/31/2022,5,Yes,5
"Brava Alcohol-Free Ostomy Barrier Moldable Strip Paste, 2 oz, 1 Count, 10 Packs, 10 Total","Fill deep stoma folds with Brava ostomy paste sticks. This ostomy paste works to form a custom seal between the user's skin and any applied skin barrier, creating an even surface on the skin. This ostomy strip paste ensures that no fluids leak out of the stoma through the folds of the skin barrier. As the paste is moldable and flexible, users can simply tear off the portion of paste they need to seal their stoma and conform it to any shape needed for a proper fit. Keep the unused portion of the ostomy stick preserved in its individual packaging. Using this paste can also prolong the effectiveness of your skin barrier, allowing you to wear it for longer throughout the day. Containing no alcohol or latex, this paste is very gentle on the skin.",D. Doyle,Better than the paste or powder,A little out of date (from my seller) but still grade-A,4/30/2021,5,Yes,0
"Brava Alcohol-Free Ostomy Barrier Moldable Strip Paste, 2 oz, 1 Count, 10 Packs, 10 Total","Fill deep stoma folds with Brava ostomy paste sticks. This ostomy paste works to form a custom seal between the user's skin and any applied skin barrier, creating an even surface on the skin. This ostomy strip paste ensures that no fluids leak out of the stoma through the folds of the skin barrier. As the paste is moldable and flexible, users can simply tear off the portion of paste they need to seal their stoma and conform it to any shape needed for a proper fit. Keep the unused portion of the ostomy stick preserved in its individual packaging. Using this paste can also prolong the effectiveness of your skin barrier, allowing you to wear it for longer throughout the day. Containing no alcohol or latex, this paste is very gentle on the skin.",Iansmom2016,Five Stars,For my husband. Works as it should and exactly what the hospital gave him.,5/11/2018,5,Yes,0
"Brava Alcohol-Free Ostomy Barrier Moldable Strip Paste, 2 oz, 1 Count, 10 Packs, 10 Total","Fill deep stoma folds with Brava ostomy paste sticks. This ostomy paste works to form a custom seal between the user's skin and any applied skin barrier, creating an even surface on the skin. This ostomy strip paste ensures that no fluids leak out of the stoma through the folds of the skin barrier. As the paste is moldable and flexible, users can simply tear off the portion of paste they need to seal their stoma and conform it to any shape needed for a proper fit. Keep the unused portion of the ostomy stick preserved in its individual packaging. Using this paste can also prolong the effectiveness of your skin barrier, allowing you to wear it for longer throughout the day. Containing no alcohol or latex, this paste is very gentle on the skin.",Corinne Bahe,They work just fine for me,"Due to hernia surgery, I now have to use these strips. They work just fine for me.",10/31/2017,5,Yes,0
"Brava Alcohol-Free Ostomy Barrier Moldable Strip Paste, 2 oz, 1 Count, 10 Packs, 10 Total","Fill deep stoma folds with Brava ostomy paste sticks. This ostomy paste works to form a custom seal between the user's skin and any applied skin barrier, creating an even surface on the skin. This ostomy strip paste ensures that no fluids leak out of the stoma through the folds of the skin barrier. As the paste is moldable and flexible, users can simply tear off the portion of paste they need to seal their stoma and conform it to any shape needed for a proper fit. Keep the unused portion of the ostomy stick preserved in its individual packaging. Using this paste can also prolong the effectiveness of your skin barrier, allowing you to wear it for longer throughout the day. Containing no alcohol or latex, this paste is very gentle on the skin.",Kindle Customer,Effective  adhering,The strips are very helpful at adhering moms ostomy pouch .,9/10/2018,5,Yes,2
"Brava Alcohol-Free Ostomy Barrier Moldable Strip Paste, 2 oz, 1 Count, 10 Packs, 10 Total","Fill deep stoma folds with Brava ostomy paste sticks. This ostomy paste works to form a custom seal between the user's skin and any applied skin barrier, creating an even surface on the skin. This ostomy strip paste ensures that no fluids leak out of the stoma through the folds of the skin barrier. As the paste is moldable and flexible, users can simply tear off the portion of paste they need to seal their stoma and conform it to any shape needed for a proper fit. Keep the unused portion of the ostomy stick preserved in its individual packaging. Using this paste can also prolong the effectiveness of your skin barrier, allowing you to wear it for longer throughout the day. Containing no alcohol or latex, this paste is very gentle on the skin.",SuperShopper,Best deal out there,Great deal & product. Quick shipping too,7/8/2018,5,Yes,2
"Brava Alcohol-Free Ostomy Barrier Moldable Strip Paste, 2 oz, 1 Count, 10 Packs, 10 Total","Fill deep stoma folds with Brava ostomy paste sticks. This ostomy paste works to form a custom seal between the user's skin and any applied skin barrier, creating an even surface on the skin. This ostomy strip paste ensures that no fluids leak out of the stoma through the folds of the skin barrier. As the paste is moldable and flexible, users can simply tear off the portion of paste they need to seal their stoma and conform it to any shape needed for a proper fit. Keep the unused portion of the ostomy stick preserved in its individual packaging. Using this paste can also prolong the effectiveness of your skin barrier, allowing you to wear it for longer throughout the day. Containing no alcohol or latex, this paste is very gentle on the skin.",Steve Lengel,Dependable,Like,10/15/2018,5,Yes,0
"Brava Alcohol-Free Ostomy Barrier Moldable Strip Paste, 2 oz, 1 Count, 10 Packs, 10 Total","Fill deep stoma folds with Brava ostomy paste sticks. This ostomy paste works to form a custom seal between the user's skin and any applied skin barrier, creating an even surface on the skin. This ostomy strip paste ensures that no fluids leak out of the stoma through the folds of the skin barrier. As the paste is moldable and flexible, users can simply tear off the portion of paste they need to seal their stoma and conform it to any shape needed for a proper fit. Keep the unused portion of the ostomy stick preserved in its individual packaging. Using this paste can also prolong the effectiveness of your skin barrier, allowing you to wear it for longer throughout the day. Containing no alcohol or latex, this paste is very gentle on the skin.",Sugarskull,I recommend this product because it's cheap,"My stoma is NOT flush with my skin surface, so using a convex-barrier bag (drainable, one-piece) is a must. This barrier paste works very well to block my colectomy output from ""burning"" the surrounding skin. The material holds up for a week, on average. It's body-heat activated, so it fills the uneven area around my stoma well. I recommend this product because it's cheap, but effective. (I haven't yet tried any ""ring"" barriers.)",5/28/2017,4,No,0
"Brava Alcohol-Free Ostomy Barrier Moldable Strip Paste, 2 oz, 1 Count, 10 Packs, 10 Total","Fill deep stoma folds with Brava ostomy paste sticks. This ostomy paste works to form a custom seal between the user's skin and any applied skin barrier, creating an even surface on the skin. This ostomy strip paste ensures that no fluids leak out of the stoma through the folds of the skin barrier. As the paste is moldable and flexible, users can simply tear off the portion of paste they need to seal their stoma and conform it to any shape needed for a proper fit. Keep the unused portion of the ostomy stick preserved in its individual packaging. Using this paste can also prolong the effectiveness of your skin barrier, allowing you to wear it for longer throughout the day. Containing no alcohol or latex, this paste is very gentle on the skin.",RTegner,Five Stars,Works great. I make a flattened donut to go on the Hollister 14602. More than doubled wear time.,4/5/2018,5,No,0
"Brava Alcohol-Free Ostomy Barrier Moldable Strip Paste, 2 oz, 1 Count, 10 Packs, 10 Total","Fill deep stoma folds with Brava ostomy paste sticks. This ostomy paste works to form a custom seal between the user's skin and any applied skin barrier, creating an even surface on the skin. This ostomy strip paste ensures that no fluids leak out of the stoma through the folds of the skin barrier. As the paste is moldable and flexible, users can simply tear off the portion of paste they need to seal their stoma and conform it to any shape needed for a proper fit. Keep the unused portion of the ostomy stick preserved in its individual packaging. Using this paste can also prolong the effectiveness of your skin barrier, allowing you to wear it for longer throughout the day. Containing no alcohol or latex, this paste is very gentle on the skin.",PBL,Good product,This has helped me with confidence.  I have used this easily to build up low spots around the area to keep leaks at bay.  Easy to use and works well.,1/31/2022,5,Yes,0
"Brava Alcohol-Free Ostomy Barrier Moldable Strip Paste, 2 oz, 1 Count, 10 Packs, 10 Total","Fill deep stoma folds with Brava ostomy paste sticks. This ostomy paste works to form a custom seal between the user's skin and any applied skin barrier, creating an even surface on the skin. This ostomy strip paste ensures that no fluids leak out of the stoma through the folds of the skin barrier. As the paste is moldable and flexible, users can simply tear off the portion of paste they need to seal their stoma and conform it to any shape needed for a proper fit. Keep the unused portion of the ostomy stick preserved in its individual packaging. Using this paste can also prolong the effectiveness of your skin barrier, allowing you to wear it for longer throughout the day. Containing no alcohol or latex, this paste is very gentle on the skin.",Heart Peaches,Brava paste helps ostomy bag last longer,"Brava paste helps the ostomy bag last longer. It keeps it from leaking by filling in the gaps between skin & bag. This is a sticky product so try wearing gloves. It should be sticky to adhere to the skin & bag. Less messy than soft squeeze tube paste, I recommend the strip paste. Shipping is getting longer as with other items everywhere so order before you think you need it, mine took 2 weeks. When you need it, you need it now so don't wait. Great product.",3/29/2022,5,Yes,0
"Brava Alcohol-Free Ostomy Barrier Moldable Strip Paste, 2 oz, 1 Count, 10 Packs, 10 Total","Fill deep stoma folds with Brava ostomy paste sticks. This ostomy paste works to form a custom seal between the user's skin and any applied skin barrier, creating an even surface on the skin. This ostomy strip paste ensures that no fluids leak out of the stoma through the folds of the skin barrier. As the paste is moldable and flexible, users can simply tear off the portion of paste they need to seal their stoma and conform it to any shape needed for a proper fit. Keep the unused portion of the ostomy stick preserved in its individual packaging. Using this paste can also prolong the effectiveness of your skin barrier, allowing you to wear it for longer throughout the day. Containing no alcohol or latex, this paste is very gentle on the skin.",Janis Innis,Convenient and easy to use,It is easy to work with and solves many of the problems including leaks,9/1/2023,5,Yes,0
"Brava Alcohol-Free Ostomy Barrier Moldable Strip Paste, 2 oz, 1 Count, 10 Packs, 10 Total","Fill deep stoma folds with Brava ostomy paste sticks. This ostomy paste works to form a custom seal between the user's skin and any applied skin barrier, creating an even surface on the skin. This ostomy strip paste ensures that no fluids leak out of the stoma through the folds of the skin barrier. As the paste is moldable and flexible, users can simply tear off the portion of paste they need to seal their stoma and conform it to any shape needed for a proper fit. Keep the unused portion of the ostomy stick preserved in its individual packaging. Using this paste can also prolong the effectiveness of your skin barrier, allowing you to wear it for longer throughout the day. Containing no alcohol or latex, this paste is very gentle on the skin.",Stephanie Jackson,This paste works well for stoma leaks.,I like the strip paste better than the rings to prevent stoma leaks. The Coloplast brand is the best I have found. Easy moulding by the heat of your hands and holds up well around the cut out of the wafer. I will order again.,8/21/2022,5,Yes,4
"Brava Alcohol-Free Ostomy Barrier Moldable Strip Paste, 2 oz, 1 Count, 10 Packs, 10 Total","Fill deep stoma folds with Brava ostomy paste sticks. This ostomy paste works to form a custom seal between the user's skin and any applied skin barrier, creating an even surface on the skin. This ostomy strip paste ensures that no fluids leak out of the stoma through the folds of the skin barrier. As the paste is moldable and flexible, users can simply tear off the portion of paste they need to seal their stoma and conform it to any shape needed for a proper fit. Keep the unused portion of the ostomy stick preserved in its individual packaging. Using this paste can also prolong the effectiveness of your skin barrier, allowing you to wear it for longer throughout the day. Containing no alcohol or latex, this paste is very gentle on the skin.",L.D.S.,Product works,"Fast shipping, very affordable and it works!",8/29/2023,5,Yes,0
"Brava Alcohol-Free Ostomy Barrier Moldable Strip Paste, 2 oz, 1 Count, 10 Packs, 10 Total","Fill deep stoma folds with Brava ostomy paste sticks. This ostomy paste works to form a custom seal between the user's skin and any applied skin barrier, creating an even surface on the skin. This ostomy strip paste ensures that no fluids leak out of the stoma through the folds of the skin barrier. As the paste is moldable and flexible, users can simply tear off the portion of paste they need to seal their stoma and conform it to any shape needed for a proper fit. Keep the unused portion of the ostomy stick preserved in its individual packaging. Using this paste can also prolong the effectiveness of your skin barrier, allowing you to wear it for longer throughout the day. Containing no alcohol or latex, this paste is very gentle on the skin.",Dean F.,Works like supposed to,We have used convatec for 40yrs. This one works like they all have. The price here is great compared to what we pay thru our pharmacy. We will be checking into the Amazon pharmacy to get the rest of our supplies,8/4/2024,5,Yes,0
"Brava Alcohol-Free Ostomy Barrier Moldable Strip Paste, 2 oz, 1 Count, 10 Packs, 10 Total","Fill deep stoma folds with Brava ostomy paste sticks. This ostomy paste works to form a custom seal between the user's skin and any applied skin barrier, creating an even surface on the skin. This ostomy strip paste ensures that no fluids leak out of the stoma through the folds of the skin barrier. As the paste is moldable and flexible, users can simply tear off the portion of paste they need to seal their stoma and conform it to any shape needed for a proper fit. Keep the unused portion of the ostomy stick preserved in its individual packaging. Using this paste can also prolong the effectiveness of your skin barrier, allowing you to wear it for longer throughout the day. Containing no alcohol or latex, this paste is very gentle on the skin.",Elucubrator46,Great product  Super fast delivery,ConvaTec Stomahesive Paste works great for my ileostomy pouches.,7/1/2023,5,Yes,0
"Brava Alcohol-Free Ostomy Barrier Moldable Strip Paste, 2 oz, 1 Count, 10 Packs, 10 Total","Fill deep stoma folds with Brava ostomy paste sticks. This ostomy paste works to form a custom seal between the user's skin and any applied skin barrier, creating an even surface on the skin. This ostomy strip paste ensures that no fluids leak out of the stoma through the folds of the skin barrier. As the paste is moldable and flexible, users can simply tear off the portion of paste they need to seal their stoma and conform it to any shape needed for a proper fit. Keep the unused portion of the ostomy stick preserved in its individual packaging. Using this paste can also prolong the effectiveness of your skin barrier, allowing you to wear it for longer throughout the day. Containing no alcohol or latex, this paste is very gentle on the skin.",BJ,Quick Arrival,Received as ordered. Will buy again from this seller.,2/5/2024,5,Yes,0
"Brava Alcohol-Free Ostomy Barrier Moldable Strip Paste, 2 oz, 1 Count, 10 Packs, 10 Total","Fill deep stoma folds with Brava ostomy paste sticks. This ostomy paste works to form a custom seal between the user's skin and any applied skin barrier, creating an even surface on the skin. This ostomy strip paste ensures that no fluids leak out of the stoma through the folds of the skin barrier. As the paste is moldable and flexible, users can simply tear off the portion of paste they need to seal their stoma and conform it to any shape needed for a proper fit. Keep the unused portion of the ostomy stick preserved in its individual packaging. Using this paste can also prolong the effectiveness of your skin barrier, allowing you to wear it for longer throughout the day. Containing no alcohol or latex, this paste is very gentle on the skin.",Dawn Parker,Great,Works as expected,8/3/2024,4,Yes,0
"Brava Alcohol-Free Ostomy Barrier Moldable Strip Paste, 2 oz, 1 Count, 10 Packs, 10 Total","Fill deep stoma folds with Brava ostomy paste sticks. This ostomy paste works to form a custom seal between the user's skin and any applied skin barrier, creating an even surface on the skin. This ostomy strip paste ensures that no fluids leak out of the stoma through the folds of the skin barrier. As the paste is moldable and flexible, users can simply tear off the portion of paste they need to seal their stoma and conform it to any shape needed for a proper fit. Keep the unused portion of the ostomy stick preserved in its individual packaging. Using this paste can also prolong the effectiveness of your skin barrier, allowing you to wear it for longer throughout the day. Containing no alcohol or latex, this paste is very gentle on the skin.",TZ1 GUY,Stomahesive User for 20 years...,...enough said.,3/1/2024,5,Yes,0
"Brava Alcohol-Free Ostomy Barrier Moldable Strip Paste, 2 oz, 1 Count, 10 Packs, 10 Total","Fill deep stoma folds with Brava ostomy paste sticks. This ostomy paste works to form a custom seal between the user's skin and any applied skin barrier, creating an even surface on the skin. This ostomy strip paste ensures that no fluids leak out of the stoma through the folds of the skin barrier. As the paste is moldable and flexible, users can simply tear off the portion of paste they need to seal their stoma and conform it to any shape needed for a proper fit. Keep the unused portion of the ostomy stick preserved in its individual packaging. Using this paste can also prolong the effectiveness of your skin barrier, allowing you to wear it for longer throughout the day. Containing no alcohol or latex, this paste is very gentle on the skin.",kitchenlink,"Convatec Products, W/belt 7 Days dry.","This is The Only StomahyI Use, Combined With Convatec High Flow, 2 Pc System & a Cohesive Slim I Get 7 Days of Protection Without Any Leaks. Also The Belt that Clips to the Cohesive barrier helps from bending breaking the barrier. These 4 Products Allow Me To Function Normally Without Embarrassing mishaps. Great Products Great Results.",4/6/2020,5,Yes,0
"Brava Alcohol-Free Ostomy Barrier Moldable Strip Paste, 2 oz, 1 Count, 10 Packs, 10 Total","Fill deep stoma folds with Brava ostomy paste sticks. This ostomy paste works to form a custom seal between the user's skin and any applied skin barrier, creating an even surface on the skin. This ostomy strip paste ensures that no fluids leak out of the stoma through the folds of the skin barrier. As the paste is moldable and flexible, users can simply tear off the portion of paste they need to seal their stoma and conform it to any shape needed for a proper fit. Keep the unused portion of the ostomy stick preserved in its individual packaging. Using this paste can also prolong the effectiveness of your skin barrier, allowing you to wear it for longer throughout the day. Containing no alcohol or latex, this paste is very gentle on the skin.",Javier Burboa,Price and the Best@,"Colostomy paste.  The best there is, that's all!  Highly recommended!",9/2/2023,5,Yes,0
"Brava Alcohol-Free Ostomy Barrier Moldable Strip Paste, 2 oz, 1 Count, 10 Packs, 10 Total","Fill deep stoma folds with Brava ostomy paste sticks. This ostomy paste works to form a custom seal between the user's skin and any applied skin barrier, creating an even surface on the skin. This ostomy strip paste ensures that no fluids leak out of the stoma through the folds of the skin barrier. As the paste is moldable and flexible, users can simply tear off the portion of paste they need to seal their stoma and conform it to any shape needed for a proper fit. Keep the unused portion of the ostomy stick preserved in its individual packaging. Using this paste can also prolong the effectiveness of your skin barrier, allowing you to wear it for longer throughout the day. Containing no alcohol or latex, this paste is very gentle on the skin.",Great service and very efficient on shipping,Great,Fast shipping,9/6/2023,5,Yes,0
"Brava Alcohol-Free Ostomy Barrier Moldable Strip Paste, 2 oz, 1 Count, 10 Packs, 10 Total","Fill deep stoma folds with Brava ostomy paste sticks. This ostomy paste works to form a custom seal between the user's skin and any applied skin barrier, creating an even surface on the skin. This ostomy strip paste ensures that no fluids leak out of the stoma through the folds of the skin barrier. As the paste is moldable and flexible, users can simply tear off the portion of paste they need to seal their stoma and conform it to any shape needed for a proper fit. Keep the unused portion of the ostomy stick preserved in its individual packaging. Using this paste can also prolong the effectiveness of your skin barrier, allowing you to wear it for longer throughout the day. Containing no alcohol or latex, this paste is very gentle on the skin.",jeri thomas,good product,good product. does its job well,5/7/2023,5,Yes,0
"Brava Alcohol-Free Ostomy Barrier Moldable Strip Paste, 2 oz, 1 Count, 10 Packs, 10 Total","Fill deep stoma folds with Brava ostomy paste sticks. This ostomy paste works to form a custom seal between the user's skin and any applied skin barrier, creating an even surface on the skin. This ostomy strip paste ensures that no fluids leak out of the stoma through the folds of the skin barrier. As the paste is moldable and flexible, users can simply tear off the portion of paste they need to seal their stoma and conform it to any shape needed for a proper fit. Keep the unused portion of the ostomy stick preserved in its individual packaging. Using this paste can also prolong the effectiveness of your skin barrier, allowing you to wear it for longer throughout the day. Containing no alcohol or latex, this paste is very gentle on the skin.",Vince,works great,I like this a lot better than the Brava  stoma paste. The Brava paste seems to dissolve making my urine look extreme cloudy and builds up residue on my bag. The Convatec paste does not. Which is handy in seeing if I got a UTI or not.,10/15/2021,5,Yes,0
"Brava Alcohol-Free Ostomy Barrier Moldable Strip Paste, 2 oz, 1 Count, 10 Packs, 10 Total","Fill deep stoma folds with Brava ostomy paste sticks. This ostomy paste works to form a custom seal between the user's skin and any applied skin barrier, creating an even surface on the skin. This ostomy strip paste ensures that no fluids leak out of the stoma through the folds of the skin barrier. As the paste is moldable and flexible, users can simply tear off the portion of paste they need to seal their stoma and conform it to any shape needed for a proper fit. Keep the unused portion of the ostomy stick preserved in its individual packaging. Using this paste can also prolong the effectiveness of your skin barrier, allowing you to wear it for longer throughout the day. Containing no alcohol or latex, this paste is very gentle on the skin.",pat s,Product works exactly like I need it to,I trust the product name....only brand I've ever used. Will continue using it...always,11/9/2022,5,Yes,2
"Brava Alcohol-Free Ostomy Barrier Moldable Strip Paste, 2 oz, 1 Count, 10 Packs, 10 Total","Fill deep stoma folds with Brava ostomy paste sticks. This ostomy paste works to form a custom seal between the user's skin and any applied skin barrier, creating an even surface on the skin. This ostomy strip paste ensures that no fluids leak out of the stoma through the folds of the skin barrier. As the paste is moldable and flexible, users can simply tear off the portion of paste they need to seal their stoma and conform it to any shape needed for a proper fit. Keep the unused portion of the ostomy stick preserved in its individual packaging. Using this paste can also prolong the effectiveness of your skin barrier, allowing you to wear it for longer throughout the day. Containing no alcohol or latex, this paste is very gentle on the skin.",JOSE A. GUTIERREZ P.,PEGA CONVATEC PARA BASE DE OSTOMIA,Cumplieron la entrega en el tiempo indicado.  Se utiliza para reforzar base de colostomia en un hermano,6/24/2021,4,Yes,0
"Brava Alcohol-Free Ostomy Barrier Moldable Strip Paste, 2 oz, 1 Count, 10 Packs, 10 Total","Fill deep stoma folds with Brava ostomy paste sticks. This ostomy paste works to form a custom seal between the user's skin and any applied skin barrier, creating an even surface on the skin. This ostomy strip paste ensures that no fluids leak out of the stoma through the folds of the skin barrier. As the paste is moldable and flexible, users can simply tear off the portion of paste they need to seal their stoma and conform it to any shape needed for a proper fit. Keep the unused portion of the ostomy stick preserved in its individual packaging. Using this paste can also prolong the effectiveness of your skin barrier, allowing you to wear it for longer throughout the day. Containing no alcohol or latex, this paste is very gentle on the skin.",Go Ducks,very colorful socks,All the colors I was looking for.  It will make my summer very colorful,6/24/2021,4,Yes,0
"Brava Alcohol-Free Ostomy Barrier Moldable Strip Paste, 2 oz, 1 Count, 10 Packs, 10 Total","Fill deep stoma folds with Brava ostomy paste sticks. This ostomy paste works to form a custom seal between the user's skin and any applied skin barrier, creating an even surface on the skin. This ostomy strip paste ensures that no fluids leak out of the stoma through the folds of the skin barrier. As the paste is moldable and flexible, users can simply tear off the portion of paste they need to seal their stoma and conform it to any shape needed for a proper fit. Keep the unused portion of the ostomy stick preserved in its individual packaging. Using this paste can also prolong the effectiveness of your skin barrier, allowing you to wear it for longer throughout the day. Containing no alcohol or latex, this paste is very gentle on the skin.",Linda Miles,Wafer seal good 👍,Workers good 👍,10/29/2022,5,Yes,3
"Brava Alcohol-Free Ostomy Barrier Moldable Strip Paste, 2 oz, 1 Count, 10 Packs, 10 Total","Fill deep stoma folds with Brava ostomy paste sticks. This ostomy paste works to form a custom seal between the user's skin and any applied skin barrier, creating an even surface on the skin. This ostomy strip paste ensures that no fluids leak out of the stoma through the folds of the skin barrier. As the paste is moldable and flexible, users can simply tear off the portion of paste they need to seal their stoma and conform it to any shape needed for a proper fit. Keep the unused portion of the ostomy stick preserved in its individual packaging. Using this paste can also prolong the effectiveness of your skin barrier, allowing you to wear it for longer throughout the day. Containing no alcohol or latex, this paste is very gentle on the skin.",Pam Collins 314,Best brand of paste I have used.,"This paste held up well in the sweaty hot days. It also was easy to remove. I have used 3 different brands of paste, and this was by far the best.",9/1/2020,5,Yes,0
"Brava Alcohol-Free Ostomy Barrier Moldable Strip Paste, 2 oz, 1 Count, 10 Packs, 10 Total","Fill deep stoma folds with Brava ostomy paste sticks. This ostomy paste works to form a custom seal between the user's skin and any applied skin barrier, creating an even surface on the skin. This ostomy strip paste ensures that no fluids leak out of the stoma through the folds of the skin barrier. As the paste is moldable and flexible, users can simply tear off the portion of paste they need to seal their stoma and conform it to any shape needed for a proper fit. Keep the unused portion of the ostomy stick preserved in its individual packaging. Using this paste can also prolong the effectiveness of your skin barrier, allowing you to wear it for longer throughout the day. Containing no alcohol or latex, this paste is very gentle on the skin.","James C. Ballantyne, Jr.",Decent delivery time,Not much difference in the stomahesive regardless of source. The speed of delivery was acceptable and packed carefully to avoid shipping damage.,6/18/2021,5,Yes,0
"Brava Alcohol-Free Ostomy Barrier Moldable Strip Paste, 2 oz, 1 Count, 10 Packs, 10 Total","Fill deep stoma folds with Brava ostomy paste sticks. This ostomy paste works to form a custom seal between the user's skin and any applied skin barrier, creating an even surface on the skin. This ostomy strip paste ensures that no fluids leak out of the stoma through the folds of the skin barrier. As the paste is moldable and flexible, users can simply tear off the portion of paste they need to seal their stoma and conform it to any shape needed for a proper fit. Keep the unused portion of the ostomy stick preserved in its individual packaging. Using this paste can also prolong the effectiveness of your skin barrier, allowing you to wear it for longer throughout the day. Containing no alcohol or latex, this paste is very gentle on the skin.",Nikademous wife,Legit,It came in quickly with three boxes. Definitely worth the price. Was surprised it wasn’t a rip off. Very happy with purchase,3/12/2021,5,Yes,2
"Brava Alcohol-Free Ostomy Barrier Moldable Strip Paste, 2 oz, 1 Count, 10 Packs, 10 Total","Fill deep stoma folds with Brava ostomy paste sticks. This ostomy paste works to form a custom seal between the user's skin and any applied skin barrier, creating an even surface on the skin. This ostomy strip paste ensures that no fluids leak out of the stoma through the folds of the skin barrier. As the paste is moldable and flexible, users can simply tear off the portion of paste they need to seal their stoma and conform it to any shape needed for a proper fit. Keep the unused portion of the ostomy stick preserved in its individual packaging. Using this paste can also prolong the effectiveness of your skin barrier, allowing you to wear it for longer throughout the day. Containing no alcohol or latex, this paste is very gentle on the skin.",Gregory Barcant,Miracle Product,"This is an excellent product,it does exactly what it's supposed to do, it's easy to use, and  i  would  recommend this seller and their products. Thanks Greg",12/4/2019,5,Yes,0
"Brava Alcohol-Free Ostomy Barrier Moldable Strip Paste, 2 oz, 1 Count, 10 Packs, 10 Total","Fill deep stoma folds with Brava ostomy paste sticks. This ostomy paste works to form a custom seal between the user's skin and any applied skin barrier, creating an even surface on the skin. This ostomy strip paste ensures that no fluids leak out of the stoma through the folds of the skin barrier. As the paste is moldable and flexible, users can simply tear off the portion of paste they need to seal their stoma and conform it to any shape needed for a proper fit. Keep the unused portion of the ostomy stick preserved in its individual packaging. Using this paste can also prolong the effectiveness of your skin barrier, allowing you to wear it for longer throughout the day. Containing no alcohol or latex, this paste is very gentle on the skin.",Maria Santander,Excelente,Me parece que el envío fue rápido y eficiente! El producto es l mejor del mercado! Cumplió con mis expectativas!,11/25/2020,5,Yes,0
"Brava Alcohol-Free Ostomy Barrier Moldable Strip Paste, 2 oz, 1 Count, 10 Packs, 10 Total","Fill deep stoma folds with Brava ostomy paste sticks. This ostomy paste works to form a custom seal between the user's skin and any applied skin barrier, creating an even surface on the skin. This ostomy strip paste ensures that no fluids leak out of the stoma through the folds of the skin barrier. As the paste is moldable and flexible, users can simply tear off the portion of paste they need to seal their stoma and conform it to any shape needed for a proper fit. Keep the unused portion of the ostomy stick preserved in its individual packaging. Using this paste can also prolong the effectiveness of your skin barrier, allowing you to wear it for longer throughout the day. Containing no alcohol or latex, this paste is very gentle on the skin.",Valerie Thurab,It's what the person wants and it works great for them,My person is very happy with this product  it  works for her.it,5/2/2021,5,Yes,0
"Brava Alcohol-Free Ostomy Barrier Moldable Strip Paste, 2 oz, 1 Count, 10 Packs, 10 Total","Fill deep stoma folds with Brava ostomy paste sticks. This ostomy paste works to form a custom seal between the user's skin and any applied skin barrier, creating an even surface on the skin. This ostomy strip paste ensures that no fluids leak out of the stoma through the folds of the skin barrier. As the paste is moldable and flexible, users can simply tear off the portion of paste they need to seal their stoma and conform it to any shape needed for a proper fit. Keep the unused portion of the ostomy stick preserved in its individual packaging. Using this paste can also prolong the effectiveness of your skin barrier, allowing you to wear it for longer throughout the day. Containing no alcohol or latex, this paste is very gentle on the skin.",Claudia,Reliable as always,"You can trust this product, I have had no issues and will continue to purchase the paste through this supplier without issue.",5/26/2020,5,Yes,0
"Brava Alcohol-Free Ostomy Barrier Moldable Strip Paste, 2 oz, 1 Count, 10 Packs, 10 Total","Fill deep stoma folds with Brava ostomy paste sticks. This ostomy paste works to form a custom seal between the user's skin and any applied skin barrier, creating an even surface on the skin. This ostomy strip paste ensures that no fluids leak out of the stoma through the folds of the skin barrier. As the paste is moldable and flexible, users can simply tear off the portion of paste they need to seal their stoma and conform it to any shape needed for a proper fit. Keep the unused portion of the ostomy stick preserved in its individual packaging. Using this paste can also prolong the effectiveness of your skin barrier, allowing you to wear it for longer throughout the day. Containing no alcohol or latex, this paste is very gentle on the skin.",Rob,So glad amazon has this!,"Works better than other products tried, hard to find anywhere else, let alone for the price",5/5/2020,5,Yes,0
"Brava Alcohol-Free Ostomy Barrier Moldable Strip Paste, 2 oz, 1 Count, 10 Packs, 10 Total","Fill deep stoma folds with Brava ostomy paste sticks. This ostomy paste works to form a custom seal between the user's skin and any applied skin barrier, creating an even surface on the skin. This ostomy strip paste ensures that no fluids leak out of the stoma through the folds of the skin barrier. As the paste is moldable and flexible, users can simply tear off the portion of paste they need to seal their stoma and conform it to any shape needed for a proper fit. Keep the unused portion of the ostomy stick preserved in its individual packaging. Using this paste can also prolong the effectiveness of your skin barrier, allowing you to wear it for longer throughout the day. Containing no alcohol or latex, this paste is very gentle on the skin.",Susan H. Rogers,Really works,Prevents leaks for several days.,7/19/2021,5,Yes,0
"Brava Alcohol-Free Ostomy Barrier Moldable Strip Paste, 2 oz, 1 Count, 10 Packs, 10 Total","Fill deep stoma folds with Brava ostomy paste sticks. This ostomy paste works to form a custom seal between the user's skin and any applied skin barrier, creating an even surface on the skin. This ostomy strip paste ensures that no fluids leak out of the stoma through the folds of the skin barrier. As the paste is moldable and flexible, users can simply tear off the portion of paste they need to seal their stoma and conform it to any shape needed for a proper fit. Keep the unused portion of the ostomy stick preserved in its individual packaging. Using this paste can also prolong the effectiveness of your skin barrier, allowing you to wear it for longer throughout the day. Containing no alcohol or latex, this paste is very gentle on the skin.",Anne Heim-Dobbs,Glad it was available for purchase,So far so good.  Thank you.,1/1/2021,5,Yes,0
"Brava Alcohol-Free Ostomy Barrier Moldable Strip Paste, 2 oz, 1 Count, 10 Packs, 10 Total","Fill deep stoma folds with Brava ostomy paste sticks. This ostomy paste works to form a custom seal between the user's skin and any applied skin barrier, creating an even surface on the skin. This ostomy strip paste ensures that no fluids leak out of the stoma through the folds of the skin barrier. As the paste is moldable and flexible, users can simply tear off the portion of paste they need to seal their stoma and conform it to any shape needed for a proper fit. Keep the unused portion of the ostomy stick preserved in its individual packaging. Using this paste can also prolong the effectiveness of your skin barrier, allowing you to wear it for longer throughout the day. Containing no alcohol or latex, this paste is very gentle on the skin.",William B. Dametz,Great product for the price.,Help when you need it with barriers.,5/25/2020,5,Yes,0
"Brava Alcohol-Free Ostomy Barrier Moldable Strip Paste, 2 oz, 1 Count, 10 Packs, 10 Total","Fill deep stoma folds with Brava ostomy paste sticks. This ostomy paste works to form a custom seal between the user's skin and any applied skin barrier, creating an even surface on the skin. This ostomy strip paste ensures that no fluids leak out of the stoma through the folds of the skin barrier. As the paste is moldable and flexible, users can simply tear off the portion of paste they need to seal their stoma and conform it to any shape needed for a proper fit. Keep the unused portion of the ostomy stick preserved in its individual packaging. Using this paste can also prolong the effectiveness of your skin barrier, allowing you to wear it for longer throughout the day. Containing no alcohol or latex, this paste is very gentle on the skin.",Hillary A McCarley,Great quality adhesive!,Great stoma paste for those of us with ostomy or ileostomy bags. Great seal of the paste to the water. You can get 3 or 4 days worth of use. It depends on your activity level. I have this item on auto reorder at a reduced price from Amazon.,4/22/2020,5,No,0
"Brava Alcohol-Free Ostomy Barrier Moldable Strip Paste, 2 oz, 1 Count, 10 Packs, 10 Total","Fill deep stoma folds with Brava ostomy paste sticks. This ostomy paste works to form a custom seal between the user's skin and any applied skin barrier, creating an even surface on the skin. This ostomy strip paste ensures that no fluids leak out of the stoma through the folds of the skin barrier. As the paste is moldable and flexible, users can simply tear off the portion of paste they need to seal their stoma and conform it to any shape needed for a proper fit. Keep the unused portion of the ostomy stick preserved in its individual packaging. Using this paste can also prolong the effectiveness of your skin barrier, allowing you to wear it for longer throughout the day. Containing no alcohol or latex, this paste is very gentle on the skin.",Oscar Ruby,Help with stoma,Works good,1/16/2022,5,Yes,0
"Brava Alcohol-Free Ostomy Barrier Moldable Strip Paste, 2 oz, 1 Count, 10 Packs, 10 Total","Fill deep stoma folds with Brava ostomy paste sticks. This ostomy paste works to form a custom seal between the user's skin and any applied skin barrier, creating an even surface on the skin. This ostomy strip paste ensures that no fluids leak out of the stoma through the folds of the skin barrier. As the paste is moldable and flexible, users can simply tear off the portion of paste they need to seal their stoma and conform it to any shape needed for a proper fit. Keep the unused portion of the ostomy stick preserved in its individual packaging. Using this paste can also prolong the effectiveness of your skin barrier, allowing you to wear it for longer throughout the day. Containing no alcohol or latex, this paste is very gentle on the skin.",Rosa I Barria,Calidad del producto.,Buen producto.,8/7/2021,5,Yes,0
"Brava Alcohol-Free Ostomy Barrier Moldable Strip Paste, 2 oz, 1 Count, 10 Packs, 10 Total","Fill deep stoma folds with Brava ostomy paste sticks. This ostomy paste works to form a custom seal between the user's skin and any applied skin barrier, creating an even surface on the skin. This ostomy strip paste ensures that no fluids leak out of the stoma through the folds of the skin barrier. As the paste is moldable and flexible, users can simply tear off the portion of paste they need to seal their stoma and conform it to any shape needed for a proper fit. Keep the unused portion of the ostomy stick preserved in its individual packaging. Using this paste can also prolong the effectiveness of your skin barrier, allowing you to wear it for longer throughout the day. Containing no alcohol or latex, this paste is very gentle on the skin.",mariellaflores,Crema Convatec,EXCELENTE PRODUCTO RECOMENDADO,9/5/2024,5,Yes,0
"HOLLISTER Filler Paste Adapt 2 oz. Tube (#79300, Sold Per Piece)",Hollister Adapt Paste 2 oz. Hollister adapt paste caulk and fill skin crevices with this low alcohol paste. Low alcohol minimizes stinging. Soft easy-to-squeeze tube for people with limited dexterity. Easy-to-see red cap. The paste tube can be emptied down to the last drop.Low-alcohol paste helps to minimize stinging.Used to caulk and fill skin crevices to improve the fit of a skin barrier.,Robin T Glover,Not for ileostomies,It's not strong enough for an ileostomy. It dissolves too easily. I had to change my bag 3 times in 12 hours.,3/1/2024,3,Yes,2
"HOLLISTER Filler Paste Adapt 2 oz. Tube (#79300, Sold Per Piece)",Hollister Adapt Paste 2 oz. Hollister adapt paste caulk and fill skin crevices with this low alcohol paste. Low alcohol minimizes stinging. Soft easy-to-squeeze tube for people with limited dexterity. Easy-to-see red cap. The paste tube can be emptied down to the last drop.Low-alcohol paste helps to minimize stinging.Used to caulk and fill skin crevices to improve the fit of a skin barrier.,James W,Didn’t work very well,"I have more luck with Coloplast’s Brava paste, so I’m gonna stick with that.",8/25/2024,2,Yes,0
"HOLLISTER Filler Paste Adapt 2 oz. Tube (#79300, Sold Per Piece)",Hollister Adapt Paste 2 oz. Hollister adapt paste caulk and fill skin crevices with this low alcohol paste. Low alcohol minimizes stinging. Soft easy-to-squeeze tube for people with limited dexterity. Easy-to-see red cap. The paste tube can be emptied down to the last drop.Low-alcohol paste helps to minimize stinging.Used to caulk and fill skin crevices to improve the fit of a skin barrier.,Sandy Houston,Stoma paste,"Not Amazon's fault. Good turnaround time on the order. My husband, who has a colostomy, just doesn't like the stoma paste so we probably won't be ordering it anymore.",8/18/2023,3,Yes,0
"HOLLISTER Filler Paste Adapt 2 oz. Tube (#79300, Sold Per Piece)",Hollister Adapt Paste 2 oz. Hollister adapt paste caulk and fill skin crevices with this low alcohol paste. Low alcohol minimizes stinging. Soft easy-to-squeeze tube for people with limited dexterity. Easy-to-see red cap. The paste tube can be emptied down to the last drop.Low-alcohol paste helps to minimize stinging.Used to caulk and fill skin crevices to improve the fit of a skin barrier.,Amazon Customer,Item missing,I only received one  not 2 of these. Where's the other 1 at? They were sold as 2 n pkg. I only received one  please help me out with this 🙏,5/23/2024,1,Yes,0
"HOLLISTER Filler Paste Adapt 2 oz. Tube (#79300, Sold Per Piece)",Hollister Adapt Paste 2 oz. Hollister adapt paste caulk and fill skin crevices with this low alcohol paste. Low alcohol minimizes stinging. Soft easy-to-squeeze tube for people with limited dexterity. Easy-to-see red cap. The paste tube can be emptied down to the last drop.Low-alcohol paste helps to minimize stinging.Used to caulk and fill skin crevices to improve the fit of a skin barrier.,Bill Holdcraft,Junk,"Let it age the minute, put it on and swear to God the bead leaked right away. Better seal without this waste of money",5/6/2024,1,Yes,0
"HOLLISTER Filler Paste Adapt 2 oz. Tube (#79300, Sold Per Piece)",Hollister Adapt Paste 2 oz. Hollister adapt paste caulk and fill skin crevices with this low alcohol paste. Low alcohol minimizes stinging. Soft easy-to-squeeze tube for people with limited dexterity. Easy-to-see red cap. The paste tube can be emptied down to the last drop.Low-alcohol paste helps to minimize stinging.Used to caulk and fill skin crevices to improve the fit of a skin barrier.,D. Wilkinson,Thick and pasty sealant...a little irritating on tender skin.,"Purchased for sealant around stoma area.  A bit dry and pasty, which makes it kinda hard to apply, specially on tender skin areas. However, it does seem to seal ok.",7/21/2020,3,Yes,2
"HOLLISTER Filler Paste Adapt 2 oz. Tube (#79300, Sold Per Piece)",Hollister Adapt Paste 2 oz. Hollister adapt paste caulk and fill skin crevices with this low alcohol paste. Low alcohol minimizes stinging. Soft easy-to-squeeze tube for people with limited dexterity. Easy-to-see red cap. The paste tube can be emptied down to the last drop.Low-alcohol paste helps to minimize stinging.Used to caulk and fill skin crevices to improve the fit of a skin barrier.,David Sharp,DO NOT USE,Glue dries and when you remove it takes your skin with it....,5/1/2024,1,Yes,0
"HOLLISTER Filler Paste Adapt 2 oz. Tube (#79300, Sold Per Piece)",Hollister Adapt Paste 2 oz. Hollister adapt paste caulk and fill skin crevices with this low alcohol paste. Low alcohol minimizes stinging. Soft easy-to-squeeze tube for people with limited dexterity. Easy-to-see red cap. The paste tube can be emptied down to the last drop.Low-alcohol paste helps to minimize stinging.Used to caulk and fill skin crevices to improve the fit of a skin barrier.,Carolyn M Hughes,Ostomy Paste,Don’t buy this paste if it’s above 86 degrees. We went through 3 bags before it dawned on us that the heat had affected the quality of the paste. The tube itself indicates the highest temperature that will keep it effective or stop deterioration.  In temperatures like we have been happening it needs to be shipped in some kind of refrigeration to keep it effective.,8/18/2023,1,Yes,0
"HOLLISTER Filler Paste Adapt 2 oz. Tube (#79300, Sold Per Piece)",Hollister Adapt Paste 2 oz. Hollister adapt paste caulk and fill skin crevices with this low alcohol paste. Low alcohol minimizes stinging. Soft easy-to-squeeze tube for people with limited dexterity. Easy-to-see red cap. The paste tube can be emptied down to the last drop.Low-alcohol paste helps to minimize stinging.Used to caulk and fill skin crevices to improve the fit of a skin barrier.,Daniel farthing,Good but not great,I find there is stuff that works better,4/16/2021,3,Yes,0
"HOLLISTER Filler Paste Adapt 2 oz. Tube (#79300, Sold Per Piece)",Hollister Adapt Paste 2 oz. Hollister adapt paste caulk and fill skin crevices with this low alcohol paste. Low alcohol minimizes stinging. Soft easy-to-squeeze tube for people with limited dexterity. Easy-to-see red cap. The paste tube can be emptied down to the last drop.Low-alcohol paste helps to minimize stinging.Used to caulk and fill skin crevices to improve the fit of a skin barrier.,MDS,Good holding power,Great product for holding power but has alcohol in it,12/13/2020,3,Yes,0
"HOLLISTER Filler Paste Adapt 2 oz. Tube (#79300, Sold Per Piece)",Hollister Adapt Paste 2 oz. Hollister adapt paste caulk and fill skin crevices with this low alcohol paste. Low alcohol minimizes stinging. Soft easy-to-squeeze tube for people with limited dexterity. Easy-to-see red cap. The paste tube can be emptied down to the last drop.Low-alcohol paste helps to minimize stinging.Used to caulk and fill skin crevices to improve the fit of a skin barrier.,Alfred L.,good product poor packing,arrived damaged but usable good product,4/9/2023,2,Yes,0
"HOLLISTER Filler Paste Adapt 2 oz. Tube (#79300, Sold Per Piece)",Hollister Adapt Paste 2 oz. Hollister adapt paste caulk and fill skin crevices with this low alcohol paste. Low alcohol minimizes stinging. Soft easy-to-squeeze tube for people with limited dexterity. Easy-to-see red cap. The paste tube can be emptied down to the last drop.Low-alcohol paste helps to minimize stinging.Used to caulk and fill skin crevices to improve the fit of a skin barrier.,Barbara M.,Deceiving,"Picture is deceiving, you only get 1 tube. Why put 2 tubes in the picture if you only get 1.",5/10/2022,2,Yes,5
"HOLLISTER Filler Paste Adapt 2 oz. Tube (#79300, Sold Per Piece)",Hollister Adapt Paste 2 oz. Hollister adapt paste caulk and fill skin crevices with this low alcohol paste. Low alcohol minimizes stinging. Soft easy-to-squeeze tube for people with limited dexterity. Easy-to-see red cap. The paste tube can be emptied down to the last drop.Low-alcohol paste helps to minimize stinging.Used to caulk and fill skin crevices to improve the fit of a skin barrier.,Diana K. Morris,Not pleased,I've still not received it. I love the product and need it for health reasons as I'm completely out,3/3/2023,1,Yes,0
"HOLLISTER Filler Paste Adapt 2 oz. Tube (#79300, Sold Per Piece)",Hollister Adapt Paste 2 oz. Hollister adapt paste caulk and fill skin crevices with this low alcohol paste. Low alcohol minimizes stinging. Soft easy-to-squeeze tube for people with limited dexterity. Easy-to-see red cap. The paste tube can be emptied down to the last drop.Low-alcohol paste helps to minimize stinging.Used to caulk and fill skin crevices to improve the fit of a skin barrier.,'ness,Don't be deceive,It says I'm getting 2 but I only got one.,1/14/2023,1,Yes,0
"HOLLISTER Filler Paste Adapt 2 oz. Tube (#79300, Sold Per Piece)",Hollister Adapt Paste 2 oz. Hollister adapt paste caulk and fill skin crevices with this low alcohol paste. Low alcohol minimizes stinging. Soft easy-to-squeeze tube for people with limited dexterity. Easy-to-see red cap. The paste tube can be emptied down to the last drop.Low-alcohol paste helps to minimize stinging.Used to caulk and fill skin crevices to improve the fit of a skin barrier.,Lucia,Only one not two,You only receive one tube and it says you’ll get two!,11/18/2022,1,Yes,3
"HOLLISTER Filler Paste Adapt 2 oz. Tube (#79300, Sold Per Piece)",Hollister Adapt Paste 2 oz. Hollister adapt paste caulk and fill skin crevices with this low alcohol paste. Low alcohol minimizes stinging. Soft easy-to-squeeze tube for people with limited dexterity. Easy-to-see red cap. The paste tube can be emptied down to the last drop.Low-alcohol paste helps to minimize stinging.Used to caulk and fill skin crevices to improve the fit of a skin barrier.,Natalie G,One Star,Misleading listing.  You only get one tube and it's the 79300,3/14/2017,1,Yes,0
"HOLLISTER Filler Paste Adapt 2 oz. Tube (#79300, Sold Per Piece)",Hollister Adapt Paste 2 oz. Hollister adapt paste caulk and fill skin crevices with this low alcohol paste. Low alcohol minimizes stinging. Soft easy-to-squeeze tube for people with limited dexterity. Easy-to-see red cap. The paste tube can be emptied down to the last drop.Low-alcohol paste helps to minimize stinging.Used to caulk and fill skin crevices to improve the fit of a skin barrier.,Mary Grasso,Hollister filler paste is an asset for ostomy products.  It helps to prevent leaks.,I have used this product many years and would be unable to function without it.  I have tried many similar products but find they are not dependable.  I wouldn't leave home without it!,10/21/2024,5,Yes,0
"HOLLISTER Filler Paste Adapt 2 oz. Tube (#79300, Sold Per Piece)",Hollister Adapt Paste 2 oz. Hollister adapt paste caulk and fill skin crevices with this low alcohol paste. Low alcohol minimizes stinging. Soft easy-to-squeeze tube for people with limited dexterity. Easy-to-see red cap. The paste tube can be emptied down to the last drop.Low-alcohol paste helps to minimize stinging.Used to caulk and fill skin crevices to improve the fit of a skin barrier.,Amazon Customer,Paste,Ostomy paste works great for the crevice I have.,10/1/2024,5,Yes,0
"HOLLISTER Filler Paste Adapt 2 oz. Tube (#79300, Sold Per Piece)",Hollister Adapt Paste 2 oz. Hollister adapt paste caulk and fill skin crevices with this low alcohol paste. Low alcohol minimizes stinging. Soft easy-to-squeeze tube for people with limited dexterity. Easy-to-see red cap. The paste tube can be emptied down to the last drop.Low-alcohol paste helps to minimize stinging.Used to caulk and fill skin crevices to improve the fit of a skin barrier.,Mrs T,Awesome paste,This is great paste but expensive o feel.  Wish it was a little cheaper.,9/19/2024,4,Yes,0
"HOLLISTER Filler Paste Adapt 2 oz. Tube (#79300, Sold Per Piece)",Hollister Adapt Paste 2 oz. Hollister adapt paste caulk and fill skin crevices with this low alcohol paste. Low alcohol minimizes stinging. Soft easy-to-squeeze tube for people with limited dexterity. Easy-to-see red cap. The paste tube can be emptied down to the last drop.Low-alcohol paste helps to minimize stinging.Used to caulk and fill skin crevices to improve the fit of a skin barrier.,Gen. A.P. HILL'S LT.,Excellent,Excellent,10/2/2024,5,Yes,0
"HOLLISTER Filler Paste Adapt 2 oz. Tube (#79300, Sold Per Piece)",Hollister Adapt Paste 2 oz. Hollister adapt paste caulk and fill skin crevices with this low alcohol paste. Low alcohol minimizes stinging. Soft easy-to-squeeze tube for people with limited dexterity. Easy-to-see red cap. The paste tube can be emptied down to the last drop.Low-alcohol paste helps to minimize stinging.Used to caulk and fill skin crevices to improve the fit of a skin barrier.,Louis Napolitano,Holliister products work great,Works great,4/22/2024,5,Yes,2
"HOLLISTER Filler Paste Adapt 2 oz. Tube (#79300, Sold Per Piece)",Hollister Adapt Paste 2 oz. Hollister adapt paste caulk and fill skin crevices with this low alcohol paste. Low alcohol minimizes stinging. Soft easy-to-squeeze tube for people with limited dexterity. Easy-to-see red cap. The paste tube can be emptied down to the last drop.Low-alcohol paste helps to minimize stinging.Used to caulk and fill skin crevices to improve the fit of a skin barrier.,Tina Dye,Best for a good seal,I have used this product over a year with no problems.  I saw another brand that was cheaper and purchased it. I regret it! Adapt is well worth the money! I can be assured that it will hold went I have an active day out.,7/4/2024,5,Yes,3
"HOLLISTER Filler Paste Adapt 2 oz. Tube (#79300, Sold Per Piece)",Hollister Adapt Paste 2 oz. Hollister adapt paste caulk and fill skin crevices with this low alcohol paste. Low alcohol minimizes stinging. Soft easy-to-squeeze tube for people with limited dexterity. Easy-to-see red cap. The paste tube can be emptied down to the last drop.Low-alcohol paste helps to minimize stinging.Used to caulk and fill skin crevices to improve the fit of a skin barrier.,M,Ostomy Paste,Good quality product. Quick delivery and received a day early!,1/21/2024,5,Yes,0
"HOLLISTER Filler Paste Adapt 2 oz. Tube (#79300, Sold Per Piece)",Hollister Adapt Paste 2 oz. Hollister adapt paste caulk and fill skin crevices with this low alcohol paste. Low alcohol minimizes stinging. Soft easy-to-squeeze tube for people with limited dexterity. Easy-to-see red cap. The paste tube can be emptied down to the last drop.Low-alcohol paste helps to minimize stinging.Used to caulk and fill skin crevices to improve the fit of a skin barrier.,Kindle Customer,"To help seal ostomy bags, if needed.","I like it very much, have used it as needed for ostomy bags. Will order again",4/23/2024,5,Yes,0
"HOLLISTER Filler Paste Adapt 2 oz. Tube (#79300, Sold Per Piece)",Hollister Adapt Paste 2 oz. Hollister adapt paste caulk and fill skin crevices with this low alcohol paste. Low alcohol minimizes stinging. Soft easy-to-squeeze tube for people with limited dexterity. Easy-to-see red cap. The paste tube can be emptied down to the last drop.Low-alcohol paste helps to minimize stinging.Used to caulk and fill skin crevices to improve the fit of a skin barrier.,Mark Abbinanti,Works,Speedy delivery delivery,9/5/2024,4,Yes,0
"HOLLISTER Filler Paste Adapt 2 oz. Tube (#79300, Sold Per Piece)",Hollister Adapt Paste 2 oz. Hollister adapt paste caulk and fill skin crevices with this low alcohol paste. Low alcohol minimizes stinging. Soft easy-to-squeeze tube for people with limited dexterity. Easy-to-see red cap. The paste tube can be emptied down to the last drop.Low-alcohol paste helps to minimize stinging.Used to caulk and fill skin crevices to improve the fit of a skin barrier.,Paula J Moran,Great for leaks,We had a problem with urine leakage. I added this to the outer rim of the colloid barrier and it has made such a big difference. We also switched to a barrier plate that had a larger adhesive rim.,12/21/2023,5,Yes,3
"HOLLISTER Filler Paste Adapt 2 oz. Tube (#79300, Sold Per Piece)",Hollister Adapt Paste 2 oz. Hollister adapt paste caulk and fill skin crevices with this low alcohol paste. Low alcohol minimizes stinging. Soft easy-to-squeeze tube for people with limited dexterity. Easy-to-see red cap. The paste tube can be emptied down to the last drop.Low-alcohol paste helps to minimize stinging.Used to caulk and fill skin crevices to improve the fit of a skin barrier.,Judy Morris,Rec’d next day delivery,Nothing  negative,2/13/2024,5,Yes,0
"HOLLISTER Filler Paste Adapt 2 oz. Tube (#79300, Sold Per Piece)",Hollister Adapt Paste 2 oz. Hollister adapt paste caulk and fill skin crevices with this low alcohol paste. Low alcohol minimizes stinging. Soft easy-to-squeeze tube for people with limited dexterity. Easy-to-see red cap. The paste tube can be emptied down to the last drop.Low-alcohol paste helps to minimize stinging.Used to caulk and fill skin crevices to improve the fit of a skin barrier.,Percilla Holt,paste,It is a pretty good product,6/3/2023,4,Yes,0
"HOLLISTER Filler Paste Adapt 2 oz. Tube (#79300, Sold Per Piece)",Hollister Adapt Paste 2 oz. Hollister adapt paste caulk and fill skin crevices with this low alcohol paste. Low alcohol minimizes stinging. Soft easy-to-squeeze tube for people with limited dexterity. Easy-to-see red cap. The paste tube can be emptied down to the last drop.Low-alcohol paste helps to minimize stinging.Used to caulk and fill skin crevices to improve the fit of a skin barrier.,Susan Donnelly,It works,Wish the tube had a smaller opening so as to not be covered by ostomy paste. Takes a while to cure as well.,3/23/2023,4,Yes,4
"HOLLISTER Filler Paste Adapt 2 oz. Tube (#79300, Sold Per Piece)",Hollister Adapt Paste 2 oz. Hollister adapt paste caulk and fill skin crevices with this low alcohol paste. Low alcohol minimizes stinging. Soft easy-to-squeeze tube for people with limited dexterity. Easy-to-see red cap. The paste tube can be emptied down to the last drop.Low-alcohol paste helps to minimize stinging.Used to caulk and fill skin crevices to improve the fit of a skin barrier.,AV,Works well,Burns a bit going on the skin.,4/20/2023,4,Yes,4
"HOLLISTER Filler Paste Adapt 2 oz. Tube (#79300, Sold Per Piece)",Hollister Adapt Paste 2 oz. Hollister adapt paste caulk and fill skin crevices with this low alcohol paste. Low alcohol minimizes stinging. Soft easy-to-squeeze tube for people with limited dexterity. Easy-to-see red cap. The paste tube can be emptied down to the last drop.Low-alcohol paste helps to minimize stinging.Used to caulk and fill skin crevices to improve the fit of a skin barrier.,Amazon Customer,Security of dealing,Love it- easy to squeeze the tube with my arthritis,8/28/2023,5,Yes,0
"HOLLISTER Filler Paste Adapt 2 oz. Tube (#79300, Sold Per Piece)",Hollister Adapt Paste 2 oz. Hollister adapt paste caulk and fill skin crevices with this low alcohol paste. Low alcohol minimizes stinging. Soft easy-to-squeeze tube for people with limited dexterity. Easy-to-see red cap. The paste tube can be emptied down to the last drop.Low-alcohol paste helps to minimize stinging.Used to caulk and fill skin crevices to improve the fit of a skin barrier.,Mel,Great product,It works better then any other ostomy paste I have used. But it does burn a little when it gets right on the ostomy hole.,3/12/2023,5,Yes,2
"HOLLISTER Filler Paste Adapt 2 oz. Tube (#79300, Sold Per Piece)",Hollister Adapt Paste 2 oz. Hollister adapt paste caulk and fill skin crevices with this low alcohol paste. Low alcohol minimizes stinging. Soft easy-to-squeeze tube for people with limited dexterity. Easy-to-see red cap. The paste tube can be emptied down to the last drop.Low-alcohol paste helps to minimize stinging.Used to caulk and fill skin crevices to improve the fit of a skin barrier.,Trish Roudebush,Works great,For the unfortunate need for this. It works very well.,7/20/2023,5,Yes,4
"HOLLISTER Filler Paste Adapt 2 oz. Tube (#79300, Sold Per Piece)",Hollister Adapt Paste 2 oz. Hollister adapt paste caulk and fill skin crevices with this low alcohol paste. Low alcohol minimizes stinging. Soft easy-to-squeeze tube for people with limited dexterity. Easy-to-see red cap. The paste tube can be emptied down to the last drop.Low-alcohol paste helps to minimize stinging.Used to caulk and fill skin crevices to improve the fit of a skin barrier.,m. mitchell,Lifesaver,Worked for me by allowing a more custom fit.,5/19/2023,5,Yes,2
"HOLLISTER Filler Paste Adapt 2 oz. Tube (#79300, Sold Per Piece)",Hollister Adapt Paste 2 oz. Hollister adapt paste caulk and fill skin crevices with this low alcohol paste. Low alcohol minimizes stinging. Soft easy-to-squeeze tube for people with limited dexterity. Easy-to-see red cap. The paste tube can be emptied down to the last drop.Low-alcohol paste helps to minimize stinging.Used to caulk and fill skin crevices to improve the fit of a skin barrier.,James williams,Great,Is 100% what it says it is stoma paste,5/11/2023,5,Yes,0
"HOLLISTER Filler Paste Adapt 2 oz. Tube (#79300, Sold Per Piece)",Hollister Adapt Paste 2 oz. Hollister adapt paste caulk and fill skin crevices with this low alcohol paste. Low alcohol minimizes stinging. Soft easy-to-squeeze tube for people with limited dexterity. Easy-to-see red cap. The paste tube can be emptied down to the last drop.Low-alcohol paste helps to minimize stinging.Used to caulk and fill skin crevices to improve the fit of a skin barrier.,Sam,Great Paste,Best product of those brands available.,4/21/2023,5,Yes,0
"HOLLISTER Filler Paste Adapt 2 oz. Tube (#79300, Sold Per Piece)",Hollister Adapt Paste 2 oz. Hollister adapt paste caulk and fill skin crevices with this low alcohol paste. Low alcohol minimizes stinging. Soft easy-to-squeeze tube for people with limited dexterity. Easy-to-see red cap. The paste tube can be emptied down to the last drop.Low-alcohol paste helps to minimize stinging.Used to caulk and fill skin crevices to improve the fit of a skin barrier.,Mary Jo Gortmaker,exactly what you get at the medical stores,Exactl;y what I ordered,3/30/2023,5,Yes,0
"HOLLISTER Filler Paste Adapt 2 oz. Tube (#79300, Sold Per Piece)",Hollister Adapt Paste 2 oz. Hollister adapt paste caulk and fill skin crevices with this low alcohol paste. Low alcohol minimizes stinging. Soft easy-to-squeeze tube for people with limited dexterity. Easy-to-see red cap. The paste tube can be emptied down to the last drop.Low-alcohol paste helps to minimize stinging.Used to caulk and fill skin crevices to improve the fit of a skin barrier.,Kathie Murto,Paste,Good paste,3/18/2023,5,Yes,0
"HOLLISTER Filler Paste Adapt 2 oz. Tube (#79300, Sold Per Piece)",Hollister Adapt Paste 2 oz. Hollister adapt paste caulk and fill skin crevices with this low alcohol paste. Low alcohol minimizes stinging. Soft easy-to-squeeze tube for people with limited dexterity. Easy-to-see red cap. The paste tube can be emptied down to the last drop.Low-alcohol paste helps to minimize stinging.Used to caulk and fill skin crevices to improve the fit of a skin barrier.,Robert Counterman,Exactly what I needed,Exactly what I needed,4/2/2022,5,Yes,0
"HOLLISTER Filler Paste Adapt 2 oz. Tube (#79300, Sold Per Piece)",Hollister Adapt Paste 2 oz. Hollister adapt paste caulk and fill skin crevices with this low alcohol paste. Low alcohol minimizes stinging. Soft easy-to-squeeze tube for people with limited dexterity. Easy-to-see red cap. The paste tube can be emptied down to the last drop.Low-alcohol paste helps to minimize stinging.Used to caulk and fill skin crevices to improve the fit of a skin barrier.,Ruth McGovern,Good price - good product.,I've used it for years. Good stuff.  Great price.,5/2/2021,5,Yes,0
"HOLLISTER Filler Paste Adapt 2 oz. Tube (#79300, Sold Per Piece)",Hollister Adapt Paste 2 oz. Hollister adapt paste caulk and fill skin crevices with this low alcohol paste. Low alcohol minimizes stinging. Soft easy-to-squeeze tube for people with limited dexterity. Easy-to-see red cap. The paste tube can be emptied down to the last drop.Low-alcohol paste helps to minimize stinging.Used to caulk and fill skin crevices to improve the fit of a skin barrier.,Amazon Customer,Excellent Product,Proven product,1/19/2022,5,Yes,0
"HOLLISTER Filler Paste Adapt 2 oz. Tube (#79300, Sold Per Piece)",Hollister Adapt Paste 2 oz. Hollister adapt paste caulk and fill skin crevices with this low alcohol paste. Low alcohol minimizes stinging. Soft easy-to-squeeze tube for people with limited dexterity. Easy-to-see red cap. The paste tube can be emptied down to the last drop.Low-alcohol paste helps to minimize stinging.Used to caulk and fill skin crevices to improve the fit of a skin barrier.,Ma Link,Very pleased,This does not harden in the tube like other paste has that I have used.  It molds nicely too.,6/26/2019,5,Yes,0
"HOLLISTER Filler Paste Adapt 2 oz. Tube (#79300, Sold Per Piece)",Hollister Adapt Paste 2 oz. Hollister adapt paste caulk and fill skin crevices with this low alcohol paste. Low alcohol minimizes stinging. Soft easy-to-squeeze tube for people with limited dexterity. Easy-to-see red cap. The paste tube can be emptied down to the last drop.Low-alcohol paste helps to minimize stinging.Used to caulk and fill skin crevices to improve the fit of a skin barrier.,Carlos Gimenez,Muy buena oferta,Excelente producto de reconocida marca,4/7/2021,5,Yes,0
"HOLLISTER Filler Paste Adapt 2 oz. Tube (#79300, Sold Per Piece)",Hollister Adapt Paste 2 oz. Hollister adapt paste caulk and fill skin crevices with this low alcohol paste. Low alcohol minimizes stinging. Soft easy-to-squeeze tube for people with limited dexterity. Easy-to-see red cap. The paste tube can be emptied down to the last drop.Low-alcohol paste helps to minimize stinging.Used to caulk and fill skin crevices to improve the fit of a skin barrier.,Carol Burton,Four Stars,Worked  okay.,8/15/2017,4,Yes,0
"HOLLISTER Filler Paste Adapt 2 oz. Tube (#79300, Sold Per Piece)",Hollister Adapt Paste 2 oz. Hollister adapt paste caulk and fill skin crevices with this low alcohol paste. Low alcohol minimizes stinging. Soft easy-to-squeeze tube for people with limited dexterity. Easy-to-see red cap. The paste tube can be emptied down to the last drop.Low-alcohol paste helps to minimize stinging.Used to caulk and fill skin crevices to improve the fit of a skin barrier.,Dan H,The best paste in the business!,I really like this paste. It's the only one I will use!,8/16/2018,5,Yes,0
"HOLLISTER Filler Paste Adapt 2 oz. Tube (#79300, Sold Per Piece)",Hollister Adapt Paste 2 oz. Hollister adapt paste caulk and fill skin crevices with this low alcohol paste. Low alcohol minimizes stinging. Soft easy-to-squeeze tube for people with limited dexterity. Easy-to-see red cap. The paste tube can be emptied down to the last drop.Low-alcohol paste helps to minimize stinging.Used to caulk and fill skin crevices to improve the fit of a skin barrier.,Steven M Blanchard,Five Stars,Product works well. Helps to seal around bag/stoma interface for leaks.,4/26/2018,5,Yes,0
"HOLLISTER Filler Paste Adapt 2 oz. Tube (#79300, Sold Per Piece)",Hollister Adapt Paste 2 oz. Hollister adapt paste caulk and fill skin crevices with this low alcohol paste. Low alcohol minimizes stinging. Soft easy-to-squeeze tube for people with limited dexterity. Easy-to-see red cap. The paste tube can be emptied down to the last drop.Low-alcohol paste helps to minimize stinging.Used to caulk and fill skin crevices to improve the fit of a skin barrier.,Diane tremblay,Quality,Great!,4/26/2019,5,Yes,0
"HOLLISTER Filler Paste Adapt 2 oz. Tube (#79300, Sold Per Piece)",Hollister Adapt Paste 2 oz. Hollister adapt paste caulk and fill skin crevices with this low alcohol paste. Low alcohol minimizes stinging. Soft easy-to-squeeze tube for people with limited dexterity. Easy-to-see red cap. The paste tube can be emptied down to the last drop.Low-alcohol paste helps to minimize stinging.Used to caulk and fill skin crevices to improve the fit of a skin barrier.,Scot L.,Five Stars,ITEM RECEIVED PROMPTLY AND AS ADVERTISED,12/27/2017,5,Yes,0
"HOLLISTER Filler Paste Adapt 2 oz. Tube (#79300, Sold Per Piece)",Hollister Adapt Paste 2 oz. Hollister adapt paste caulk and fill skin crevices with this low alcohol paste. Low alcohol minimizes stinging. Soft easy-to-squeeze tube for people with limited dexterity. Easy-to-see red cap. The paste tube can be emptied down to the last drop.Low-alcohol paste helps to minimize stinging.Used to caulk and fill skin crevices to improve the fit of a skin barrier.,Steve Lengel,Dependable,Like,10/15/2018,5,Yes,0
"HOLLISTER Filler Paste Adapt 2 oz. Tube (#79300, Sold Per Piece)",Hollister Adapt Paste 2 oz. Hollister adapt paste caulk and fill skin crevices with this low alcohol paste. Low alcohol minimizes stinging. Soft easy-to-squeeze tube for people with limited dexterity. Easy-to-see red cap. The paste tube can be emptied down to the last drop.Low-alcohol paste helps to minimize stinging.Used to caulk and fill skin crevices to improve the fit of a skin barrier.,"Five Star I/E, Inc.",Five Stars,Great product.,8/2/2018,5,Yes,0
"HOLLISTER Filler Paste Adapt 2 oz. Tube (#79300, Sold Per Piece)",Hollister Adapt Paste 2 oz. Hollister adapt paste caulk and fill skin crevices with this low alcohol paste. Low alcohol minimizes stinging. Soft easy-to-squeeze tube for people with limited dexterity. Easy-to-see red cap. The paste tube can be emptied down to the last drop.Low-alcohol paste helps to minimize stinging.Used to caulk and fill skin crevices to improve the fit of a skin barrier.,L H,Five Stars,Works very well!,10/5/2016,5,Yes,0
"HOLLISTER Filler Paste Adapt 2 oz. Tube (#79300, Sold Per Piece)",Hollister Adapt Paste 2 oz. Hollister adapt paste caulk and fill skin crevices with this low alcohol paste. Low alcohol minimizes stinging. Soft easy-to-squeeze tube for people with limited dexterity. Easy-to-see red cap. The paste tube can be emptied down to the last drop.Low-alcohol paste helps to minimize stinging.Used to caulk and fill skin crevices to improve the fit of a skin barrier.,Sioux Hudson,So easy to use!!,"Fellow ostomates, I know confidence in a product is a huge issue for us.  We stick to one brand and what we know but having loved this brand of lubricant/deodorizer I figured I would try their caulking. OMG how did I live without this!Other products were so hard to squeeze out but  this paste moves like toothpaste but creates a trustworthy seal.Very pleased!!",3/31/2023,5,Yes,4
"HOLLISTER Filler Paste Adapt 2 oz. Tube (#79300, Sold Per Piece)",Hollister Adapt Paste 2 oz. Hollister adapt paste caulk and fill skin crevices with this low alcohol paste. Low alcohol minimizes stinging. Soft easy-to-squeeze tube for people with limited dexterity. Easy-to-see red cap. The paste tube can be emptied down to the last drop.Low-alcohol paste helps to minimize stinging.Used to caulk and fill skin crevices to improve the fit of a skin barrier.,Tina,Great product,This product helps keep the flange in place. It works well.,2/12/2020,5,Yes,0
"HOLLISTER Filler Paste Adapt 2 oz. Tube (#79300, Sold Per Piece)",Hollister Adapt Paste 2 oz. Hollister adapt paste caulk and fill skin crevices with this low alcohol paste. Low alcohol minimizes stinging. Soft easy-to-squeeze tube for people with limited dexterity. Easy-to-see red cap. The paste tube can be emptied down to the last drop.Low-alcohol paste helps to minimize stinging.Used to caulk and fill skin crevices to improve the fit of a skin barrier.,Sandra Petersen,Just right,Fast delivery and just what I ordered,8/3/2021,5,Yes,0
"HOLLISTER Filler Paste Adapt 2 oz. Tube (#79300, Sold Per Piece)",Hollister Adapt Paste 2 oz. Hollister adapt paste caulk and fill skin crevices with this low alcohol paste. Low alcohol minimizes stinging. Soft easy-to-squeeze tube for people with limited dexterity. Easy-to-see red cap. The paste tube can be emptied down to the last drop.Low-alcohol paste helps to minimize stinging.Used to caulk and fill skin crevices to improve the fit of a skin barrier.,Megan,Worked,Worked for what it was needed for.,4/16/2023,5,Yes,0
"HOLLISTER Filler Paste Adapt 2 oz. Tube (#79300, Sold Per Piece)",Hollister Adapt Paste 2 oz. Hollister adapt paste caulk and fill skin crevices with this low alcohol paste. Low alcohol minimizes stinging. Soft easy-to-squeeze tube for people with limited dexterity. Easy-to-see red cap. The paste tube can be emptied down to the last drop.Low-alcohol paste helps to minimize stinging.Used to caulk and fill skin crevices to improve the fit of a skin barrier.,Nicki,Exactly as advertized,This is the only paste that works,5/18/2023,5,Yes,0
"HOLLISTER Filler Paste Adapt 2 oz. Tube (#79300, Sold Per Piece)",Hollister Adapt Paste 2 oz. Hollister adapt paste caulk and fill skin crevices with this low alcohol paste. Low alcohol minimizes stinging. Soft easy-to-squeeze tube for people with limited dexterity. Easy-to-see red cap. The paste tube can be emptied down to the last drop.Low-alcohol paste helps to minimize stinging.Used to caulk and fill skin crevices to improve the fit of a skin barrier.,Michael,Excelente!!,"El tiempo de entrega fue rápido, el producto llegó completo tanto el tubo de pasta como su propia caja, no demoro en entregar.¡Excelente servicio!",9/27/2024,5,Yes,0
"HOLLISTER Filler Paste Adapt 2 oz. Tube (#79300, Sold Per Piece)",Hollister Adapt Paste 2 oz. Hollister adapt paste caulk and fill skin crevices with this low alcohol paste. Low alcohol minimizes stinging. Soft easy-to-squeeze tube for people with limited dexterity. Easy-to-see red cap. The paste tube can be emptied down to the last drop.Low-alcohol paste helps to minimize stinging.Used to caulk and fill skin crevices to improve the fit of a skin barrier.,Saralyn Nolff,Works great 👍,Works great 👍,4/21/2023,5,Yes,0
"HOLLISTER Filler Paste Adapt 2 oz. Tube (#79300, Sold Per Piece)",Hollister Adapt Paste 2 oz. Hollister adapt paste caulk and fill skin crevices with this low alcohol paste. Low alcohol minimizes stinging. Soft easy-to-squeeze tube for people with limited dexterity. Easy-to-see red cap. The paste tube can be emptied down to the last drop.Low-alcohol paste helps to minimize stinging.Used to caulk and fill skin crevices to improve the fit of a skin barrier.,anna e. sutphin,Great product,Liked all,4/30/2023,5,Yes,0
"HOLLISTER Filler Paste Adapt 2 oz. Tube (#79300, Sold Per Piece)",Hollister Adapt Paste 2 oz. Hollister adapt paste caulk and fill skin crevices with this low alcohol paste. Low alcohol minimizes stinging. Soft easy-to-squeeze tube for people with limited dexterity. Easy-to-see red cap. The paste tube can be emptied down to the last drop.Low-alcohol paste helps to minimize stinging.Used to caulk and fill skin crevices to improve the fit of a skin barrier.,Tejaswi,,Used other paste for last one year but this did work well then the other. I have no idea why but it did.,3/6/2024,,Yes,0
"HOLLISTER Filler Paste Adapt 2 oz. Tube (#79300, Sold Per Piece)",Hollister Adapt Paste 2 oz. Hollister adapt paste caulk and fill skin crevices with this low alcohol paste. Low alcohol minimizes stinging. Soft easy-to-squeeze tube for people with limited dexterity. Easy-to-see red cap. The paste tube can be emptied down to the last drop.Low-alcohol paste helps to minimize stinging.Used to caulk and fill skin crevices to improve the fit of a skin barrier.,Ramesh,,Very good,6/17/2023,,Yes,0
"HOLLISTER Filler Paste Adapt 2 oz. Tube (#79300, Sold Per Piece)",Hollister Adapt Paste 2 oz. Hollister adapt paste caulk and fill skin crevices with this low alcohol paste. Low alcohol minimizes stinging. Soft easy-to-squeeze tube for people with limited dexterity. Easy-to-see red cap. The paste tube can be emptied down to the last drop.Low-alcohol paste helps to minimize stinging.Used to caulk and fill skin crevices to improve the fit of a skin barrier.,RB NAROLA,,Right time delivred,2/16/2023,,Yes,0
"HOLLISTER Filler Paste Adapt 2 oz. Tube (#79300, Sold Per Piece)",Hollister Adapt Paste 2 oz. Hollister adapt paste caulk and fill skin crevices with this low alcohol paste. Low alcohol minimizes stinging. Soft easy-to-squeeze tube for people with limited dexterity. Easy-to-see red cap. The paste tube can be emptied down to the last drop.Low-alcohol paste helps to minimize stinging.Used to caulk and fill skin crevices to improve the fit of a skin barrier.,Lisa Milani,Works great . Best stuff on the market,"Use this on my bed every single day to keep it fresh and it's amazing! I've tried so many others , no comparison. Smells fresh, lasts long, eliminates any unwanted odors. Priced right. I empty all 3 bottles into one large better spray bottle, it's just easier for me that way . Definitely worth your $.",2/16/2023,5,Yes,4
"HOLLISTER Filler Paste Adapt 2 oz. Tube (#79300, Sold Per Piece)",Hollister Adapt Paste 2 oz. Hollister adapt paste caulk and fill skin crevices with this low alcohol paste. Low alcohol minimizes stinging. Soft easy-to-squeeze tube for people with limited dexterity. Easy-to-see red cap. The paste tube can be emptied down to the last drop.Low-alcohol paste helps to minimize stinging.Used to caulk and fill skin crevices to improve the fit of a skin barrier.,Kindle Customer,Best product,This stuff eliminates awful odors instantaneously. Never had a product this good for this problemExcellent price. I love it.,10/17/2023,5,Yes,0
"HOLLISTER Filler Paste Adapt 2 oz. Tube (#79300, Sold Per Piece)",Hollister Adapt Paste 2 oz. Hollister adapt paste caulk and fill skin crevices with this low alcohol paste. Low alcohol minimizes stinging. Soft easy-to-squeeze tube for people with limited dexterity. Easy-to-see red cap. The paste tube can be emptied down to the last drop.Low-alcohol paste helps to minimize stinging.Used to caulk and fill skin crevices to improve the fit of a skin barrier.,Natay,Eliminates odors,It works!!! I saw this in an exam room at my clinic so I looked into it. It's lower cost than other air deodorizers but this one actually works! I spray it around my cats litter box and have noticed a significant decrease in smell when I come home.,4/16/2023,5,Yes,2
"HOLLISTER Filler Paste Adapt 2 oz. Tube (#79300, Sold Per Piece)",Hollister Adapt Paste 2 oz. Hollister adapt paste caulk and fill skin crevices with this low alcohol paste. Low alcohol minimizes stinging. Soft easy-to-squeeze tube for people with limited dexterity. Easy-to-see red cap. The paste tube can be emptied down to the last drop.Low-alcohol paste helps to minimize stinging.Used to caulk and fill skin crevices to improve the fit of a skin barrier.,"Burl R. Collins, Jr.",It works as promised.,I still can’t believe how reasonable the product is and how well it works to eliminate odors.,10/14/2023,5,Yes,0
"HOLLISTER Filler Paste Adapt 2 oz. Tube (#79300, Sold Per Piece)",Hollister Adapt Paste 2 oz. Hollister adapt paste caulk and fill skin crevices with this low alcohol paste. Low alcohol minimizes stinging. Soft easy-to-squeeze tube for people with limited dexterity. Easy-to-see red cap. The paste tube can be emptied down to the last drop.Low-alcohol paste helps to minimize stinging.Used to caulk and fill skin crevices to improve the fit of a skin barrier.,Cass Bare,Wonderful for masking strong smells,"I work in healthcare and we used to carry these, but stopped. But it’s such a refreshing and long lasting scent. It literally will mask any smell in the room",8/20/2023,5,Yes,0
"HOLLISTER Filler Paste Adapt 2 oz. Tube (#79300, Sold Per Piece)",Hollister Adapt Paste 2 oz. Hollister adapt paste caulk and fill skin crevices with this low alcohol paste. Low alcohol minimizes stinging. Soft easy-to-squeeze tube for people with limited dexterity. Easy-to-see red cap. The paste tube can be emptied down to the last drop.Low-alcohol paste helps to minimize stinging.Used to caulk and fill skin crevices to improve the fit of a skin barrier.,P Kirk,Odor eliminator,This is a good product. The scent is not overpowering. It helps with the bathroom smells. The scent doesn’t linger long but that might not be a negative for some.,10/28/2022,4,Yes,2
"HOLLISTER Filler Paste Adapt 2 oz. Tube (#79300, Sold Per Piece)",Hollister Adapt Paste 2 oz. Hollister adapt paste caulk and fill skin crevices with this low alcohol paste. Low alcohol minimizes stinging. Soft easy-to-squeeze tube for people with limited dexterity. Easy-to-see red cap. The paste tube can be emptied down to the last drop.Low-alcohol paste helps to minimize stinging.Used to caulk and fill skin crevices to improve the fit of a skin barrier.,Alexis,Used this in the nursing home,"I’ll never stop raving about this stuff. It doesn’t just make smells fruitier, it actually eliminates them! I don’t work at the nursing home anymore, but I bought some to stick on the back of the toilet for #2’s and it works wonders.",4/24/2023,5,Yes,2
"HOLLISTER Filler Paste Adapt 2 oz. Tube (#79300, Sold Per Piece)",Hollister Adapt Paste 2 oz. Hollister adapt paste caulk and fill skin crevices with this low alcohol paste. Low alcohol minimizes stinging. Soft easy-to-squeeze tube for people with limited dexterity. Easy-to-see red cap. The paste tube can be emptied down to the last drop.Low-alcohol paste helps to minimize stinging.Used to caulk and fill skin crevices to improve the fit of a skin barrier.,Amazon Customer,It seems to work!,"I got it for dad, who is in a nursing home. It helped to eliminate foul scents in the room.",3/20/2023,4,Yes,2
"HOLLISTER Filler Paste Adapt 2 oz. Tube (#79300, Sold Per Piece)",Hollister Adapt Paste 2 oz. Hollister adapt paste caulk and fill skin crevices with this low alcohol paste. Low alcohol minimizes stinging. Soft easy-to-squeeze tube for people with limited dexterity. Easy-to-see red cap. The paste tube can be emptied down to the last drop.Low-alcohol paste helps to minimize stinging.Used to caulk and fill skin crevices to improve the fit of a skin barrier.,Blaine Burk,Smells amazing!!,This is the best smelling deodorizer. It really helps get bad odor out. I wish it came in a plug in since it smells so good and keeps the home smelling fresh.,8/3/2023,5,Yes,0
"HOLLISTER Filler Paste Adapt 2 oz. Tube (#79300, Sold Per Piece)",Hollister Adapt Paste 2 oz. Hollister adapt paste caulk and fill skin crevices with this low alcohol paste. Low alcohol minimizes stinging. Soft easy-to-squeeze tube for people with limited dexterity. Easy-to-see red cap. The paste tube can be emptied down to the last drop.Low-alcohol paste helps to minimize stinging.Used to caulk and fill skin crevices to improve the fit of a skin barrier.,chico,Game Changer,This stuff is Amazing kills bad smells in seconds! And smells great! It's a light clean smell if that helps almost a hint of Fruity Pepples cereal to me!,8/7/2023,5,Yes,0
"HOLLISTER Filler Paste Adapt 2 oz. Tube (#79300, Sold Per Piece)",Hollister Adapt Paste 2 oz. Hollister adapt paste caulk and fill skin crevices with this low alcohol paste. Low alcohol minimizes stinging. Soft easy-to-squeeze tube for people with limited dexterity. Easy-to-see red cap. The paste tube can be emptied down to the last drop.Low-alcohol paste helps to minimize stinging.Used to caulk and fill skin crevices to improve the fit of a skin barrier.,Withthetapofafinger,Gone,My dad is in a nursing home and smells can be a problem especially with a roommate. This has a light scent initially and then is gone as well as unwanted odors. He loves it.If you looking for something that is going to leave a lasting good smell—this is not for you. The scent dissipates as well as the unwanted odor.,8/27/2022,5,Yes,9
"HOLLISTER Filler Paste Adapt 2 oz. Tube (#79300, Sold Per Piece)",Hollister Adapt Paste 2 oz. Hollister adapt paste caulk and fill skin crevices with this low alcohol paste. Low alcohol minimizes stinging. Soft easy-to-squeeze tube for people with limited dexterity. Easy-to-see red cap. The paste tube can be emptied down to the last drop.Low-alcohol paste helps to minimize stinging.Used to caulk and fill skin crevices to improve the fit of a skin barrier.,jj,Works,I love this spray!  Works like magic.,4/23/2023,4,Yes,0
"HOLLISTER Filler Paste Adapt 2 oz. Tube (#79300, Sold Per Piece)",Hollister Adapt Paste 2 oz. Hollister adapt paste caulk and fill skin crevices with this low alcohol paste. Low alcohol minimizes stinging. Soft easy-to-squeeze tube for people with limited dexterity. Easy-to-see red cap. The paste tube can be emptied down to the last drop.Low-alcohol paste helps to minimize stinging.Used to caulk and fill skin crevices to improve the fit of a skin barrier.,CanD,I hoped; it delivered,"I really hoped the reviews were real...they were. Just a little spray delivers a light, clean scent that not only covers the offending smell, but eliminates it when it dies down. The spray's scent doesn't linger.",4/22/2023,5,Yes,2
"HOLLISTER Filler Paste Adapt 2 oz. Tube (#79300, Sold Per Piece)",Hollister Adapt Paste 2 oz. Hollister adapt paste caulk and fill skin crevices with this low alcohol paste. Low alcohol minimizes stinging. Soft easy-to-squeeze tube for people with limited dexterity. Easy-to-see red cap. The paste tube can be emptied down to the last drop.Low-alcohol paste helps to minimize stinging.Used to caulk and fill skin crevices to improve the fit of a skin barrier.,Lynn,Best deodoring product ever!,"Been using this product for years - great for quickly cutting the bathroom odor!  Scent is not overpowering, very pleasant!",8/20/2023,5,Yes,0
"HOLLISTER Filler Paste Adapt 2 oz. Tube (#79300, Sold Per Piece)",Hollister Adapt Paste 2 oz. Hollister adapt paste caulk and fill skin crevices with this low alcohol paste. Low alcohol minimizes stinging. Soft easy-to-squeeze tube for people with limited dexterity. Easy-to-see red cap. The paste tube can be emptied down to the last drop.Low-alcohol paste helps to minimize stinging.Used to caulk and fill skin crevices to improve the fit of a skin barrier.,Boardwalk Enthusiast,It works...even on my funky shoes,I can't believe this stuff works but it really does,9/25/2023,5,Yes,0
"HOLLISTER Filler Paste Adapt 2 oz. Tube (#79300, Sold Per Piece)",Hollister Adapt Paste 2 oz. Hollister adapt paste caulk and fill skin crevices with this low alcohol paste. Low alcohol minimizes stinging. Soft easy-to-squeeze tube for people with limited dexterity. Easy-to-see red cap. The paste tube can be emptied down to the last drop.Low-alcohol paste helps to minimize stinging.Used to caulk and fill skin crevices to improve the fit of a skin barrier.,Renee S.,Better than anything else,Two squirts from the pump and the odor in the bathroom is gone! Don't waste your money on freebrze! Use this product!  The smell is very neutral and does not last long in the air.,3/4/2023,5,Yes,4
"HOLLISTER Filler Paste Adapt 2 oz. Tube (#79300, Sold Per Piece)",Hollister Adapt Paste 2 oz. Hollister adapt paste caulk and fill skin crevices with this low alcohol paste. Low alcohol minimizes stinging. Soft easy-to-squeeze tube for people with limited dexterity. Easy-to-see red cap. The paste tube can be emptied down to the last drop.Low-alcohol paste helps to minimize stinging.Used to caulk and fill skin crevices to improve the fit of a skin barrier.,Tonya M,Light and refreshing,This spray isn’t harsh it has a pleasant sent that won’t give you a headache but takes away the bathroom odor.,8/3/2023,5,Yes,0
"HOLLISTER Filler Paste Adapt 2 oz. Tube (#79300, Sold Per Piece)",Hollister Adapt Paste 2 oz. Hollister adapt paste caulk and fill skin crevices with this low alcohol paste. Low alcohol minimizes stinging. Soft easy-to-squeeze tube for people with limited dexterity. Easy-to-see red cap. The paste tube can be emptied down to the last drop.Low-alcohol paste helps to minimize stinging.Used to caulk and fill skin crevices to improve the fit of a skin barrier.,Kayla Sahnow,Must have,Helps with my kids and husbands poop smells  immensely. Especially if you have to stay in a small area like a hotel or a car with someone that smells!,3/19/2023,5,Yes,2
"HOLLISTER Filler Paste Adapt 2 oz. Tube (#79300, Sold Per Piece)",Hollister Adapt Paste 2 oz. Hollister adapt paste caulk and fill skin crevices with this low alcohol paste. Low alcohol minimizes stinging. Soft easy-to-squeeze tube for people with limited dexterity. Easy-to-see red cap. The paste tube can be emptied down to the last drop.Low-alcohol paste helps to minimize stinging.Used to caulk and fill skin crevices to improve the fit of a skin barrier.,Diane Clark,Odor spray,Works great! Would definitely recommend.,10/9/2023,5,Yes,0
"HOLLISTER Filler Paste Adapt 2 oz. Tube (#79300, Sold Per Piece)",Hollister Adapt Paste 2 oz. Hollister adapt paste caulk and fill skin crevices with this low alcohol paste. Low alcohol minimizes stinging. Soft easy-to-squeeze tube for people with limited dexterity. Easy-to-see red cap. The paste tube can be emptied down to the last drop.Low-alcohol paste helps to minimize stinging.Used to caulk and fill skin crevices to improve the fit of a skin barrier.,DaveUSNret,Very effective,"I live in a nursing home. This eliminates odors with just a couple of sprays, without an overpowering scent",6/24/2023,5,Yes,2
"HOLLISTER Filler Paste Adapt 2 oz. Tube (#79300, Sold Per Piece)",Hollister Adapt Paste 2 oz. Hollister adapt paste caulk and fill skin crevices with this low alcohol paste. Low alcohol minimizes stinging. Soft easy-to-squeeze tube for people with limited dexterity. Easy-to-see red cap. The paste tube can be emptied down to the last drop.Low-alcohol paste helps to minimize stinging.Used to caulk and fill skin crevices to improve the fit of a skin barrier.,Stephen Graham,Works Surprisingly Well,"Dealing with an ostomy bag, and so far all we have been able to do is barely cover the odor. This manages to do exactly what it claims. A few squirts around the bathroom manages to shut down the odor, not just offset it. It doesn't really have an odor of its own.",5/3/2022,5,Yes,5
"HOLLISTER Filler Paste Adapt 2 oz. Tube (#79300, Sold Per Piece)",Hollister Adapt Paste 2 oz. Hollister adapt paste caulk and fill skin crevices with this low alcohol paste. Low alcohol minimizes stinging. Soft easy-to-squeeze tube for people with limited dexterity. Easy-to-see red cap. The paste tube can be emptied down to the last drop.Low-alcohol paste helps to minimize stinging.Used to caulk and fill skin crevices to improve the fit of a skin barrier.,Linda,Home odors,"We use this in each room when needed.Great for room with sick person area also.Recommend it to nursing areas, cooking smells, etc",2/8/2023,5,Yes,2
"HOLLISTER Filler Paste Adapt 2 oz. Tube (#79300, Sold Per Piece)",Hollister Adapt Paste 2 oz. Hollister adapt paste caulk and fill skin crevices with this low alcohol paste. Low alcohol minimizes stinging. Soft easy-to-squeeze tube for people with limited dexterity. Easy-to-see red cap. The paste tube can be emptied down to the last drop.Low-alcohol paste helps to minimize stinging.Used to caulk and fill skin crevices to improve the fit of a skin barrier.,Keythatsme,Amazing product,My only problem was that most of the product spilled into the packaging which was a plastic bag that did contain the liquid so that was a good thing. The product itself is awesome. Smells good and absorbs stinky odors fast. Smells a bit more diluted than my previous product though.,4/21/2021,4,Yes,3
"HOLLISTER Filler Paste Adapt 2 oz. Tube (#79300, Sold Per Piece)",Hollister Adapt Paste 2 oz. Hollister adapt paste caulk and fill skin crevices with this low alcohol paste. Low alcohol minimizes stinging. Soft easy-to-squeeze tube for people with limited dexterity. Easy-to-see red cap. The paste tube can be emptied down to the last drop.Low-alcohol paste helps to minimize stinging.Used to caulk and fill skin crevices to improve the fit of a skin barrier.,kelly mancini,Works great,Works great in bathroom! No need for details lol. It does what it says it will.,5/1/2023,5,Yes,0
"HOLLISTER Filler Paste Adapt 2 oz. Tube (#79300, Sold Per Piece)",Hollister Adapt Paste 2 oz. Hollister adapt paste caulk and fill skin crevices with this low alcohol paste. Low alcohol minimizes stinging. Soft easy-to-squeeze tube for people with limited dexterity. Easy-to-see red cap. The paste tube can be emptied down to the last drop.Low-alcohol paste helps to minimize stinging.Used to caulk and fill skin crevices to improve the fit of a skin barrier.,vstrmiskova,Only odor eliminator spray that works for diaper pail,I have tried soooo many sprays for my babies nursery and this is the only one that works on his Ubbi diaper pail,1/17/2023,5,Yes,2
"HOLLISTER Filler Paste Adapt 2 oz. Tube (#79300, Sold Per Piece)",Hollister Adapt Paste 2 oz. Hollister adapt paste caulk and fill skin crevices with this low alcohol paste. Low alcohol minimizes stinging. Soft easy-to-squeeze tube for people with limited dexterity. Easy-to-see red cap. The paste tube can be emptied down to the last drop.Low-alcohol paste helps to minimize stinging.Used to caulk and fill skin crevices to improve the fit of a skin barrier.,Amazon Customer,Amazing !!!!,Best thing to get rid of litter box odor. Has a light scent and not strong. Will definitely buy more,1/16/2023,5,Yes,2
"HOLLISTER Filler Paste Adapt 2 oz. Tube (#79300, Sold Per Piece)",Hollister Adapt Paste 2 oz. Hollister adapt paste caulk and fill skin crevices with this low alcohol paste. Low alcohol minimizes stinging. Soft easy-to-squeeze tube for people with limited dexterity. Easy-to-see red cap. The paste tube can be emptied down to the last drop.Low-alcohol paste helps to minimize stinging.Used to caulk and fill skin crevices to improve the fit of a skin barrier.,AnoahYoga,Great for pet smells too!,"I have a main coon cat and cannot stabs the litter smell! My cat is so big it’s like he takes human poos! This definitely works wonders! Eliminates the smell without being perfumey , makes things smell like fresh linens. Works great to take care of smoke smells too!",1/28/2022,5,Yes,5
"HOLLISTER Filler Paste Adapt 2 oz. Tube (#79300, Sold Per Piece)",Hollister Adapt Paste 2 oz. Hollister adapt paste caulk and fill skin crevices with this low alcohol paste. Low alcohol minimizes stinging. Soft easy-to-squeeze tube for people with limited dexterity. Easy-to-see red cap. The paste tube can be emptied down to the last drop.Low-alcohol paste helps to minimize stinging.Used to caulk and fill skin crevices to improve the fit of a skin barrier.,Jina,Works,Smells light and clean and it works!,7/20/2023,5,Yes,0
"HOLLISTER Filler Paste Adapt 2 oz. Tube (#79300, Sold Per Piece)",Hollister Adapt Paste 2 oz. Hollister adapt paste caulk and fill skin crevices with this low alcohol paste. Low alcohol minimizes stinging. Soft easy-to-squeeze tube for people with limited dexterity. Easy-to-see red cap. The paste tube can be emptied down to the last drop.Low-alcohol paste helps to minimize stinging.Used to caulk and fill skin crevices to improve the fit of a skin barrier.,TRUE,Would recommend,"Has a light scent that is rose like. Not overwhelming, would recommend if one doesn't like strong chemical smells",1/8/2023,5,Yes,0
"HOLLISTER Filler Paste Adapt 2 oz. Tube (#79300, Sold Per Piece)",Hollister Adapt Paste 2 oz. Hollister adapt paste caulk and fill skin crevices with this low alcohol paste. Low alcohol minimizes stinging. Soft easy-to-squeeze tube for people with limited dexterity. Easy-to-see red cap. The paste tube can be emptied down to the last drop.Low-alcohol paste helps to minimize stinging.Used to caulk and fill skin crevices to improve the fit of a skin barrier.,Inee,Eliminates odor with pleasant scent,Product words well. I wish the ingredients are listed on the label on the bottle. Claim for it to be safe for babies and animals need to be verifiable.,8/3/2021,4,Yes,6
"HOLLISTER Filler Paste Adapt 2 oz. Tube (#79300, Sold Per Piece)",Hollister Adapt Paste 2 oz. Hollister adapt paste caulk and fill skin crevices with this low alcohol paste. Low alcohol minimizes stinging. Soft easy-to-squeeze tube for people with limited dexterity. Easy-to-see red cap. The paste tube can be emptied down to the last drop.Low-alcohol paste helps to minimize stinging.Used to caulk and fill skin crevices to improve the fit of a skin barrier.,Kindle Customer Carol,Good stuff.,Does what it is suppose too!.  Nice fragrance AND cheap!,1/11/2022,4,Yes,0
"HOLLISTER Filler Paste Adapt 2 oz. Tube (#79300, Sold Per Piece)",Hollister Adapt Paste 2 oz. Hollister adapt paste caulk and fill skin crevices with this low alcohol paste. Low alcohol minimizes stinging. Soft easy-to-squeeze tube for people with limited dexterity. Easy-to-see red cap. The paste tube can be emptied down to the last drop.Low-alcohol paste helps to minimize stinging.Used to caulk and fill skin crevices to improve the fit of a skin barrier.,Yendu,Smells nice and takes away bad odor,"Glad I made the choice to buy it. Smells good & truly does what says it will do, bye bye odor in just a spray",4/28/2022,5,Yes,0
"HOLLISTER Filler Paste Adapt 2 oz. Tube (#79300, Sold Per Piece)",Hollister Adapt Paste 2 oz. Hollister adapt paste caulk and fill skin crevices with this low alcohol paste. Low alcohol minimizes stinging. Soft easy-to-squeeze tube for people with limited dexterity. Easy-to-see red cap. The paste tube can be emptied down to the last drop.Low-alcohol paste helps to minimize stinging.Used to caulk and fill skin crevices to improve the fit of a skin barrier.,Alice,Pleasant odor,This is a good product. Does the job and has a pleasant odor. Would buy again.,9/20/2022,5,Yes,4
"HOLLISTER Filler Paste Adapt 2 oz. Tube (#79300, Sold Per Piece)",Hollister Adapt Paste 2 oz. Hollister adapt paste caulk and fill skin crevices with this low alcohol paste. Low alcohol minimizes stinging. Soft easy-to-squeeze tube for people with limited dexterity. Easy-to-see red cap. The paste tube can be emptied down to the last drop.Low-alcohol paste helps to minimize stinging.Used to caulk and fill skin crevices to improve the fit of a skin barrier.,Starr,Bye Bye Odor,First time purchaser...Product pretty much delivers on what it claims...Does a fairly good job on masking odors in bathrooms and other areas of the house..Not to crazy about the scent.,4/24/2020,4,Yes,0
"HOLLISTER Filler Paste Adapt 2 oz. Tube (#79300, Sold Per Piece)",Hollister Adapt Paste 2 oz. Hollister adapt paste caulk and fill skin crevices with this low alcohol paste. Low alcohol minimizes stinging. Soft easy-to-squeeze tube for people with limited dexterity. Easy-to-see red cap. The paste tube can be emptied down to the last drop.Low-alcohol paste helps to minimize stinging.Used to caulk and fill skin crevices to improve the fit of a skin barrier.,Deana E.,Excellent product,This smells great and it works!,12/22/2022,5,Yes,0
"HOLLISTER Filler Paste Adapt 2 oz. Tube (#79300, Sold Per Piece)",Hollister Adapt Paste 2 oz. Hollister adapt paste caulk and fill skin crevices with this low alcohol paste. Low alcohol minimizes stinging. Soft easy-to-squeeze tube for people with limited dexterity. Easy-to-see red cap. The paste tube can be emptied down to the last drop.Low-alcohol paste helps to minimize stinging.Used to caulk and fill skin crevices to improve the fit of a skin barrier.,Liz,Excellent for dog accidents,Dog accidents,3/16/2023,5,Yes,3
"HOLLISTER Filler Paste Adapt 2 oz. Tube (#79300, Sold Per Piece)",Hollister Adapt Paste 2 oz. Hollister adapt paste caulk and fill skin crevices with this low alcohol paste. Low alcohol minimizes stinging. Soft easy-to-squeeze tube for people with limited dexterity. Easy-to-see red cap. The paste tube can be emptied down to the last drop.Low-alcohol paste helps to minimize stinging.Used to caulk and fill skin crevices to improve the fit of a skin barrier.,Shae,Great scent!,Love this room spray! Odor eliminating and smells amazing!,9/24/2022,5,Yes,2
"HOLLISTER Filler Paste Adapt 2 oz. Tube (#79300, Sold Per Piece)",Hollister Adapt Paste 2 oz. Hollister adapt paste caulk and fill skin crevices with this low alcohol paste. Low alcohol minimizes stinging. Soft easy-to-squeeze tube for people with limited dexterity. Easy-to-see red cap. The paste tube can be emptied down to the last drop.Low-alcohol paste helps to minimize stinging.Used to caulk and fill skin crevices to improve the fit of a skin barrier.,Paula Dixon,This actually works!,This product really works well. I worked in hospitals and this works better than the product they use to eliminate offensive bathroom odors .,11/28/2021,5,Yes,0
"HOLLISTER Filler Paste Adapt 2 oz. Tube (#79300, Sold Per Piece)",Hollister Adapt Paste 2 oz. Hollister adapt paste caulk and fill skin crevices with this low alcohol paste. Low alcohol minimizes stinging. Soft easy-to-squeeze tube for people with limited dexterity. Easy-to-see red cap. The paste tube can be emptied down to the last drop.Low-alcohol paste helps to minimize stinging.Used to caulk and fill skin crevices to improve the fit of a skin barrier.,Amazon Customer,Odor eliminator,Product is very good. Eliminates odor effectively. It also takes very little spray to accomplish the desired results. That makes it more economical.,11/23/2021,5,Yes,6
"HOLLISTER Filler Paste Adapt 2 oz. Tube (#79300, Sold Per Piece)",Hollister Adapt Paste 2 oz. Hollister adapt paste caulk and fill skin crevices with this low alcohol paste. Low alcohol minimizes stinging. Soft easy-to-squeeze tube for people with limited dexterity. Easy-to-see red cap. The paste tube can be emptied down to the last drop.Low-alcohol paste helps to minimize stinging.Used to caulk and fill skin crevices to improve the fit of a skin barrier.,Tropicalwolf,Smells Great,This is a fast acting spray. So much cheaper then others that cover the smell.,2/3/2022,5,Yes,0
"HOLLISTER Filler Paste Adapt 2 oz. Tube (#79300, Sold Per Piece)",Hollister Adapt Paste 2 oz. Hollister adapt paste caulk and fill skin crevices with this low alcohol paste. Low alcohol minimizes stinging. Soft easy-to-squeeze tube for people with limited dexterity. Easy-to-see red cap. The paste tube can be emptied down to the last drop.Low-alcohol paste helps to minimize stinging.Used to caulk and fill skin crevices to improve the fit of a skin barrier.,Judy,It does whay it says.,It works very well.  It can be used in an posting pouch for odor.,2/24/2022,5,Yes,0
"HOLLISTER Filler Paste Adapt 2 oz. Tube (#79300, Sold Per Piece)",Hollister Adapt Paste 2 oz. Hollister adapt paste caulk and fill skin crevices with this low alcohol paste. Low alcohol minimizes stinging. Soft easy-to-squeeze tube for people with limited dexterity. Easy-to-see red cap. The paste tube can be emptied down to the last drop.Low-alcohol paste helps to minimize stinging.Used to caulk and fill skin crevices to improve the fit of a skin barrier.,Candee k.,Nce refresher,It really does just what it claims and it has a nice soft fragrance. The odor is not masked like some sprays where you can smell the stink. peeyuuuu.,3/13/2021,5,Yes,0
"HOLLISTER Filler Paste Adapt 2 oz. Tube (#79300, Sold Per Piece)",Hollister Adapt Paste 2 oz. Hollister adapt paste caulk and fill skin crevices with this low alcohol paste. Low alcohol minimizes stinging. Soft easy-to-squeeze tube for people with limited dexterity. Easy-to-see red cap. The paste tube can be emptied down to the last drop.Low-alcohol paste helps to minimize stinging.Used to caulk and fill skin crevices to improve the fit of a skin barrier.,Bernie,Bernie,"Refresh after colostomy cleaning,",7/4/2022,5,Yes,0
"HOLLISTER Filler Paste Adapt 2 oz. Tube (#79300, Sold Per Piece)",Hollister Adapt Paste 2 oz. Hollister adapt paste caulk and fill skin crevices with this low alcohol paste. Low alcohol minimizes stinging. Soft easy-to-squeeze tube for people with limited dexterity. Easy-to-see red cap. The paste tube can be emptied down to the last drop.Low-alcohol paste helps to minimize stinging.Used to caulk and fill skin crevices to improve the fit of a skin barrier.,Beth Russ,Works!,"Works! I work in a group home and this is great, removes smells and is not overwhelming",6/10/2021,5,Yes,2
"HOLLISTER Filler Paste Adapt 2 oz. Tube (#79300, Sold Per Piece)",Hollister Adapt Paste 2 oz. Hollister adapt paste caulk and fill skin crevices with this low alcohol paste. Low alcohol minimizes stinging. Soft easy-to-squeeze tube for people with limited dexterity. Easy-to-see red cap. The paste tube can be emptied down to the last drop.Low-alcohol paste helps to minimize stinging.Used to caulk and fill skin crevices to improve the fit of a skin barrier.,J. L. Murphy,Getting rid of bad odors,Bathroom mostly,6/11/2022,5,Yes,0
"HOLLISTER Filler Paste Adapt 2 oz. Tube (#79300, Sold Per Piece)",Hollister Adapt Paste 2 oz. Hollister adapt paste caulk and fill skin crevices with this low alcohol paste. Low alcohol minimizes stinging. Soft easy-to-squeeze tube for people with limited dexterity. Easy-to-see red cap. The paste tube can be emptied down to the last drop.Low-alcohol paste helps to minimize stinging.Used to caulk and fill skin crevices to improve the fit of a skin barrier.,Janie,Good product,Use this product at home and always when we travel. Recommend!,8/25/2021,5,Yes,0
"HOLLISTER Filler Paste Adapt 2 oz. Tube (#79300, Sold Per Piece)",Hollister Adapt Paste 2 oz. Hollister adapt paste caulk and fill skin crevices with this low alcohol paste. Low alcohol minimizes stinging. Soft easy-to-squeeze tube for people with limited dexterity. Easy-to-see red cap. The paste tube can be emptied down to the last drop.Low-alcohol paste helps to minimize stinging.Used to caulk and fill skin crevices to improve the fit of a skin barrier.,Jacqueline V.,It works!,I have bought thus for several friends who are ill. It keeps their room smelling fresh. Also good for eliminating cooking odors.,12/5/2020,5,Yes,2
"HOLLISTER Filler Paste Adapt 2 oz. Tube (#79300, Sold Per Piece)",Hollister Adapt Paste 2 oz. Hollister adapt paste caulk and fill skin crevices with this low alcohol paste. Low alcohol minimizes stinging. Soft easy-to-squeeze tube for people with limited dexterity. Easy-to-see red cap. The paste tube can be emptied down to the last drop.Low-alcohol paste helps to minimize stinging.Used to caulk and fill skin crevices to improve the fit of a skin barrier.,pamela,Fresh lemon scent,I first introduce to this produce by hospice.I was excited to find it one Amazon.,9/2/2021,5,Yes,0
"HOLLISTER Filler Paste Adapt 2 oz. Tube (#79300, Sold Per Piece)",Hollister Adapt Paste 2 oz. Hollister adapt paste caulk and fill skin crevices with this low alcohol paste. Low alcohol minimizes stinging. Soft easy-to-squeeze tube for people with limited dexterity. Easy-to-see red cap. The paste tube can be emptied down to the last drop.Low-alcohol paste helps to minimize stinging.Used to caulk and fill skin crevices to improve the fit of a skin barrier.,JustbooksMarianreads,Very amazing product,Great non toxic room refresher and also great for keeping odors away especially when you poop.Bought to replace my room spray.,1/2/2021,5,Yes,0
"HOLLISTER Filler Paste Adapt 2 oz. Tube (#79300, Sold Per Piece)",Hollister Adapt Paste 2 oz. Hollister adapt paste caulk and fill skin crevices with this low alcohol paste. Low alcohol minimizes stinging. Soft easy-to-squeeze tube for people with limited dexterity. Easy-to-see red cap. The paste tube can be emptied down to the last drop.Low-alcohol paste helps to minimize stinging.Used to caulk and fill skin crevices to improve the fit of a skin barrier.,Curtisteen brooks,Great product,I work in a nursing home and this was great to spray around the nurse station,3/24/2021,5,Yes,3
"HOLLISTER Filler Paste Adapt 2 oz. Tube (#79300, Sold Per Piece)",Hollister Adapt Paste 2 oz. Hollister adapt paste caulk and fill skin crevices with this low alcohol paste. Low alcohol minimizes stinging. Soft easy-to-squeeze tube for people with limited dexterity. Easy-to-see red cap. The paste tube can be emptied down to the last drop.Low-alcohol paste helps to minimize stinging.Used to caulk and fill skin crevices to improve the fit of a skin barrier.,Arlee,Is a product that works,Its scent is very pleasant and the product works,9/13/2021,5,Yes,0
"HOLLISTER Filler Paste Adapt 2 oz. Tube (#79300, Sold Per Piece)",Hollister Adapt Paste 2 oz. Hollister adapt paste caulk and fill skin crevices with this low alcohol paste. Low alcohol minimizes stinging. Soft easy-to-squeeze tube for people with limited dexterity. Easy-to-see red cap. The paste tube can be emptied down to the last drop.Low-alcohol paste helps to minimize stinging.Used to caulk and fill skin crevices to improve the fit of a skin barrier.,Lisa Felder,Works well!,Pleasant scent that does a great job of eliminating odors.,6/19/2021,5,Yes,0
"HOLLISTER Filler Paste Adapt 2 oz. Tube (#79300, Sold Per Piece)",Hollister Adapt Paste 2 oz. Hollister adapt paste caulk and fill skin crevices with this low alcohol paste. Low alcohol minimizes stinging. Soft easy-to-squeeze tube for people with limited dexterity. Easy-to-see red cap. The paste tube can be emptied down to the last drop.Low-alcohol paste helps to minimize stinging.Used to caulk and fill skin crevices to improve the fit of a skin barrier.,CandiHMom,It works,This really works to get that musky dog smell out of furniture. I used it more then one on the same spots but I was very impressed!,2/23/2020,5,Yes,0
"HOLLISTER Filler Paste Adapt 2 oz. Tube (#79300, Sold Per Piece)",Hollister Adapt Paste 2 oz. Hollister adapt paste caulk and fill skin crevices with this low alcohol paste. Low alcohol minimizes stinging. Soft easy-to-squeeze tube for people with limited dexterity. Easy-to-see red cap. The paste tube can be emptied down to the last drop.Low-alcohol paste helps to minimize stinging.Used to caulk and fill skin crevices to improve the fit of a skin barrier.,Nocopay,Good for pet bed .odor.,Different than other sent sprays. No heavy odor. Works well.,6/21/2021,5,Yes,0
"Safe n' Simple Stoma Skin Barrier Paste - 2 oz - Protective Ostomy Skin Barrier Supplies - Stoma Adhesive Skin Protectant Paste - Ostomy Skin Barrier Paste, Classic Formula Pectin Based","A state-of-the art filter with an anti-clogging film layer, keeping the pouch flat while virtually eliminating odor. Comfort panel pouch material that is soft and smooth against the skin, nearly rustle-free, resists water and dries quickly. A protective pectin-based paste that helps to prevent leakage and skin irritation around the stoma providing an optimum seal for a better fit and longer wear time. Easy to squeeze tube helps you get the paste out smooth and quick. This product is manufactured in United States.",Mary K. McDonald,Doesn’t fulfill promise,Did not really prevent pancaking as advertised.,9/13/2024,3,Yes,0
"Safe n' Simple Stoma Skin Barrier Paste - 2 oz - Protective Ostomy Skin Barrier Supplies - Stoma Adhesive Skin Protectant Paste - Ostomy Skin Barrier Paste, Classic Formula Pectin Based","A state-of-the art filter with an anti-clogging film layer, keeping the pouch flat while virtually eliminating odor. Comfort panel pouch material that is soft and smooth against the skin, nearly rustle-free, resists water and dries quickly. A protective pectin-based paste that helps to prevent leakage and skin irritation around the stoma providing an optimum seal for a better fit and longer wear time. Easy to squeeze tube helps you get the paste out smooth and quick. This product is manufactured in United States.",Gary Hill,doesn't help,Doesn't eliminate or mitigate smell.,6/27/2024,3,Yes,0
"Safe n' Simple Stoma Skin Barrier Paste - 2 oz - Protective Ostomy Skin Barrier Supplies - Stoma Adhesive Skin Protectant Paste - Ostomy Skin Barrier Paste, Classic Formula Pectin Based","A state-of-the art filter with an anti-clogging film layer, keeping the pouch flat while virtually eliminating odor. Comfort panel pouch material that is soft and smooth against the skin, nearly rustle-free, resists water and dries quickly. A protective pectin-based paste that helps to prevent leakage and skin irritation around the stoma providing an optimum seal for a better fit and longer wear time. Easy to squeeze tube helps you get the paste out smooth and quick. This product is manufactured in United States.",CLD,Not a deodorizer,This is only a lubricant. Didn’t irritate skin. May have even protected skin. Didn’t deodorize at all.,9/28/2024,2,Yes,0
"Safe n' Simple Stoma Skin Barrier Paste - 2 oz - Protective Ostomy Skin Barrier Supplies - Stoma Adhesive Skin Protectant Paste - Ostomy Skin Barrier Paste, Classic Formula Pectin Based","A state-of-the art filter with an anti-clogging film layer, keeping the pouch flat while virtually eliminating odor. Comfort panel pouch material that is soft and smooth against the skin, nearly rustle-free, resists water and dries quickly. A protective pectin-based paste that helps to prevent leakage and skin irritation around the stoma providing an optimum seal for a better fit and longer wear time. Easy to squeeze tube helps you get the paste out smooth and quick. This product is manufactured in United States.",Bluebird of Happiness,Only used it a couple times,Only used it a couple times.  Didn't think it made much of a difference lubricating ostomy bag.,1/20/2024,3,Yes,0
"Safe n' Simple Stoma Skin Barrier Paste - 2 oz - Protective Ostomy Skin Barrier Supplies - Stoma Adhesive Skin Protectant Paste - Ostomy Skin Barrier Paste, Classic Formula Pectin Based","A state-of-the art filter with an anti-clogging film layer, keeping the pouch flat while virtually eliminating odor. Comfort panel pouch material that is soft and smooth against the skin, nearly rustle-free, resists water and dries quickly. A protective pectin-based paste that helps to prevent leakage and skin irritation around the stoma providing an optimum seal for a better fit and longer wear time. Easy to squeeze tube helps you get the paste out smooth and quick. This product is manufactured in United States.",relyongrace,Product is easy to use but doesn’t eliminate odor,"I like how easy it is to use this product, but it doesn’t eliminate the odor. Maybe I’m not using enough?",5/23/2023,3,Yes,0
"Safe n' Simple Stoma Skin Barrier Paste - 2 oz - Protective Ostomy Skin Barrier Supplies - Stoma Adhesive Skin Protectant Paste - Ostomy Skin Barrier Paste, Classic Formula Pectin Based","A state-of-the art filter with an anti-clogging film layer, keeping the pouch flat while virtually eliminating odor. Comfort panel pouch material that is soft and smooth against the skin, nearly rustle-free, resists water and dries quickly. A protective pectin-based paste that helps to prevent leakage and skin irritation around the stoma providing an optimum seal for a better fit and longer wear time. Easy to squeeze tube helps you get the paste out smooth and quick. This product is manufactured in United States.",MAXX,wasted my money,"Used a little, used a lot, doesn't seem to do much.",8/13/2022,3,Yes,2
"Safe n' Simple Stoma Skin Barrier Paste - 2 oz - Protective Ostomy Skin Barrier Supplies - Stoma Adhesive Skin Protectant Paste - Ostomy Skin Barrier Paste, Classic Formula Pectin Based","A state-of-the art filter with an anti-clogging film layer, keeping the pouch flat while virtually eliminating odor. Comfort panel pouch material that is soft and smooth against the skin, nearly rustle-free, resists water and dries quickly. A protective pectin-based paste that helps to prevent leakage and skin irritation around the stoma providing an optimum seal for a better fit and longer wear time. Easy to squeeze tube helps you get the paste out smooth and quick. This product is manufactured in United States.",buyer expert,Very bad product,Very bad product overallDeodorant badLubricant BadEverything bad,6/1/2024,1,Yes,0
"Safe n' Simple Stoma Skin Barrier Paste - 2 oz - Protective Ostomy Skin Barrier Supplies - Stoma Adhesive Skin Protectant Paste - Ostomy Skin Barrier Paste, Classic Formula Pectin Based","A state-of-the art filter with an anti-clogging film layer, keeping the pouch flat while virtually eliminating odor. Comfort panel pouch material that is soft and smooth against the skin, nearly rustle-free, resists water and dries quickly. A protective pectin-based paste that helps to prevent leakage and skin irritation around the stoma providing an optimum seal for a better fit and longer wear time. Easy to squeeze tube helps you get the paste out smooth and quick. This product is manufactured in United States.",B. Callahan,So so,The lube part works fine although you can just use old fashioned mineral oil.  The deodorant part changes the smell from bad fecal to unpleasant something else.,9/18/2020,3,Yes,0
"Safe n' Simple Stoma Skin Barrier Paste - 2 oz - Protective Ostomy Skin Barrier Supplies - Stoma Adhesive Skin Protectant Paste - Ostomy Skin Barrier Paste, Classic Formula Pectin Based","A state-of-the art filter with an anti-clogging film layer, keeping the pouch flat while virtually eliminating odor. Comfort panel pouch material that is soft and smooth against the skin, nearly rustle-free, resists water and dries quickly. A protective pectin-based paste that helps to prevent leakage and skin irritation around the stoma providing an optimum seal for a better fit and longer wear time. Easy to squeeze tube helps you get the paste out smooth and quick. This product is manufactured in United States.",D,Received WITH NO SEAL,"It says there is no return for this item.  It arrived in a box but without a seal under the cap.  This is a product you put on your person and the fact it's not sealed means its trash.  WASTE OF MONEY WITHOUT A SEAL.  It's a previously returned item at full price.  When I looked inside, 1/3 of the liquid is gone. VERY DISAPPOINTED AND A WASTE OF MONEY AND TIME. Do not buy from this seller.",9/24/2022,1,Yes,0
"Safe n' Simple Stoma Skin Barrier Paste - 2 oz - Protective Ostomy Skin Barrier Supplies - Stoma Adhesive Skin Protectant Paste - Ostomy Skin Barrier Paste, Classic Formula Pectin Based","A state-of-the art filter with an anti-clogging film layer, keeping the pouch flat while virtually eliminating odor. Comfort panel pouch material that is soft and smooth against the skin, nearly rustle-free, resists water and dries quickly. A protective pectin-based paste that helps to prevent leakage and skin irritation around the stoma providing an optimum seal for a better fit and longer wear time. Easy to squeeze tube helps you get the paste out smooth and quick. This product is manufactured in United States.",Amazon Customer,Odor control not so much.,Does not really control odor. Lubricant ok,5/21/2021,3,Yes,0
"Safe n' Simple Stoma Skin Barrier Paste - 2 oz - Protective Ostomy Skin Barrier Supplies - Stoma Adhesive Skin Protectant Paste - Ostomy Skin Barrier Paste, Classic Formula Pectin Based","A state-of-the art filter with an anti-clogging film layer, keeping the pouch flat while virtually eliminating odor. Comfort panel pouch material that is soft and smooth against the skin, nearly rustle-free, resists water and dries quickly. A protective pectin-based paste that helps to prevent leakage and skin irritation around the stoma providing an optimum seal for a better fit and longer wear time. Easy to squeeze tube helps you get the paste out smooth and quick. This product is manufactured in United States.",Courtney Marshall,Very Disappointed,I thought I was ordering Stop Plus Deodorizer and I guess I just mistakenly selected the Adapt I was going on vacation so I had to take this product as I was out of the other..... I figured it would work well enough...... I could not have been more disappointed. This is huge for me especially being on vacation and this product is useless! I would have had the same results if I would have put nothing in my bag. I can't explain how horrible this product was for me if your trying for first time please try it when you have a backup. So so so disgusted with this I had to order the correct product and have shipped to the vacation rental just so I can have a stress free vacation.  I would never recommend this product ever.,10/3/2016,1,Yes,0
"Safe n' Simple Stoma Skin Barrier Paste - 2 oz - Protective Ostomy Skin Barrier Supplies - Stoma Adhesive Skin Protectant Paste - Ostomy Skin Barrier Paste, Classic Formula Pectin Based","A state-of-the art filter with an anti-clogging film layer, keeping the pouch flat while virtually eliminating odor. Comfort panel pouch material that is soft and smooth against the skin, nearly rustle-free, resists water and dries quickly. A protective pectin-based paste that helps to prevent leakage and skin irritation around the stoma providing an optimum seal for a better fit and longer wear time. Easy to squeeze tube helps you get the paste out smooth and quick. This product is manufactured in United States.",Diana,So-so,Not great for odor (I like the blue M9 drops for this) but works fine as a bag lubricant,12/19/2019,3,Yes,0
"Safe n' Simple Stoma Skin Barrier Paste - 2 oz - Protective Ostomy Skin Barrier Supplies - Stoma Adhesive Skin Protectant Paste - Ostomy Skin Barrier Paste, Classic Formula Pectin Based","A state-of-the art filter with an anti-clogging film layer, keeping the pouch flat while virtually eliminating odor. Comfort panel pouch material that is soft and smooth against the skin, nearly rustle-free, resists water and dries quickly. A protective pectin-based paste that helps to prevent leakage and skin irritation around the stoma providing an optimum seal for a better fit and longer wear time. Easy to squeeze tube helps you get the paste out smooth and quick. This product is manufactured in United States.",H. Kashanian,Delivery,One of the product was damaged,6/11/2021,3,Yes,0
"Safe n' Simple Stoma Skin Barrier Paste - 2 oz - Protective Ostomy Skin Barrier Supplies - Stoma Adhesive Skin Protectant Paste - Ostomy Skin Barrier Paste, Classic Formula Pectin Based","A state-of-the art filter with an anti-clogging film layer, keeping the pouch flat while virtually eliminating odor. Comfort panel pouch material that is soft and smooth against the skin, nearly rustle-free, resists water and dries quickly. A protective pectin-based paste that helps to prevent leakage and skin irritation around the stoma providing an optimum seal for a better fit and longer wear time. Easy to squeeze tube helps you get the paste out smooth and quick. This product is manufactured in United States.",C. Kirkpatrick,Does not do much for deodorizing,"Easy application, but it does nothing for deodorizing and is only ok for lubricating. This is the first of this type product I have tried...not impressed.",9/19/2018,3,Yes,0
"Safe n' Simple Stoma Skin Barrier Paste - 2 oz - Protective Ostomy Skin Barrier Supplies - Stoma Adhesive Skin Protectant Paste - Ostomy Skin Barrier Paste, Classic Formula Pectin Based","A state-of-the art filter with an anti-clogging film layer, keeping the pouch flat while virtually eliminating odor. Comfort panel pouch material that is soft and smooth against the skin, nearly rustle-free, resists water and dries quickly. A protective pectin-based paste that helps to prevent leakage and skin irritation around the stoma providing an optimum seal for a better fit and longer wear time. Easy to squeeze tube helps you get the paste out smooth and quick. This product is manufactured in United States.",John H.,"You can obtain better results by inserting a few ""tic-tacks"" in the bag","The Lubricating aspect of this item meets expectations, however the ""deodorant"" portion is much to be desired.  Anyone who has needed to deal with a colostomy/ostomy bag is well aware of potential odors that can be released and this product does nothing to assist in masking the problem.  You can obtain better results by inserting a few ""tic-tacks"" in the bag.",12/11/2017,2,Yes,18
"Safe n' Simple Stoma Skin Barrier Paste - 2 oz - Protective Ostomy Skin Barrier Supplies - Stoma Adhesive Skin Protectant Paste - Ostomy Skin Barrier Paste, Classic Formula Pectin Based","A state-of-the art filter with an anti-clogging film layer, keeping the pouch flat while virtually eliminating odor. Comfort panel pouch material that is soft and smooth against the skin, nearly rustle-free, resists water and dries quickly. A protective pectin-based paste that helps to prevent leakage and skin irritation around the stoma providing an optimum seal for a better fit and longer wear time. Easy to squeeze tube helps you get the paste out smooth and quick. This product is manufactured in United States.",Teach,it is ok...,"This product keeps the odor down, but the bag sticks together over the hole.  I had to constantly move it around to loosen the grip the bag had.  i stopped using it after three attempts.",4/30/2014,3,Yes,3
"Safe n' Simple Stoma Skin Barrier Paste - 2 oz - Protective Ostomy Skin Barrier Supplies - Stoma Adhesive Skin Protectant Paste - Ostomy Skin Barrier Paste, Classic Formula Pectin Based","A state-of-the art filter with an anti-clogging film layer, keeping the pouch flat while virtually eliminating odor. Comfort panel pouch material that is soft and smooth against the skin, nearly rustle-free, resists water and dries quickly. A protective pectin-based paste that helps to prevent leakage and skin irritation around the stoma providing an optimum seal for a better fit and longer wear time. Easy to squeeze tube helps you get the paste out smooth and quick. This product is manufactured in United States.",Lorey Duprey,Works ok,"Works well for lubrication, but not for order",12/15/2019,3,Yes,0
"Safe n' Simple Stoma Skin Barrier Paste - 2 oz - Protective Ostomy Skin Barrier Supplies - Stoma Adhesive Skin Protectant Paste - Ostomy Skin Barrier Paste, Classic Formula Pectin Based","A state-of-the art filter with an anti-clogging film layer, keeping the pouch flat while virtually eliminating odor. Comfort panel pouch material that is soft and smooth against the skin, nearly rustle-free, resists water and dries quickly. A protective pectin-based paste that helps to prevent leakage and skin irritation around the stoma providing an optimum seal for a better fit and longer wear time. Easy to squeeze tube helps you get the paste out smooth and quick. This product is manufactured in United States.",Brandy Vishnesky,"and I have to use more than the recommended amount, so the bottle goes quickly","Not a long lasting solution to the problem, and I have to use more than the recommended amount, so the bottle goes quickly.",9/23/2016,3,Yes,0
"Safe n' Simple Stoma Skin Barrier Paste - 2 oz - Protective Ostomy Skin Barrier Supplies - Stoma Adhesive Skin Protectant Paste - Ostomy Skin Barrier Paste, Classic Formula Pectin Based","A state-of-the art filter with an anti-clogging film layer, keeping the pouch flat while virtually eliminating odor. Comfort panel pouch material that is soft and smooth against the skin, nearly rustle-free, resists water and dries quickly. A protective pectin-based paste that helps to prevent leakage and skin irritation around the stoma providing an optimum seal for a better fit and longer wear time. Easy to squeeze tube helps you get the paste out smooth and quick. This product is manufactured in United States.",Module,Doesn't cover smell like m9,"I got this product to test out. I've been using the m9 odor eliminator drops for over 6 years now.But, Adapt lubricating deodorant is only good at lubricating the ostomy pouch, for those that want their output to settle at the end of the pouch and not have it stuck in the middle or around the stoma.However, Adapt fails at eliminating odor. On a scale of 1 to 10. 10 being the best. Adapt gets a 3 out of 10 for eliminating odor.The best odor eliminator by far is m9. I'm not gonna order Adapt again.",9/10/2013,1,Yes,3
"Safe n' Simple Stoma Skin Barrier Paste - 2 oz - Protective Ostomy Skin Barrier Supplies - Stoma Adhesive Skin Protectant Paste - Ostomy Skin Barrier Paste, Classic Formula Pectin Based","A state-of-the art filter with an anti-clogging film layer, keeping the pouch flat while virtually eliminating odor. Comfort panel pouch material that is soft and smooth against the skin, nearly rustle-free, resists water and dries quickly. A protective pectin-based paste that helps to prevent leakage and skin irritation around the stoma providing an optimum seal for a better fit and longer wear time. Easy to squeeze tube helps you get the paste out smooth and quick. This product is manufactured in United States.",Bruce Edwards,Ok...not great.,"Works well on the ""cleaning"" end. Odor elimination, not so much. Carry spray, if you can.",12/20/2021,2,Yes,0
"Safe n' Simple Stoma Skin Barrier Paste - 2 oz - Protective Ostomy Skin Barrier Supplies - Stoma Adhesive Skin Protectant Paste - Ostomy Skin Barrier Paste, Classic Formula Pectin Based","A state-of-the art filter with an anti-clogging film layer, keeping the pouch flat while virtually eliminating odor. Comfort panel pouch material that is soft and smooth against the skin, nearly rustle-free, resists water and dries quickly. A protective pectin-based paste that helps to prevent leakage and skin irritation around the stoma providing an optimum seal for a better fit and longer wear time. Easy to squeeze tube helps you get the paste out smooth and quick. This product is manufactured in United States.",Roger_That,Waste of Money,For me did not work at all....waste of money,4/27/2023,1,Yes,0
"Safe n' Simple Stoma Skin Barrier Paste - 2 oz - Protective Ostomy Skin Barrier Supplies - Stoma Adhesive Skin Protectant Paste - Ostomy Skin Barrier Paste, Classic Formula Pectin Based","A state-of-the art filter with an anti-clogging film layer, keeping the pouch flat while virtually eliminating odor. Comfort panel pouch material that is soft and smooth against the skin, nearly rustle-free, resists water and dries quickly. A protective pectin-based paste that helps to prevent leakage and skin irritation around the stoma providing an optimum seal for a better fit and longer wear time. Easy to squeeze tube helps you get the paste out smooth and quick. This product is manufactured in United States.",Paula Spears,Not a good odor eliminator,This product does not help with odor at all,9/4/2023,1,Yes,0
"Safe n' Simple Stoma Skin Barrier Paste - 2 oz - Protective Ostomy Skin Barrier Supplies - Stoma Adhesive Skin Protectant Paste - Ostomy Skin Barrier Paste, Classic Formula Pectin Based","A state-of-the art filter with an anti-clogging film layer, keeping the pouch flat while virtually eliminating odor. Comfort panel pouch material that is soft and smooth against the skin, nearly rustle-free, resists water and dries quickly. A protective pectin-based paste that helps to prevent leakage and skin irritation around the stoma providing an optimum seal for a better fit and longer wear time. Easy to squeeze tube helps you get the paste out smooth and quick. This product is manufactured in United States.",Stephanie Etier,Doesn’t work for smell at all,Great lube but takes away from smell is almost none. Not a deodorant!!!,5/17/2023,1,Yes,0
"Safe n' Simple Stoma Skin Barrier Paste - 2 oz - Protective Ostomy Skin Barrier Supplies - Stoma Adhesive Skin Protectant Paste - Ostomy Skin Barrier Paste, Classic Formula Pectin Based","A state-of-the art filter with an anti-clogging film layer, keeping the pouch flat while virtually eliminating odor. Comfort panel pouch material that is soft and smooth against the skin, nearly rustle-free, resists water and dries quickly. A protective pectin-based paste that helps to prevent leakage and skin irritation around the stoma providing an optimum seal for a better fit and longer wear time. Easy to squeeze tube helps you get the paste out smooth and quick. This product is manufactured in United States.",Liana,Ineffective,This product did nothing to improve odor. It was the same as when we used nothing to mask odors.,1/24/2023,1,Yes,0
"Safe n' Simple Stoma Skin Barrier Paste - 2 oz - Protective Ostomy Skin Barrier Supplies - Stoma Adhesive Skin Protectant Paste - Ostomy Skin Barrier Paste, Classic Formula Pectin Based","A state-of-the art filter with an anti-clogging film layer, keeping the pouch flat while virtually eliminating odor. Comfort panel pouch material that is soft and smooth against the skin, nearly rustle-free, resists water and dries quickly. A protective pectin-based paste that helps to prevent leakage and skin irritation around the stoma providing an optimum seal for a better fit and longer wear time. Easy to squeeze tube helps you get the paste out smooth and quick. This product is manufactured in United States.",Thomas J. Hair,Three Stars,"too oily, made wafers fall off",7/30/2018,3,Yes,0
"Safe n' Simple Stoma Skin Barrier Paste - 2 oz - Protective Ostomy Skin Barrier Supplies - Stoma Adhesive Skin Protectant Paste - Ostomy Skin Barrier Paste, Classic Formula Pectin Based","A state-of-the art filter with an anti-clogging film layer, keeping the pouch flat while virtually eliminating odor. Comfort panel pouch material that is soft and smooth against the skin, nearly rustle-free, resists water and dries quickly. A protective pectin-based paste that helps to prevent leakage and skin irritation around the stoma providing an optimum seal for a better fit and longer wear time. Easy to squeeze tube helps you get the paste out smooth and quick. This product is manufactured in United States.",ROBBOW28,The smell is bad but the lube works.,The smell is bad. But the lube works.,2/27/2018,3,Yes,0
"Safe n' Simple Stoma Skin Barrier Paste - 2 oz - Protective Ostomy Skin Barrier Supplies - Stoma Adhesive Skin Protectant Paste - Ostomy Skin Barrier Paste, Classic Formula Pectin Based","A state-of-the art filter with an anti-clogging film layer, keeping the pouch flat while virtually eliminating odor. Comfort panel pouch material that is soft and smooth against the skin, nearly rustle-free, resists water and dries quickly. A protective pectin-based paste that helps to prevent leakage and skin irritation around the stoma providing an optimum seal for a better fit and longer wear time. Easy to squeeze tube helps you get the paste out smooth and quick. This product is manufactured in United States.",mind,Great lubricant. Doesn't do much for odor,Great lubricant.  Doesn't do much for odor.,12/3/2017,3,Yes,0
"Safe n' Simple Stoma Skin Barrier Paste - 2 oz - Protective Ostomy Skin Barrier Supplies - Stoma Adhesive Skin Protectant Paste - Ostomy Skin Barrier Paste, Classic Formula Pectin Based","A state-of-the art filter with an anti-clogging film layer, keeping the pouch flat while virtually eliminating odor. Comfort panel pouch material that is soft and smooth against the skin, nearly rustle-free, resists water and dries quickly. A protective pectin-based paste that helps to prevent leakage and skin irritation around the stoma providing an optimum seal for a better fit and longer wear time. Easy to squeeze tube helps you get the paste out smooth and quick. This product is manufactured in United States.",Lou49,Jury is still out...,I may not be using enough. 🤷🏾‍♂️Tend to use when changing to a new bag for freshness.,4/14/2019,2,Yes,0
"Safe n' Simple Stoma Skin Barrier Paste - 2 oz - Protective Ostomy Skin Barrier Supplies - Stoma Adhesive Skin Protectant Paste - Ostomy Skin Barrier Paste, Classic Formula Pectin Based","A state-of-the art filter with an anti-clogging film layer, keeping the pouch flat while virtually eliminating odor. Comfort panel pouch material that is soft and smooth against the skin, nearly rustle-free, resists water and dries quickly. A protective pectin-based paste that helps to prevent leakage and skin irritation around the stoma providing an optimum seal for a better fit and longer wear time. Easy to squeeze tube helps you get the paste out smooth and quick. This product is manufactured in United States.",Sissy,Doesn't work well with liquid stool!,I have an ileostomy and this product does not do much since my output is liquid a lot of the time. Not very lubricating or deodorizing for me.,12/3/2017,2,Yes,0
"Safe n' Simple Stoma Skin Barrier Paste - 2 oz - Protective Ostomy Skin Barrier Supplies - Stoma Adhesive Skin Protectant Paste - Ostomy Skin Barrier Paste, Classic Formula Pectin Based","A state-of-the art filter with an anti-clogging film layer, keeping the pouch flat while virtually eliminating odor. Comfort panel pouch material that is soft and smooth against the skin, nearly rustle-free, resists water and dries quickly. A protective pectin-based paste that helps to prevent leakage and skin irritation around the stoma providing an optimum seal for a better fit and longer wear time. Easy to squeeze tube helps you get the paste out smooth and quick. This product is manufactured in United States.",Robyn mercado,but I found a deodarent that works better.,"This product works okay, but I found a deodarent that works better.",12/26/2014,3,Yes,0
"Safe n' Simple Stoma Skin Barrier Paste - 2 oz - Protective Ostomy Skin Barrier Supplies - Stoma Adhesive Skin Protectant Paste - Ostomy Skin Barrier Paste, Classic Formula Pectin Based","A state-of-the art filter with an anti-clogging film layer, keeping the pouch flat while virtually eliminating odor. Comfort panel pouch material that is soft and smooth against the skin, nearly rustle-free, resists water and dries quickly. A protective pectin-based paste that helps to prevent leakage and skin irritation around the stoma providing an optimum seal for a better fit and longer wear time. Easy to squeeze tube helps you get the paste out smooth and quick. This product is manufactured in United States.",MinneApplegirl,Not effective,Though it is a good lubricant; as a deodorant it is awful,8/16/2017,2,Yes,0
"Safe n' Simple Stoma Skin Barrier Paste - 2 oz - Protective Ostomy Skin Barrier Supplies - Stoma Adhesive Skin Protectant Paste - Ostomy Skin Barrier Paste, Classic Formula Pectin Based","A state-of-the art filter with an anti-clogging film layer, keeping the pouch flat while virtually eliminating odor. Comfort panel pouch material that is soft and smooth against the skin, nearly rustle-free, resists water and dries quickly. A protective pectin-based paste that helps to prevent leakage and skin irritation around the stoma providing an optimum seal for a better fit and longer wear time. Easy to squeeze tube helps you get the paste out smooth and quick. This product is manufactured in United States.",annwiles,Three Stars,not very good lub,1/21/2016,3,Yes,0
"Safe n' Simple Stoma Skin Barrier Paste - 2 oz - Protective Ostomy Skin Barrier Supplies - Stoma Adhesive Skin Protectant Paste - Ostomy Skin Barrier Paste, Classic Formula Pectin Based","A state-of-the art filter with an anti-clogging film layer, keeping the pouch flat while virtually eliminating odor. Comfort panel pouch material that is soft and smooth against the skin, nearly rustle-free, resists water and dries quickly. A protective pectin-based paste that helps to prevent leakage and skin irritation around the stoma providing an optimum seal for a better fit and longer wear time. Easy to squeeze tube helps you get the paste out smooth and quick. This product is manufactured in United States.",Joyce O.,Thankyou... just what I needed.. ...,Thankyou...just what I needed.../Satisfied,9/12/2015,3,Yes,0
"Safe n' Simple Stoma Skin Barrier Paste - 2 oz - Protective Ostomy Skin Barrier Supplies - Stoma Adhesive Skin Protectant Paste - Ostomy Skin Barrier Paste, Classic Formula Pectin Based","A state-of-the art filter with an anti-clogging film layer, keeping the pouch flat while virtually eliminating odor. Comfort panel pouch material that is soft and smooth against the skin, nearly rustle-free, resists water and dries quickly. A protective pectin-based paste that helps to prevent leakage and skin irritation around the stoma providing an optimum seal for a better fit and longer wear time. Easy to squeeze tube helps you get the paste out smooth and quick. This product is manufactured in United States.",Gayle W. Dick,Three Stars,does not really help,7/11/2015,3,Yes,0
"Safe n' Simple Stoma Skin Barrier Paste - 2 oz - Protective Ostomy Skin Barrier Supplies - Stoma Adhesive Skin Protectant Paste - Ostomy Skin Barrier Paste, Classic Formula Pectin Based","A state-of-the art filter with an anti-clogging film layer, keeping the pouch flat while virtually eliminating odor. Comfort panel pouch material that is soft and smooth against the skin, nearly rustle-free, resists water and dries quickly. A protective pectin-based paste that helps to prevent leakage and skin irritation around the stoma providing an optimum seal for a better fit and longer wear time. Easy to squeeze tube helps you get the paste out smooth and quick. This product is manufactured in United States.",C. Rose,Doesn’t work in my opinion.,I’ve been using this product for the last 3.5 months and see no benefits product claims to have.  Plus on my 3rd reordering the price jumped $3. A bottle!  So I’m trying another deoterant product.,12/12/2018,1,Yes,0
"Safe n' Simple Stoma Skin Barrier Paste - 2 oz - Protective Ostomy Skin Barrier Supplies - Stoma Adhesive Skin Protectant Paste - Ostomy Skin Barrier Paste, Classic Formula Pectin Based","A state-of-the art filter with an anti-clogging film layer, keeping the pouch flat while virtually eliminating odor. Comfort panel pouch material that is soft and smooth against the skin, nearly rustle-free, resists water and dries quickly. A protective pectin-based paste that helps to prevent leakage and skin irritation around the stoma providing an optimum seal for a better fit and longer wear time. Easy to squeeze tube helps you get the paste out smooth and quick. This product is manufactured in United States.",Mary C,Horrible,Bought for family member. And it made the odor worse.,5/1/2022,1,Yes,0
"Safe n' Simple Stoma Skin Barrier Paste - 2 oz - Protective Ostomy Skin Barrier Supplies - Stoma Adhesive Skin Protectant Paste - Ostomy Skin Barrier Paste, Classic Formula Pectin Based","A state-of-the art filter with an anti-clogging film layer, keeping the pouch flat while virtually eliminating odor. Comfort panel pouch material that is soft and smooth against the skin, nearly rustle-free, resists water and dries quickly. A protective pectin-based paste that helps to prevent leakage and skin irritation around the stoma providing an optimum seal for a better fit and longer wear time. Easy to squeeze tube helps you get the paste out smooth and quick. This product is manufactured in United States.",Gary,Did not like it!,"I do not like this product.  It cut the smell some but gave off another real strong odor.  I changed to another brand in a white bottle with a blue label on it.  Then I was much happier.  If anyone wants any of this, I have 4 bottles I want to get rid of.",6/21/2015,1,Yes,0
"Safe n' Simple Stoma Skin Barrier Paste - 2 oz - Protective Ostomy Skin Barrier Supplies - Stoma Adhesive Skin Protectant Paste - Ostomy Skin Barrier Paste, Classic Formula Pectin Based","A state-of-the art filter with an anti-clogging film layer, keeping the pouch flat while virtually eliminating odor. Comfort panel pouch material that is soft and smooth against the skin, nearly rustle-free, resists water and dries quickly. A protective pectin-based paste that helps to prevent leakage and skin irritation around the stoma providing an optimum seal for a better fit and longer wear time. Easy to squeeze tube helps you get the paste out smooth and quick. This product is manufactured in United States.",april ramon,... product used it for 2 weeks did not deodorize like it claimed called company to see if i am ...,Had high expectations for the product used it for 2 weeks did not deodorize like it claimed called company to see if i am not putting enough in my pouch no response from them. Will not be reordering this product sorry,10/11/2017,1,Yes,0
"Safe n' Simple Stoma Skin Barrier Paste - 2 oz - Protective Ostomy Skin Barrier Supplies - Stoma Adhesive Skin Protectant Paste - Ostomy Skin Barrier Paste, Classic Formula Pectin Based","A state-of-the art filter with an anti-clogging film layer, keeping the pouch flat while virtually eliminating odor. Comfort panel pouch material that is soft and smooth against the skin, nearly rustle-free, resists water and dries quickly. A protective pectin-based paste that helps to prevent leakage and skin irritation around the stoma providing an optimum seal for a better fit and longer wear time. Easy to squeeze tube helps you get the paste out smooth and quick. This product is manufactured in United States.",David A Paige,Two Stars,"Didn't seem to work as advertised, for eliminating odor.",4/28/2017,2,Yes,0
"Safe n' Simple Stoma Skin Barrier Paste - 2 oz - Protective Ostomy Skin Barrier Supplies - Stoma Adhesive Skin Protectant Paste - Ostomy Skin Barrier Paste, Classic Formula Pectin Based","A state-of-the art filter with an anti-clogging film layer, keeping the pouch flat while virtually eliminating odor. Comfort panel pouch material that is soft and smooth against the skin, nearly rustle-free, resists water and dries quickly. A protective pectin-based paste that helps to prevent leakage and skin irritation around the stoma providing an optimum seal for a better fit and longer wear time. Easy to squeeze tube helps you get the paste out smooth and quick. This product is manufactured in United States.",Snackbish,I was really sad this didn't work,"I was really sad this didn't work. It made emptying the bag harder, oddly. Contents stuck to the bag more than before.",4/27/2018,1,Yes,0
"Safe n' Simple Stoma Skin Barrier Paste - 2 oz - Protective Ostomy Skin Barrier Supplies - Stoma Adhesive Skin Protectant Paste - Ostomy Skin Barrier Paste, Classic Formula Pectin Based","A state-of-the art filter with an anti-clogging film layer, keeping the pouch flat while virtually eliminating odor. Comfort panel pouch material that is soft and smooth against the skin, nearly rustle-free, resists water and dries quickly. A protective pectin-based paste that helps to prevent leakage and skin irritation around the stoma providing an optimum seal for a better fit and longer wear time. Easy to squeeze tube helps you get the paste out smooth and quick. This product is manufactured in United States.",Jessica Lincoln,doesn't even compare to other similar products,This product did nothing for ostomy odor. I will continue to purchase either M9 or Safe n' Simple brand.,2/18/2019,1,Yes,0
"Safe n' Simple Stoma Skin Barrier Paste - 2 oz - Protective Ostomy Skin Barrier Supplies - Stoma Adhesive Skin Protectant Paste - Ostomy Skin Barrier Paste, Classic Formula Pectin Based","A state-of-the art filter with an anti-clogging film layer, keeping the pouch flat while virtually eliminating odor. Comfort panel pouch material that is soft and smooth against the skin, nearly rustle-free, resists water and dries quickly. A protective pectin-based paste that helps to prevent leakage and skin irritation around the stoma providing an optimum seal for a better fit and longer wear time. Easy to squeeze tube helps you get the paste out smooth and quick. This product is manufactured in United States.",Corwin Thomas,DO NOT BUY IT DOESN'T WORK!!!!!,It doesn't work at all it never helps the smell,9/18/2019,1,Yes,0
"Safe n' Simple Stoma Skin Barrier Paste - 2 oz - Protective Ostomy Skin Barrier Supplies - Stoma Adhesive Skin Protectant Paste - Ostomy Skin Barrier Paste, Classic Formula Pectin Based","A state-of-the art filter with an anti-clogging film layer, keeping the pouch flat while virtually eliminating odor. Comfort panel pouch material that is soft and smooth against the skin, nearly rustle-free, resists water and dries quickly. A protective pectin-based paste that helps to prevent leakage and skin irritation around the stoma providing an optimum seal for a better fit and longer wear time. Easy to squeeze tube helps you get the paste out smooth and quick. This product is manufactured in United States.",Raymond Royal,SErvice.,Product is great and was great.,10/23/2019,1,Yes,0
"Safe n' Simple Stoma Skin Barrier Paste - 2 oz - Protective Ostomy Skin Barrier Supplies - Stoma Adhesive Skin Protectant Paste - Ostomy Skin Barrier Paste, Classic Formula Pectin Based","A state-of-the art filter with an anti-clogging film layer, keeping the pouch flat while virtually eliminating odor. Comfort panel pouch material that is soft and smooth against the skin, nearly rustle-free, resists water and dries quickly. A protective pectin-based paste that helps to prevent leakage and skin irritation around the stoma providing an optimum seal for a better fit and longer wear time. Easy to squeeze tube helps you get the paste out smooth and quick. This product is manufactured in United States.",Herman Johnson,Don't work,Does not work,5/21/2018,1,Yes,0
"Safe n' Simple Stoma Skin Barrier Paste - 2 oz - Protective Ostomy Skin Barrier Supplies - Stoma Adhesive Skin Protectant Paste - Ostomy Skin Barrier Paste, Classic Formula Pectin Based","A state-of-the art filter with an anti-clogging film layer, keeping the pouch flat while virtually eliminating odor. Comfort panel pouch material that is soft and smooth against the skin, nearly rustle-free, resists water and dries quickly. A protective pectin-based paste that helps to prevent leakage and skin irritation around the stoma providing an optimum seal for a better fit and longer wear time. Easy to squeeze tube helps you get the paste out smooth and quick. This product is manufactured in United States.",Mary L Tremain,not any better than nothing,Was not up to my expations...not any better than nothing!,6/29/2016,1,Yes,0
"Safe n' Simple Stoma Skin Barrier Paste - 2 oz - Protective Ostomy Skin Barrier Supplies - Stoma Adhesive Skin Protectant Paste - Ostomy Skin Barrier Paste, Classic Formula Pectin Based","A state-of-the art filter with an anti-clogging film layer, keeping the pouch flat while virtually eliminating odor. Comfort panel pouch material that is soft and smooth against the skin, nearly rustle-free, resists water and dries quickly. A protective pectin-based paste that helps to prevent leakage and skin irritation around the stoma providing an optimum seal for a better fit and longer wear time. Easy to squeeze tube helps you get the paste out smooth and quick. This product is manufactured in United States.",bry,does not cover smell,This did not cover the smell at all of the colostomy bag. My husband said he was worried at work that other people would notice!,2/16/2013,1,Yes,0
"Safe n' Simple Stoma Skin Barrier Paste - 2 oz - Protective Ostomy Skin Barrier Supplies - Stoma Adhesive Skin Protectant Paste - Ostomy Skin Barrier Paste, Classic Formula Pectin Based","A state-of-the art filter with an anti-clogging film layer, keeping the pouch flat while virtually eliminating odor. Comfort panel pouch material that is soft and smooth against the skin, nearly rustle-free, resists water and dries quickly. A protective pectin-based paste that helps to prevent leakage and skin irritation around the stoma providing an optimum seal for a better fit and longer wear time. Easy to squeeze tube helps you get the paste out smooth and quick. This product is manufactured in United States.",Sue G. Russell,Did not work,Did not work,9/4/2015,1,Yes,0
"Safe n' Simple Stoma Skin Barrier Paste - 2 oz - Protective Ostomy Skin Barrier Supplies - Stoma Adhesive Skin Protectant Paste - Ostomy Skin Barrier Paste, Classic Formula Pectin Based","A state-of-the art filter with an anti-clogging film layer, keeping the pouch flat while virtually eliminating odor. Comfort panel pouch material that is soft and smooth against the skin, nearly rustle-free, resists water and dries quickly. A protective pectin-based paste that helps to prevent leakage and skin irritation around the stoma providing an optimum seal for a better fit and longer wear time. Easy to squeeze tube helps you get the paste out smooth and quick. This product is manufactured in United States.",Dian Humphreys,Has never worked for me,Does not work for me. The only thing I use it for is to make my Safe & Simple deodorant last longer.,9/19/2017,1,No,0
"Safe n' Simple Stoma Skin Barrier Paste - 2 oz - Protective Ostomy Skin Barrier Supplies - Stoma Adhesive Skin Protectant Paste - Ostomy Skin Barrier Paste, Classic Formula Pectin Based","A state-of-the art filter with an anti-clogging film layer, keeping the pouch flat while virtually eliminating odor. Comfort panel pouch material that is soft and smooth against the skin, nearly rustle-free, resists water and dries quickly. A protective pectin-based paste that helps to prevent leakage and skin irritation around the stoma providing an optimum seal for a better fit and longer wear time. Easy to squeeze tube helps you get the paste out smooth and quick. This product is manufactured in United States.",Vincent,Its a lubricant not a deodorant,Very effective as a lubricant . Easily moves output to the bottom of the bag,10/19/2024,5,Yes,0
"Safe n' Simple Stoma Skin Barrier Paste - 2 oz - Protective Ostomy Skin Barrier Supplies - Stoma Adhesive Skin Protectant Paste - Ostomy Skin Barrier Paste, Classic Formula Pectin Based","A state-of-the art filter with an anti-clogging film layer, keeping the pouch flat while virtually eliminating odor. Comfort panel pouch material that is soft and smooth against the skin, nearly rustle-free, resists water and dries quickly. A protective pectin-based paste that helps to prevent leakage and skin irritation around the stoma providing an optimum seal for a better fit and longer wear time. Easy to squeeze tube helps you get the paste out smooth and quick. This product is manufactured in United States.",Dina Arnaut,Does the job,For small irritation,10/27/2024,5,Yes,0
"Safe n' Simple Stoma Skin Barrier Paste - 2 oz - Protective Ostomy Skin Barrier Supplies - Stoma Adhesive Skin Protectant Paste - Ostomy Skin Barrier Paste, Classic Formula Pectin Based","A state-of-the art filter with an anti-clogging film layer, keeping the pouch flat while virtually eliminating odor. Comfort panel pouch material that is soft and smooth against the skin, nearly rustle-free, resists water and dries quickly. A protective pectin-based paste that helps to prevent leakage and skin irritation around the stoma providing an optimum seal for a better fit and longer wear time. Easy to squeeze tube helps you get the paste out smooth and quick. This product is manufactured in United States.",DOMINGO MONTALVO V.,Excelente producto,Es un gel muy bueno ayuda mucho .Un excelente lubricante para usar en la ostomiaRealmente lo recomiendo,9/19/2024,5,Yes,0
"Safe n' Simple Stoma Skin Barrier Paste - 2 oz - Protective Ostomy Skin Barrier Supplies - Stoma Adhesive Skin Protectant Paste - Ostomy Skin Barrier Paste, Classic Formula Pectin Based","A state-of-the art filter with an anti-clogging film layer, keeping the pouch flat while virtually eliminating odor. Comfort panel pouch material that is soft and smooth against the skin, nearly rustle-free, resists water and dries quickly. A protective pectin-based paste that helps to prevent leakage and skin irritation around the stoma providing an optimum seal for a better fit and longer wear time. Easy to squeeze tube helps you get the paste out smooth and quick. This product is manufactured in United States.",Peggy,Works as advertised.,It works as advertised.  It really helps with the ability to empty the bag and helps with masking odors.,9/14/2024,5,Yes,0
"Safe n' Simple Stoma Skin Barrier Paste - 2 oz - Protective Ostomy Skin Barrier Supplies - Stoma Adhesive Skin Protectant Paste - Ostomy Skin Barrier Paste, Classic Formula Pectin Based","A state-of-the art filter with an anti-clogging film layer, keeping the pouch flat while virtually eliminating odor. Comfort panel pouch material that is soft and smooth against the skin, nearly rustle-free, resists water and dries quickly. A protective pectin-based paste that helps to prevent leakage and skin irritation around the stoma providing an optimum seal for a better fit and longer wear time. Easy to squeeze tube helps you get the paste out smooth and quick. This product is manufactured in United States.",Linda,"Shipping time, great",Use this product for Colustomy pouch,7/25/2023,4,Yes,0
"Safe n' Simple Stoma Skin Barrier Paste - 2 oz - Protective Ostomy Skin Barrier Supplies - Stoma Adhesive Skin Protectant Paste - Ostomy Skin Barrier Paste, Classic Formula Pectin Based","A state-of-the art filter with an anti-clogging film layer, keeping the pouch flat while virtually eliminating odor. Comfort panel pouch material that is soft and smooth against the skin, nearly rustle-free, resists water and dries quickly. A protective pectin-based paste that helps to prevent leakage and skin irritation around the stoma providing an optimum seal for a better fit and longer wear time. Easy to squeeze tube helps you get the paste out smooth and quick. This product is manufactured in United States.",Jennifer Johnson,Does not leak through a filter,My husband was using another brand for his ostomy bags and this product was found not to leak.  He generally leaks through the filter of his ostomy bag at night but not with this brand.,8/11/2024,5,Yes,0
"Safe n' Simple Stoma Skin Barrier Paste - 2 oz - Protective Ostomy Skin Barrier Supplies - Stoma Adhesive Skin Protectant Paste - Ostomy Skin Barrier Paste, Classic Formula Pectin Based","A state-of-the art filter with an anti-clogging film layer, keeping the pouch flat while virtually eliminating odor. Comfort panel pouch material that is soft and smooth against the skin, nearly rustle-free, resists water and dries quickly. A protective pectin-based paste that helps to prevent leakage and skin irritation around the stoma providing an optimum seal for a better fit and longer wear time. Easy to squeeze tube helps you get the paste out smooth and quick. This product is manufactured in United States.",Annette Guirlinger,Arrived very hot!!,This was shipped USPS and arrived on a day that was 103 degrees.  I was watching the mailbox and retrieved it soon after it arrived.  It was very hot!  Probably from sitting in the mail truck all day since we get our mail at dinnertime.  I have used samples of this and it worked.  It is now a very thin consistence and not working as it should.  Be careful when ordering this product as to what the temperature outside is.,6/27/2024,5,Yes,0
"Safe n' Simple Stoma Skin Barrier Paste - 2 oz - Protective Ostomy Skin Barrier Supplies - Stoma Adhesive Skin Protectant Paste - Ostomy Skin Barrier Paste, Classic Formula Pectin Based","A state-of-the art filter with an anti-clogging film layer, keeping the pouch flat while virtually eliminating odor. Comfort panel pouch material that is soft and smooth against the skin, nearly rustle-free, resists water and dries quickly. A protective pectin-based paste that helps to prevent leakage and skin irritation around the stoma providing an optimum seal for a better fit and longer wear time. Easy to squeeze tube helps you get the paste out smooth and quick. This product is manufactured in United States.",Maryann Radulski,Prevents pancaking.,"This is a lubricant to be put in bag and over the stoma. It prevents your liquid stool from sitting on top of stoma and not moving. This “not moving of stoma waste” can push the liquid out under the flange and any other extra taping. It doesn’t matter if the insides of the pouch is completely covered, the lubricant that is sitting on the stoma will also connect to drainage and help it along. I use this every time I drain my pouch. I have no problem with odor as the pouch is closed again after rinsing and there is no odor when closed and no one has ever complained about me smelling. I go into my bathroom alone. I keep a large plastic bottle filled with water next to my toilet. I keep all my cleaning up supplies in a basket . There is also a blue liquid deodorant that I sometimes put in with the water . I hope you try this and see that it helps.",3/19/2024,5,Yes,10
"Safe n' Simple Stoma Skin Barrier Paste - 2 oz - Protective Ostomy Skin Barrier Supplies - Stoma Adhesive Skin Protectant Paste - Ostomy Skin Barrier Paste, Classic Formula Pectin Based","A state-of-the art filter with an anti-clogging film layer, keeping the pouch flat while virtually eliminating odor. Comfort panel pouch material that is soft and smooth against the skin, nearly rustle-free, resists water and dries quickly. A protective pectin-based paste that helps to prevent leakage and skin irritation around the stoma providing an optimum seal for a better fit and longer wear time. Easy to squeeze tube helps you get the paste out smooth and quick. This product is manufactured in United States.",Priscilla S. Hall,The best I have tried for directing the solids away from my stoma! Very easy to empty bag now 😁!,"I had been having trouble with the output staying around where it comes out preventing further pieces from getting past the one sometimes more, lodged around the stoma. I had tried several brands that did nothing but turn everything brown and liquid at the neck where we open to entry. But they did nothing for the new stuff up top of the bag, causing what I’ve now figured out that’s what seasoned Ostomates call “pancaking”. Plus, this also seems to keep the stoma from sucking the plastic bag into it, also blocking the pathway for subsequent output. I can still smell the poop ONLY when I empty into the toilet and it doesn’t smell as strong anymore. My husband has never been able to smell it but he doesn’t have the “Blood Hound” smeller I do-thank God! And it’s just the two of us living in our house. My biggest problem was the difficulty getting the stuff out of the bag, especially when I start to back up and have to use something like Miralax. That makes it really sticky and almost impossible for me to shake it out, usually having to dig way up into the mess and pull it out! So disgusting and embarrassing when my husband has to help me pour water into the top of the bag to wash it out! I have decided to just throw the whole bag away when it gets like that! But this product helps with that too. And like I said it’s the best brand for the money I have found. Good luck and may God give peace to all who have to deal with this!",9/26/2023,5,Yes,15
"Safe n' Simple Stoma Skin Barrier Paste - 2 oz - Protective Ostomy Skin Barrier Supplies - Stoma Adhesive Skin Protectant Paste - Ostomy Skin Barrier Paste, Classic Formula Pectin Based","A state-of-the art filter with an anti-clogging film layer, keeping the pouch flat while virtually eliminating odor. Comfort panel pouch material that is soft and smooth against the skin, nearly rustle-free, resists water and dries quickly. A protective pectin-based paste that helps to prevent leakage and skin irritation around the stoma providing an optimum seal for a better fit and longer wear time. Easy to squeeze tube helps you get the paste out smooth and quick. This product is manufactured in United States.",Silke Wohlrab,Too expensive but great product,"I need this product for my colostomy but insurance doesn’t give me enough for what I need.It’s just too expensive to order on a regular basis as I need it,- so I have to improvise with baby oil which doesn’t work very good but better than nothing.I wished there would be a special program for ostomy patients",7/12/2024,5,Yes,2
"Safe n' Simple Stoma Skin Barrier Paste - 2 oz - Protective Ostomy Skin Barrier Supplies - Stoma Adhesive Skin Protectant Paste - Ostomy Skin Barrier Paste, Classic Formula Pectin Based","A state-of-the art filter with an anti-clogging film layer, keeping the pouch flat while virtually eliminating odor. Comfort panel pouch material that is soft and smooth against the skin, nearly rustle-free, resists water and dries quickly. A protective pectin-based paste that helps to prevent leakage and skin irritation around the stoma providing an optimum seal for a better fit and longer wear time. Easy to squeeze tube helps you get the paste out smooth and quick. This product is manufactured in United States.",Lady J,Adapt Deodorizer,Great product. Non irritating to skin. No coloring or perfumes. Works well for cleaning and deodorizing pouch. A must. A bit pricey but will continue to use.,7/31/2024,5,Yes,0
"Safe n' Simple Stoma Skin Barrier Paste - 2 oz - Protective Ostomy Skin Barrier Supplies - Stoma Adhesive Skin Protectant Paste - Ostomy Skin Barrier Paste, Classic Formula Pectin Based","A state-of-the art filter with an anti-clogging film layer, keeping the pouch flat while virtually eliminating odor. Comfort panel pouch material that is soft and smooth against the skin, nearly rustle-free, resists water and dries quickly. A protective pectin-based paste that helps to prevent leakage and skin irritation around the stoma providing an optimum seal for a better fit and longer wear time. Easy to squeeze tube helps you get the paste out smooth and quick. This product is manufactured in United States.",Holly A,The best but expensive,"This always works well but is no better than the cheaper brands as far as I can tell. However I have to purchase this brand when the cheaper brands are out of stock. I wish it wasn’t so expensive but you are paying for the brand name of “Adapt”, in the medical world!",5/15/2024,5,Yes,0
"Safe n' Simple Stoma Skin Barrier Paste - 2 oz - Protective Ostomy Skin Barrier Supplies - Stoma Adhesive Skin Protectant Paste - Ostomy Skin Barrier Paste, Classic Formula Pectin Based","A state-of-the art filter with an anti-clogging film layer, keeping the pouch flat while virtually eliminating odor. Comfort panel pouch material that is soft and smooth against the skin, nearly rustle-free, resists water and dries quickly. A protective pectin-based paste that helps to prevent leakage and skin irritation around the stoma providing an optimum seal for a better fit and longer wear time. Easy to squeeze tube helps you get the paste out smooth and quick. This product is manufactured in United States.",Barb Martin,Works great,This has helped me so much. I'm new to this (1 year) and this has been a lifesaver.,6/15/2024,5,Yes,0
"Safe n' Simple Stoma Skin Barrier Paste - 2 oz - Protective Ostomy Skin Barrier Supplies - Stoma Adhesive Skin Protectant Paste - Ostomy Skin Barrier Paste, Classic Formula Pectin Based","A state-of-the art filter with an anti-clogging film layer, keeping the pouch flat while virtually eliminating odor. Comfort panel pouch material that is soft and smooth against the skin, nearly rustle-free, resists water and dries quickly. A protective pectin-based paste that helps to prevent leakage and skin irritation around the stoma providing an optimum seal for a better fit and longer wear time. Easy to squeeze tube helps you get the paste out smooth and quick. This product is manufactured in United States.",Jerry Soen,Excellent product,"Excellent product, does the job, was able to get it very quickly through Amazon.",6/4/2024,5,Yes,0
"Safe n' Simple Stoma Skin Barrier Paste - 2 oz - Protective Ostomy Skin Barrier Supplies - Stoma Adhesive Skin Protectant Paste - Ostomy Skin Barrier Paste, Classic Formula Pectin Based","A state-of-the art filter with an anti-clogging film layer, keeping the pouch flat while virtually eliminating odor. Comfort panel pouch material that is soft and smooth against the skin, nearly rustle-free, resists water and dries quickly. A protective pectin-based paste that helps to prevent leakage and skin irritation around the stoma providing an optimum seal for a better fit and longer wear time. Easy to squeeze tube helps you get the paste out smooth and quick. This product is manufactured in United States.",Charles Wire,Good Stuff,"This is my second review of this product. The first review was early on in my tenure as an ostomate.  And it was fairly negative. Since then my experience with all the related Ostomy products has increased. In fact I’m a full on ostomy warrior at this point. In conclusion, this is a good product. It does what it is supposed to do. It kills odors and the lubricating property is helpful. Buy it.",12/28/2023,5,Yes,6
"Safe n' Simple Stoma Skin Barrier Paste - 2 oz - Protective Ostomy Skin Barrier Supplies - Stoma Adhesive Skin Protectant Paste - Ostomy Skin Barrier Paste, Classic Formula Pectin Based","A state-of-the art filter with an anti-clogging film layer, keeping the pouch flat while virtually eliminating odor. Comfort panel pouch material that is soft and smooth against the skin, nearly rustle-free, resists water and dries quickly. A protective pectin-based paste that helps to prevent leakage and skin irritation around the stoma providing an optimum seal for a better fit and longer wear time. Easy to squeeze tube helps you get the paste out smooth and quick. This product is manufactured in United States.",Shaun Paterson,Very effective product,I wish it came in larger bottles,4/28/2024,5,Yes,0
"Safe n' Simple Stoma Skin Barrier Paste - 2 oz - Protective Ostomy Skin Barrier Supplies - Stoma Adhesive Skin Protectant Paste - Ostomy Skin Barrier Paste, Classic Formula Pectin Based","A state-of-the art filter with an anti-clogging film layer, keeping the pouch flat while virtually eliminating odor. Comfort panel pouch material that is soft and smooth against the skin, nearly rustle-free, resists water and dries quickly. A protective pectin-based paste that helps to prevent leakage and skin irritation around the stoma providing an optimum seal for a better fit and longer wear time. Easy to squeeze tube helps you get the paste out smooth and quick. This product is manufactured in United States.",Jim Van Dover,Purpse,Used for heath purposes. Do not desire to discuss further,1/15/2024,5,Yes,0
"Safe n' Simple Stoma Skin Barrier Paste - 2 oz - Protective Ostomy Skin Barrier Supplies - Stoma Adhesive Skin Protectant Paste - Ostomy Skin Barrier Paste, Classic Formula Pectin Based","A state-of-the art filter with an anti-clogging film layer, keeping the pouch flat while virtually eliminating odor. Comfort panel pouch material that is soft and smooth against the skin, nearly rustle-free, resists water and dries quickly. A protective pectin-based paste that helps to prevent leakage and skin irritation around the stoma providing an optimum seal for a better fit and longer wear time. Easy to squeeze tube helps you get the paste out smooth and quick. This product is manufactured in United States.",Joi L. Owen,Adapt works great for me.,"I received my temporary ileostomy in May.  The hospital provided me with the basics,  no m9 or adapt to address the smell.  My family would flee my hospital room when i went to the toilet to empty the bag.I did receive a free sample from Hollister that included the squeeze packets and I started using them.  They make a marked difference in the amount of reek produced when emptying a drainable Hollister appliance.  My folks no longer flee.Note that the deodorant function works well on the fluids and semi - solids output,  but it can do nothing for gas that has accumulated within  the bag.  I use m9 air spray liberally when I produce unusual amounts of gas output.I'm also restarted using PooPouri in the toilet before I empty the appliance.  It helps reduce reek escaping from the bowl before you flush.  It can't do anything about the gas emissions.",10/21/2017,5,Yes,14
"Safe n' Simple Stoma Skin Barrier Paste - 2 oz - Protective Ostomy Skin Barrier Supplies - Stoma Adhesive Skin Protectant Paste - Ostomy Skin Barrier Paste, Classic Formula Pectin Based","A state-of-the art filter with an anti-clogging film layer, keeping the pouch flat while virtually eliminating odor. Comfort panel pouch material that is soft and smooth against the skin, nearly rustle-free, resists water and dries quickly. A protective pectin-based paste that helps to prevent leakage and skin irritation around the stoma providing an optimum seal for a better fit and longer wear time. Easy to squeeze tube helps you get the paste out smooth and quick. This product is manufactured in United States.",Kindle Customer,It works !,Gel like product sticks and lubricants the sides of the pouch.  Controls odor.,10/6/2023,5,Yes,0
"Safe n' Simple Stoma Skin Barrier Paste - 2 oz - Protective Ostomy Skin Barrier Supplies - Stoma Adhesive Skin Protectant Paste - Ostomy Skin Barrier Paste, Classic Formula Pectin Based","A state-of-the art filter with an anti-clogging film layer, keeping the pouch flat while virtually eliminating odor. Comfort panel pouch material that is soft and smooth against the skin, nearly rustle-free, resists water and dries quickly. A protective pectin-based paste that helps to prevent leakage and skin irritation around the stoma providing an optimum seal for a better fit and longer wear time. Easy to squeeze tube helps you get the paste out smooth and quick. This product is manufactured in United States.",gail sauls,Adapt lubricant,Great,12/26/2023,5,Yes,0
"Safe n' Simple Stoma Skin Barrier Paste - 2 oz - Protective Ostomy Skin Barrier Supplies - Stoma Adhesive Skin Protectant Paste - Ostomy Skin Barrier Paste, Classic Formula Pectin Based","A state-of-the art filter with an anti-clogging film layer, keeping the pouch flat while virtually eliminating odor. Comfort panel pouch material that is soft and smooth against the skin, nearly rustle-free, resists water and dries quickly. A protective pectin-based paste that helps to prevent leakage and skin irritation around the stoma providing an optimum seal for a better fit and longer wear time. Easy to squeeze tube helps you get the paste out smooth and quick. This product is manufactured in United States.",LA Livin,This is the better lube of the bunch,"I've tried them all and I personally feel this is the best one out there, if you use it correctly. If you go to Hollisters website and watch the video it will make things easy. Your have to use the correct amount or it is not going to be as effective. It does not affect the stoma so you can rub both sides of the pouch right up to it. Helps with the pancaking effect so many people experience. I've tried them all and even home remedies like baby oil and adding scenting drops. It will work, but scent is to strong for me even without scenting drops.  And if you get the oil on the tail section , it seems to affect the pouch material and everytime after a few days starts to split. HIGHLY RECOMMEND ADAPT!",1/2/2019,5,Yes,18
"Safe n' Simple Stoma Skin Barrier Paste - 2 oz - Protective Ostomy Skin Barrier Supplies - Stoma Adhesive Skin Protectant Paste - Ostomy Skin Barrier Paste, Classic Formula Pectin Based","A state-of-the art filter with an anti-clogging film layer, keeping the pouch flat while virtually eliminating odor. Comfort panel pouch material that is soft and smooth against the skin, nearly rustle-free, resists water and dries quickly. A protective pectin-based paste that helps to prevent leakage and skin irritation around the stoma providing an optimum seal for a better fit and longer wear time. Easy to squeeze tube helps you get the paste out smooth and quick. This product is manufactured in United States.",Candy H.,Works,Works,5/24/2023,4,Yes,0
"Safe n' Simple Stoma Skin Barrier Paste - 2 oz - Protective Ostomy Skin Barrier Supplies - Stoma Adhesive Skin Protectant Paste - Ostomy Skin Barrier Paste, Classic Formula Pectin Based","A state-of-the art filter with an anti-clogging film layer, keeping the pouch flat while virtually eliminating odor. Comfort panel pouch material that is soft and smooth against the skin, nearly rustle-free, resists water and dries quickly. A protective pectin-based paste that helps to prevent leakage and skin irritation around the stoma providing an optimum seal for a better fit and longer wear time. Easy to squeeze tube helps you get the paste out smooth and quick. This product is manufactured in United States.",Erica Rose 🌹,Great,Great,10/28/2023,5,Yes,0
"Safe n' Simple Stoma Skin Barrier Paste - 2 oz - Protective Ostomy Skin Barrier Supplies - Stoma Adhesive Skin Protectant Paste - Ostomy Skin Barrier Paste, Classic Formula Pectin Based","A state-of-the art filter with an anti-clogging film layer, keeping the pouch flat while virtually eliminating odor. Comfort panel pouch material that is soft and smooth against the skin, nearly rustle-free, resists water and dries quickly. A protective pectin-based paste that helps to prevent leakage and skin irritation around the stoma providing an optimum seal for a better fit and longer wear time. Easy to squeeze tube helps you get the paste out smooth and quick. This product is manufactured in United States.",Donna Busz,as advertised,"The product works as advertised. The exterior package was fine. However, in transit it must have been crushed. The plastic bottle is collapsed in two spots. The top had popped open and leaked a bit of product.",2/10/2022,4,Yes,0
"Safe n' Simple Stoma Skin Barrier Paste - 2 oz - Protective Ostomy Skin Barrier Supplies - Stoma Adhesive Skin Protectant Paste - Ostomy Skin Barrier Paste, Classic Formula Pectin Based","A state-of-the art filter with an anti-clogging film layer, keeping the pouch flat while virtually eliminating odor. Comfort panel pouch material that is soft and smooth against the skin, nearly rustle-free, resists water and dries quickly. A protective pectin-based paste that helps to prevent leakage and skin irritation around the stoma providing an optimum seal for a better fit and longer wear time. Easy to squeeze tube helps you get the paste out smooth and quick. This product is manufactured in United States.",JwP,I've used it for years.,This is an Ostomy product and it does well what it's supposed to do.,7/21/2023,5,Yes,0
"Safe n' Simple Stoma Skin Barrier Paste - 2 oz - Protective Ostomy Skin Barrier Supplies - Stoma Adhesive Skin Protectant Paste - Ostomy Skin Barrier Paste, Classic Formula Pectin Based","A state-of-the art filter with an anti-clogging film layer, keeping the pouch flat while virtually eliminating odor. Comfort panel pouch material that is soft and smooth against the skin, nearly rustle-free, resists water and dries quickly. A protective pectin-based paste that helps to prevent leakage and skin irritation around the stoma providing an optimum seal for a better fit and longer wear time. Easy to squeeze tube helps you get the paste out smooth and quick. This product is manufactured in United States.",Mary A Key,Nothing is perfect.,You are still going to have a order from body waste such as foul bowl waste. Only if you pour more than ateaspoon in the bag which I don't go over because it high dollar cost.,12/9/2022,5,Yes,2
"Safe n' Simple Stoma Skin Barrier Paste - 2 oz - Protective Ostomy Skin Barrier Supplies - Stoma Adhesive Skin Protectant Paste - Ostomy Skin Barrier Paste, Classic Formula Pectin Based","A state-of-the art filter with an anti-clogging film layer, keeping the pouch flat while virtually eliminating odor. Comfort panel pouch material that is soft and smooth against the skin, nearly rustle-free, resists water and dries quickly. A protective pectin-based paste that helps to prevent leakage and skin irritation around the stoma providing an optimum seal for a better fit and longer wear time. Easy to squeeze tube helps you get the paste out smooth and quick. This product is manufactured in United States.",Mike Calimari,Adapt Lube & Deoderant,Adapt Lube & Deoderant 8 oz bottle.  I had the packets before and decided to try the bottle to regulate the amount of lube to use in my pouch. The packets were good for several applications but were hard to store after opening.  This is a heavier viscosity fluid compared to others I used which is good because it doesn't readily migrate up to the sealing ring and dissolve the adhesive.  The only caveat is the product doesn't come in a tamper resistant carton for peace of mind.,4/5/2017,4,Yes,0
"Safe n' Simple Stoma Skin Barrier Paste - 2 oz - Protective Ostomy Skin Barrier Supplies - Stoma Adhesive Skin Protectant Paste - Ostomy Skin Barrier Paste, Classic Formula Pectin Based","A state-of-the art filter with an anti-clogging film layer, keeping the pouch flat while virtually eliminating odor. Comfort panel pouch material that is soft and smooth against the skin, nearly rustle-free, resists water and dries quickly. A protective pectin-based paste that helps to prevent leakage and skin irritation around the stoma providing an optimum seal for a better fit and longer wear time. Easy to squeeze tube helps you get the paste out smooth and quick. This product is manufactured in United States.",Luv2shopp,Great product,"Does what it says and works best! Really is the best out there in my opinion, sad thing is my insurance only covers 2 monthly and i use maybe 4 month so have to purchase the other two monthly but will happily do that over the other product that is covered as it just doesn’t work for me. This product does exactly what it is meant to do!",1/12/2021,5,Yes,7
"Safe n' Simple Stoma Skin Barrier Paste - 2 oz - Protective Ostomy Skin Barrier Supplies - Stoma Adhesive Skin Protectant Paste - Ostomy Skin Barrier Paste, Classic Formula Pectin Based","A state-of-the art filter with an anti-clogging film layer, keeping the pouch flat while virtually eliminating odor. Comfort panel pouch material that is soft and smooth against the skin, nearly rustle-free, resists water and dries quickly. A protective pectin-based paste that helps to prevent leakage and skin irritation around the stoma providing an optimum seal for a better fit and longer wear time. Easy to squeeze tube helps you get the paste out smooth and quick. This product is manufactured in United States.",Brice H.,It works okay,"It definitely lubricates and makes it easier to empty your bag, but the smell is horrid to me. It's a strong chemical smell that when mixed with the contents of your bag is really, really unpleasant. Just some food for thought.",11/24/2020,4,Yes,0
"Safe n' Simple Stoma Skin Barrier Paste - 2 oz - Protective Ostomy Skin Barrier Supplies - Stoma Adhesive Skin Protectant Paste - Ostomy Skin Barrier Paste, Classic Formula Pectin Based","A state-of-the art filter with an anti-clogging film layer, keeping the pouch flat while virtually eliminating odor. Comfort panel pouch material that is soft and smooth against the skin, nearly rustle-free, resists water and dries quickly. A protective pectin-based paste that helps to prevent leakage and skin irritation around the stoma providing an optimum seal for a better fit and longer wear time. Easy to squeeze tube helps you get the paste out smooth and quick. This product is manufactured in United States.",VVVCC,Just as advertised,A friend in need is a friend indeed.,5/10/2023,5,Yes,0
"Safe n' Simple Stoma Skin Barrier Paste - 2 oz - Protective Ostomy Skin Barrier Supplies - Stoma Adhesive Skin Protectant Paste - Ostomy Skin Barrier Paste, Classic Formula Pectin Based","A state-of-the art filter with an anti-clogging film layer, keeping the pouch flat while virtually eliminating odor. Comfort panel pouch material that is soft and smooth against the skin, nearly rustle-free, resists water and dries quickly. A protective pectin-based paste that helps to prevent leakage and skin irritation around the stoma providing an optimum seal for a better fit and longer wear time. Easy to squeeze tube helps you get the paste out smooth and quick. This product is manufactured in United States.",Linda N.,Works Fairly Well but Pricey,"Did not completely eliminate bag odor, but it definitely helped reduce odor when used as directed (i.e., each and every time bag is emptied). Also, when used as directed, the bottle gets used up pretty quickly (for me, within a week) - which makes it pricey. However, I would definitely recommend using it (over nothing at all) since it dramatically helped extend the number of days between bag changes.",7/26/2017,4,Yes,3
"Safe n' Simple Stoma Skin Barrier Paste - 2 oz - Protective Ostomy Skin Barrier Supplies - Stoma Adhesive Skin Protectant Paste - Ostomy Skin Barrier Paste, Classic Formula Pectin Based","A state-of-the art filter with an anti-clogging film layer, keeping the pouch flat while virtually eliminating odor. Comfort panel pouch material that is soft and smooth against the skin, nearly rustle-free, resists water and dries quickly. A protective pectin-based paste that helps to prevent leakage and skin irritation around the stoma providing an optimum seal for a better fit and longer wear time. Easy to squeeze tube helps you get the paste out smooth and quick. This product is manufactured in United States.",Peggy,The speed in which I received it,It's a need my husband has and it's so nice to be able to get it fast,10/22/2022,5,Yes,0
"Safe n' Simple Stoma Skin Barrier Paste - 2 oz - Protective Ostomy Skin Barrier Supplies - Stoma Adhesive Skin Protectant Paste - Ostomy Skin Barrier Paste, Classic Formula Pectin Based","A state-of-the art filter with an anti-clogging film layer, keeping the pouch flat while virtually eliminating odor. Comfort panel pouch material that is soft and smooth against the skin, nearly rustle-free, resists water and dries quickly. A protective pectin-based paste that helps to prevent leakage and skin irritation around the stoma providing an optimum seal for a better fit and longer wear time. Easy to squeeze tube helps you get the paste out smooth and quick. This product is manufactured in United States.",tim,Great product for its need,"This eliminates odor from the Ostomy bags, and keeps the feces from going into the stoma.",8/19/2022,5,Yes,2
"Safe n' Simple Stoma Skin Barrier Paste - 2 oz - Protective Ostomy Skin Barrier Supplies - Stoma Adhesive Skin Protectant Paste - Ostomy Skin Barrier Paste, Classic Formula Pectin Based","A state-of-the art filter with an anti-clogging film layer, keeping the pouch flat while virtually eliminating odor. Comfort panel pouch material that is soft and smooth against the skin, nearly rustle-free, resists water and dries quickly. A protective pectin-based paste that helps to prevent leakage and skin irritation around the stoma providing an optimum seal for a better fit and longer wear time. Easy to squeeze tube helps you get the paste out smooth and quick. This product is manufactured in United States.",Duane Jacobson,Have used this product for a long time.,I like the product.  Used for colostomy bags.,12/30/2022,5,Yes,0
"Safe n' Simple Stoma Skin Barrier Paste - 2 oz - Protective Ostomy Skin Barrier Supplies - Stoma Adhesive Skin Protectant Paste - Ostomy Skin Barrier Paste, Classic Formula Pectin Based","A state-of-the art filter with an anti-clogging film layer, keeping the pouch flat while virtually eliminating odor. Comfort panel pouch material that is soft and smooth against the skin, nearly rustle-free, resists water and dries quickly. A protective pectin-based paste that helps to prevent leakage and skin irritation around the stoma providing an optimum seal for a better fit and longer wear time. Easy to squeeze tube helps you get the paste out smooth and quick. This product is manufactured in United States.",Newell Davis,Works as expected. Came on time,Shipped quickly. Bit expensive. Works as usual,1/15/2023,5,Yes,0
"Safe n' Simple Stoma Skin Barrier Paste - 2 oz - Protective Ostomy Skin Barrier Supplies - Stoma Adhesive Skin Protectant Paste - Ostomy Skin Barrier Paste, Classic Formula Pectin Based","A state-of-the art filter with an anti-clogging film layer, keeping the pouch flat while virtually eliminating odor. Comfort panel pouch material that is soft and smooth against the skin, nearly rustle-free, resists water and dries quickly. A protective pectin-based paste that helps to prevent leakage and skin irritation around the stoma providing an optimum seal for a better fit and longer wear time. Easy to squeeze tube helps you get the paste out smooth and quick. This product is manufactured in United States.",Esther Smith,Good product,"This is a very good product for people with ostomies.  It was shipped timely and it is a lot cheaper on Amazon from this seller than purchasing it from supply companies.  I have Blue Cross, Blue Shield, and unfortunately, ostomy deodorants are not covered by insurance.  If you use this product in your pouch when you change it and each time you empty your pouch, it helps a lot with order control.",1/5/2012,4,Yes,12
"Safe n' Simple Stoma Skin Barrier Paste - 2 oz - Protective Ostomy Skin Barrier Supplies - Stoma Adhesive Skin Protectant Paste - Ostomy Skin Barrier Paste, Classic Formula Pectin Based","A state-of-the art filter with an anti-clogging film layer, keeping the pouch flat while virtually eliminating odor. Comfort panel pouch material that is soft and smooth against the skin, nearly rustle-free, resists water and dries quickly. A protective pectin-based paste that helps to prevent leakage and skin irritation around the stoma providing an optimum seal for a better fit and longer wear time. Easy to squeeze tube helps you get the paste out smooth and quick. This product is manufactured in United States.",Raul M.,"Works excellent for Ileostomy bags, lubes and deodorant",See the above,1/16/2023,5,Yes,4
"Safe n' Simple Stoma Skin Barrier Paste - 2 oz - Protective Ostomy Skin Barrier Supplies - Stoma Adhesive Skin Protectant Paste - Ostomy Skin Barrier Paste, Classic Formula Pectin Based","A state-of-the art filter with an anti-clogging film layer, keeping the pouch flat while virtually eliminating odor. Comfort panel pouch material that is soft and smooth against the skin, nearly rustle-free, resists water and dries quickly. A protective pectin-based paste that helps to prevent leakage and skin irritation around the stoma providing an optimum seal for a better fit and longer wear time. Easy to squeeze tube helps you get the paste out smooth and quick. This product is manufactured in United States.",bill b.,As advertised,Cheaper than medicare,1/3/2023,5,Yes,2
"Safe n' Simple Stoma Skin Barrier Paste - 2 oz - Protective Ostomy Skin Barrier Supplies - Stoma Adhesive Skin Protectant Paste - Ostomy Skin Barrier Paste, Classic Formula Pectin Based","A state-of-the art filter with an anti-clogging film layer, keeping the pouch flat while virtually eliminating odor. Comfort panel pouch material that is soft and smooth against the skin, nearly rustle-free, resists water and dries quickly. A protective pectin-based paste that helps to prevent leakage and skin irritation around the stoma providing an optimum seal for a better fit and longer wear time. Easy to squeeze tube helps you get the paste out smooth and quick. This product is manufactured in United States.",Diane Meyers,Arrived on time.,Great product,10/17/2022,5,Yes,0
"Safe n' Simple Stoma Skin Barrier Paste - 2 oz - Protective Ostomy Skin Barrier Supplies - Stoma Adhesive Skin Protectant Paste - Ostomy Skin Barrier Paste, Classic Formula Pectin Based","A state-of-the art filter with an anti-clogging film layer, keeping the pouch flat while virtually eliminating odor. Comfort panel pouch material that is soft and smooth against the skin, nearly rustle-free, resists water and dries quickly. A protective pectin-based paste that helps to prevent leakage and skin irritation around the stoma providing an optimum seal for a better fit and longer wear time. Easy to squeeze tube helps you get the paste out smooth and quick. This product is manufactured in United States.",Nala Lou,Ease the job,This really worked to prevent stool sticking to the interior walls of my colostomy bag.  It also deodorizes.  Wish I’d know of this product long ago.,11/2/2020,5,Yes,2
"Safe n' Simple Stoma Skin Barrier Paste - 2 oz - Protective Ostomy Skin Barrier Supplies - Stoma Adhesive Skin Protectant Paste - Ostomy Skin Barrier Paste, Classic Formula Pectin Based","A state-of-the art filter with an anti-clogging film layer, keeping the pouch flat while virtually eliminating odor. Comfort panel pouch material that is soft and smooth against the skin, nearly rustle-free, resists water and dries quickly. A protective pectin-based paste that helps to prevent leakage and skin irritation around the stoma providing an optimum seal for a better fit and longer wear time. Easy to squeeze tube helps you get the paste out smooth and quick. This product is manufactured in United States.",KjunNurs,Can't believe they didn't set me up w/ this when ...,"Can't believe they didn't set me up w/ this when they did all my new colostomy teaching,  Saves me time and frustration when emptying the bag.  I do not think it does anything for odor control.",1/4/2017,4,Yes,5
"Safe n' Simple Stoma Skin Barrier Paste - 2 oz - Protective Ostomy Skin Barrier Supplies - Stoma Adhesive Skin Protectant Paste - Ostomy Skin Barrier Paste, Classic Formula Pectin Based","A state-of-the art filter with an anti-clogging film layer, keeping the pouch flat while virtually eliminating odor. Comfort panel pouch material that is soft and smooth against the skin, nearly rustle-free, resists water and dries quickly. A protective pectin-based paste that helps to prevent leakage and skin irritation around the stoma providing an optimum seal for a better fit and longer wear time. Easy to squeeze tube helps you get the paste out smooth and quick. This product is manufactured in United States.",Amazon Customer,This product is amazing!,Love this product!,6/22/2022,5,Yes,0
"Safe n' Simple Stoma Skin Barrier Paste - 2 oz - Protective Ostomy Skin Barrier Supplies - Stoma Adhesive Skin Protectant Paste - Ostomy Skin Barrier Paste, Classic Formula Pectin Based","A state-of-the art filter with an anti-clogging film layer, keeping the pouch flat while virtually eliminating odor. Comfort panel pouch material that is soft and smooth against the skin, nearly rustle-free, resists water and dries quickly. A protective pectin-based paste that helps to prevent leakage and skin irritation around the stoma providing an optimum seal for a better fit and longer wear time. Easy to squeeze tube helps you get the paste out smooth and quick. This product is manufactured in United States.",P Wilson,Works well. Nice clean smell,Works well. The smell is clean and it lubricates the bag enough to stop issues with sticking.,8/20/2019,4,Yes,0
"Safe n' Simple Stoma Skin Barrier Paste - 2 oz - Protective Ostomy Skin Barrier Supplies - Stoma Adhesive Skin Protectant Paste - Ostomy Skin Barrier Paste, Classic Formula Pectin Based","A state-of-the art filter with an anti-clogging film layer, keeping the pouch flat while virtually eliminating odor. Comfort panel pouch material that is soft and smooth against the skin, nearly rustle-free, resists water and dries quickly. A protective pectin-based paste that helps to prevent leakage and skin irritation around the stoma providing an optimum seal for a better fit and longer wear time. Easy to squeeze tube helps you get the paste out smooth and quick. This product is manufactured in United States.","John S., Brewer",Good lubricant but definately not a deodorizer I purchased a ...,Good lubricant but definately not a deodorizerI purchased a deoderizer from hollister that works well along with it. Still smells when I change bags but I dont think anything will stop that.,8/1/2017,4,Yes,0
"Safe n' Simple Stoma Skin Barrier Paste - 2 oz - Protective Ostomy Skin Barrier Supplies - Stoma Adhesive Skin Protectant Paste - Ostomy Skin Barrier Paste, Classic Formula Pectin Based","A state-of-the art filter with an anti-clogging film layer, keeping the pouch flat while virtually eliminating odor. Comfort panel pouch material that is soft and smooth against the skin, nearly rustle-free, resists water and dries quickly. A protective pectin-based paste that helps to prevent leakage and skin irritation around the stoma providing an optimum seal for a better fit and longer wear time. Easy to squeeze tube helps you get the paste out smooth and quick. This product is manufactured in United States.",Rose,Good product.,Dad said is good product .,2/25/2022,5,Yes,0
"Safe n' Simple Stoma Skin Barrier Paste - 2 oz - Protective Ostomy Skin Barrier Supplies - Stoma Adhesive Skin Protectant Paste - Ostomy Skin Barrier Paste, Classic Formula Pectin Based","A state-of-the art filter with an anti-clogging film layer, keeping the pouch flat while virtually eliminating odor. Comfort panel pouch material that is soft and smooth against the skin, nearly rustle-free, resists water and dries quickly. A protective pectin-based paste that helps to prevent leakage and skin irritation around the stoma providing an optimum seal for a better fit and longer wear time. Easy to squeeze tube helps you get the paste out smooth and quick. This product is manufactured in United States.",JD,Great product,"I have ordered this twice and the second time I even received allergy pill samples, this product makes life with an  ostomy easier",5/31/2020,5,Yes,0
"Safe n' Simple Stoma Skin Barrier Paste - 2 oz - Protective Ostomy Skin Barrier Supplies - Stoma Adhesive Skin Protectant Paste - Ostomy Skin Barrier Paste, Classic Formula Pectin Based","A state-of-the art filter with an anti-clogging film layer, keeping the pouch flat while virtually eliminating odor. Comfort panel pouch material that is soft and smooth against the skin, nearly rustle-free, resists water and dries quickly. A protective pectin-based paste that helps to prevent leakage and skin irritation around the stoma providing an optimum seal for a better fit and longer wear time. Easy to squeeze tube helps you get the paste out smooth and quick. This product is manufactured in United States.",Melissa,Fantastic!,I love this product and really don't know how I ever got on without it! It's a game changer as far as maintenance goes.,3/21/2020,5,Yes,0
"Safe n' Simple Stoma Skin Barrier Paste - 2 oz - Protective Ostomy Skin Barrier Supplies - Stoma Adhesive Skin Protectant Paste - Ostomy Skin Barrier Paste, Classic Formula Pectin Based","A state-of-the art filter with an anti-clogging film layer, keeping the pouch flat while virtually eliminating odor. Comfort panel pouch material that is soft and smooth against the skin, nearly rustle-free, resists water and dries quickly. A protective pectin-based paste that helps to prevent leakage and skin irritation around the stoma providing an optimum seal for a better fit and longer wear time. Easy to squeeze tube helps you get the paste out smooth and quick. This product is manufactured in United States.",Amazon Customer,They were exactly like the products that I receive from the medical supply ...,They were exactly like the products that I receive from the medical supply company each month. I'm very pleased but I was not real happy with the way it was packaged for shipment. The boxes were squashed because they were shipped in a bubble bag. They should always be shipped in a box!!Sincerely-  Marcia Groth,11/21/2015,5,Yes,2
"Safe n' Simple Stoma Skin Barrier Paste - 2 oz - Protective Ostomy Skin Barrier Supplies - Stoma Adhesive Skin Protectant Paste - Ostomy Skin Barrier Paste, Classic Formula Pectin Based","A state-of-the art filter with an anti-clogging film layer, keeping the pouch flat while virtually eliminating odor. Comfort panel pouch material that is soft and smooth against the skin, nearly rustle-free, resists water and dries quickly. A protective pectin-based paste that helps to prevent leakage and skin irritation around the stoma providing an optimum seal for a better fit and longer wear time. Easy to squeeze tube helps you get the paste out smooth and quick. This product is manufactured in United States.",Peggy King,Helps with pancaking,Works to help with pancaking,1/14/2022,5,Yes,0
"Safe n' Simple Stoma Skin Barrier Paste - 2 oz - Protective Ostomy Skin Barrier Supplies - Stoma Adhesive Skin Protectant Paste - Ostomy Skin Barrier Paste, Classic Formula Pectin Based","A state-of-the art filter with an anti-clogging film layer, keeping the pouch flat while virtually eliminating odor. Comfort panel pouch material that is soft and smooth against the skin, nearly rustle-free, resists water and dries quickly. A protective pectin-based paste that helps to prevent leakage and skin irritation around the stoma providing an optimum seal for a better fit and longer wear time. Easy to squeeze tube helps you get the paste out smooth and quick. This product is manufactured in United States.",Megan Miller,Good purchase.,Everything I needed it to be. Works well. Doesn't seem to be irritating.,4/5/2021,5,Yes,0
"Safe n' Simple Stoma Skin Barrier Paste - 2 oz - Protective Ostomy Skin Barrier Supplies - Stoma Adhesive Skin Protectant Paste - Ostomy Skin Barrier Paste, Classic Formula Pectin Based","A state-of-the art filter with an anti-clogging film layer, keeping the pouch flat while virtually eliminating odor. Comfort panel pouch material that is soft and smooth against the skin, nearly rustle-free, resists water and dries quickly. A protective pectin-based paste that helps to prevent leakage and skin irritation around the stoma providing an optimum seal for a better fit and longer wear time. Easy to squeeze tube helps you get the paste out smooth and quick. This product is manufactured in United States.",KaRen,Lengthened use.,Highly recommend!!!! My G I nurse never heard of this. I told her to recommend to everyone with a colostomy bag!!!,2/16/2020,5,Yes,0
"Safe n' Simple Stoma Skin Barrier Paste - 2 oz - Protective Ostomy Skin Barrier Supplies - Stoma Adhesive Skin Protectant Paste - Ostomy Skin Barrier Paste, Classic Formula Pectin Based","A state-of-the art filter with an anti-clogging film layer, keeping the pouch flat while virtually eliminating odor. Comfort panel pouch material that is soft and smooth against the skin, nearly rustle-free, resists water and dries quickly. A protective pectin-based paste that helps to prevent leakage and skin irritation around the stoma providing an optimum seal for a better fit and longer wear time. Easy to squeeze tube helps you get the paste out smooth and quick. This product is manufactured in United States.",John Martin,As Advertised,"We use this product to lubricate colostomy bags prior to installation.  Works well, but leaks a bit the first day when first opened, so be careful.  Otherwise, it works as advertised.",8/21/2015,4,Yes,6
"Safe n' Simple Stoma Skin Barrier Paste - 2 oz - Protective Ostomy Skin Barrier Supplies - Stoma Adhesive Skin Protectant Paste - Ostomy Skin Barrier Paste, Classic Formula Pectin Based","A state-of-the art filter with an anti-clogging film layer, keeping the pouch flat while virtually eliminating odor. Comfort panel pouch material that is soft and smooth against the skin, nearly rustle-free, resists water and dries quickly. A protective pectin-based paste that helps to prevent leakage and skin irritation around the stoma providing an optimum seal for a better fit and longer wear time. Easy to squeeze tube helps you get the paste out smooth and quick. This product is manufactured in United States.",Nicole Simon,bottle was bigger than I thought which was great.,"Item as received in reasonable timing, bottle was bigger than I thought which was great.",6/4/2018,4,Yes,0
"Safe n' Simple Stoma Skin Barrier Paste - 2 oz - Protective Ostomy Skin Barrier Supplies - Stoma Adhesive Skin Protectant Paste - Ostomy Skin Barrier Paste, Classic Formula Pectin Based","A state-of-the art filter with an anti-clogging film layer, keeping the pouch flat while virtually eliminating odor. Comfort panel pouch material that is soft and smooth against the skin, nearly rustle-free, resists water and dries quickly. A protective pectin-based paste that helps to prevent leakage and skin irritation around the stoma providing an optimum seal for a better fit and longer wear time. Easy to squeeze tube helps you get the paste out smooth and quick. This product is manufactured in United States.",Jason,Great but..,"This product works for lubricant, but for helping with smells not so much",7/6/2018,4,Yes,0
"Safe n' Simple Stoma Skin Barrier Paste - 2 oz - Protective Ostomy Skin Barrier Supplies - Stoma Adhesive Skin Protectant Paste - Ostomy Skin Barrier Paste, Classic Formula Pectin Based","A state-of-the art filter with an anti-clogging film layer, keeping the pouch flat while virtually eliminating odor. Comfort panel pouch material that is soft and smooth against the skin, nearly rustle-free, resists water and dries quickly. A protective pectin-based paste that helps to prevent leakage and skin irritation around the stoma providing an optimum seal for a better fit and longer wear time. Easy to squeeze tube helps you get the paste out smooth and quick. This product is manufactured in United States.",Janet N,Love this is my ostomy bag,Love this is my ostomy bag. Makes it easy to dump the appliance. Must refill after 2-3 appliance dumps.,1/6/2018,4,Yes,0
"Safe n' Simple Stoma Skin Barrier Paste - 2 oz - Protective Ostomy Skin Barrier Supplies - Stoma Adhesive Skin Protectant Paste - Ostomy Skin Barrier Paste, Classic Formula Pectin Based","A state-of-the art filter with an anti-clogging film layer, keeping the pouch flat while virtually eliminating odor. Comfort panel pouch material that is soft and smooth against the skin, nearly rustle-free, resists water and dries quickly. A protective pectin-based paste that helps to prevent leakage and skin irritation around the stoma providing an optimum seal for a better fit and longer wear time. Easy to squeeze tube helps you get the paste out smooth and quick. This product is manufactured in United States.",Wayne Schimpf,great stuff,great stuff that work's awesome just a little expensive when you need 4-5 bottles a month,5/3/2020,5,Yes,0
"Safe n' Simple Stoma Skin Barrier Paste - 2 oz - Protective Ostomy Skin Barrier Supplies - Stoma Adhesive Skin Protectant Paste - Ostomy Skin Barrier Paste, Classic Formula Pectin Based","A state-of-the art filter with an anti-clogging film layer, keeping the pouch flat while virtually eliminating odor. Comfort panel pouch material that is soft and smooth against the skin, nearly rustle-free, resists water and dries quickly. A protective pectin-based paste that helps to prevent leakage and skin irritation around the stoma providing an optimum seal for a better fit and longer wear time. Easy to squeeze tube helps you get the paste out smooth and quick. This product is manufactured in United States.",Guadalupe F. Kennedy,The Adapt Lubricating Deodorant is a great help,"The Adapt Lubricating Deodorant is very important for people who have Colostomy and Eliostomy it help when used in the pouch. Thanks to Hollister the seller and Amazon for having this Medical Supplies available to us customers. Sincerely, Guadalupe F Kennedy",8/21/2017,5,Yes,0
"Safe n' Simple Stoma Skin Barrier Paste - 2 oz - Protective Ostomy Skin Barrier Supplies - Stoma Adhesive Skin Protectant Paste - Ostomy Skin Barrier Paste, Classic Formula Pectin Based","A state-of-the art filter with an anti-clogging film layer, keeping the pouch flat while virtually eliminating odor. Comfort panel pouch material that is soft and smooth against the skin, nearly rustle-free, resists water and dries quickly. A protective pectin-based paste that helps to prevent leakage and skin irritation around the stoma providing an optimum seal for a better fit and longer wear time. Easy to squeeze tube helps you get the paste out smooth and quick. This product is manufactured in United States.",sam k,Doesn't deodorize as well as M9,I guess it works as a pouch lubricant.  As a deodorizer it's not as good as M9.,1/22/2018,4,Yes,0
"Safe n' Simple Stoma Skin Barrier Paste - 2 oz - Protective Ostomy Skin Barrier Supplies - Stoma Adhesive Skin Protectant Paste - Ostomy Skin Barrier Paste, Classic Formula Pectin Based","A state-of-the art filter with an anti-clogging film layer, keeping the pouch flat while virtually eliminating odor. Comfort panel pouch material that is soft and smooth against the skin, nearly rustle-free, resists water and dries quickly. A protective pectin-based paste that helps to prevent leakage and skin irritation around the stoma providing an optimum seal for a better fit and longer wear time. Easy to squeeze tube helps you get the paste out smooth and quick. This product is manufactured in United States.",Mia,Excellent product,Adapt Lubricating deodorant is an excellent product. I heard about it from hospital staff when my mom had emergency surgery and a colostomy.My mom feels more confident when using it during her recovery from colon cancer.,12/8/2017,5,Yes,3
"Safe n' Simple Stoma Skin Barrier Paste - 2 oz - Protective Ostomy Skin Barrier Supplies - Stoma Adhesive Skin Protectant Paste - Ostomy Skin Barrier Paste, Classic Formula Pectin Based","A state-of-the art filter with an anti-clogging film layer, keeping the pouch flat while virtually eliminating odor. Comfort panel pouch material that is soft and smooth against the skin, nearly rustle-free, resists water and dries quickly. A protective pectin-based paste that helps to prevent leakage and skin irritation around the stoma providing an optimum seal for a better fit and longer wear time. Easy to squeeze tube helps you get the paste out smooth and quick. This product is manufactured in United States.",MARGARET B.,This stuff is a must have!,"The hospital sent my mother home with this. It also comes in mini packets.  It's a little pricey, but good stuff.",6/12/2019,5,Yes,0
"Safe n' Simple Stoma Skin Barrier Paste - 2 oz - Protective Ostomy Skin Barrier Supplies - Stoma Adhesive Skin Protectant Paste - Ostomy Skin Barrier Paste, Classic Formula Pectin Based","A state-of-the art filter with an anti-clogging film layer, keeping the pouch flat while virtually eliminating odor. Comfort panel pouch material that is soft and smooth against the skin, nearly rustle-free, resists water and dries quickly. A protective pectin-based paste that helps to prevent leakage and skin irritation around the stoma providing an optimum seal for a better fit and longer wear time. Easy to squeeze tube helps you get the paste out smooth and quick. This product is manufactured in United States.",Edanalog,I like it better than M9 or Safe-n-Simple,Deodorizes well and keeps bag slippery so that it empties easier.  Bag is also easier to clean. I like it better than M9 or Safe-n-Simple.,9/2/2018,5,Yes,0
"Safe n' Simple Stoma Skin Barrier Paste - 2 oz - Protective Ostomy Skin Barrier Supplies - Stoma Adhesive Skin Protectant Paste - Ostomy Skin Barrier Paste, Classic Formula Pectin Based","A state-of-the art filter with an anti-clogging film layer, keeping the pouch flat while virtually eliminating odor. Comfort panel pouch material that is soft and smooth against the skin, nearly rustle-free, resists water and dries quickly. A protective pectin-based paste that helps to prevent leakage and skin irritation around the stoma providing an optimum seal for a better fit and longer wear time. Easy to squeeze tube helps you get the paste out smooth and quick. This product is manufactured in United States.",Mae Parker,Lubricating Deodorant,This really does work to help keep things going down I still use the other deodorant along with it.,8/14/2019,5,Yes,0
"Safe n' Simple Stoma Skin Barrier Paste - 2 oz - Protective Ostomy Skin Barrier Supplies - Stoma Adhesive Skin Protectant Paste - Ostomy Skin Barrier Paste, Classic Formula Pectin Based","A state-of-the art filter with an anti-clogging film layer, keeping the pouch flat while virtually eliminating odor. Comfort panel pouch material that is soft and smooth against the skin, nearly rustle-free, resists water and dries quickly. A protective pectin-based paste that helps to prevent leakage and skin irritation around the stoma providing an optimum seal for a better fit and longer wear time. Easy to squeeze tube helps you get the paste out smooth and quick. This product is manufactured in United States.",Diana Wesolek,Great Product,I like the product but find it hard to measure out the correct amount while trying to manage the bag and do everything else.,7/3/2014,4,Yes,4
"Safe n' Simple Stoma Skin Barrier Paste - 2 oz - Protective Ostomy Skin Barrier Supplies - Stoma Adhesive Skin Protectant Paste - Ostomy Skin Barrier Paste, Classic Formula Pectin Based","A state-of-the art filter with an anti-clogging film layer, keeping the pouch flat while virtually eliminating odor. Comfort panel pouch material that is soft and smooth against the skin, nearly rustle-free, resists water and dries quickly. A protective pectin-based paste that helps to prevent leakage and skin irritation around the stoma providing an optimum seal for a better fit and longer wear time. Easy to squeeze tube helps you get the paste out smooth and quick. This product is manufactured in United States.",Lois Keel,good product,This was given to me in the hospital and it's the only brand I have tried. If it works don't worry is my motto.,6/6/2014,4,Yes,2
"Safe n' Simple Stoma Skin Barrier Paste - 2 oz - Protective Ostomy Skin Barrier Supplies - Stoma Adhesive Skin Protectant Paste - Ostomy Skin Barrier Paste, Classic Formula Pectin Based","A state-of-the art filter with an anti-clogging film layer, keeping the pouch flat while virtually eliminating odor. Comfort panel pouch material that is soft and smooth against the skin, nearly rustle-free, resists water and dries quickly. A protective pectin-based paste that helps to prevent leakage and skin irritation around the stoma providing an optimum seal for a better fit and longer wear time. Easy to squeeze tube helps you get the paste out smooth and quick. This product is manufactured in United States.",Patricia M Vanhook,Excellent Ostomy Odor Control,Love this product as it is both odor control and pouch lubricant. Vendor delivery is awesome!,10/15/2019,5,Yes,0
"Safe n' Simple Stoma Skin Barrier Paste - 2 oz - Protective Ostomy Skin Barrier Supplies - Stoma Adhesive Skin Protectant Paste - Ostomy Skin Barrier Paste, Classic Formula Pectin Based","A state-of-the art filter with an anti-clogging film layer, keeping the pouch flat while virtually eliminating odor. Comfort panel pouch material that is soft and smooth against the skin, nearly rustle-free, resists water and dries quickly. A protective pectin-based paste that helps to prevent leakage and skin irritation around the stoma providing an optimum seal for a better fit and longer wear time. Easy to squeeze tube helps you get the paste out smooth and quick. This product is manufactured in United States.",J. Wilder,note lubricating,Good product  for lubricating pouch and deodorizing. Lubricating means that you have to be careful not to get this under the wafer.,8/16/2018,5,Yes,0
"Safe n' Simple Stoma Skin Barrier Paste - 2 oz - Protective Ostomy Skin Barrier Supplies - Stoma Adhesive Skin Protectant Paste - Ostomy Skin Barrier Paste, Classic Formula Pectin Based","A state-of-the art filter with an anti-clogging film layer, keeping the pouch flat while virtually eliminating odor. Comfort panel pouch material that is soft and smooth against the skin, nearly rustle-free, resists water and dries quickly. A protective pectin-based paste that helps to prevent leakage and skin irritation around the stoma providing an optimum seal for a better fit and longer wear time. Easy to squeeze tube helps you get the paste out smooth and quick. This product is manufactured in United States.",Walyo,Works well.,Performs as advertised for ostomy pouches. Odor control for ostomy pouches is a challenge. Nothing works completely but this makes a significant reduction. Also see M9 from the same manufacturer.,9/23/2017,5,Yes,7
"Safe n' Simple Stoma Skin Barrier Paste - 2 oz - Protective Ostomy Skin Barrier Supplies - Stoma Adhesive Skin Protectant Paste - Ostomy Skin Barrier Paste, Classic Formula Pectin Based","A state-of-the art filter with an anti-clogging film layer, keeping the pouch flat while virtually eliminating odor. Comfort panel pouch material that is soft and smooth against the skin, nearly rustle-free, resists water and dries quickly. A protective pectin-based paste that helps to prevent leakage and skin irritation around the stoma providing an optimum seal for a better fit and longer wear time. Easy to squeeze tube helps you get the paste out smooth and quick. This product is manufactured in United States.",terry l mest,thank you,thank you,9/28/2021,5,Yes,0
"Safe n' Simple Stoma Skin Barrier Paste - 2 oz - Protective Ostomy Skin Barrier Supplies - Stoma Adhesive Skin Protectant Paste - Ostomy Skin Barrier Paste, Classic Formula Pectin Based","A state-of-the art filter with an anti-clogging film layer, keeping the pouch flat while virtually eliminating odor. Comfort panel pouch material that is soft and smooth against the skin, nearly rustle-free, resists water and dries quickly. A protective pectin-based paste that helps to prevent leakage and skin irritation around the stoma providing an optimum seal for a better fit and longer wear time. Easy to squeeze tube helps you get the paste out smooth and quick. This product is manufactured in United States.",James Carbary,Works well and is a good price for the size of the bottle.,"Does what it is supposed to do, lubricate and deoderize Colostomy Bags. The best brand on the market for this purpose in my opinion. And very good price for a big bottle.",3/26/2017,5,Yes,2
"Safe n' Simple Stoma Skin Barrier Paste - 2 oz - Protective Ostomy Skin Barrier Supplies - Stoma Adhesive Skin Protectant Paste - Ostomy Skin Barrier Paste, Classic Formula Pectin Based","A state-of-the art filter with an anti-clogging film layer, keeping the pouch flat while virtually eliminating odor. Comfort panel pouch material that is soft and smooth against the skin, nearly rustle-free, resists water and dries quickly. A protective pectin-based paste that helps to prevent leakage and skin irritation around the stoma providing an optimum seal for a better fit and longer wear time. Easy to squeeze tube helps you get the paste out smooth and quick. This product is manufactured in United States.",MumMum9,Works great!,Works great- use it every time I empty or change my bag-each bottle lasts a long time- my insurance  no longer covers this so I'm glad to find it on Amazon at a good price!,9/5/2016,5,Yes,4
"Safe n' Simple Stoma Skin Barrier Paste - 2 oz - Protective Ostomy Skin Barrier Supplies - Stoma Adhesive Skin Protectant Paste - Ostomy Skin Barrier Paste, Classic Formula Pectin Based","A state-of-the art filter with an anti-clogging film layer, keeping the pouch flat while virtually eliminating odor. Comfort panel pouch material that is soft and smooth against the skin, nearly rustle-free, resists water and dries quickly. A protective pectin-based paste that helps to prevent leakage and skin irritation around the stoma providing an optimum seal for a better fit and longer wear time. Easy to squeeze tube helps you get the paste out smooth and quick. This product is manufactured in United States.",Amazon Customer,Helps to control odor,"If you have an ostomy device, this helps with the odor.  I will be reordering it as my sister needs a new supply.",2/24/2018,5,Yes,0
"Safe n' Simple Stoma Skin Barrier Paste - 2 oz - Protective Ostomy Skin Barrier Supplies - Stoma Adhesive Skin Protectant Paste - Ostomy Skin Barrier Paste, Classic Formula Pectin Based","A state-of-the art filter with an anti-clogging film layer, keeping the pouch flat while virtually eliminating odor. Comfort panel pouch material that is soft and smooth against the skin, nearly rustle-free, resists water and dries quickly. A protective pectin-based paste that helps to prevent leakage and skin irritation around the stoma providing an optimum seal for a better fit and longer wear time. Easy to squeeze tube helps you get the paste out smooth and quick. This product is manufactured in United States.",Emilio Marwin Arabe,good,does not eliminate smellyou have to purchase an odor eliminator for thatthis product helps ease the draining,10/9/2014,4,Yes,0
"Safe n' Simple Stoma Skin Barrier Paste - 2 oz - Protective Ostomy Skin Barrier Supplies - Stoma Adhesive Skin Protectant Paste - Ostomy Skin Barrier Paste, Classic Formula Pectin Based","A state-of-the art filter with an anti-clogging film layer, keeping the pouch flat while virtually eliminating odor. Comfort panel pouch material that is soft and smooth against the skin, nearly rustle-free, resists water and dries quickly. A protective pectin-based paste that helps to prevent leakage and skin irritation around the stoma providing an optimum seal for a better fit and longer wear time. Easy to squeeze tube helps you get the paste out smooth and quick. This product is manufactured in United States.",Sandra Shurbet,On time,My husband uses it in conjunction with his colostomy,7/13/2020,5,Yes,0
"Safe n' Simple Stoma Skin Barrier Paste - 2 oz - Protective Ostomy Skin Barrier Supplies - Stoma Adhesive Skin Protectant Paste - Ostomy Skin Barrier Paste, Classic Formula Pectin Based","A state-of-the art filter with an anti-clogging film layer, keeping the pouch flat while virtually eliminating odor. Comfort panel pouch material that is soft and smooth against the skin, nearly rustle-free, resists water and dries quickly. A protective pectin-based paste that helps to prevent leakage and skin irritation around the stoma providing an optimum seal for a better fit and longer wear time. Easy to squeeze tube helps you get the paste out smooth and quick. This product is manufactured in United States.",sarah newhalfen,Convient,Works well! Never have a problem with it not helping it slide down the bag,7/30/2019,5,Yes,0
"Safe n' Simple Stoma Skin Barrier Paste - 2 oz - Protective Ostomy Skin Barrier Supplies - Stoma Adhesive Skin Protectant Paste - Ostomy Skin Barrier Paste, Classic Formula Pectin Based","A state-of-the art filter with an anti-clogging film layer, keeping the pouch flat while virtually eliminating odor. Comfort panel pouch material that is soft and smooth against the skin, nearly rustle-free, resists water and dries quickly. A protective pectin-based paste that helps to prevent leakage and skin irritation around the stoma providing an optimum seal for a better fit and longer wear time. Easy to squeeze tube helps you get the paste out smooth and quick. This product is manufactured in United States.",Jon M Fredrich,Four Stars,Very nice product. Doesn't get rid of the ostomy bag smell though.,12/7/2016,4,Yes,0
"Safe n' Simple Stoma Skin Barrier Paste - 2 oz - Protective Ostomy Skin Barrier Supplies - Stoma Adhesive Skin Protectant Paste - Ostomy Skin Barrier Paste, Classic Formula Pectin Based","A state-of-the art filter with an anti-clogging film layer, keeping the pouch flat while virtually eliminating odor. Comfort panel pouch material that is soft and smooth against the skin, nearly rustle-free, resists water and dries quickly. A protective pectin-based paste that helps to prevent leakage and skin irritation around the stoma providing an optimum seal for a better fit and longer wear time. Easy to squeeze tube helps you get the paste out smooth and quick. This product is manufactured in United States.",carlos c.,Four Stars,works well not great.,12/4/2017,4,Yes,0
"Safe n' Simple Stoma Skin Barrier Paste - 2 oz - Protective Ostomy Skin Barrier Supplies - Stoma Adhesive Skin Protectant Paste - Ostomy Skin Barrier Paste, Classic Formula Pectin Based","A state-of-the art filter with an anti-clogging film layer, keeping the pouch flat while virtually eliminating odor. Comfort panel pouch material that is soft and smooth against the skin, nearly rustle-free, resists water and dries quickly. A protective pectin-based paste that helps to prevent leakage and skin irritation around the stoma providing an optimum seal for a better fit and longer wear time. Easy to squeeze tube helps you get the paste out smooth and quick. This product is manufactured in United States.",Kandi Robinson,Best product available,Best product for keeping the ostomy bag from smelling foul.,2/17/2020,5,Yes,0
"Safe n' Simple Stoma Skin Barrier Paste - 2 oz - Protective Ostomy Skin Barrier Supplies - Stoma Adhesive Skin Protectant Paste - Ostomy Skin Barrier Paste, Classic Formula Pectin Based","A state-of-the art filter with an anti-clogging film layer, keeping the pouch flat while virtually eliminating odor. Comfort panel pouch material that is soft and smooth against the skin, nearly rustle-free, resists water and dries quickly. A protective pectin-based paste that helps to prevent leakage and skin irritation around the stoma providing an optimum seal for a better fit and longer wear time. Easy to squeeze tube helps you get the paste out smooth and quick. This product is manufactured in United States.",Amazon Customer,It works!,A product that does exactly what it says it does. It works great and I will be buying more.,9/4/2018,5,Yes,0
"Safe n' Simple Stoma Skin Barrier Paste - 2 oz - Protective Ostomy Skin Barrier Supplies - Stoma Adhesive Skin Protectant Paste - Ostomy Skin Barrier Paste, Classic Formula Pectin Based","A state-of-the art filter with an anti-clogging film layer, keeping the pouch flat while virtually eliminating odor. Comfort panel pouch material that is soft and smooth against the skin, nearly rustle-free, resists water and dries quickly. A protective pectin-based paste that helps to prevent leakage and skin irritation around the stoma providing an optimum seal for a better fit and longer wear time. Easy to squeeze tube helps you get the paste out smooth and quick. This product is manufactured in United States.",Shermhorn,A must-have for ostemy bag wearers,"If you have to wear an ostemy bag, it's a good idea to have this stuff on hand and use it.  It does lubricate and keeps any odor from seeping out of the bag.",2/21/2016,5,Yes,3
"Safe n' Simple Stoma Skin Barrier Paste - 2 oz - Protective Ostomy Skin Barrier Supplies - Stoma Adhesive Skin Protectant Paste - Ostomy Skin Barrier Paste, Classic Formula Pectin Based","A state-of-the art filter with an anti-clogging film layer, keeping the pouch flat while virtually eliminating odor. Comfort panel pouch material that is soft and smooth against the skin, nearly rustle-free, resists water and dries quickly. A protective pectin-based paste that helps to prevent leakage and skin irritation around the stoma providing an optimum seal for a better fit and longer wear time. Easy to squeeze tube helps you get the paste out smooth and quick. This product is manufactured in United States.",Nancy,Good for the job!,Can't live without it.  Excellent product.  Good for the job.,12/31/2015,4,Yes,0
"Safe n' Simple Stoma Skin Barrier Paste - 2 oz - Protective Ostomy Skin Barrier Supplies - Stoma Adhesive Skin Protectant Paste - Ostomy Skin Barrier Paste, Classic Formula Pectin Based","A state-of-the art filter with an anti-clogging film layer, keeping the pouch flat while virtually eliminating odor. Comfort panel pouch material that is soft and smooth against the skin, nearly rustle-free, resists water and dries quickly. A protective pectin-based paste that helps to prevent leakage and skin irritation around the stoma providing an optimum seal for a better fit and longer wear time. Easy to squeeze tube helps you get the paste out smooth and quick. This product is manufactured in United States.",Jeff Patton,Best product,"If you need it, this is the product for you!",11/17/2019,5,Yes,0
"Safe n' Simple Stoma Skin Barrier Paste - 2 oz - Protective Ostomy Skin Barrier Supplies - Stoma Adhesive Skin Protectant Paste - Ostomy Skin Barrier Paste, Classic Formula Pectin Based","A state-of-the art filter with an anti-clogging film layer, keeping the pouch flat while virtually eliminating odor. Comfort panel pouch material that is soft and smooth against the skin, nearly rustle-free, resists water and dries quickly. A protective pectin-based paste that helps to prevent leakage and skin irritation around the stoma providing an optimum seal for a better fit and longer wear time. Easy to squeeze tube helps you get the paste out smooth and quick. This product is manufactured in United States.",Dawn Brewster,Very useful,The product makes it easier to remove the bag contents.,8/21/2019,5,Yes,0
"Safe n' Simple Stoma Skin Barrier Paste - 2 oz - Protective Ostomy Skin Barrier Supplies - Stoma Adhesive Skin Protectant Paste - Ostomy Skin Barrier Paste, Classic Formula Pectin Based","A state-of-the art filter with an anti-clogging film layer, keeping the pouch flat while virtually eliminating odor. Comfort panel pouch material that is soft and smooth against the skin, nearly rustle-free, resists water and dries quickly. A protective pectin-based paste that helps to prevent leakage and skin irritation around the stoma providing an optimum seal for a better fit and longer wear time. Easy to squeeze tube helps you get the paste out smooth and quick. This product is manufactured in United States.",Auburn Berry,Makes emptying ostomy bags so much easier. Does not ...,"Makes emptying ostomy bags so much easier.  Does not eliminate odor, but works very well in combination with Hollister's M9 Odor Eliminator drops.",9/22/2016,5,Yes,2
"Safe n' Simple Stoma Skin Barrier Paste - 2 oz - Protective Ostomy Skin Barrier Supplies - Stoma Adhesive Skin Protectant Paste - Ostomy Skin Barrier Paste, Classic Formula Pectin Based","A state-of-the art filter with an anti-clogging film layer, keeping the pouch flat while virtually eliminating odor. Comfort panel pouch material that is soft and smooth against the skin, nearly rustle-free, resists water and dries quickly. A protective pectin-based paste that helps to prevent leakage and skin irritation around the stoma providing an optimum seal for a better fit and longer wear time. Easy to squeeze tube helps you get the paste out smooth and quick. This product is manufactured in United States.",Gloria Risner,Four Stars,Works just fine.  Just what I needed.,5/2/2016,4,Yes,0
"Safe n' Simple Stoma Skin Barrier Paste - 2 oz - Protective Ostomy Skin Barrier Supplies - Stoma Adhesive Skin Protectant Paste - Ostomy Skin Barrier Paste, Classic Formula Pectin Based","A state-of-the art filter with an anti-clogging film layer, keeping the pouch flat while virtually eliminating odor. Comfort panel pouch material that is soft and smooth against the skin, nearly rustle-free, resists water and dries quickly. A protective pectin-based paste that helps to prevent leakage and skin irritation around the stoma providing an optimum seal for a better fit and longer wear time. Easy to squeeze tube helps you get the paste out smooth and quick. This product is manufactured in United States.",Jame' Huggins,GOOD PRODUCT,WOULD LIKE IT TO BE CHEAPER :),11/22/2019,5,Yes,3
"Safe n' Simple Stoma Skin Barrier Paste - 2 oz - Protective Ostomy Skin Barrier Supplies - Stoma Adhesive Skin Protectant Paste - Ostomy Skin Barrier Paste, Classic Formula Pectin Based","A state-of-the art filter with an anti-clogging film layer, keeping the pouch flat while virtually eliminating odor. Comfort panel pouch material that is soft and smooth against the skin, nearly rustle-free, resists water and dries quickly. A protective pectin-based paste that helps to prevent leakage and skin irritation around the stoma providing an optimum seal for a better fit and longer wear time. Easy to squeeze tube helps you get the paste out smooth and quick. This product is manufactured in United States.",Amazon Customer,Four Stars,Works great easy to use,4/19/2017,4,Yes,0
"Safe n' Simple Stoma Skin Barrier Paste - 2 oz - Protective Ostomy Skin Barrier Supplies - Stoma Adhesive Skin Protectant Paste - Ostomy Skin Barrier Paste, Classic Formula Pectin Based","A state-of-the art filter with an anti-clogging film layer, keeping the pouch flat while virtually eliminating odor. Comfort panel pouch material that is soft and smooth against the skin, nearly rustle-free, resists water and dries quickly. A protective pectin-based paste that helps to prevent leakage and skin irritation around the stoma providing an optimum seal for a better fit and longer wear time. Easy to squeeze tube helps you get the paste out smooth and quick. This product is manufactured in United States.",Xtina,Ostomy,I bought for a friend and she loved it,10/2/2019,5,Yes,0
"Safe n' Simple Stoma Skin Barrier Paste - 2 oz - Protective Ostomy Skin Barrier Supplies - Stoma Adhesive Skin Protectant Paste - Ostomy Skin Barrier Paste, Classic Formula Pectin Based","A state-of-the art filter with an anti-clogging film layer, keeping the pouch flat while virtually eliminating odor. Comfort panel pouch material that is soft and smooth against the skin, nearly rustle-free, resists water and dries quickly. A protective pectin-based paste that helps to prevent leakage and skin irritation around the stoma providing an optimum seal for a better fit and longer wear time. Easy to squeeze tube helps you get the paste out smooth and quick. This product is manufactured in United States.",Kathryn,Adapt is the best deodorant for me,Adapt is the best deodorant for me. I have tried them all at one time or another. Other people like others better.,4/5/2017,5,Yes,0
"Safe n' Simple Stoma Skin Barrier Paste - 2 oz - Protective Ostomy Skin Barrier Supplies - Stoma Adhesive Skin Protectant Paste - Ostomy Skin Barrier Paste, Classic Formula Pectin Based","A state-of-the art filter with an anti-clogging film layer, keeping the pouch flat while virtually eliminating odor. Comfort panel pouch material that is soft and smooth against the skin, nearly rustle-free, resists water and dries quickly. A protective pectin-based paste that helps to prevent leakage and skin irritation around the stoma providing an optimum seal for a better fit and longer wear time. Easy to squeeze tube helps you get the paste out smooth and quick. This product is manufactured in United States.",Amazon Customer,This is the best product I've found to help keep bags from getting ...,"This is the best product I've found to help keep bags from getting ""yucky"". Definitely worth it when trying to keep area clean.",6/14/2017,5,Yes,5
"Safe n' Simple Stoma Skin Barrier Paste - 2 oz - Protective Ostomy Skin Barrier Supplies - Stoma Adhesive Skin Protectant Paste - Ostomy Skin Barrier Paste, Classic Formula Pectin Based","A state-of-the art filter with an anti-clogging film layer, keeping the pouch flat while virtually eliminating odor. Comfort panel pouch material that is soft and smooth against the skin, nearly rustle-free, resists water and dries quickly. A protective pectin-based paste that helps to prevent leakage and skin irritation around the stoma providing an optimum seal for a better fit and longer wear time. Easy to squeeze tube helps you get the paste out smooth and quick. This product is manufactured in United States.",greyone_310,Four Stars,really works well,6/16/2016,4,Yes,0
"Safe n' Simple Stoma Skin Barrier Paste - 2 oz - Protective Ostomy Skin Barrier Supplies - Stoma Adhesive Skin Protectant Paste - Ostomy Skin Barrier Paste, Classic Formula Pectin Based","A state-of-the art filter with an anti-clogging film layer, keeping the pouch flat while virtually eliminating odor. Comfort panel pouch material that is soft and smooth against the skin, nearly rustle-free, resists water and dries quickly. A protective pectin-based paste that helps to prevent leakage and skin irritation around the stoma providing an optimum seal for a better fit and longer wear time. Easy to squeeze tube helps you get the paste out smooth and quick. This product is manufactured in United States.",Phillip Blunk,... ostimate I can tell you that this is a superior product for both odor control and lubrication,As an experienced ostimate I can tell you that this is a superior product for both odor control and lubrication. Failure price.,9/6/2017,5,Yes,0
"Safe n' Simple Stoma Skin Barrier Paste - 2 oz - Protective Ostomy Skin Barrier Supplies - Stoma Adhesive Skin Protectant Paste - Ostomy Skin Barrier Paste, Classic Formula Pectin Based","A state-of-the art filter with an anti-clogging film layer, keeping the pouch flat while virtually eliminating odor. Comfort panel pouch material that is soft and smooth against the skin, nearly rustle-free, resists water and dries quickly. A protective pectin-based paste that helps to prevent leakage and skin irritation around the stoma providing an optimum seal for a better fit and longer wear time. Easy to squeeze tube helps you get the paste out smooth and quick. This product is manufactured in United States.",Russ,Four Stars,works well for me,7/4/2016,4,Yes,0
"Safe n' Simple Stoma Skin Barrier Paste - 2 oz - Protective Ostomy Skin Barrier Supplies - Stoma Adhesive Skin Protectant Paste - Ostomy Skin Barrier Paste, Classic Formula Pectin Based","A state-of-the art filter with an anti-clogging film layer, keeping the pouch flat while virtually eliminating odor. Comfort panel pouch material that is soft and smooth against the skin, nearly rustle-free, resists water and dries quickly. A protective pectin-based paste that helps to prevent leakage and skin irritation around the stoma providing an optimum seal for a better fit and longer wear time. Easy to squeeze tube helps you get the paste out smooth and quick. This product is manufactured in United States.",Terry Graham,Most effective,This is the best lubricant!,4/2/2020,5,Yes,0
"Safe n' Simple Stoma Skin Barrier Paste - 2 oz - Protective Ostomy Skin Barrier Supplies - Stoma Adhesive Skin Protectant Paste - Ostomy Skin Barrier Paste, Classic Formula Pectin Based","A state-of-the art filter with an anti-clogging film layer, keeping the pouch flat while virtually eliminating odor. Comfort panel pouch material that is soft and smooth against the skin, nearly rustle-free, resists water and dries quickly. A protective pectin-based paste that helps to prevent leakage and skin irritation around the stoma providing an optimum seal for a better fit and longer wear time. Easy to squeeze tube helps you get the paste out smooth and quick. This product is manufactured in United States.",Sam,Four Stars,Works as expected.,12/14/2016,4,Yes,0
"Safe n' Simple Stoma Skin Barrier Paste - 2 oz - Protective Ostomy Skin Barrier Supplies - Stoma Adhesive Skin Protectant Paste - Ostomy Skin Barrier Paste, Classic Formula Pectin Based","A state-of-the art filter with an anti-clogging film layer, keeping the pouch flat while virtually eliminating odor. Comfort panel pouch material that is soft and smooth against the skin, nearly rustle-free, resists water and dries quickly. A protective pectin-based paste that helps to prevent leakage and skin irritation around the stoma providing an optimum seal for a better fit and longer wear time. Easy to squeeze tube helps you get the paste out smooth and quick. This product is manufactured in United States.",Amazon Customer,does its job,its okay,10/23/2020,5,Yes,0
"Safe n' Simple Stoma Skin Barrier Paste - 2 oz - Protective Ostomy Skin Barrier Supplies - Stoma Adhesive Skin Protectant Paste - Ostomy Skin Barrier Paste, Classic Formula Pectin Based","A state-of-the art filter with an anti-clogging film layer, keeping the pouch flat while virtually eliminating odor. Comfort panel pouch material that is soft and smooth against the skin, nearly rustle-free, resists water and dries quickly. A protective pectin-based paste that helps to prevent leakage and skin irritation around the stoma providing an optimum seal for a better fit and longer wear time. Easy to squeeze tube helps you get the paste out smooth and quick. This product is manufactured in United States.",Kenneth orbes,Four Stars,it performs as expected,10/14/2015,4,Yes,0
"Safe n' Simple Stoma Skin Barrier Paste - 2 oz - Protective Ostomy Skin Barrier Supplies - Stoma Adhesive Skin Protectant Paste - Ostomy Skin Barrier Paste, Classic Formula Pectin Based","A state-of-the art filter with an anti-clogging film layer, keeping the pouch flat while virtually eliminating odor. Comfort panel pouch material that is soft and smooth against the skin, nearly rustle-free, resists water and dries quickly. A protective pectin-based paste that helps to prevent leakage and skin irritation around the stoma providing an optimum seal for a better fit and longer wear time. Easy to squeeze tube helps you get the paste out smooth and quick. This product is manufactured in United States.",Dorothy,Four Stars,it works good,7/1/2016,4,Yes,0
"Safe n' Simple Stoma Skin Barrier Paste - 2 oz - Protective Ostomy Skin Barrier Supplies - Stoma Adhesive Skin Protectant Paste - Ostomy Skin Barrier Paste, Classic Formula Pectin Based","A state-of-the art filter with an anti-clogging film layer, keeping the pouch flat while virtually eliminating odor. Comfort panel pouch material that is soft and smooth against the skin, nearly rustle-free, resists water and dries quickly. A protective pectin-based paste that helps to prevent leakage and skin irritation around the stoma providing an optimum seal for a better fit and longer wear time. Easy to squeeze tube helps you get the paste out smooth and quick. This product is manufactured in United States.",Bert Coon,quick easy ordering,"this is a great product,  and fast delivery",6/7/2019,5,Yes,0
"Safe n' Simple Stoma Skin Barrier Paste - 2 oz - Protective Ostomy Skin Barrier Supplies - Stoma Adhesive Skin Protectant Paste - Ostomy Skin Barrier Paste, Classic Formula Pectin Based","A state-of-the art filter with an anti-clogging film layer, keeping the pouch flat while virtually eliminating odor. Comfort panel pouch material that is soft and smooth against the skin, nearly rustle-free, resists water and dries quickly. A protective pectin-based paste that helps to prevent leakage and skin irritation around the stoma providing an optimum seal for a better fit and longer wear time. Easy to squeeze tube helps you get the paste out smooth and quick. This product is manufactured in United States.",winston13,I was very happy with the Deodorant,"I was very happy with the Deodorant, and would appreciate it ifyou would provide express shipping at no cost.Thank you very much,Magali Battenfield",6/20/2015,5,Yes,0
"Safe n' Simple Stoma Skin Barrier Paste - 2 oz - Protective Ostomy Skin Barrier Supplies - Stoma Adhesive Skin Protectant Paste - Ostomy Skin Barrier Paste, Classic Formula Pectin Based","A state-of-the art filter with an anti-clogging film layer, keeping the pouch flat while virtually eliminating odor. Comfort panel pouch material that is soft and smooth against the skin, nearly rustle-free, resists water and dries quickly. A protective pectin-based paste that helps to prevent leakage and skin irritation around the stoma providing an optimum seal for a better fit and longer wear time. Easy to squeeze tube helps you get the paste out smooth and quick. This product is manufactured in United States.",John A. Phillips,The love this product,"This is for a family member. The love this product. They states, not to thin or to thick just right. The ordor control is not overwhelming.",1/18/2015,5,Yes,2
"Safe n' Simple Stoma Skin Barrier Paste - 2 oz - Protective Ostomy Skin Barrier Supplies - Stoma Adhesive Skin Protectant Paste - Ostomy Skin Barrier Paste, Classic Formula Pectin Based","A state-of-the art filter with an anti-clogging film layer, keeping the pouch flat while virtually eliminating odor. Comfort panel pouch material that is soft and smooth against the skin, nearly rustle-free, resists water and dries quickly. A protective pectin-based paste that helps to prevent leakage and skin irritation around the stoma providing an optimum seal for a better fit and longer wear time. Easy to squeeze tube helps you get the paste out smooth and quick. This product is manufactured in United States.",Esalata,Does what you need it to,Good thickness. Works.,10/13/2020,5,Yes,0
"Safe n' Simple Stoma Skin Barrier Paste - 2 oz - Protective Ostomy Skin Barrier Supplies - Stoma Adhesive Skin Protectant Paste - Ostomy Skin Barrier Paste, Classic Formula Pectin Based","A state-of-the art filter with an anti-clogging film layer, keeping the pouch flat while virtually eliminating odor. Comfort panel pouch material that is soft and smooth against the skin, nearly rustle-free, resists water and dries quickly. A protective pectin-based paste that helps to prevent leakage and skin irritation around the stoma providing an optimum seal for a better fit and longer wear time. Easy to squeeze tube helps you get the paste out smooth and quick. This product is manufactured in United States.",Kindle Customer,Excellent product,"Fast delivery. Much better than the paste. Appreciate being able to use it in its entirety out as ""patch"" pieces.",4/18/2018,5,Yes,0
"Safe n' Simple Stoma Skin Barrier Paste - 2 oz - Protective Ostomy Skin Barrier Supplies - Stoma Adhesive Skin Protectant Paste - Ostomy Skin Barrier Paste, Classic Formula Pectin Based","A state-of-the art filter with an anti-clogging film layer, keeping the pouch flat while virtually eliminating odor. Comfort panel pouch material that is soft and smooth against the skin, nearly rustle-free, resists water and dries quickly. A protective pectin-based paste that helps to prevent leakage and skin irritation around the stoma providing an optimum seal for a better fit and longer wear time. Easy to squeeze tube helps you get the paste out smooth and quick. This product is manufactured in United States.",The Nurse Girl,Good price,"Perfect product to be used for an ostomy. The price is unbeatable, compared to the local surgical supply stores. I will order it again.",9/16/2016,5,Yes,12
"Safe n' Simple Stoma Skin Barrier Paste - 2 oz - Protective Ostomy Skin Barrier Supplies - Stoma Adhesive Skin Protectant Paste - Ostomy Skin Barrier Paste, Classic Formula Pectin Based","A state-of-the art filter with an anti-clogging film layer, keeping the pouch flat while virtually eliminating odor. Comfort panel pouch material that is soft and smooth against the skin, nearly rustle-free, resists water and dries quickly. A protective pectin-based paste that helps to prevent leakage and skin irritation around the stoma providing an optimum seal for a better fit and longer wear time. Easy to squeeze tube helps you get the paste out smooth and quick. This product is manufactured in United States.",Franco E.,It came early,Good,3/21/2021,5,Yes,0
"Safe n' Simple Stoma Skin Barrier Paste - 2 oz - Protective Ostomy Skin Barrier Supplies - Stoma Adhesive Skin Protectant Paste - Ostomy Skin Barrier Paste, Classic Formula Pectin Based","A state-of-the art filter with an anti-clogging film layer, keeping the pouch flat while virtually eliminating odor. Comfort panel pouch material that is soft and smooth against the skin, nearly rustle-free, resists water and dries quickly. A protective pectin-based paste that helps to prevent leakage and skin irritation around the stoma providing an optimum seal for a better fit and longer wear time. Easy to squeeze tube helps you get the paste out smooth and quick. This product is manufactured in United States.",Biscky,Works well,I've had my Ileostomy for several months and have tried several different barrier rings.  I prefer the Hollister ones over all the others.  These rings work well for me.,9/22/2015,5,Yes,6
"Safe n' Simple Stoma Skin Barrier Paste - 2 oz - Protective Ostomy Skin Barrier Supplies - Stoma Adhesive Skin Protectant Paste - Ostomy Skin Barrier Paste, Classic Formula Pectin Based","A state-of-the art filter with an anti-clogging film layer, keeping the pouch flat while virtually eliminating odor. Comfort panel pouch material that is soft and smooth against the skin, nearly rustle-free, resists water and dries quickly. A protective pectin-based paste that helps to prevent leakage and skin irritation around the stoma providing an optimum seal for a better fit and longer wear time. Easy to squeeze tube helps you get the paste out smooth and quick. This product is manufactured in United States.",Kristy,Highly recommend,These bad boys are life savers for my husband.,12/1/2019,5,Yes,0
"Safe n' Simple Stoma Skin Barrier Paste - 2 oz - Protective Ostomy Skin Barrier Supplies - Stoma Adhesive Skin Protectant Paste - Ostomy Skin Barrier Paste, Classic Formula Pectin Based","A state-of-the art filter with an anti-clogging film layer, keeping the pouch flat while virtually eliminating odor. Comfort panel pouch material that is soft and smooth against the skin, nearly rustle-free, resists water and dries quickly. A protective pectin-based paste that helps to prevent leakage and skin irritation around the stoma providing an optimum seal for a better fit and longer wear time. Easy to squeeze tube helps you get the paste out smooth and quick. This product is manufactured in United States.",Amazon Customer,It is hard to get excited about medical supplies. ...,"It is hard to get excited about medical supplies.  But the product is exactly as described, works perfectly and arrived right on time.",4/4/2017,5,Yes,3
"Safe n' Simple Stoma Skin Barrier Paste - 2 oz - Protective Ostomy Skin Barrier Supplies - Stoma Adhesive Skin Protectant Paste - Ostomy Skin Barrier Paste, Classic Formula Pectin Based","A state-of-the art filter with an anti-clogging film layer, keeping the pouch flat while virtually eliminating odor. Comfort panel pouch material that is soft and smooth against the skin, nearly rustle-free, resists water and dries quickly. A protective pectin-based paste that helps to prevent leakage and skin irritation around the stoma providing an optimum seal for a better fit and longer wear time. Easy to squeeze tube helps you get the paste out smooth and quick. This product is manufactured in United States.",camille doria,My insurance wouldent pay they gave me a cheaper ones  that were very thin,Perfect thickness,11/7/2020,5,Yes,0
"Safe n' Simple Stoma Skin Barrier Paste - 2 oz - Protective Ostomy Skin Barrier Supplies - Stoma Adhesive Skin Protectant Paste - Ostomy Skin Barrier Paste, Classic Formula Pectin Based","A state-of-the art filter with an anti-clogging film layer, keeping the pouch flat while virtually eliminating odor. Comfort panel pouch material that is soft and smooth against the skin, nearly rustle-free, resists water and dries quickly. A protective pectin-based paste that helps to prevent leakage and skin irritation around the stoma providing an optimum seal for a better fit and longer wear time. Easy to squeeze tube helps you get the paste out smooth and quick. This product is manufactured in United States.",Gustavo Madrigal,Excellent,"Works well, holds the ostomy bag, avoiding leaking",6/20/2019,5,Yes,0
"Safe n' Simple Stoma Skin Barrier Paste - 2 oz - Protective Ostomy Skin Barrier Supplies - Stoma Adhesive Skin Protectant Paste - Ostomy Skin Barrier Paste, Classic Formula Pectin Based","A state-of-the art filter with an anti-clogging film layer, keeping the pouch flat while virtually eliminating odor. Comfort panel pouch material that is soft and smooth against the skin, nearly rustle-free, resists water and dries quickly. A protective pectin-based paste that helps to prevent leakage and skin irritation around the stoma providing an optimum seal for a better fit and longer wear time. Easy to squeeze tube helps you get the paste out smooth and quick. This product is manufactured in United States.",C. L. Kehoe,Work great,Work great.  If you have to use a ring these are good.,1/3/2019,5,Yes,0
"Safe n' Simple Stoma Skin Barrier Paste - 2 oz - Protective Ostomy Skin Barrier Supplies - Stoma Adhesive Skin Protectant Paste - Ostomy Skin Barrier Paste, Classic Formula Pectin Based","A state-of-the art filter with an anti-clogging film layer, keeping the pouch flat while virtually eliminating odor. Comfort panel pouch material that is soft and smooth against the skin, nearly rustle-free, resists water and dries quickly. A protective pectin-based paste that helps to prevent leakage and skin irritation around the stoma providing an optimum seal for a better fit and longer wear time. Easy to squeeze tube helps you get the paste out smooth and quick. This product is manufactured in United States.",Holley Huggler,Need,It need thing,3/22/2020,5,Yes,0
"Safe n' Simple Stoma Skin Barrier Paste - 2 oz - Protective Ostomy Skin Barrier Supplies - Stoma Adhesive Skin Protectant Paste - Ostomy Skin Barrier Paste, Classic Formula Pectin Based","A state-of-the art filter with an anti-clogging film layer, keeping the pouch flat while virtually eliminating odor. Comfort panel pouch material that is soft and smooth against the skin, nearly rustle-free, resists water and dries quickly. A protective pectin-based paste that helps to prevent leakage and skin irritation around the stoma providing an optimum seal for a better fit and longer wear time. Easy to squeeze tube helps you get the paste out smooth and quick. This product is manufactured in United States.",Amazon Customer,Adapt barrier rings,These little gaskets are far better than the paste. I just love them. Most of the time I don't have leakage when using these little guys.,12/12/2016,5,Yes,17
"Medical Adhesive (4oz) | Ostomy, Breast Forms. SFX | Waterproof Silicone Skin Glue for Bandages, Prosthetics, Condom Catheters, Skin Adhesive","Skinister Medical Adhesive is a skin safe glue designed for medical applications including ostomy bags, mastectomy breast forms, condom catheters, and bandages. It can also be used to attach maxillofacial prosthetics.",L. Pletka,Item not as shown or advertised,For some these might work for a short time.  Item is a white gum/plastic like material.  It doesn't stay stretched without sticking it onto wafer.  Adhesion is not very strong for wafer or skin.,7/21/2024,1,Yes,0
"Medical Adhesive (4oz) | Ostomy, Breast Forms. SFX | Waterproof Silicone Skin Glue for Bandages, Prosthetics, Condom Catheters, Skin Adhesive","Skinister Medical Adhesive is a skin safe glue designed for medical applications including ostomy bags, mastectomy breast forms, condom catheters, and bandages. It can also be used to attach maxillofacial prosthetics.",Mary Green,Rings shrink after being stretched,After you stretch the rings they slower shrink back to size.  I went back to the more expensive ones because they work much better.,11/3/2024,3,Yes,0
"Medical Adhesive (4oz) | Ostomy, Breast Forms. SFX | Waterproof Silicone Skin Glue for Bandages, Prosthetics, Condom Catheters, Skin Adhesive","Skinister Medical Adhesive is a skin safe glue designed for medical applications including ostomy bags, mastectomy breast forms, condom catheters, and bandages. It can also be used to attach maxillofacial prosthetics.",Joe DeGeronimo,Honest review,"I read about how bad these where compared to Hollister's and I actually ordered them by mistake. However, I have found that if you take your scissors and cut a slit you can manipulate the was easier. Also, if you are like me, I rinse the bag out with hot water after making my toilet delivery, (HINT: Sit facing the tank, a lot easier). Keep the hot water running and put the ring on the faucet to get it nice and hot. Flip it and repeat. This will also make it a lot easier to manipulate. Hope this is helpful.",1/10/2021,3,Yes,5
"Medical Adhesive (4oz) | Ostomy, Breast Forms. SFX | Waterproof Silicone Skin Glue for Bandages, Prosthetics, Condom Catheters, Skin Adhesive","Skinister Medical Adhesive is a skin safe glue designed for medical applications including ostomy bags, mastectomy breast forms, condom catheters, and bandages. It can also be used to attach maxillofacial prosthetics.",Amazon Customer,Not coloplast as advertised,"What I received was a chinese imitation, not coloplast a advertised. When the word adapt was used, that is a hollister product line, so I should have known better. These only stuck on for one day, I have some left and probably won't use them. When you purchase anything, you get what was advertised, not something else that even had chinese writing and descriptions on the box.",1/3/2019,3,Yes,2
"Medical Adhesive (4oz) | Ostomy, Breast Forms. SFX | Waterproof Silicone Skin Glue for Bandages, Prosthetics, Condom Catheters, Skin Adhesive","Skinister Medical Adhesive is a skin safe glue designed for medical applications including ostomy bags, mastectomy breast forms, condom catheters, and bandages. It can also be used to attach maxillofacial prosthetics.",Big Rah,Ostamy products - do your research first,This product is good but does not do the job if you have sensitive skin or very irritable skin. You may want to try something more suitable for people with sensitive skin as this barrier leaves skin irritation of it gets wet!!,4/19/2021,3,Yes,0
"Medical Adhesive (4oz) | Ostomy, Breast Forms. SFX | Waterproof Silicone Skin Glue for Bandages, Prosthetics, Condom Catheters, Skin Adhesive","Skinister Medical Adhesive is a skin safe glue designed for medical applications including ostomy bags, mastectomy breast forms, condom catheters, and bandages. It can also be used to attach maxillofacial prosthetics.",Patricia Baker,Horrible,These leak.  I did not make it 24 hrs with these rings. My skin is irritated.  I have had a ostomy for over 10 years- never had a problem like this.  Definitely not the Hollister Adapt brand that I thought I was ordering! Do not purchase these!  Waste of your money.,1/17/2024,1,Yes,3
"Medical Adhesive (4oz) | Ostomy, Breast Forms. SFX | Waterproof Silicone Skin Glue for Bandages, Prosthetics, Condom Catheters, Skin Adhesive","Skinister Medical Adhesive is a skin safe glue designed for medical applications including ostomy bags, mastectomy breast forms, condom catheters, and bandages. It can also be used to attach maxillofacial prosthetics.",Cassandra Kelly,Ok,Ostomy,10/13/2022,3,Yes,0
"Medical Adhesive (4oz) | Ostomy, Breast Forms. SFX | Waterproof Silicone Skin Glue for Bandages, Prosthetics, Condom Catheters, Skin Adhesive","Skinister Medical Adhesive is a skin safe glue designed for medical applications including ostomy bags, mastectomy breast forms, condom catheters, and bandages. It can also be used to attach maxillofacial prosthetics.",DisneyEdie,This product was a disaster!,"Should have read the reviews prior to buying; what these seals are meant to hold back is the one word I would use to describe them. They are definitely thinner than my usual Eakin Seals, of which I normally use 2 when applying my wafer.  I still only used 2 which was a mistake, as I had to change the seal about 5 hours later.  Those of you who’ve ever had an unexpected leak know what that meant.  I came home to replace the wafer and seals but this time used 3 seals hoping that would give me better results.  Nope.  Seal only lasted a couple of hours.  I’ll use 4 this time and hope the seal holds long enough for me to order and receive my more expensive - but definitely more trustworthy - Eakin Seals.",6/9/2019,1,Yes,7
"Medical Adhesive (4oz) | Ostomy, Breast Forms. SFX | Waterproof Silicone Skin Glue for Bandages, Prosthetics, Condom Catheters, Skin Adhesive","Skinister Medical Adhesive is a skin safe glue designed for medical applications including ostomy bags, mastectomy breast forms, condom catheters, and bandages. It can also be used to attach maxillofacial prosthetics.",c. kemper,Okay barrier rings,These rings are OK for the price,5/1/2022,3,Yes,0
"Medical Adhesive (4oz) | Ostomy, Breast Forms. SFX | Waterproof Silicone Skin Glue for Bandages, Prosthetics, Condom Catheters, Skin Adhesive","Skinister Medical Adhesive is a skin safe glue designed for medical applications including ostomy bags, mastectomy breast forms, condom catheters, and bandages. It can also be used to attach maxillofacial prosthetics.",Extremely disappointed… I had a bag on for all of half hr before it started to leak… tried again and same issue… so not worth spending any money on…,Very poor adhesive,I tried 2 different times and was leaking within an half hrs time…,6/6/2024,1,Yes,0
"Medical Adhesive (4oz) | Ostomy, Breast Forms. SFX | Waterproof Silicone Skin Glue for Bandages, Prosthetics, Condom Catheters, Skin Adhesive","Skinister Medical Adhesive is a skin safe glue designed for medical applications including ostomy bags, mastectomy breast forms, condom catheters, and bandages. It can also be used to attach maxillofacial prosthetics.",Chris K.,Not worth it.,"Very very poor product. This product has almost 0 adhesion when applied.We applied one. Placed pressure on it for about 15Minutes to help adhesion. As soon as I walked downstairs I could smell the leak. We thought well, let’s try again.Immediately placed a new one after completely cleaning the area again.  This time, I stayed immobile for 20 minutes. Once i was Sitting on the couch, it began leaking again. Within 10 minutes.Neither time when I removed the appliance did I need adhesive remover. I was able to remove the ring quite easily.",8/20/2020,1,Yes,0
"Medical Adhesive (4oz) | Ostomy, Breast Forms. SFX | Waterproof Silicone Skin Glue for Bandages, Prosthetics, Condom Catheters, Skin Adhesive","Skinister Medical Adhesive is a skin safe glue designed for medical applications including ostomy bags, mastectomy breast forms, condom catheters, and bandages. It can also be used to attach maxillofacial prosthetics.",Sam,NOT Adapt Barrier Rings,"They use the word “adapt” in the description, but these are not Adapt barrier rings (a Hollister brand).",11/15/2022,2,Yes,3
"Medical Adhesive (4oz) | Ostomy, Breast Forms. SFX | Waterproof Silicone Skin Glue for Bandages, Prosthetics, Condom Catheters, Skin Adhesive","Skinister Medical Adhesive is a skin safe glue designed for medical applications including ostomy bags, mastectomy breast forms, condom catheters, and bandages. It can also be used to attach maxillofacial prosthetics.",Plankmeister,"A terrible purchase, completely useless","These seem to be old. My first warning should have been that they were shipped ""loose"" - not in any official packaging from the manufacturer. The rings begin to split and fall apart as you start to stretch them to apply. Once applied, they fail within a day. A terrible purchase, completely useless. I'll avoid this seller in future.Edit: I received a generic email from this seller asking for feedback - they apparently had not seen this review. So I repeated my concerns as typed above. The response: “Sorry about that.” Let this be your guide as you make a purchase decision.",6/20/2018,1,Yes,4
"Medical Adhesive (4oz) | Ostomy, Breast Forms. SFX | Waterproof Silicone Skin Glue for Bandages, Prosthetics, Condom Catheters, Skin Adhesive","Skinister Medical Adhesive is a skin safe glue designed for medical applications including ostomy bags, mastectomy breast forms, condom catheters, and bandages. It can also be used to attach maxillofacial prosthetics.",Kegger,These rings were half the price of the ones I normally receive.,"But I've found since using these thinner type rings, I have more consistent leakage. Because my company has such poor medical benefits, I pay out of pocket, & have to be thrifty.",11/20/2021,2,Yes,0
"Medical Adhesive (4oz) | Ostomy, Breast Forms. SFX | Waterproof Silicone Skin Glue for Bandages, Prosthetics, Condom Catheters, Skin Adhesive","Skinister Medical Adhesive is a skin safe glue designed for medical applications including ostomy bags, mastectomy breast forms, condom catheters, and bandages. It can also be used to attach maxillofacial prosthetics.",Tori Taylor,Awful protection,These rings offer practically no protection and I had to change my bag every day to not feel burning around my stoma. The material doesn’t block output but rather absorbs it so that it’s just sitting on your skin. I have a lot of redness and irritation - it hurts! My peristomal skin is usually so healthy. Please don’t use these!,7/5/2022,1,Yes,0
"Medical Adhesive (4oz) | Ostomy, Breast Forms. SFX | Waterproof Silicone Skin Glue for Bandages, Prosthetics, Condom Catheters, Skin Adhesive","Skinister Medical Adhesive is a skin safe glue designed for medical applications including ostomy bags, mastectomy breast forms, condom catheters, and bandages. It can also be used to attach maxillofacial prosthetics.",B. Callahan,OK but...,Not as good as the thin Clorplast for some reason.  Great price and works kinda ok.,7/18/2019,3,Yes,0
"Medical Adhesive (4oz) | Ostomy, Breast Forms. SFX | Waterproof Silicone Skin Glue for Bandages, Prosthetics, Condom Catheters, Skin Adhesive","Skinister Medical Adhesive is a skin safe glue designed for medical applications including ostomy bags, mastectomy breast forms, condom catheters, and bandages. It can also be used to attach maxillofacial prosthetics.",Dian Humphreys,Pay the extra for name brand! Buyer beware!,"If I could give a minus, I would. Let's put it this way. I have been in the hospital for seven days thanks to this product. I am highly allergic to Latex and it contains Latex or by-product of Latex. It literally ate my skin. Buyer beware! Pictures too graphic to post.",7/22/2019,1,Yes,5
"Medical Adhesive (4oz) | Ostomy, Breast Forms. SFX | Waterproof Silicone Skin Glue for Bandages, Prosthetics, Condom Catheters, Skin Adhesive","Skinister Medical Adhesive is a skin safe glue designed for medical applications including ostomy bags, mastectomy breast forms, condom catheters, and bandages. It can also be used to attach maxillofacial prosthetics.",Amazon Customer,Off brand- claims to be ADAPT,NOT ADAPT BRAND,3/9/2021,2,Yes,2
"Medical Adhesive (4oz) | Ostomy, Breast Forms. SFX | Waterproof Silicone Skin Glue for Bandages, Prosthetics, Condom Catheters, Skin Adhesive","Skinister Medical Adhesive is a skin safe glue designed for medical applications including ostomy bags, mastectomy breast forms, condom catheters, and bandages. It can also be used to attach maxillofacial prosthetics.",Tom Dooley,These break down too quickly.,Better off buying a name brand product.,4/17/2023,1,Yes,0
"Medical Adhesive (4oz) | Ostomy, Breast Forms. SFX | Waterproof Silicone Skin Glue for Bandages, Prosthetics, Condom Catheters, Skin Adhesive","Skinister Medical Adhesive is a skin safe glue designed for medical applications including ostomy bags, mastectomy breast forms, condom catheters, and bandages. It can also be used to attach maxillofacial prosthetics.",PD,These are much thinner and appear like they may be too dry to use,"These arrived yesterday and are not what we thought we were getting.  Description says ""Adapt"" but I don't think so.  These are much thinner and appear like they may be too dry to use.  Definitely not happy with this purchase.",6/5/2018,1,Yes,7
"Medical Adhesive (4oz) | Ostomy, Breast Forms. SFX | Waterproof Silicone Skin Glue for Bandages, Prosthetics, Condom Catheters, Skin Adhesive","Skinister Medical Adhesive is a skin safe glue designed for medical applications including ostomy bags, mastectomy breast forms, condom catheters, and bandages. It can also be used to attach maxillofacial prosthetics.",Robert Miller,These barrier rings were old and fell apart. Every ...,These barrier rings were old and fell apart. Every one we tried split or just fell apart when we placed it on the flange. We have been using these rings from other suppliers for 10 years and never had a problem with them,1/8/2018,1,Yes,9
"Medical Adhesive (4oz) | Ostomy, Breast Forms. SFX | Waterproof Silicone Skin Glue for Bandages, Prosthetics, Condom Catheters, Skin Adhesive","Skinister Medical Adhesive is a skin safe glue designed for medical applications including ostomy bags, mastectomy breast forms, condom catheters, and bandages. It can also be used to attach maxillofacial prosthetics.",Brian,Suck.,These suck. A cookie would make for a better seal. Buy extra so they can be changed every 12 minutes-12 hours.,7/16/2021,1,Yes,0
"Medical Adhesive (4oz) | Ostomy, Breast Forms. SFX | Waterproof Silicone Skin Glue for Bandages, Prosthetics, Condom Catheters, Skin Adhesive","Skinister Medical Adhesive is a skin safe glue designed for medical applications including ostomy bags, mastectomy breast forms, condom catheters, and bandages. It can also be used to attach maxillofacial prosthetics.",Alicia,Not adapt barrier ring!!!,This isn’t an adapt barrier ring it’s some other brand,9/9/2022,1,Yes,2
"Medical Adhesive (4oz) | Ostomy, Breast Forms. SFX | Waterproof Silicone Skin Glue for Bandages, Prosthetics, Condom Catheters, Skin Adhesive","Skinister Medical Adhesive is a skin safe glue designed for medical applications including ostomy bags, mastectomy breast forms, condom catheters, and bandages. It can also be used to attach maxillofacial prosthetics.",Amazon Customer,Hatd to remove from skin.,Thid ostomy ring sticks to your skin as if melted on. Very hard to get off. Never ordering it again.,4/19/2021,1,Yes,0
"Medical Adhesive (4oz) | Ostomy, Breast Forms. SFX | Waterproof Silicone Skin Glue for Bandages, Prosthetics, Condom Catheters, Skin Adhesive","Skinister Medical Adhesive is a skin safe glue designed for medical applications including ostomy bags, mastectomy breast forms, condom catheters, and bandages. It can also be used to attach maxillofacial prosthetics.",pam wheeler,these are aweful,they stuck to the skin terribly ill never buy again,7/17/2022,1,Yes,0
"Medical Adhesive (4oz) | Ostomy, Breast Forms. SFX | Waterproof Silicone Skin Glue for Bandages, Prosthetics, Condom Catheters, Skin Adhesive","Skinister Medical Adhesive is a skin safe glue designed for medical applications including ostomy bags, mastectomy breast forms, condom catheters, and bandages. It can also be used to attach maxillofacial prosthetics.",Cory,Needs negative stars!,I bought these thinking they looked like the picture. It's very misleading. They are are white and so small and thin. I feel like they are made for babies with an ostomy.,2/19/2019,1,Yes,0
"Medical Adhesive (4oz) | Ostomy, Breast Forms. SFX | Waterproof Silicone Skin Glue for Bandages, Prosthetics, Condom Catheters, Skin Adhesive","Skinister Medical Adhesive is a skin safe glue designed for medical applications including ostomy bags, mastectomy breast forms, condom catheters, and bandages. It can also be used to attach maxillofacial prosthetics.",Natalie Ream,They don't stretch or stick,"These barrier rings stunk! They won't stretch without ripping and they sure weren't a good barrier! I hated them and I'm never going to buy them again! Bad very, very bad!",6/22/2018,1,Yes,7
"Medical Adhesive (4oz) | Ostomy, Breast Forms. SFX | Waterproof Silicone Skin Glue for Bandages, Prosthetics, Condom Catheters, Skin Adhesive","Skinister Medical Adhesive is a skin safe glue designed for medical applications including ostomy bags, mastectomy breast forms, condom catheters, and bandages. It can also be used to attach maxillofacial prosthetics.",Tim,Poor rings,Dislike I go back original brand I buy they seal much better,7/19/2021,1,Yes,0
"Medical Adhesive (4oz) | Ostomy, Breast Forms. SFX | Waterproof Silicone Skin Glue for Bandages, Prosthetics, Condom Catheters, Skin Adhesive","Skinister Medical Adhesive is a skin safe glue designed for medical applications including ostomy bags, mastectomy breast forms, condom catheters, and bandages. It can also be used to attach maxillofacial prosthetics.",Placeholder,These are horrible.,They did not stop leaking. I will never buy these again.,6/22/2021,1,Yes,0
"Medical Adhesive (4oz) | Ostomy, Breast Forms. SFX | Waterproof Silicone Skin Glue for Bandages, Prosthetics, Condom Catheters, Skin Adhesive","Skinister Medical Adhesive is a skin safe glue designed for medical applications including ostomy bags, mastectomy breast forms, condom catheters, and bandages. It can also be used to attach maxillofacial prosthetics.",Annie Kennedy,Stickiless,These rings do not stick at all. I won't be buying this brand again.,10/27/2020,1,Yes,0
"Medical Adhesive (4oz) | Ostomy, Breast Forms. SFX | Waterproof Silicone Skin Glue for Bandages, Prosthetics, Condom Catheters, Skin Adhesive","Skinister Medical Adhesive is a skin safe glue designed for medical applications including ostomy bags, mastectomy breast forms, condom catheters, and bandages. It can also be used to attach maxillofacial prosthetics.",Jo Ann,Poor wuality,These do not hold up as well as the Eakin seals but got me by in a pinch. Won’t be ordering again though.,12/12/2018,1,Yes,2
"Medical Adhesive (4oz) | Ostomy, Breast Forms. SFX | Waterproof Silicone Skin Glue for Bandages, Prosthetics, Condom Catheters, Skin Adhesive","Skinister Medical Adhesive is a skin safe glue designed for medical applications including ostomy bags, mastectomy breast forms, condom catheters, and bandages. It can also be used to attach maxillofacial prosthetics.",Karen McEntire,Does not stick...,"Does not stick- use Adapt.  Would not use again.  Adapt ring 5-7 days, this one is 2 or less.",1/30/2019,1,Yes,0
"Medical Adhesive (4oz) | Ostomy, Breast Forms. SFX | Waterproof Silicone Skin Glue for Bandages, Prosthetics, Condom Catheters, Skin Adhesive","Skinister Medical Adhesive is a skin safe glue designed for medical applications including ostomy bags, mastectomy breast forms, condom catheters, and bandages. It can also be used to attach maxillofacial prosthetics.",alberta anderson,This item is no good. Had my colostomy since 1973 and this is the worst item I have ever used.,This item was terrible won't stick and very thin waste of money never would I buy again.,11/29/2019,1,Yes,0
"Medical Adhesive (4oz) | Ostomy, Breast Forms. SFX | Waterproof Silicone Skin Glue for Bandages, Prosthetics, Condom Catheters, Skin Adhesive","Skinister Medical Adhesive is a skin safe glue designed for medical applications including ostomy bags, mastectomy breast forms, condom catheters, and bandages. It can also be used to attach maxillofacial prosthetics.",MaryAnne,Never again,Terrible would stick will not order again!! What a mess.,4/14/2019,1,Yes,0
"Medical Adhesive (4oz) | Ostomy, Breast Forms. SFX | Waterproof Silicone Skin Glue for Bandages, Prosthetics, Condom Catheters, Skin Adhesive","Skinister Medical Adhesive is a skin safe glue designed for medical applications including ostomy bags, mastectomy breast forms, condom catheters, and bandages. It can also be used to attach maxillofacial prosthetics.",Robert,Misleading information,A package of 10 for $23.32  is not $1.16per count as listed in the description. It should be $2.32 per count.,4/16/2024,1,No,0
"Medical Adhesive (4oz) | Ostomy, Breast Forms. SFX | Waterproof Silicone Skin Glue for Bandages, Prosthetics, Condom Catheters, Skin Adhesive","Skinister Medical Adhesive is a skin safe glue designed for medical applications including ostomy bags, mastectomy breast forms, condom catheters, and bandages. It can also be used to attach maxillofacial prosthetics.",Brenda,This is not a Coloplast product.,This is not a Coloplast product! This product is made from Hollister.,4/5/2019,1,No,0
"Medical Adhesive (4oz) | Ostomy, Breast Forms. SFX | Waterproof Silicone Skin Glue for Bandages, Prosthetics, Condom Catheters, Skin Adhesive","Skinister Medical Adhesive is a skin safe glue designed for medical applications including ostomy bags, mastectomy breast forms, condom catheters, and bandages. It can also be used to attach maxillofacial prosthetics.",darryl sammons,Terrible!,These ostomy rings for stoma are just not a good product! They do not adhere well at all. Sorry for bad review but these are absolutely not good. The material is just to dry.,3/8/2022,1,Yes,0
"Medical Adhesive (4oz) | Ostomy, Breast Forms. SFX | Waterproof Silicone Skin Glue for Bandages, Prosthetics, Condom Catheters, Skin Adhesive","Skinister Medical Adhesive is a skin safe glue designed for medical applications including ostomy bags, mastectomy breast forms, condom catheters, and bandages. It can also be used to attach maxillofacial prosthetics.",anna,I love these,I have an ostomy bag and it's hard to find these ones through the medical supple place I use. And I really like these ones a lot. For me these hold on better and longer.,12/29/2023,5,Yes,5
"Medical Adhesive (4oz) | Ostomy, Breast Forms. SFX | Waterproof Silicone Skin Glue for Bandages, Prosthetics, Condom Catheters, Skin Adhesive","Skinister Medical Adhesive is a skin safe glue designed for medical applications including ostomy bags, mastectomy breast forms, condom catheters, and bandages. It can also be used to attach maxillofacial prosthetics.",Barbara K.,Barrier Ring,This Barrier ring was very helpful with leaks you often get with ileostomy. The leaks burn your skin and the barrier ring helps your skin heal by preventing any leak from touching your skin. The ring is moldable so you can fit it to cover any area that is burnt. It works well!,11/24/2018,5,Yes,27
"Medical Adhesive (4oz) | Ostomy, Breast Forms. SFX | Waterproof Silicone Skin Glue for Bandages, Prosthetics, Condom Catheters, Skin Adhesive","Skinister Medical Adhesive is a skin safe glue designed for medical applications including ostomy bags, mastectomy breast forms, condom catheters, and bandages. It can also be used to attach maxillofacial prosthetics.",Kim Prather,Good so far,So far so good keeping my fingers crossed that this will help with skin breakdown around my stoma,6/5/2022,4,Yes,0
"Medical Adhesive (4oz) | Ostomy, Breast Forms. SFX | Waterproof Silicone Skin Glue for Bandages, Prosthetics, Condom Catheters, Skin Adhesive","Skinister Medical Adhesive is a skin safe glue designed for medical applications including ostomy bags, mastectomy breast forms, condom catheters, and bandages. It can also be used to attach maxillofacial prosthetics.",Michael L. Rubens,Easy to work with,Very playable and long lasting,6/4/2022,5,Yes,3
"Medical Adhesive (4oz) | Ostomy, Breast Forms. SFX | Waterproof Silicone Skin Glue for Bandages, Prosthetics, Condom Catheters, Skin Adhesive","Skinister Medical Adhesive is a skin safe glue designed for medical applications including ostomy bags, mastectomy breast forms, condom catheters, and bandages. It can also be used to attach maxillofacial prosthetics.",DIXIE,Barrier Rings,"Just as described, great value for the price. I'm very satisfied with my purchase of this product.",7/22/2021,5,Yes,0
"Medical Adhesive (4oz) | Ostomy, Breast Forms. SFX | Waterproof Silicone Skin Glue for Bandages, Prosthetics, Condom Catheters, Skin Adhesive","Skinister Medical Adhesive is a skin safe glue designed for medical applications including ostomy bags, mastectomy breast forms, condom catheters, and bandages. It can also be used to attach maxillofacial prosthetics.",Sandra vault,Great at stopping leaks,They are easy to place on good quality,3/16/2022,5,Yes,2
"Medical Adhesive (4oz) | Ostomy, Breast Forms. SFX | Waterproof Silicone Skin Glue for Bandages, Prosthetics, Condom Catheters, Skin Adhesive","Skinister Medical Adhesive is a skin safe glue designed for medical applications including ostomy bags, mastectomy breast forms, condom catheters, and bandages. It can also be used to attach maxillofacial prosthetics.",lisa,Works well,Works well as fill in material for uneven areas.,9/23/2022,4,Yes,3
"Medical Adhesive (4oz) | Ostomy, Breast Forms. SFX | Waterproof Silicone Skin Glue for Bandages, Prosthetics, Condom Catheters, Skin Adhesive","Skinister Medical Adhesive is a skin safe glue designed for medical applications including ostomy bags, mastectomy breast forms, condom catheters, and bandages. It can also be used to attach maxillofacial prosthetics.",Maria Elena Lopez,Very well price.,This product is very well price. I would recommend to my friends and family.,9/16/2021,5,Yes,0
"Medical Adhesive (4oz) | Ostomy, Breast Forms. SFX | Waterproof Silicone Skin Glue for Bandages, Prosthetics, Condom Catheters, Skin Adhesive","Skinister Medical Adhesive is a skin safe glue designed for medical applications including ostomy bags, mastectomy breast forms, condom catheters, and bandages. It can also be used to attach maxillofacial prosthetics.",Amazon Customer,Not original,Kind of thin,2/3/2019,4,Yes,14
"Medical Adhesive (4oz) | Ostomy, Breast Forms. SFX | Waterproof Silicone Skin Glue for Bandages, Prosthetics, Condom Catheters, Skin Adhesive","Skinister Medical Adhesive is a skin safe glue designed for medical applications including ostomy bags, mastectomy breast forms, condom catheters, and bandages. It can also be used to attach maxillofacial prosthetics.",rafie2074,Buena adhesión a la piel,Fácil de manejar,4/1/2022,5,Yes,0
"Medical Adhesive (4oz) | Ostomy, Breast Forms. SFX | Waterproof Silicone Skin Glue for Bandages, Prosthetics, Condom Catheters, Skin Adhesive","Skinister Medical Adhesive is a skin safe glue designed for medical applications including ostomy bags, mastectomy breast forms, condom catheters, and bandages. It can also be used to attach maxillofacial prosthetics.",Linda Spears,Good Product by Adapt,The adhesive works great and stays in place,6/25/2021,5,Yes,0
"Medical Adhesive (4oz) | Ostomy, Breast Forms. SFX | Waterproof Silicone Skin Glue for Bandages, Prosthetics, Condom Catheters, Skin Adhesive","Skinister Medical Adhesive is a skin safe glue designed for medical applications including ostomy bags, mastectomy breast forms, condom catheters, and bandages. It can also be used to attach maxillofacial prosthetics.",R. Fletcher Jones,Leakage prevention for colostomy bag,To help the colostomy bag adhere to uneven skin around stoma and prevent leakage.,6/18/2019,5,Yes,15
"Medical Adhesive (4oz) | Ostomy, Breast Forms. SFX | Waterproof Silicone Skin Glue for Bandages, Prosthetics, Condom Catheters, Skin Adhesive","Skinister Medical Adhesive is a skin safe glue designed for medical applications including ostomy bags, mastectomy breast forms, condom catheters, and bandages. It can also be used to attach maxillofacial prosthetics.",Kathy,Good value,Arrived fast. Decent price,3/19/2021,5,Yes,0
"Medical Adhesive (4oz) | Ostomy, Breast Forms. SFX | Waterproof Silicone Skin Glue for Bandages, Prosthetics, Condom Catheters, Skin Adhesive","Skinister Medical Adhesive is a skin safe glue designed for medical applications including ostomy bags, mastectomy breast forms, condom catheters, and bandages. It can also be used to attach maxillofacial prosthetics.",KWx98249,Good value,Cheapest price I could find good value and quality,11/10/2019,5,Yes,15
"Medical Adhesive (4oz) | Ostomy, Breast Forms. SFX | Waterproof Silicone Skin Glue for Bandages, Prosthetics, Condom Catheters, Skin Adhesive","Skinister Medical Adhesive is a skin safe glue designed for medical applications including ostomy bags, mastectomy breast forms, condom catheters, and bandages. It can also be used to attach maxillofacial prosthetics.",Francisco,Good Product,Sticks well and easy to handle.,5/2/2020,5,Yes,0
"Medical Adhesive (4oz) | Ostomy, Breast Forms. SFX | Waterproof Silicone Skin Glue for Bandages, Prosthetics, Condom Catheters, Skin Adhesive","Skinister Medical Adhesive is a skin safe glue designed for medical applications including ostomy bags, mastectomy breast forms, condom catheters, and bandages. It can also be used to attach maxillofacial prosthetics.",Tara Cain,Helps seal perfectly,Exactly what we needed!,6/23/2019,5,Yes,14
"Medical Adhesive (4oz) | Ostomy, Breast Forms. SFX | Waterproof Silicone Skin Glue for Bandages, Prosthetics, Condom Catheters, Skin Adhesive","Skinister Medical Adhesive is a skin safe glue designed for medical applications including ostomy bags, mastectomy breast forms, condom catheters, and bandages. It can also be used to attach maxillofacial prosthetics.",DJacenixon83,This seal works,Very good seal that works,6/7/2019,5,Yes,14
"Medical Adhesive (4oz) | Ostomy, Breast Forms. SFX | Waterproof Silicone Skin Glue for Bandages, Prosthetics, Condom Catheters, Skin Adhesive","Skinister Medical Adhesive is a skin safe glue designed for medical applications including ostomy bags, mastectomy breast forms, condom catheters, and bandages. It can also be used to attach maxillofacial prosthetics.",Angela Blanchard,True to picture.,Fast delivery. Would buy again.,3/26/2019,5,Yes,14
"Medical Adhesive (4oz) | Ostomy, Breast Forms. SFX | Waterproof Silicone Skin Glue for Bandages, Prosthetics, Condom Catheters, Skin Adhesive","Skinister Medical Adhesive is a skin safe glue designed for medical applications including ostomy bags, mastectomy breast forms, condom catheters, and bandages. It can also be used to attach maxillofacial prosthetics.",B. A. Goodreau,Five Stars,For my mom and they work for us.,11/10/2017,5,Yes,16
"Medical Adhesive (4oz) | Ostomy, Breast Forms. SFX | Waterproof Silicone Skin Glue for Bandages, Prosthetics, Condom Catheters, Skin Adhesive","Skinister Medical Adhesive is a skin safe glue designed for medical applications including ostomy bags, mastectomy breast forms, condom catheters, and bandages. It can also be used to attach maxillofacial prosthetics.",Steve Lengel,Dependable,Like,10/15/2018,5,Yes,14
"Medical Adhesive (4oz) | Ostomy, Breast Forms. SFX | Waterproof Silicone Skin Glue for Bandages, Prosthetics, Condom Catheters, Skin Adhesive","Skinister Medical Adhesive is a skin safe glue designed for medical applications including ostomy bags, mastectomy breast forms, condom catheters, and bandages. It can also be used to attach maxillofacial prosthetics.",Amyourway,It sticks,Perfect,7/28/2018,5,Yes,15
"Medical Adhesive (4oz) | Ostomy, Breast Forms. SFX | Waterproof Silicone Skin Glue for Bandages, Prosthetics, Condom Catheters, Skin Adhesive","Skinister Medical Adhesive is a skin safe glue designed for medical applications including ostomy bags, mastectomy breast forms, condom catheters, and bandages. It can also be used to attach maxillofacial prosthetics.",Kathy R,great product,Great Product,5/27/2020,5,Yes,0
"Medical Adhesive (4oz) | Ostomy, Breast Forms. SFX | Waterproof Silicone Skin Glue for Bandages, Prosthetics, Condom Catheters, Skin Adhesive","Skinister Medical Adhesive is a skin safe glue designed for medical applications including ostomy bags, mastectomy breast forms, condom catheters, and bandages. It can also be used to attach maxillofacial prosthetics.",ceedee,Good item.,Liked the price and they are just as good as the more expensive ones. I use them on a colostomy.,12/14/2021,5,Yes,0
