level_0,index,Product Name,Description,Reviewer Name,Review Title,Review,Date,Rating,Verified Purchase,Helpful Votes,compound_df_import,positive_df_import,negative_df_import,neutral_sentiment_df_import,anger_df_import,disgust_df_import,fear_df_import,joy_df_import,neutral_df_import,sadness_df_import,surprise_df_import,compound_df_reviews,positive_df_reviews,negative_df_reviews,neutral_sentiment_df_reviews,anger_df_emotions,disgust_df_emotions,fear_df_emotions,joy_df_emotions,neutral_df_emotions,sadness_df_emotions,surprise_df_emotions
0,0,"ConvaTec ESENTA Adhesive Remover Spray for Around Stomas and Wounds, Sting Free, Alcohol Free, 50 mL Bottle (Pack of 1)","The new ESENTA Sting-Free Adhesive Remover is a skin-friendly, quick, and easy way to get rid of the adhesive residue that often gets left behind during ostomy pouch changes. ConvaTec ESENTA Sting Free Adhesive Remover is available in two options: spray can or individual wipes. Formerly known as Sensi-Care, the 100% silicone-based ESENTA Adhesive Remover helps reduce potential skin damage like skin-stripping while quickly removing all remaining adhesive residue. It's made without natural rubber latex, which makes it ideal for those with latex allergies or sensitivities. Plus, your skin will feel silky and smooth with no residue left behind, whether you use the ESENTA Sting-Free Adhesive Remover Spray or the ESENTA Sting-Free Adhesive Remover Wipes.",Kindle Customer,Helps but is not the best.,Still painful for my daughter's Dexcom and Omnipod changes but better than nothing. Can doesn't last long.We like Uni-solve better.,9/24/2024,3.0,Yes,0,0.623,0.272,0.163,0.565,0.0020420176442712,0.0083726905286312,0.0066654086112976,0.0028125308454036,0.0207615569233894,0.9531081318855286,0.0062375883571803,0.623,0.272,0.163,0.565,0.00204201671294868,0.008372701704502106,0.006665427703410387,0.0028125285170972347,0.02076159231364727,0.9531081318855286,0.006237588357180357
1,1,"ConvaTec ESENTA Adhesive Remover Spray for Around Stomas and Wounds, Sting Free, Alcohol Free, 50 mL Bottle (Pack of 1)","The new ESENTA Sting-Free Adhesive Remover is a skin-friendly, quick, and easy way to get rid of the adhesive residue that often gets left behind during ostomy pouch changes. ConvaTec ESENTA Sting Free Adhesive Remover is available in two options: spray can or individual wipes. Formerly known as Sensi-Care, the 100% silicone-based ESENTA Adhesive Remover helps reduce potential skin damage like skin-stripping while quickly removing all remaining adhesive residue. It's made without natural rubber latex, which makes it ideal for those with latex allergies or sensitivities. Plus, your skin will feel silky and smooth with no residue left behind, whether you use the ESENTA Sting-Free Adhesive Remover Spray or the ESENTA Sting-Free Adhesive Remover Wipes.",Tonya,Good stuff,Will not purchase again good but over priced,12/25/2023,3.0,Yes,0,-0.1786,0.0,0.196,0.804,0.0062628826126456,0.0043965354561805,0.0019874796271324,0.0016607129946351,0.0254825223237276,0.9502700567245485,0.009939725510776,-0.1786,0.0,0.196,0.804,0.006262883078306913,0.004396538250148296,0.00198747799731791,0.0016607139259576797,0.025482501834630966,0.9502701759338379,0.009939717128872871
2,2,"ConvaTec ESENTA Adhesive Remover Spray for Around Stomas and Wounds, Sting Free, Alcohol Free, 50 mL Bottle (Pack of 1)","The new ESENTA Sting-Free Adhesive Remover is a skin-friendly, quick, and easy way to get rid of the adhesive residue that often gets left behind during ostomy pouch changes. ConvaTec ESENTA Sting Free Adhesive Remover is available in two options: spray can or individual wipes. Formerly known as Sensi-Care, the 100% silicone-based ESENTA Adhesive Remover helps reduce potential skin damage like skin-stripping while quickly removing all remaining adhesive residue. It's made without natural rubber latex, which makes it ideal for those with latex allergies or sensitivities. Plus, your skin will feel silky and smooth with no residue left behind, whether you use the ESENTA Sting-Free Adhesive Remover Spray or the ESENTA Sting-Free Adhesive Remover Wipes.",BW,Total Waste Of Money!,"My son is T1 diabetic.  He wears an insulin pump & dexcom. We have been an avid user of Unisolve for years to remove his sites but since Unisolve has been discontinued, I’ve been on the hunt for a new adhesive remover. THIS IS NOT IT!! Extremely expensive for such a little bottle, especially given it does not work. If it worked, I wouldn’t mind the price. Today is pump site change day. Sprayed on his old site area. Waited 5 minutes. Nothing. Sprayed more. Waited 5 more minutes. Nothing. Sprayed more. Waited 5 more mins. Nothing. Total of 30mins waiting. It was like I was spraying water on his old site, it did absolutely nothing to the adhesive left on his skin. Total waste money!!! Save yourself the money & headache, this product is useless.",11/26/2023,1.0,Yes,0,0.4438,0.074,0.053,0.873,0.175556480884552,0.2284246981143951,0.0103632481768727,0.0039310469292104,0.2874045670032501,0.1097501069307327,0.1845698952674865,0.4438,0.074,0.053,0.873,0.17555642127990723,0.2284247726202011,0.010363234207034111,0.00393105112016201,0.28740474581718445,0.10975009202957153,0.18456974625587463
3,3,"ConvaTec ESENTA Adhesive Remover Spray for Around Stomas and Wounds, Sting Free, Alcohol Free, 50 mL Bottle (Pack of 1)","The new ESENTA Sting-Free Adhesive Remover is a skin-friendly, quick, and easy way to get rid of the adhesive residue that often gets left behind during ostomy pouch changes. ConvaTec ESENTA Sting Free Adhesive Remover is available in two options: spray can or individual wipes. Formerly known as Sensi-Care, the 100% silicone-based ESENTA Adhesive Remover helps reduce potential skin damage like skin-stripping while quickly removing all remaining adhesive residue. It's made without natural rubber latex, which makes it ideal for those with latex allergies or sensitivities. Plus, your skin will feel silky and smooth with no residue left behind, whether you use the ESENTA Sting-Free Adhesive Remover Spray or the ESENTA Sting-Free Adhesive Remover Wipes.",Travelhunter,Does not last very long; very expensive,Spray can to remove adhesive of ostomy appliances; very expensive and does not last long.  Disappointed.,10/16/2022,3.0,Yes,0,0.3724,0.145,0.0,0.855,0.0020346515811979,0.00474613904953,0.0016196629730984,0.0025133292656391,0.0149539355188608,0.9512891173362732,0.0228432789444923,0.3724,0.145,0.0,0.855,0.0020346520468592644,0.004746138118207455,0.0016196626238524914,0.002513332525268197,0.014953955076634884,0.9512888789176941,0.022843290120363235
4,4,"ConvaTec ESENTA Adhesive Remover Spray for Around Stomas and Wounds, Sting Free, Alcohol Free, 50 mL Bottle (Pack of 1)","The new ESENTA Sting-Free Adhesive Remover is a skin-friendly, quick, and easy way to get rid of the adhesive residue that often gets left behind during ostomy pouch changes. ConvaTec ESENTA Sting Free Adhesive Remover is available in two options: spray can or individual wipes. Formerly known as Sensi-Care, the 100% silicone-based ESENTA Adhesive Remover helps reduce potential skin damage like skin-stripping while quickly removing all remaining adhesive residue. It's made without natural rubber latex, which makes it ideal for those with latex allergies or sensitivities. Plus, your skin will feel silky and smooth with no residue left behind, whether you use the ESENTA Sting-Free Adhesive Remover Spray or the ESENTA Sting-Free Adhesive Remover Wipes.",Jan Rose 🌹,It’s okay,"Prefer other brands such as Sensi, this one works but not as good. Will not purchase again as it’s already pricey.",8/16/2022,3.0,Yes,0,-0.4782,0.0,0.135,0.865,0.0100379614159464,0.0387041419744491,0.0033626868389546,0.0059161847457289,0.7655254602432251,0.1667287349700927,0.0097248861566185,-0.4782,0.0,0.135,0.865,0.010037965141236782,0.03870413824915886,0.0033626863732934,0.005916178692132235,0.7655254006385803,0.16672882437705994,0.009724879637360573
5,5,"ConvaTec ESENTA Adhesive Remover Spray for Around Stomas and Wounds, Sting Free, Alcohol Free, 50 mL Bottle (Pack of 1)","The new ESENTA Sting-Free Adhesive Remover is a skin-friendly, quick, and easy way to get rid of the adhesive residue that often gets left behind during ostomy pouch changes. ConvaTec ESENTA Sting Free Adhesive Remover is available in two options: spray can or individual wipes. Formerly known as Sensi-Care, the 100% silicone-based ESENTA Adhesive Remover helps reduce potential skin damage like skin-stripping while quickly removing all remaining adhesive residue. It's made without natural rubber latex, which makes it ideal for those with latex allergies or sensitivities. Plus, your skin will feel silky and smooth with no residue left behind, whether you use the ESENTA Sting-Free Adhesive Remover Spray or the ESENTA Sting-Free Adhesive Remover Wipes.",Sandi,This does not work!,"This did nothing to remove adhesive on my skin.  Extremely expensive for the tiny amount.  Tried to return, but it’s ineligible for return or refund.",3/19/2024,1.0,Yes,0,0.0,0.0,0.0,1.0,0.0063472781330347,0.0081338454037904,0.0093628298491239,0.0038566428702324,0.065033420920372,0.8502114415168762,0.0570544563233852,0.0,0.0,0.0,1.0,0.00634726881980896,0.00813381839543581,0.009362820535898209,0.0038566389121115208,0.0650332123041153,0.8502117991447449,0.05705438554286957
6,6,"ConvaTec ESENTA Adhesive Remover Spray for Around Stomas and Wounds, Sting Free, Alcohol Free, 50 mL Bottle (Pack of 1)","The new ESENTA Sting-Free Adhesive Remover is a skin-friendly, quick, and easy way to get rid of the adhesive residue that often gets left behind during ostomy pouch changes. ConvaTec ESENTA Sting Free Adhesive Remover is available in two options: spray can or individual wipes. Formerly known as Sensi-Care, the 100% silicone-based ESENTA Adhesive Remover helps reduce potential skin damage like skin-stripping while quickly removing all remaining adhesive residue. It's made without natural rubber latex, which makes it ideal for those with latex allergies or sensitivities. Plus, your skin will feel silky and smooth with no residue left behind, whether you use the ESENTA Sting-Free Adhesive Remover Spray or the ESENTA Sting-Free Adhesive Remover Wipes.",Amazon Customer,Arrived empty,The bottle I ordered arrived completely empty.,1/26/2024,1.0,Yes,0,-0.2716,0.0,0.295,0.705,0.1867409646511078,0.2827245891094208,0.0121620623394846,0.0031936403829604,0.1201102435588836,0.2376859784126281,0.1573825627565384,-0.2716,0.0,0.295,0.705,0.18674108386039734,0.2827247977256775,0.012162075378000736,0.003193640150129795,0.12011025846004486,0.23768554627895355,0.1573825478553772
7,7,"ConvaTec ESENTA Adhesive Remover Spray for Around Stomas and Wounds, Sting Free, Alcohol Free, 50 mL Bottle (Pack of 1)","The new ESENTA Sting-Free Adhesive Remover is a skin-friendly, quick, and easy way to get rid of the adhesive residue that often gets left behind during ostomy pouch changes. ConvaTec ESENTA Sting Free Adhesive Remover is available in two options: spray can or individual wipes. Formerly known as Sensi-Care, the 100% silicone-based ESENTA Adhesive Remover helps reduce potential skin damage like skin-stripping while quickly removing all remaining adhesive residue. It's made without natural rubber latex, which makes it ideal for those with latex allergies or sensitivities. Plus, your skin will feel silky and smooth with no residue left behind, whether you use the ESENTA Sting-Free Adhesive Remover Spray or the ESENTA Sting-Free Adhesive Remover Wipes.",R,Only lasted 2 uses,"The product itself is great. I used this for removing k-tape and it literally came off in seconds. I just spray all over the tape, wait about 5-10 seconds, and then peel it off easily.The problem is the amount of product. It literally only lasted 2 uses. I was shocked because I don't feel like I used an excessive amount or anything. I received this product for free to write a review so I'm good, but for people who buy this I think it's way too expensive for how little you get in the container.Great product, but so not worth the money unless they provide a bigger size.",10/16/2022,2.0,No,0,0.0817,0.064,0.071,0.865,0.006727437954396,0.0058646565303206,0.0016436609439551,0.001617495669052,0.0094736739993095,0.0022486522793769,0.9724244475364684,0.0817,0.064,0.071,0.865,0.006727443542331457,0.005864658858627081,0.0016436607111245394,0.001617496949620545,0.009473676793277264,0.0022486576344817877,0.972424328327179
8,8,"ConvaTec ESENTA Adhesive Remover Spray for Around Stomas and Wounds, Sting Free, Alcohol Free, 50 mL Bottle (Pack of 1)","The new ESENTA Sting-Free Adhesive Remover is a skin-friendly, quick, and easy way to get rid of the adhesive residue that often gets left behind during ostomy pouch changes. ConvaTec ESENTA Sting Free Adhesive Remover is available in two options: spray can or individual wipes. Formerly known as Sensi-Care, the 100% silicone-based ESENTA Adhesive Remover helps reduce potential skin damage like skin-stripping while quickly removing all remaining adhesive residue. It's made without natural rubber latex, which makes it ideal for those with latex allergies or sensitivities. Plus, your skin will feel silky and smooth with no residue left behind, whether you use the ESENTA Sting-Free Adhesive Remover Spray or the ESENTA Sting-Free Adhesive Remover Wipes.",Christina Hagestad,Did not remove adhesive,I used this to try to remove adhesive and it didn’t work. Ended up using almost the whole bottle and did not work. Threw it away after.,10/17/2022,1.0,No,0,0.0,0.0,0.0,1.0,0.2950295507907867,0.2624591588973999,0.0083503229543566,0.0018849250627681,0.2099947482347488,0.1970841288566589,0.0251970905810594,0.0,0.0,0.0,1.0,0.29502955079078674,0.2624586522579193,0.008350317366421223,0.0018849223852157593,0.20999474823474884,0.1970847100019455,0.025197096168994904
9,9,"ConvaTec ESENTA Adhesive Remover Spray for Around Stomas and Wounds, Sting Free, Alcohol Free, 50 mL Bottle (Pack of 1)","The new ESENTA Sting-Free Adhesive Remover is a skin-friendly, quick, and easy way to get rid of the adhesive residue that often gets left behind during ostomy pouch changes. ConvaTec ESENTA Sting Free Adhesive Remover is available in two options: spray can or individual wipes. Formerly known as Sensi-Care, the 100% silicone-based ESENTA Adhesive Remover helps reduce potential skin damage like skin-stripping while quickly removing all remaining adhesive residue. It's made without natural rubber latex, which makes it ideal for those with latex allergies or sensitivities. Plus, your skin will feel silky and smooth with no residue left behind, whether you use the ESENTA Sting-Free Adhesive Remover Spray or the ESENTA Sting-Free Adhesive Remover Wipes.",Cliente Amazon,,"Muy caro, no dura nada y no facilita quitar el adhesivo más que el propio aceite de oliva.",6/23/2024,,Yes,0,-0.5267,0.0,0.227,0.773,0.0289215259253978,0.0625395104289054,0.0632854700088501,0.0156216388568282,0.7748091816902161,0.0205232016742229,0.034299436956644,-0.5267,0.0,0.227,0.773,0.028921514749526978,0.0625394731760025,0.06328543275594711,0.015621623955667019,0.7748092412948608,0.02052319049835205,0.03429943695664406
10,10,"ConvaTec ESENTA Adhesive Remover Spray for Around Stomas and Wounds, Sting Free, Alcohol Free, 50 mL Bottle (Pack of 1)","The new ESENTA Sting-Free Adhesive Remover is a skin-friendly, quick, and easy way to get rid of the adhesive residue that often gets left behind during ostomy pouch changes. ConvaTec ESENTA Sting Free Adhesive Remover is available in two options: spray can or individual wipes. Formerly known as Sensi-Care, the 100% silicone-based ESENTA Adhesive Remover helps reduce potential skin damage like skin-stripping while quickly removing all remaining adhesive residue. It's made without natural rubber latex, which makes it ideal for those with latex allergies or sensitivities. Plus, your skin will feel silky and smooth with no residue left behind, whether you use the ESENTA Sting-Free Adhesive Remover Spray or the ESENTA Sting-Free Adhesive Remover Wipes.",francesca,,Troppo caro,9/24/2024,,Yes,0,0.0,0.0,0.0,1.0,0.0181146245449781,0.0164203736931085,0.0200692135840654,0.021399276331067,0.8506118059158325,0.0250433050096035,0.0483414158225059,0.0,0.0,0.0,1.0,0.01811462827026844,0.0164203904569149,0.020069211721420288,0.02139926329255104,0.8506117463111877,0.025043319910764694,0.048341430723667145
11,11,"ConvaTec ESENTA Adhesive Remover Spray for Around Stomas and Wounds, Sting Free, Alcohol Free, 50 mL Bottle (Pack of 1)","The new ESENTA Sting-Free Adhesive Remover is a skin-friendly, quick, and easy way to get rid of the adhesive residue that often gets left behind during ostomy pouch changes. ConvaTec ESENTA Sting Free Adhesive Remover is available in two options: spray can or individual wipes. Formerly known as Sensi-Care, the 100% silicone-based ESENTA Adhesive Remover helps reduce potential skin damage like skin-stripping while quickly removing all remaining adhesive residue. It's made without natural rubber latex, which makes it ideal for those with latex allergies or sensitivities. Plus, your skin will feel silky and smooth with no residue left behind, whether you use the ESENTA Sting-Free Adhesive Remover Spray or the ESENTA Sting-Free Adhesive Remover Wipes.",Selena,Esenta spray,"This spray is honestly really great I have type one diabetes and Addison disease and when I go to the hospital I have a problem getting the heart monitor stickers off due to having really sensitive skin and let me tell you this spray does not burn, nor do you have a tough time getting the stickers off it's insane I definitely recommend getting this spray if your anything like me.",10/22/2024,5.0,Yes,0,0.8479,0.191,0.087,0.722,0.0519251562654972,0.0586223751306533,0.0333392024040222,0.0262807942926883,0.7548173666000366,0.030473168939352,0.0445419773459434,0.8479,0.191,0.087,0.722,0.05192524939775467,0.05862235650420189,0.03333919122815132,0.026280850172042847,0.7548171281814575,0.030473172664642334,0.04454202577471733
12,12,"ConvaTec ESENTA Adhesive Remover Spray for Around Stomas and Wounds, Sting Free, Alcohol Free, 50 mL Bottle (Pack of 1)","The new ESENTA Sting-Free Adhesive Remover is a skin-friendly, quick, and easy way to get rid of the adhesive residue that often gets left behind during ostomy pouch changes. ConvaTec ESENTA Sting Free Adhesive Remover is available in two options: spray can or individual wipes. Formerly known as Sensi-Care, the 100% silicone-based ESENTA Adhesive Remover helps reduce potential skin damage like skin-stripping while quickly removing all remaining adhesive residue. It's made without natural rubber latex, which makes it ideal for those with latex allergies or sensitivities. Plus, your skin will feel silky and smooth with no residue left behind, whether you use the ESENTA Sting-Free Adhesive Remover Spray or the ESENTA Sting-Free Adhesive Remover Wipes.",Wheeler985,Smells the best out of all I've tried,"I have tried several of the big brand and some smaller brand deodorizing lubricants, and this one by far smells the best. It smells *clean*. I seemed to go through it pretty quickly, though, whereas some lubricants last a lot longer. Overall, though, I'd choose this one. Recommended.",10/20/2024,5.0,Yes,0,0.8481,0.18,0.0,0.82,0.0065349247306585,0.2061906903982162,0.0022122506052255,0.0542371906340122,0.7051949501037598,0.0108370576053857,0.0147928837686777,0.8481,0.18,0.0,0.82,0.006534922402352095,0.2061903476715088,0.0022122468799352646,0.05423713102936745,0.705195426940918,0.010837039910256863,0.014792890287935734
13,13,"ConvaTec ESENTA Adhesive Remover Spray for Around Stomas and Wounds, Sting Free, Alcohol Free, 50 mL Bottle (Pack of 1)","The new ESENTA Sting-Free Adhesive Remover is a skin-friendly, quick, and easy way to get rid of the adhesive residue that often gets left behind during ostomy pouch changes. ConvaTec ESENTA Sting Free Adhesive Remover is available in two options: spray can or individual wipes. Formerly known as Sensi-Care, the 100% silicone-based ESENTA Adhesive Remover helps reduce potential skin damage like skin-stripping while quickly removing all remaining adhesive residue. It's made without natural rubber latex, which makes it ideal for those with latex allergies or sensitivities. Plus, your skin will feel silky and smooth with no residue left behind, whether you use the ESENTA Sting-Free Adhesive Remover Spray or the ESENTA Sting-Free Adhesive Remover Wipes.",pf,Works,"I use this spray to take off the dressing from my bed twice a week. It works very, very well removing the adhesive around my dressing.",11/1/2024,5.0,Yes,0,0.3962,0.104,0.0,0.896,0.0235937274992465,0.1833092719316482,0.0095244692638516,0.0105956131592392,0.7504589557647705,0.0153132705017924,0.0072046807035803,0.3962,0.104,0.0,0.896,0.02359369955956936,0.1833091378211975,0.009524458087980747,0.010595587082207203,0.7504591941833496,0.015313264913856983,0.007204682566225529
14,14,"ConvaTec ESENTA Adhesive Remover Spray for Around Stomas and Wounds, Sting Free, Alcohol Free, 50 mL Bottle (Pack of 1)","The new ESENTA Sting-Free Adhesive Remover is a skin-friendly, quick, and easy way to get rid of the adhesive residue that often gets left behind during ostomy pouch changes. ConvaTec ESENTA Sting Free Adhesive Remover is available in two options: spray can or individual wipes. Formerly known as Sensi-Care, the 100% silicone-based ESENTA Adhesive Remover helps reduce potential skin damage like skin-stripping while quickly removing all remaining adhesive residue. It's made without natural rubber latex, which makes it ideal for those with latex allergies or sensitivities. Plus, your skin will feel silky and smooth with no residue left behind, whether you use the ESENTA Sting-Free Adhesive Remover Spray or the ESENTA Sting-Free Adhesive Remover Wipes.",sunshine,Best remover on the market!!!!,We were using the little 2 inch wipes until we ran across this product!!! 1 little spray and stoma bag lifts right off without any pulling.........Wonderful product,10/16/2024,5.0,Yes,0,0.0,0.0,0.0,1.0,0.0188173782080411,0.0051916656084358,0.0133444713428616,0.2878410816192627,0.1877986192703247,0.0229325201362371,0.4640743136405945,0.0,0.0,0.0,1.0,0.018817391246557236,0.005191671662032604,0.013344484381377697,0.28784120082855225,0.187798410654068,0.022932544350624084,0.46407434344291687
15,15,"ConvaTec ESENTA Adhesive Remover Spray for Around Stomas and Wounds, Sting Free, Alcohol Free, 50 mL Bottle (Pack of 1)","The new ESENTA Sting-Free Adhesive Remover is a skin-friendly, quick, and easy way to get rid of the adhesive residue that often gets left behind during ostomy pouch changes. ConvaTec ESENTA Sting Free Adhesive Remover is available in two options: spray can or individual wipes. Formerly known as Sensi-Care, the 100% silicone-based ESENTA Adhesive Remover helps reduce potential skin damage like skin-stripping while quickly removing all remaining adhesive residue. It's made without natural rubber latex, which makes it ideal for those with latex allergies or sensitivities. Plus, your skin will feel silky and smooth with no residue left behind, whether you use the ESENTA Sting-Free Adhesive Remover Spray or the ESENTA Sting-Free Adhesive Remover Wipes.",Hanio,It work very well!,I spray the entire inside of the ostomy bag before mounting. It is alcohol-free and does not cause any irritation.,9/30/2024,5.0,Yes,0,0.4023,0.131,0.0,0.869,0.3502404391765594,0.3299409449100494,0.0056088105775415,0.0039157676510512,0.2799630165100097,0.0267138015478849,0.0036172093823552,0.4023,0.131,0.0,0.869,0.3502403497695923,0.3299410045146942,0.005608801264315844,0.0039157685823738575,0.27996307611465454,0.0267137810587883,0.0036172051914036274
16,16,"ConvaTec ESENTA Adhesive Remover Spray for Around Stomas and Wounds, Sting Free, Alcohol Free, 50 mL Bottle (Pack of 1)","The new ESENTA Sting-Free Adhesive Remover is a skin-friendly, quick, and easy way to get rid of the adhesive residue that often gets left behind during ostomy pouch changes. ConvaTec ESENTA Sting Free Adhesive Remover is available in two options: spray can or individual wipes. Formerly known as Sensi-Care, the 100% silicone-based ESENTA Adhesive Remover helps reduce potential skin damage like skin-stripping while quickly removing all remaining adhesive residue. It's made without natural rubber latex, which makes it ideal for those with latex allergies or sensitivities. Plus, your skin will feel silky and smooth with no residue left behind, whether you use the ESENTA Sting-Free Adhesive Remover Spray or the ESENTA Sting-Free Adhesive Remover Wipes.",Rachel S,Did the job!,Did the job but very expensive.,6/6/2024,4.0,Yes,3,0.0,0.0,0.0,1.0,0.0327277444303035,0.0979571491479873,0.0082622217014431,0.0090734316036105,0.0995926409959793,0.7372903823852539,0.0150965228676795,0.0,0.0,0.0,1.0,0.03272765502333641,0.09795664250850677,0.008262195624411106,0.009073393419384956,0.09959211945533752,0.7372914552688599,0.01509648747742176
17,17,"ConvaTec ESENTA Adhesive Remover Spray for Around Stomas and Wounds, Sting Free, Alcohol Free, 50 mL Bottle (Pack of 1)","The new ESENTA Sting-Free Adhesive Remover is a skin-friendly, quick, and easy way to get rid of the adhesive residue that often gets left behind during ostomy pouch changes. ConvaTec ESENTA Sting Free Adhesive Remover is available in two options: spray can or individual wipes. Formerly known as Sensi-Care, the 100% silicone-based ESENTA Adhesive Remover helps reduce potential skin damage like skin-stripping while quickly removing all remaining adhesive residue. It's made without natural rubber latex, which makes it ideal for those with latex allergies or sensitivities. Plus, your skin will feel silky and smooth with no residue left behind, whether you use the ESENTA Sting-Free Adhesive Remover Spray or the ESENTA Sting-Free Adhesive Remover Wipes.",Brittney L.,Amazing stuff.,I have a baby with a feeding tube and this spray literally saves her baby skin. It doesn't leave any adhesive residue on her and leaves her skin sooo soft. love this.,9/18/2024,5.0,Yes,0,0.654,0.165,0.0,0.835,0.0037029590457677,0.0180150028318166,0.0019053511787205,0.8439216017723083,0.0954342484474182,0.0243271458894014,0.0126936165615916,0.654,0.165,0.0,0.835,0.003702959744259715,0.018014999106526375,0.0019053496653214097,0.8439217805862427,0.09543424099683762,0.0243271104991436,0.012693598866462708
18,18,"ConvaTec ESENTA Adhesive Remover Spray for Around Stomas and Wounds, Sting Free, Alcohol Free, 50 mL Bottle (Pack of 1)","The new ESENTA Sting-Free Adhesive Remover is a skin-friendly, quick, and easy way to get rid of the adhesive residue that often gets left behind during ostomy pouch changes. ConvaTec ESENTA Sting Free Adhesive Remover is available in two options: spray can or individual wipes. Formerly known as Sensi-Care, the 100% silicone-based ESENTA Adhesive Remover helps reduce potential skin damage like skin-stripping while quickly removing all remaining adhesive residue. It's made without natural rubber latex, which makes it ideal for those with latex allergies or sensitivities. Plus, your skin will feel silky and smooth with no residue left behind, whether you use the ESENTA Sting-Free Adhesive Remover Spray or the ESENTA Sting-Free Adhesive Remover Wipes.",Shellie Rouse,Great product!,Same as used in the hospital on my grandbaby.. Works great and fast too. No ouchoes with this spray..I highly recommend this product and seller as well.Packaged and delivered with Care an d prompt..,9/1/2024,5.0,Yes,0,0.8357,0.244,0.053,0.702,0.0069331168197095,0.0107811335474252,0.0078378785401582,0.082888975739479,0.604526937007904,0.1287521421909332,0.1582797914743423,0.8357,0.244,0.053,0.702,0.006933107972145081,0.01078111957758665,0.007837875746190548,0.08288904279470444,0.6045267581939697,0.12875217199325562,0.1582798957824707
19,19,"ConvaTec ESENTA Adhesive Remover Spray for Around Stomas and Wounds, Sting Free, Alcohol Free, 50 mL Bottle (Pack of 1)","The new ESENTA Sting-Free Adhesive Remover is a skin-friendly, quick, and easy way to get rid of the adhesive residue that often gets left behind during ostomy pouch changes. ConvaTec ESENTA Sting Free Adhesive Remover is available in two options: spray can or individual wipes. Formerly known as Sensi-Care, the 100% silicone-based ESENTA Adhesive Remover helps reduce potential skin damage like skin-stripping while quickly removing all remaining adhesive residue. It's made without natural rubber latex, which makes it ideal for those with latex allergies or sensitivities. Plus, your skin will feel silky and smooth with no residue left behind, whether you use the ESENTA Sting-Free Adhesive Remover Spray or the ESENTA Sting-Free Adhesive Remover Wipes.",Leslie,Wish insurance covered this,This worked great for removing the tape from my wound vac but unfortunately insurance only pays for it if you have an ostomy 😞,8/26/2024,5.0,Yes,0,-0.1406,0.096,0.116,0.788,0.0083666536957025,0.0205099992454051,0.0332400798797607,0.0090533839538693,0.5211610198020935,0.3756975531578064,0.0319713354110717,-0.1406,0.096,0.116,0.788,0.008366634137928486,0.020509963855147362,0.033240046352148056,0.009053400717675686,0.5211609601974487,0.37569770216941833,0.0319712869822979
20,20,"ConvaTec ESENTA Adhesive Remover Spray for Around Stomas and Wounds, Sting Free, Alcohol Free, 50 mL Bottle (Pack of 1)","The new ESENTA Sting-Free Adhesive Remover is a skin-friendly, quick, and easy way to get rid of the adhesive residue that often gets left behind during ostomy pouch changes. ConvaTec ESENTA Sting Free Adhesive Remover is available in two options: spray can or individual wipes. Formerly known as Sensi-Care, the 100% silicone-based ESENTA Adhesive Remover helps reduce potential skin damage like skin-stripping while quickly removing all remaining adhesive residue. It's made without natural rubber latex, which makes it ideal for those with latex allergies or sensitivities. Plus, your skin will feel silky and smooth with no residue left behind, whether you use the ESENTA Sting-Free Adhesive Remover Spray or the ESENTA Sting-Free Adhesive Remover Wipes.",Adam C. West,Get it for your kids,I had to take my 3yo to the hospital and they placed an IV with A LOT of tape. When she got better and was being discharged the nurse used this exact product to loosen the tape. It worked so well I bought a couple cans for the future. Now whenever it’s time to peel off a bandage we use the spray for no tears.,8/2/2024,5.0,Yes,0,0.3697,0.086,0.062,0.852,0.0200575049966573,0.1290746331214904,0.0111123984679579,0.0044387513771653,0.7923297882080078,0.0274349935352802,0.0155518595129251,0.3697,0.086,0.062,0.852,0.020057503134012222,0.12907463312149048,0.011112388223409653,0.0044387513771653175,0.7923297882080078,0.02743498422205448,0.015551842749118805
21,21,"ConvaTec ESENTA Adhesive Remover Spray for Around Stomas and Wounds, Sting Free, Alcohol Free, 50 mL Bottle (Pack of 1)","The new ESENTA Sting-Free Adhesive Remover is a skin-friendly, quick, and easy way to get rid of the adhesive residue that often gets left behind during ostomy pouch changes. ConvaTec ESENTA Sting Free Adhesive Remover is available in two options: spray can or individual wipes. Formerly known as Sensi-Care, the 100% silicone-based ESENTA Adhesive Remover helps reduce potential skin damage like skin-stripping while quickly removing all remaining adhesive residue. It's made without natural rubber latex, which makes it ideal for those with latex allergies or sensitivities. Plus, your skin will feel silky and smooth with no residue left behind, whether you use the ESENTA Sting-Free Adhesive Remover Spray or the ESENTA Sting-Free Adhesive Remover Wipes.",Wendy Taylor-Hamilton,Eats adhesive,As a recent ostomy patient the spray works great with removing the appliance. The only negative I have is that it is freezing when it first touches the skin,8/22/2024,5.0,Yes,0,-0.0,0.123,0.154,0.723,0.0765480250120163,0.1917694956064224,0.0198461804538965,0.0064925565384328,0.6631885170936584,0.0346803627908229,0.0074748257175087,-0.0,0.123,0.154,0.723,0.07654811441898346,0.1917695701122284,0.019846217706799507,0.006492555141448975,0.6631883978843689,0.03468040004372597,0.007474823854863644
22,22,"ConvaTec ESENTA Adhesive Remover Spray for Around Stomas and Wounds, Sting Free, Alcohol Free, 50 mL Bottle (Pack of 1)","The new ESENTA Sting-Free Adhesive Remover is a skin-friendly, quick, and easy way to get rid of the adhesive residue that often gets left behind during ostomy pouch changes. ConvaTec ESENTA Sting Free Adhesive Remover is available in two options: spray can or individual wipes. Formerly known as Sensi-Care, the 100% silicone-based ESENTA Adhesive Remover helps reduce potential skin damage like skin-stripping while quickly removing all remaining adhesive residue. It's made without natural rubber latex, which makes it ideal for those with latex allergies or sensitivities. Plus, your skin will feel silky and smooth with no residue left behind, whether you use the ESENTA Sting-Free Adhesive Remover Spray or the ESENTA Sting-Free Adhesive Remover Wipes.",Lester,Better than the other brands,"This is my favorite adhesive remover by far. I’ve tried most of the major brands, both wipes and sprays, and this spray does the best job, especially if you’re hairy!",8/12/2024,5.0,Yes,0,0.8172,0.211,0.0,0.789,0.0101968497037887,0.0936114490032196,0.0029397075995802,0.1468970328569412,0.7181057929992676,0.0041680680587887,0.0240810643881559,0.8172,0.211,0.0,0.789,0.010196863673627377,0.09361129254102707,0.0029397006146609783,0.1468971222639084,0.7181057929992676,0.004168066196143627,0.024081075564026833
23,23,"ConvaTec ESENTA Adhesive Remover Spray for Around Stomas and Wounds, Sting Free, Alcohol Free, 50 mL Bottle (Pack of 1)","The new ESENTA Sting-Free Adhesive Remover is a skin-friendly, quick, and easy way to get rid of the adhesive residue that often gets left behind during ostomy pouch changes. ConvaTec ESENTA Sting Free Adhesive Remover is available in two options: spray can or individual wipes. Formerly known as Sensi-Care, the 100% silicone-based ESENTA Adhesive Remover helps reduce potential skin damage like skin-stripping while quickly removing all remaining adhesive residue. It's made without natural rubber latex, which makes it ideal for those with latex allergies or sensitivities. Plus, your skin will feel silky and smooth with no residue left behind, whether you use the ESENTA Sting-Free Adhesive Remover Spray or the ESENTA Sting-Free Adhesive Remover Wipes.",Amazon Customer,Highly recommend,This product easily removes any adhesive bandage. Just spray it on and the stickiest bandaid comes right off. Excellent for people who can bruise from getting an adhesive product removed.,7/23/2024,5.0,Yes,0,0.7269,0.179,0.0,0.821,0.028557663783431,0.1502752900123596,0.0055230353027582,0.0088380994275212,0.7916994690895081,0.0102459965273737,0.0048604728654026,0.7269,0.179,0.0,0.821,0.028557633981108665,0.15027542412281036,0.005523031111806631,0.008838118053972721,0.7916992902755737,0.01024600863456726,0.004860480781644583
24,24,"ConvaTec ESENTA Adhesive Remover Spray for Around Stomas and Wounds, Sting Free, Alcohol Free, 50 mL Bottle (Pack of 1)","The new ESENTA Sting-Free Adhesive Remover is a skin-friendly, quick, and easy way to get rid of the adhesive residue that often gets left behind during ostomy pouch changes. ConvaTec ESENTA Sting Free Adhesive Remover is available in two options: spray can or individual wipes. Formerly known as Sensi-Care, the 100% silicone-based ESENTA Adhesive Remover helps reduce potential skin damage like skin-stripping while quickly removing all remaining adhesive residue. It's made without natural rubber latex, which makes it ideal for those with latex allergies or sensitivities. Plus, your skin will feel silky and smooth with no residue left behind, whether you use the ESENTA Sting-Free Adhesive Remover Spray or the ESENTA Sting-Free Adhesive Remover Wipes.",Brice Hickey - TheYogiRunner,The very best adhesive remover I've used.,"I have a colostomy bag and I've tried several removers and wipes, but this adhesive remover works better than any others I've tried. Hands-down, the best.The 360° spray is so convenient! I've used other ones where you have to pump and keeping it upright is very difficult in some spots.A little goes along way. Let the remover do the work before you start peeling it up. And then, any adhesive just dissolves. If there is any leftover residue from the adhesive after you peel up the bag, a little spray with this stuff and it comes right up!Sometimes this can be expensive, so check back regular. As I'm typing this, it's 20% off and $13! But then other times I'll see it for $17… I've also bought in bulk sometimes for $12… so always check back!",2/28/2024,5.0,Yes,10,0.3245,0.036,0.026,0.938,0.0315786786377429,0.0322518125176429,0.0048429365269839,0.0481501780450344,0.772785484790802,0.009204251691699,0.1011866331100463,0.3245,0.036,0.026,0.938,0.03157869726419449,0.03225184231996536,0.004842941649258137,0.04815015196800232,0.7727855443954468,0.0092042600736022,0.1011865958571434
25,25,"ConvaTec ESENTA Adhesive Remover Spray for Around Stomas and Wounds, Sting Free, Alcohol Free, 50 mL Bottle (Pack of 1)","The new ESENTA Sting-Free Adhesive Remover is a skin-friendly, quick, and easy way to get rid of the adhesive residue that often gets left behind during ostomy pouch changes. ConvaTec ESENTA Sting Free Adhesive Remover is available in two options: spray can or individual wipes. Formerly known as Sensi-Care, the 100% silicone-based ESENTA Adhesive Remover helps reduce potential skin damage like skin-stripping while quickly removing all remaining adhesive residue. It's made without natural rubber latex, which makes it ideal for those with latex allergies or sensitivities. Plus, your skin will feel silky and smooth with no residue left behind, whether you use the ESENTA Sting-Free Adhesive Remover Spray or the ESENTA Sting-Free Adhesive Remover Wipes.",Geo,Ostomy adhesive remover,Works great.Can’t use paper towels or tissues tho’.I use coarse gauze pads which works well to remove the adhesive.,7/24/2024,5.0,Yes,0,0.2732,0.104,0.0,0.896,0.0245328545570373,0.1411471217870712,0.0095208548009395,0.0113640520721673,0.7855533957481384,0.0207370836287736,0.0071446704678237,0.2732,0.104,0.0,0.896,0.024532869458198547,0.14114722609519958,0.009520861320197582,0.011364039964973927,0.7855532169342041,0.020737096667289734,0.007144675590097904
26,26,"ConvaTec ESENTA Adhesive Remover Spray for Around Stomas and Wounds, Sting Free, Alcohol Free, 50 mL Bottle (Pack of 1)","The new ESENTA Sting-Free Adhesive Remover is a skin-friendly, quick, and easy way to get rid of the adhesive residue that often gets left behind during ostomy pouch changes. ConvaTec ESENTA Sting Free Adhesive Remover is available in two options: spray can or individual wipes. Formerly known as Sensi-Care, the 100% silicone-based ESENTA Adhesive Remover helps reduce potential skin damage like skin-stripping while quickly removing all remaining adhesive residue. It's made without natural rubber latex, which makes it ideal for those with latex allergies or sensitivities. Plus, your skin will feel silky and smooth with no residue left behind, whether you use the ESENTA Sting-Free Adhesive Remover Spray or the ESENTA Sting-Free Adhesive Remover Wipes.",ac1957,Shame on ConvaTec,"The good: This product is very effective at removing Stoma wafers. The odor is barely noticeable.The bad: There is a very small amount of remover in each spray canister. Now, the price has gone up 50% for a case of 12. That means ConvaTec has priced me out of their market. I will look for a cheaper alternative, even if it's slightly less effective.",5/27/2024,5.0,Yes,6,0.7554,0.141,0.047,0.813,0.0221742410212755,0.410258948802948,0.00494587700814,0.0199235789477825,0.5242652893066406,0.0147118745371699,0.0037202287930995,0.7554,0.141,0.047,0.813,0.022174201905727386,0.4102591574192047,0.004945868626236916,0.01992352306842804,0.5242651700973511,0.014711856842041016,0.0037202206440269947
27,27,"ConvaTec ESENTA Adhesive Remover Spray for Around Stomas and Wounds, Sting Free, Alcohol Free, 50 mL Bottle (Pack of 1)","The new ESENTA Sting-Free Adhesive Remover is a skin-friendly, quick, and easy way to get rid of the adhesive residue that often gets left behind during ostomy pouch changes. ConvaTec ESENTA Sting Free Adhesive Remover is available in two options: spray can or individual wipes. Formerly known as Sensi-Care, the 100% silicone-based ESENTA Adhesive Remover helps reduce potential skin damage like skin-stripping while quickly removing all remaining adhesive residue. It's made without natural rubber latex, which makes it ideal for those with latex allergies or sensitivities. Plus, your skin will feel silky and smooth with no residue left behind, whether you use the ESENTA Sting-Free Adhesive Remover Spray or the ESENTA Sting-Free Adhesive Remover Wipes.",Mila F,Obi adhesive remover,"This has been so far the only thing that's been able to take off my skyrizi obi injector, for some reason my skin hates the adhesive on the obi and it just stick and pulls so hard.definitely recommend for obi injectors",6/14/2024,5.0,Yes,0,-0.0314,0.062,0.065,0.873,0.3137929141521454,0.0642367526888847,0.0046325591392815,0.0077451476827263,0.1310239732265472,0.4420571029186249,0.0365115515887737,-0.0314,0.062,0.065,0.873,0.3137936592102051,0.06423692405223846,0.004632566589862108,0.007745152339339256,0.13102413713932037,0.4420561194419861,0.036511510610580444
28,28,"ConvaTec ESENTA Adhesive Remover Spray for Around Stomas and Wounds, Sting Free, Alcohol Free, 50 mL Bottle (Pack of 1)","The new ESENTA Sting-Free Adhesive Remover is a skin-friendly, quick, and easy way to get rid of the adhesive residue that often gets left behind during ostomy pouch changes. ConvaTec ESENTA Sting Free Adhesive Remover is available in two options: spray can or individual wipes. Formerly known as Sensi-Care, the 100% silicone-based ESENTA Adhesive Remover helps reduce potential skin damage like skin-stripping while quickly removing all remaining adhesive residue. It's made without natural rubber latex, which makes it ideal for those with latex allergies or sensitivities. Plus, your skin will feel silky and smooth with no residue left behind, whether you use the ESENTA Sting-Free Adhesive Remover Spray or the ESENTA Sting-Free Adhesive Remover Wipes.",Briggsmoscow,Adhesive remover.,Works great.,8/4/2024,5.0,Yes,0,0.6249,0.804,0.0,0.196,0.0076706637628376,0.0081276362761855,0.0022511375136673,0.688550591468811,0.2648560404777527,0.0097239548340439,0.0188199635595083,0.6249,0.804,0.0,0.196,0.007670655380934477,0.00812763161957264,0.0022511351853609085,0.6885508298873901,0.2648558020591736,0.009723939932882786,0.018819937482476234
29,29,"ConvaTec ESENTA Adhesive Remover Spray for Around Stomas and Wounds, Sting Free, Alcohol Free, 50 mL Bottle (Pack of 1)","The new ESENTA Sting-Free Adhesive Remover is a skin-friendly, quick, and easy way to get rid of the adhesive residue that often gets left behind during ostomy pouch changes. ConvaTec ESENTA Sting Free Adhesive Remover is available in two options: spray can or individual wipes. Formerly known as Sensi-Care, the 100% silicone-based ESENTA Adhesive Remover helps reduce potential skin damage like skin-stripping while quickly removing all remaining adhesive residue. It's made without natural rubber latex, which makes it ideal for those with latex allergies or sensitivities. Plus, your skin will feel silky and smooth with no residue left behind, whether you use the ESENTA Sting-Free Adhesive Remover Spray or the ESENTA Sting-Free Adhesive Remover Wipes.",G.A.,Makes the adhesive manageable,"I thought this would be just another one of those products that is all talk and no action, boy was I wrong! this product helped remove a very stubborn adhesive that would literally peel skin off! one good spray of this product and the adhesive wiped off like water! great product, well worth it!",5/23/2024,5.0,Yes,0,0.7488,0.222,0.126,0.652,0.0282224770635366,0.0143007971346378,0.0021734917536377,0.7684292197227478,0.0870895832777023,0.006046765949577,0.0937377512454986,0.7488,0.222,0.126,0.652,0.02822241187095642,0.014300764538347721,0.0021734884940087795,0.7684294581413269,0.08708952367305756,0.006046762689948082,0.09373759478330612
30,30,"ConvaTec ESENTA Adhesive Remover Spray for Around Stomas and Wounds, Sting Free, Alcohol Free, 50 mL Bottle (Pack of 1)","The new ESENTA Sting-Free Adhesive Remover is a skin-friendly, quick, and easy way to get rid of the adhesive residue that often gets left behind during ostomy pouch changes. ConvaTec ESENTA Sting Free Adhesive Remover is available in two options: spray can or individual wipes. Formerly known as Sensi-Care, the 100% silicone-based ESENTA Adhesive Remover helps reduce potential skin damage like skin-stripping while quickly removing all remaining adhesive residue. It's made without natural rubber latex, which makes it ideal for those with latex allergies or sensitivities. Plus, your skin will feel silky and smooth with no residue left behind, whether you use the ESENTA Sting-Free Adhesive Remover Spray or the ESENTA Sting-Free Adhesive Remover Wipes.",Joy Shoppelle,Quality,Love this. It SO helps when removing bandages. No tearing of the skin anymore.,7/19/2024,5.0,Yes,0,0.7668,0.372,0.105,0.523,0.0249869264662265,0.1512035876512527,0.0027427121531218,0.2020996212959289,0.5677847862243652,0.0311474539339542,0.0200349055230617,0.7668,0.372,0.105,0.523,0.024986976757645607,0.15120384097099304,0.0027427158784121275,0.20209965109825134,0.5677844285964966,0.031147465109825134,0.02003495953977108
31,31,"ConvaTec ESENTA Adhesive Remover Spray for Around Stomas and Wounds, Sting Free, Alcohol Free, 50 mL Bottle (Pack of 1)","The new ESENTA Sting-Free Adhesive Remover is a skin-friendly, quick, and easy way to get rid of the adhesive residue that often gets left behind during ostomy pouch changes. ConvaTec ESENTA Sting Free Adhesive Remover is available in two options: spray can or individual wipes. Formerly known as Sensi-Care, the 100% silicone-based ESENTA Adhesive Remover helps reduce potential skin damage like skin-stripping while quickly removing all remaining adhesive residue. It's made without natural rubber latex, which makes it ideal for those with latex allergies or sensitivities. Plus, your skin will feel silky and smooth with no residue left behind, whether you use the ESENTA Sting-Free Adhesive Remover Spray or the ESENTA Sting-Free Adhesive Remover Wipes.",Andy Love,Great product,Does exactly as described. Works great for releasing adhesive based tape from skin without removing all your hair along with it.,7/5/2024,5.0,Yes,0,0.6249,0.17,0.0,0.83,0.0081274211406707,0.0464213974773883,0.0028723576106131,0.0485894046723842,0.8773293495178223,0.0071023190394043,0.0095578301697969,0.6249,0.17,0.0,0.83,0.008127435110509396,0.046421509236097336,0.0028723622672259808,0.048589348793029785,0.8773291110992432,0.007102328352630138,0.00955783762037754
32,32,"ConvaTec ESENTA Adhesive Remover Spray for Around Stomas and Wounds, Sting Free, Alcohol Free, 50 mL Bottle (Pack of 1)","The new ESENTA Sting-Free Adhesive Remover is a skin-friendly, quick, and easy way to get rid of the adhesive residue that often gets left behind during ostomy pouch changes. ConvaTec ESENTA Sting Free Adhesive Remover is available in two options: spray can or individual wipes. Formerly known as Sensi-Care, the 100% silicone-based ESENTA Adhesive Remover helps reduce potential skin damage like skin-stripping while quickly removing all remaining adhesive residue. It's made without natural rubber latex, which makes it ideal for those with latex allergies or sensitivities. Plus, your skin will feel silky and smooth with no residue left behind, whether you use the ESENTA Sting-Free Adhesive Remover Spray or the ESENTA Sting-Free Adhesive Remover Wipes.",Unknown,Small bottle,Works great but bottle is much smaller than expected,5/10/2024,4.0,Yes,0,0.3716,0.242,0.0,0.758,0.0058284094557166,0.010827962309122,0.0054094730876386,0.179597869515419,0.4141361713409424,0.1600063592195511,0.2241937816143036,0.3716,0.242,0.0,0.758,0.00582841644063592,0.010827979072928429,0.005409466102719307,0.17959807813167572,0.41413643956184387,0.16000625491142273,0.22419339418411255
33,33,"ConvaTec ESENTA Adhesive Remover Spray for Around Stomas and Wounds, Sting Free, Alcohol Free, 50 mL Bottle (Pack of 1)","The new ESENTA Sting-Free Adhesive Remover is a skin-friendly, quick, and easy way to get rid of the adhesive residue that often gets left behind during ostomy pouch changes. ConvaTec ESENTA Sting Free Adhesive Remover is available in two options: spray can or individual wipes. Formerly known as Sensi-Care, the 100% silicone-based ESENTA Adhesive Remover helps reduce potential skin damage like skin-stripping while quickly removing all remaining adhesive residue. It's made without natural rubber latex, which makes it ideal for those with latex allergies or sensitivities. Plus, your skin will feel silky and smooth with no residue left behind, whether you use the ESENTA Sting-Free Adhesive Remover Spray or the ESENTA Sting-Free Adhesive Remover Wipes.",Richard - Central PA,The BEST adhesive remover!,"Hands down my favorite and most effective way to remove the adhesive associated with my appliance. It’s incredibly effective at helping to easily peel everything off without tugging at the skin or hair.I’ve tried other methods and products, but this easily my first choice. Unfortunately it’s on the more expensive end if you don’t have insurance coverage for it, but it absolutely works and is worth the price to me.",4/11/2024,5.0,Yes,4,0.8472,0.19,0.039,0.771,0.0058139413595199,0.0100737614557147,0.004347467329353,0.1691695600748062,0.7425379753112793,0.0405402593314647,0.0275170784443616,0.8472,0.19,0.039,0.771,0.005813938099890947,0.010073752142488956,0.00434745941311121,0.16916964948177338,0.7425380349159241,0.04054012894630432,0.027517037466168404
34,34,"ConvaTec ESENTA Adhesive Remover Spray for Around Stomas and Wounds, Sting Free, Alcohol Free, 50 mL Bottle (Pack of 1)","The new ESENTA Sting-Free Adhesive Remover is a skin-friendly, quick, and easy way to get rid of the adhesive residue that often gets left behind during ostomy pouch changes. ConvaTec ESENTA Sting Free Adhesive Remover is available in two options: spray can or individual wipes. Formerly known as Sensi-Care, the 100% silicone-based ESENTA Adhesive Remover helps reduce potential skin damage like skin-stripping while quickly removing all remaining adhesive residue. It's made without natural rubber latex, which makes it ideal for those with latex allergies or sensitivities. Plus, your skin will feel silky and smooth with no residue left behind, whether you use the ESENTA Sting-Free Adhesive Remover Spray or the ESENTA Sting-Free Adhesive Remover Wipes.",Tina,So easy to use,I use this to change the ostomy dressing. If I spray it on before I start preparing everything needed for ostomy change the  adhesive comes right off without pulling my akin. Ao easy to use. Will certainly buy again.,5/17/2024,5.0,Yes,0,0.6486,0.135,0.0,0.865,0.0053592952899634,0.0067250314168632,0.002323193475604,0.0690004304051399,0.903822898864746,0.0050674346275627,0.007701791357249,0.6486,0.135,0.0,0.865,0.005359293892979622,0.006725025828927755,0.002323191612958908,0.06900018453598022,0.9038230776786804,0.005067435558885336,0.0077017927542328835
35,35,"ConvaTec ESENTA Adhesive Remover Spray for Around Stomas and Wounds, Sting Free, Alcohol Free, 50 mL Bottle (Pack of 1)","The new ESENTA Sting-Free Adhesive Remover is a skin-friendly, quick, and easy way to get rid of the adhesive residue that often gets left behind during ostomy pouch changes. ConvaTec ESENTA Sting Free Adhesive Remover is available in two options: spray can or individual wipes. Formerly known as Sensi-Care, the 100% silicone-based ESENTA Adhesive Remover helps reduce potential skin damage like skin-stripping while quickly removing all remaining adhesive residue. It's made without natural rubber latex, which makes it ideal for those with latex allergies or sensitivities. Plus, your skin will feel silky and smooth with no residue left behind, whether you use the ESENTA Sting-Free Adhesive Remover Spray or the ESENTA Sting-Free Adhesive Remover Wipes.",terry johnson,Adhesive remover,Works like it is supposed to,4/22/2024,4.0,Yes,0,0.3612,0.333,0.0,0.667,0.0160502139478921,0.0098413564264774,0.0027641823980957,0.0492074228823185,0.8455860614776611,0.018865168094635,0.0576856285333633,0.3612,0.333,0.0,0.667,0.016050223261117935,0.00984134804457426,0.0027641875203698874,0.04920748248696327,0.8455857634544373,0.018865199759602547,0.05768575519323349
36,36,"ConvaTec ESENTA Adhesive Remover Spray for Around Stomas and Wounds, Sting Free, Alcohol Free, 50 mL Bottle (Pack of 1)","The new ESENTA Sting-Free Adhesive Remover is a skin-friendly, quick, and easy way to get rid of the adhesive residue that often gets left behind during ostomy pouch changes. ConvaTec ESENTA Sting Free Adhesive Remover is available in two options: spray can or individual wipes. Formerly known as Sensi-Care, the 100% silicone-based ESENTA Adhesive Remover helps reduce potential skin damage like skin-stripping while quickly removing all remaining adhesive residue. It's made without natural rubber latex, which makes it ideal for those with latex allergies or sensitivities. Plus, your skin will feel silky and smooth with no residue left behind, whether you use the ESENTA Sting-Free Adhesive Remover Spray or the ESENTA Sting-Free Adhesive Remover Wipes.",Virginia L.,"Great product, so expensive",Super great product but expensive and not much product in spray bottle.  But the very best product to remove stoma pouch easily.,3/10/2024,4.0,Yes,2,0.9365,0.443,0.0,0.557,0.0075798612087965,0.0039351377636194,0.0077772005461156,0.3942116796970367,0.2049594819545745,0.0971098616719245,0.2844268381595611,0.9365,0.443,0.0,0.557,0.007579844910651445,0.003935137763619423,0.007777194958180189,0.39421242475509644,0.2049597203731537,0.0971096083521843,0.2844260632991791
37,37,"ConvaTec ESENTA Adhesive Remover Spray for Around Stomas and Wounds, Sting Free, Alcohol Free, 50 mL Bottle (Pack of 1)","The new ESENTA Sting-Free Adhesive Remover is a skin-friendly, quick, and easy way to get rid of the adhesive residue that often gets left behind during ostomy pouch changes. ConvaTec ESENTA Sting Free Adhesive Remover is available in two options: spray can or individual wipes. Formerly known as Sensi-Care, the 100% silicone-based ESENTA Adhesive Remover helps reduce potential skin damage like skin-stripping while quickly removing all remaining adhesive residue. It's made without natural rubber latex, which makes it ideal for those with latex allergies or sensitivities. Plus, your skin will feel silky and smooth with no residue left behind, whether you use the ESENTA Sting-Free Adhesive Remover Spray or the ESENTA Sting-Free Adhesive Remover Wipes.",Dog mom,Works wonders on removing adhesives from your skin,I bought this to help with removing tape and sticky residue from my husbands osteomy. It is expensive and does dry  quickly but it relieves a lot of the discomfort for removing adhesive appliances. Great for anyone who has an osteomy.,5/3/2024,5.0,Yes,0,0.7935,0.217,0.075,0.708,0.0129076968878507,0.1349863111972808,0.0201553218066692,0.0722033381462097,0.7269347906112671,0.0280152577906847,0.0047972230240702,0.7935,0.217,0.075,0.708,0.012907668948173523,0.134986013174057,0.020155323669314384,0.07220339775085449,0.7269349694252014,0.0280152577906847,0.004797228612005711
38,38,"ConvaTec ESENTA Adhesive Remover Spray for Around Stomas and Wounds, Sting Free, Alcohol Free, 50 mL Bottle (Pack of 1)","The new ESENTA Sting-Free Adhesive Remover is a skin-friendly, quick, and easy way to get rid of the adhesive residue that often gets left behind during ostomy pouch changes. ConvaTec ESENTA Sting Free Adhesive Remover is available in two options: spray can or individual wipes. Formerly known as Sensi-Care, the 100% silicone-based ESENTA Adhesive Remover helps reduce potential skin damage like skin-stripping while quickly removing all remaining adhesive residue. It's made without natural rubber latex, which makes it ideal for those with latex allergies or sensitivities. Plus, your skin will feel silky and smooth with no residue left behind, whether you use the ESENTA Sting-Free Adhesive Remover Spray or the ESENTA Sting-Free Adhesive Remover Wipes.",web designer,Works very well,Have used this for years (even before the name changed). Works well!,6/12/2024,5.0,Yes,0,0.3382,0.179,0.0,0.821,0.0173798780888319,0.0083977561444044,0.0009488513460382,0.2029472440481186,0.7563738226890564,0.0039296965114772,0.0100227054208517,0.3382,0.179,0.0,0.821,0.0173798780888319,0.008397755213081837,0.0009488522191531956,0.20294705033302307,0.756374180316925,0.003929690923541784,0.010022688657045364
39,39,"ConvaTec ESENTA Adhesive Remover Spray for Around Stomas and Wounds, Sting Free, Alcohol Free, 50 mL Bottle (Pack of 1)","The new ESENTA Sting-Free Adhesive Remover is a skin-friendly, quick, and easy way to get rid of the adhesive residue that often gets left behind during ostomy pouch changes. ConvaTec ESENTA Sting Free Adhesive Remover is available in two options: spray can or individual wipes. Formerly known as Sensi-Care, the 100% silicone-based ESENTA Adhesive Remover helps reduce potential skin damage like skin-stripping while quickly removing all remaining adhesive residue. It's made without natural rubber latex, which makes it ideal for those with latex allergies or sensitivities. Plus, your skin will feel silky and smooth with no residue left behind, whether you use the ESENTA Sting-Free Adhesive Remover Spray or the ESENTA Sting-Free Adhesive Remover Wipes.",nancy b petty,Asenta works great.,Asenta works great on skin of older adults. Thin skin creates a problem when changing dressings or bandaid removal. Just a spray with Esenta loostens the adhesive to make it easier and painless.,4/19/2024,5.0,Yes,0,0.8176,0.281,0.068,0.652,0.0142807122319936,0.2237208485603332,0.0241976156830787,0.0089585203677415,0.6837847828865051,0.0416701659560203,0.0033874015789479,0.8176,0.281,0.068,0.652,0.014280712231993675,0.22372090816497803,0.024197589606046677,0.008958527818322182,0.6837847828865051,0.04167009890079498,0.003387404838576913
40,40,"ConvaTec ESENTA Adhesive Remover Spray for Around Stomas and Wounds, Sting Free, Alcohol Free, 50 mL Bottle (Pack of 1)","The new ESENTA Sting-Free Adhesive Remover is a skin-friendly, quick, and easy way to get rid of the adhesive residue that often gets left behind during ostomy pouch changes. ConvaTec ESENTA Sting Free Adhesive Remover is available in two options: spray can or individual wipes. Formerly known as Sensi-Care, the 100% silicone-based ESENTA Adhesive Remover helps reduce potential skin damage like skin-stripping while quickly removing all remaining adhesive residue. It's made without natural rubber latex, which makes it ideal for those with latex allergies or sensitivities. Plus, your skin will feel silky and smooth with no residue left behind, whether you use the ESENTA Sting-Free Adhesive Remover Spray or the ESENTA Sting-Free Adhesive Remover Wipes.",caroleena55,Just ordered another,Found the adhesive sheets instead of rings (still learning) they work best for me and need help getting them off. This stuff is amazing! Tiny little squirt as you’re peeling and voila’,4/21/2024,5.0,Yes,0,0.8999,0.275,0.0,0.725,0.015389671549201,0.135025754570961,0.0110347727313637,0.1274564266204834,0.5924236178398132,0.0095421336591243,0.1091276481747627,0.8999,0.275,0.0,0.725,0.015389647334814072,0.13502568006515503,0.011034773662686348,0.12745635211467743,0.5924236178398132,0.009542121551930904,0.10912773758172989
41,41,"ConvaTec ESENTA Adhesive Remover Spray for Around Stomas and Wounds, Sting Free, Alcohol Free, 50 mL Bottle (Pack of 1)","The new ESENTA Sting-Free Adhesive Remover is a skin-friendly, quick, and easy way to get rid of the adhesive residue that often gets left behind during ostomy pouch changes. ConvaTec ESENTA Sting Free Adhesive Remover is available in two options: spray can or individual wipes. Formerly known as Sensi-Care, the 100% silicone-based ESENTA Adhesive Remover helps reduce potential skin damage like skin-stripping while quickly removing all remaining adhesive residue. It's made without natural rubber latex, which makes it ideal for those with latex allergies or sensitivities. Plus, your skin will feel silky and smooth with no residue left behind, whether you use the ESENTA Sting-Free Adhesive Remover Spray or the ESENTA Sting-Free Adhesive Remover Wipes.",Hector Berlioz,My insurance wouldn't buy it...,"This spray works so well. I'm a hairy guy and when removing my bag, this spray just lifts everything off with no pain.",4/23/2024,5.0,Yes,0,-0.4135,0.101,0.202,0.697,0.0162909589707851,0.4133679568767547,0.0161288920789957,0.013501307927072,0.5207583904266357,0.0155949285253882,0.0043575316667556,-0.4135,0.101,0.202,0.697,0.016290951520204544,0.4133680462837219,0.01612888276576996,0.013501312583684921,0.520758330821991,0.015594950877130032,0.004357531201094389
42,42,"ConvaTec ESENTA Adhesive Remover Spray for Around Stomas and Wounds, Sting Free, Alcohol Free, 50 mL Bottle (Pack of 1)","The new ESENTA Sting-Free Adhesive Remover is a skin-friendly, quick, and easy way to get rid of the adhesive residue that often gets left behind during ostomy pouch changes. ConvaTec ESENTA Sting Free Adhesive Remover is available in two options: spray can or individual wipes. Formerly known as Sensi-Care, the 100% silicone-based ESENTA Adhesive Remover helps reduce potential skin damage like skin-stripping while quickly removing all remaining adhesive residue. It's made without natural rubber latex, which makes it ideal for those with latex allergies or sensitivities. Plus, your skin will feel silky and smooth with no residue left behind, whether you use the ESENTA Sting-Free Adhesive Remover Spray or the ESENTA Sting-Free Adhesive Remover Wipes.",Amazon Customer,Great product. Just expensive.,Great for Illostomy bag removal.,6/2/2024,5.0,Yes,0,0.6249,0.506,0.0,0.494,0.0120065528899431,0.0453267246484756,0.0083086919039487,0.0133092626929283,0.8937965631484985,0.014432561583817,0.0128196841105818,0.6249,0.506,0.0,0.494,0.012006516568362713,0.04532663896679878,0.008308663964271545,0.013309216126799583,0.8937968611717224,0.014432517811655998,0.012819670140743256
43,43,"ConvaTec ESENTA Adhesive Remover Spray for Around Stomas and Wounds, Sting Free, Alcohol Free, 50 mL Bottle (Pack of 1)","The new ESENTA Sting-Free Adhesive Remover is a skin-friendly, quick, and easy way to get rid of the adhesive residue that often gets left behind during ostomy pouch changes. ConvaTec ESENTA Sting Free Adhesive Remover is available in two options: spray can or individual wipes. Formerly known as Sensi-Care, the 100% silicone-based ESENTA Adhesive Remover helps reduce potential skin damage like skin-stripping while quickly removing all remaining adhesive residue. It's made without natural rubber latex, which makes it ideal for those with latex allergies or sensitivities. Plus, your skin will feel silky and smooth with no residue left behind, whether you use the ESENTA Sting-Free Adhesive Remover Spray or the ESENTA Sting-Free Adhesive Remover Wipes.",janelle,Perfect for my dogs CGM removal,I really like that this product easily removes my dogs libre and the tegaderm easily no pain,5/2/2024,5.0,Yes,0,0.2716,0.315,0.228,0.457,0.0012151633854955,0.0027375721838325,0.0004422062193043,0.9823821187019348,0.0078792469576001,0.0025788850616663,0.0027648787945508,0.2716,0.315,0.228,0.457,0.0012151624541729689,0.002737569622695446,0.00044220578274689615,0.9823821187019348,0.00787922739982605,0.0025788815692067146,0.0027648762334138155
44,44,"ConvaTec ESENTA Adhesive Remover Spray for Around Stomas and Wounds, Sting Free, Alcohol Free, 50 mL Bottle (Pack of 1)","The new ESENTA Sting-Free Adhesive Remover is a skin-friendly, quick, and easy way to get rid of the adhesive residue that often gets left behind during ostomy pouch changes. ConvaTec ESENTA Sting Free Adhesive Remover is available in two options: spray can or individual wipes. Formerly known as Sensi-Care, the 100% silicone-based ESENTA Adhesive Remover helps reduce potential skin damage like skin-stripping while quickly removing all remaining adhesive residue. It's made without natural rubber latex, which makes it ideal for those with latex allergies or sensitivities. Plus, your skin will feel silky and smooth with no residue left behind, whether you use the ESENTA Sting-Free Adhesive Remover Spray or the ESENTA Sting-Free Adhesive Remover Wipes.",PCB,It works as well or better than other brands,It takes all the brands time to get the glue off. This brand works well but is priced too high.,4/24/2024,5.0,Yes,0,0.1406,0.075,0.0,0.925,0.0054548070766031,0.0104007134214043,0.0011282085906714,0.0108471345156431,0.9374364614486694,0.0222665760666131,0.0124661521986126,0.1406,0.075,0.0,0.925,0.005454804748296738,0.010400714352726936,0.0011282069608569145,0.010847103781998158,0.937436580657959,0.02226654626429081,0.01246611773967743
45,45,"ConvaTec ESENTA Adhesive Remover Spray for Around Stomas and Wounds, Sting Free, Alcohol Free, 50 mL Bottle (Pack of 1)","The new ESENTA Sting-Free Adhesive Remover is a skin-friendly, quick, and easy way to get rid of the adhesive residue that often gets left behind during ostomy pouch changes. ConvaTec ESENTA Sting Free Adhesive Remover is available in two options: spray can or individual wipes. Formerly known as Sensi-Care, the 100% silicone-based ESENTA Adhesive Remover helps reduce potential skin damage like skin-stripping while quickly removing all remaining adhesive residue. It's made without natural rubber latex, which makes it ideal for those with latex allergies or sensitivities. Plus, your skin will feel silky and smooth with no residue left behind, whether you use the ESENTA Sting-Free Adhesive Remover Spray or the ESENTA Sting-Free Adhesive Remover Wipes.",Roger,Works for me,I use kneisio tape and this works when removing tape to minimize skin abrasion,5/4/2024,5.0,Yes,0,0.0,0.0,0.0,1.0,0.0268175881356,0.0525208041071891,0.0139380814507603,0.004522786475718,0.8648617267608643,0.0214670356363058,0.0158719718456268,0.0,0.0,0.0,1.0,0.026817621663212776,0.05252092704176903,0.013938089832663536,0.004522787872701883,0.8648615479469299,0.021467061713337898,0.01587197743356228
46,46,"ConvaTec ESENTA Adhesive Remover Spray for Around Stomas and Wounds, Sting Free, Alcohol Free, 50 mL Bottle (Pack of 1)","The new ESENTA Sting-Free Adhesive Remover is a skin-friendly, quick, and easy way to get rid of the adhesive residue that often gets left behind during ostomy pouch changes. ConvaTec ESENTA Sting Free Adhesive Remover is available in two options: spray can or individual wipes. Formerly known as Sensi-Care, the 100% silicone-based ESENTA Adhesive Remover helps reduce potential skin damage like skin-stripping while quickly removing all remaining adhesive residue. It's made without natural rubber latex, which makes it ideal for those with latex allergies or sensitivities. Plus, your skin will feel silky and smooth with no residue left behind, whether you use the ESENTA Sting-Free Adhesive Remover Spray or the ESENTA Sting-Free Adhesive Remover Wipes.",Amazon Customer,Great for fragile skin,"My mother is 87 and bruises extremely easily.  Whenever she goes for a doctor’s visit and has to have blood drawn resulting in a bandage, taking it off creates these ginormous bruises. One of her nurses at the hospital used this on her and let her take it home. Why doesn’t everyone know about this?  A must have for all elderly or other conditions causing bruising from adhesive bandages!",12/26/2023,5.0,Yes,3,0.623,0.074,0.0,0.926,0.1221541911363601,0.35147625207901,0.0800719410181045,0.0141425700858235,0.2560013830661773,0.0742493942379951,0.1019041761755943,0.623,0.074,0.0,0.926,0.12215398997068405,0.35147666931152344,0.08007193356752396,0.014142555184662342,0.25600141286849976,0.07424940913915634,0.1019040122628212
47,47,"ConvaTec ESENTA Adhesive Remover Spray for Around Stomas and Wounds, Sting Free, Alcohol Free, 50 mL Bottle (Pack of 1)","The new ESENTA Sting-Free Adhesive Remover is a skin-friendly, quick, and easy way to get rid of the adhesive residue that often gets left behind during ostomy pouch changes. ConvaTec ESENTA Sting Free Adhesive Remover is available in two options: spray can or individual wipes. Formerly known as Sensi-Care, the 100% silicone-based ESENTA Adhesive Remover helps reduce potential skin damage like skin-stripping while quickly removing all remaining adhesive residue. It's made without natural rubber latex, which makes it ideal for those with latex allergies or sensitivities. Plus, your skin will feel silky and smooth with no residue left behind, whether you use the ESENTA Sting-Free Adhesive Remover Spray or the ESENTA Sting-Free Adhesive Remover Wipes.",Victoria,This was a lifesaver...,Having a sensitive skin makes this a must for anyone who has sensitive skin like I do.,4/13/2024,5.0,Yes,0,0.3612,0.161,0.0,0.839,0.0211272705346345,0.2123919427394867,0.1232132315635681,0.0067749861627817,0.5101221799850464,0.1113657280802726,0.0150046087801456,0.3612,0.161,0.0,0.839,0.021127253770828247,0.21239176392555237,0.1232130378484726,0.006774977780878544,0.5101226568222046,0.11136571317911148,0.015004613436758518
48,48,"ConvaTec ESENTA Adhesive Remover Spray for Around Stomas and Wounds, Sting Free, Alcohol Free, 50 mL Bottle (Pack of 1)","The new ESENTA Sting-Free Adhesive Remover is a skin-friendly, quick, and easy way to get rid of the adhesive residue that often gets left behind during ostomy pouch changes. ConvaTec ESENTA Sting Free Adhesive Remover is available in two options: spray can or individual wipes. Formerly known as Sensi-Care, the 100% silicone-based ESENTA Adhesive Remover helps reduce potential skin damage like skin-stripping while quickly removing all remaining adhesive residue. It's made without natural rubber latex, which makes it ideal for those with latex allergies or sensitivities. Plus, your skin will feel silky and smooth with no residue left behind, whether you use the ESENTA Sting-Free Adhesive Remover Spray or the ESENTA Sting-Free Adhesive Remover Wipes.",M. J. See,This stuff is a must-have for delicate skin.,Wonderful for removing bandages from fragile skin.,5/3/2024,5.0,Yes,0,0.5719,0.381,0.0,0.619,0.0086641740053892,0.0232740808278322,0.0821629986166954,0.064404584467411,0.1003177016973495,0.0401213131844997,0.6810551285743713,0.5719,0.381,0.0,0.619,0.008664160966873169,0.02327403798699379,0.08216293156147003,0.06440475583076477,0.10031764209270477,0.040121354162693024,0.6810550689697266
49,49,"ConvaTec ESENTA Adhesive Remover Spray for Around Stomas and Wounds, Sting Free, Alcohol Free, 50 mL Bottle (Pack of 1)","The new ESENTA Sting-Free Adhesive Remover is a skin-friendly, quick, and easy way to get rid of the adhesive residue that often gets left behind during ostomy pouch changes. ConvaTec ESENTA Sting Free Adhesive Remover is available in two options: spray can or individual wipes. Formerly known as Sensi-Care, the 100% silicone-based ESENTA Adhesive Remover helps reduce potential skin damage like skin-stripping while quickly removing all remaining adhesive residue. It's made without natural rubber latex, which makes it ideal for those with latex allergies or sensitivities. Plus, your skin will feel silky and smooth with no residue left behind, whether you use the ESENTA Sting-Free Adhesive Remover Spray or the ESENTA Sting-Free Adhesive Remover Wipes.",Chrissy M.,If you have any wound care… You need it!,I have a colostomy bag that i have to change every few days. Peeling off the adhesive is the worst! So painful. This spray makes it so easy. It’s like magic. Spray and the adhesive just melts away. I love it and will never be without it.,1/26/2024,5.0,Yes,2,0.5724,0.195,0.13,0.675,0.0053438395261764,0.8766818046569824,0.0080676982179284,0.0056111849844455,0.054216556251049,0.0478100515902042,0.0022688454482704,0.5724,0.195,0.13,0.675,0.005343830678611994,0.8766821026802063,0.008067671209573746,0.005611182190477848,0.05421647056937218,0.04780983179807663,0.0022688396275043488
50,50,"ConvaTec ESENTA Adhesive Remover Spray for Around Stomas and Wounds, Sting Free, Alcohol Free, 50 mL Bottle (Pack of 1)","The new ESENTA Sting-Free Adhesive Remover is a skin-friendly, quick, and easy way to get rid of the adhesive residue that often gets left behind during ostomy pouch changes. ConvaTec ESENTA Sting Free Adhesive Remover is available in two options: spray can or individual wipes. Formerly known as Sensi-Care, the 100% silicone-based ESENTA Adhesive Remover helps reduce potential skin damage like skin-stripping while quickly removing all remaining adhesive residue. It's made without natural rubber latex, which makes it ideal for those with latex allergies or sensitivities. Plus, your skin will feel silky and smooth with no residue left behind, whether you use the ESENTA Sting-Free Adhesive Remover Spray or the ESENTA Sting-Free Adhesive Remover Wipes.",Sharon,Health,very easy to use and very effective,4/18/2024,5.0,Yes,0,0.764,0.568,0.0,0.432,0.0044962135143578,0.0024365505669265,0.0012820576084777,0.7928606867790222,0.1780791580677032,0.0053558507934212,0.0154895596206188,0.764,0.568,0.0,0.432,0.004496217239648104,0.002436550334095955,0.0012820587726309896,0.7928606271743774,0.17807915806770325,0.0053558554500341415,0.015489552170038223
51,51,"ConvaTec ESENTA Adhesive Remover Spray for Around Stomas and Wounds, Sting Free, Alcohol Free, 50 mL Bottle (Pack of 1)","The new ESENTA Sting-Free Adhesive Remover is a skin-friendly, quick, and easy way to get rid of the adhesive residue that often gets left behind during ostomy pouch changes. ConvaTec ESENTA Sting Free Adhesive Remover is available in two options: spray can or individual wipes. Formerly known as Sensi-Care, the 100% silicone-based ESENTA Adhesive Remover helps reduce potential skin damage like skin-stripping while quickly removing all remaining adhesive residue. It's made without natural rubber latex, which makes it ideal for those with latex allergies or sensitivities. Plus, your skin will feel silky and smooth with no residue left behind, whether you use the ESENTA Sting-Free Adhesive Remover Spray or the ESENTA Sting-Free Adhesive Remover Wipes.",Jean S. Mango,Expensive but worth it.,This spray works great to release my 100 year old Mom’s ostomy pouch. Sure do wish it came in much larger can at a much cheaper price.  Her insurance won’t cover it anymore so we pay out of pocket.  It’s worth it for the pain free removal.,12/3/2023,5.0,Yes,0,0.8527,0.245,0.085,0.669,0.0057406667619943,0.0081102661788463,0.0040841614827513,0.5757430791854858,0.3559687733650207,0.0279916394501924,0.0223614014685153,0.8527,0.245,0.085,0.669,0.00574067048728466,0.008110270835459232,0.004084160551428795,0.5757426023483276,0.35596930980682373,0.027991611510515213,0.022361410781741142
52,52,"ConvaTec ESENTA Adhesive Remover Spray for Around Stomas and Wounds, Sting Free, Alcohol Free, 50 mL Bottle (Pack of 1)","The new ESENTA Sting-Free Adhesive Remover is a skin-friendly, quick, and easy way to get rid of the adhesive residue that often gets left behind during ostomy pouch changes. ConvaTec ESENTA Sting Free Adhesive Remover is available in two options: spray can or individual wipes. Formerly known as Sensi-Care, the 100% silicone-based ESENTA Adhesive Remover helps reduce potential skin damage like skin-stripping while quickly removing all remaining adhesive residue. It's made without natural rubber latex, which makes it ideal for those with latex allergies or sensitivities. Plus, your skin will feel silky and smooth with no residue left behind, whether you use the ESENTA Sting-Free Adhesive Remover Spray or the ESENTA Sting-Free Adhesive Remover Wipes.",Tim R.,Way to expensive!!!,"Was to expensive but when u need it what else can u do....you take advantage of people that need this product,",2/23/2024,5.0,Yes,3,0.3612,0.122,0.0,0.878,0.068878524005413,0.0610511116683483,0.0043844310566782,0.0119919180870056,0.4655453562736511,0.1198551580309867,0.2682935893535614,0.3612,0.122,0.0,0.878,0.06887853890657425,0.061051104217767715,0.004384429659694433,0.011991904117166996,0.4655454754829407,0.11985514312982559,0.2682933807373047
53,53,"ConvaTec ESENTA Adhesive Remover Spray for Around Stomas and Wounds, Sting Free, Alcohol Free, 50 mL Bottle (Pack of 1)","The new ESENTA Sting-Free Adhesive Remover is a skin-friendly, quick, and easy way to get rid of the adhesive residue that often gets left behind during ostomy pouch changes. ConvaTec ESENTA Sting Free Adhesive Remover is available in two options: spray can or individual wipes. Formerly known as Sensi-Care, the 100% silicone-based ESENTA Adhesive Remover helps reduce potential skin damage like skin-stripping while quickly removing all remaining adhesive residue. It's made without natural rubber latex, which makes it ideal for those with latex allergies or sensitivities. Plus, your skin will feel silky and smooth with no residue left behind, whether you use the ESENTA Sting-Free Adhesive Remover Spray or the ESENTA Sting-Free Adhesive Remover Wipes.",Rebbaann,It does work,This product works great when removing the old urostomy bag. No burning or sting the skin . It makes a real difference,2/14/2024,5.0,Yes,0,0.4404,0.169,0.091,0.741,0.7191962003707886,0.1640938520431518,0.0066156042739748,0.0061835725791752,0.0878841578960418,0.012915639206767,0.0031109892297536,0.4404,0.169,0.091,0.741,0.7191964983940125,0.1640937477350235,0.006615597754716873,0.00618358701467514,0.08788406103849411,0.012915625236928463,0.0031109920237213373
54,54,"ConvaTec ESENTA Adhesive Remover Spray for Around Stomas and Wounds, Sting Free, Alcohol Free, 50 mL Bottle (Pack of 1)","The new ESENTA Sting-Free Adhesive Remover is a skin-friendly, quick, and easy way to get rid of the adhesive residue that often gets left behind during ostomy pouch changes. ConvaTec ESENTA Sting Free Adhesive Remover is available in two options: spray can or individual wipes. Formerly known as Sensi-Care, the 100% silicone-based ESENTA Adhesive Remover helps reduce potential skin damage like skin-stripping while quickly removing all remaining adhesive residue. It's made without natural rubber latex, which makes it ideal for those with latex allergies or sensitivities. Plus, your skin will feel silky and smooth with no residue left behind, whether you use the ESENTA Sting-Free Adhesive Remover Spray or the ESENTA Sting-Free Adhesive Remover Wipes.",JACQUELINE M PALMER,Great Product,Removing bandaids on my sensitive skin was a nightmare before using this product. The adhesive just wouldn’t budge and trying to remove bandages was very painful. This product only took a couple of sprays to loosen the adhesive and the bandaids were a breeze to take off with no pain! I wish I had discovered it sooner! HIGHLY recommend!,9/23/2023,5.0,Yes,0,-0.5176,0.096,0.148,0.756,0.0165533497929573,0.1536161452531814,0.164615511894226,0.0487713515758514,0.3197753727436065,0.1583611518144607,0.1383071839809417,-0.5176,0.096,0.148,0.756,0.0165533609688282,0.15361621975898743,0.1646157205104828,0.04877137765288353,0.3197754919528961,0.15836083889007568,0.13830700516700745
55,55,"ConvaTec ESENTA Adhesive Remover Spray for Around Stomas and Wounds, Sting Free, Alcohol Free, 50 mL Bottle (Pack of 1)","The new ESENTA Sting-Free Adhesive Remover is a skin-friendly, quick, and easy way to get rid of the adhesive residue that often gets left behind during ostomy pouch changes. ConvaTec ESENTA Sting Free Adhesive Remover is available in two options: spray can or individual wipes. Formerly known as Sensi-Care, the 100% silicone-based ESENTA Adhesive Remover helps reduce potential skin damage like skin-stripping while quickly removing all remaining adhesive residue. It's made without natural rubber latex, which makes it ideal for those with latex allergies or sensitivities. Plus, your skin will feel silky and smooth with no residue left behind, whether you use the ESENTA Sting-Free Adhesive Remover Spray or the ESENTA Sting-Free Adhesive Remover Wipes.",giovanna,works wonders,I have tried many solvents for skin adhesive and this is the one that works the absolute best. Zero messy and does not leave any residue. It also has no smell.  We use it a lot for my daughter who has T1Diabetes and has a Continuous Glucose Monitor and an Insulin Pump attached to her body at all times. She does not get any irritation from it and it is not painful to take these devices off anymore.,7/19/2023,5.0,Yes,4,0.6962,0.124,0.056,0.82,0.0192964747548103,0.2402862906455993,0.0054428749717772,0.0163486488163471,0.6667758822441101,0.0470981560647487,0.0047516953200101,0.6962,0.124,0.056,0.82,0.019296487793326378,0.24028640985488892,0.005442874506115913,0.016348646953701973,0.6667758226394653,0.04709811508655548,0.004751694854348898
56,56,"ConvaTec ESENTA Adhesive Remover Spray for Around Stomas and Wounds, Sting Free, Alcohol Free, 50 mL Bottle (Pack of 1)","The new ESENTA Sting-Free Adhesive Remover is a skin-friendly, quick, and easy way to get rid of the adhesive residue that often gets left behind during ostomy pouch changes. ConvaTec ESENTA Sting Free Adhesive Remover is available in two options: spray can or individual wipes. Formerly known as Sensi-Care, the 100% silicone-based ESENTA Adhesive Remover helps reduce potential skin damage like skin-stripping while quickly removing all remaining adhesive residue. It's made without natural rubber latex, which makes it ideal for those with latex allergies or sensitivities. Plus, your skin will feel silky and smooth with no residue left behind, whether you use the ESENTA Sting-Free Adhesive Remover Spray or the ESENTA Sting-Free Adhesive Remover Wipes.",William S.,The BEST!!!,"I have tried several products, and this is the only one that works. Our homecare nurse recommended this brand; and it's absolutely terrific, well worth the money.",1/18/2024,5.0,Yes,0,0.8287,0.307,0.0,0.693,0.0042216810397803,0.0036210315302014,0.0018568382365629,0.5777792930603027,0.3342592716217041,0.0094130495563149,0.0688488110899925,0.8287,0.307,0.0,0.693,0.004221676383167505,0.003621027572080493,0.0018568381201475859,0.5777795314788818,0.3342592120170593,0.009413039311766624,0.06884874403476715
57,57,"ConvaTec ESENTA Adhesive Remover Spray for Around Stomas and Wounds, Sting Free, Alcohol Free, 50 mL Bottle (Pack of 1)","The new ESENTA Sting-Free Adhesive Remover is a skin-friendly, quick, and easy way to get rid of the adhesive residue that often gets left behind during ostomy pouch changes. ConvaTec ESENTA Sting Free Adhesive Remover is available in two options: spray can or individual wipes. Formerly known as Sensi-Care, the 100% silicone-based ESENTA Adhesive Remover helps reduce potential skin damage like skin-stripping while quickly removing all remaining adhesive residue. It's made without natural rubber latex, which makes it ideal for those with latex allergies or sensitivities. Plus, your skin will feel silky and smooth with no residue left behind, whether you use the ESENTA Sting-Free Adhesive Remover Spray or the ESENTA Sting-Free Adhesive Remover Wipes.",stacey lynn wagner,Bandage remover,Great product,3/24/2024,5.0,Yes,0,0.6249,0.804,0.0,0.196,0.0045273504219949,0.0053927712142467,0.0019242975395172,0.6974127888679504,0.2595878541469574,0.0053173298947513,0.0258375387638807,0.6249,0.804,0.0,0.196,0.004527352750301361,0.005392771679908037,0.0019242983544245362,0.6974124312400818,0.25958824157714844,0.005317334551364183,0.025837548077106476
58,58,"ConvaTec ESENTA Adhesive Remover Spray for Around Stomas and Wounds, Sting Free, Alcohol Free, 50 mL Bottle (Pack of 1)","The new ESENTA Sting-Free Adhesive Remover is a skin-friendly, quick, and easy way to get rid of the adhesive residue that often gets left behind during ostomy pouch changes. ConvaTec ESENTA Sting Free Adhesive Remover is available in two options: spray can or individual wipes. Formerly known as Sensi-Care, the 100% silicone-based ESENTA Adhesive Remover helps reduce potential skin damage like skin-stripping while quickly removing all remaining adhesive residue. It's made without natural rubber latex, which makes it ideal for those with latex allergies or sensitivities. Plus, your skin will feel silky and smooth with no residue left behind, whether you use the ESENTA Sting-Free Adhesive Remover Spray or the ESENTA Sting-Free Adhesive Remover Wipes.",JP,Works really well,Lots of adhesive associated with Ostomy appliances so it’s great that this product works so well! Helps with removal of appliances and aids in stopping the discomfort of removal.,12/23/2023,5.0,Yes,0,0.7839,0.266,0.114,0.62,0.0090352585539221,0.1071187853813171,0.0175416711717844,0.1729450672864914,0.6748412847518921,0.0125586735084652,0.0059593021869659,0.7839,0.266,0.114,0.62,0.009035256691277027,0.10711877048015594,0.017541665583848953,0.17294523119926453,0.6748411059379578,0.01255867350846529,0.005959306377917528
59,59,"ConvaTec ESENTA Adhesive Remover Spray for Around Stomas and Wounds, Sting Free, Alcohol Free, 50 mL Bottle (Pack of 1)","The new ESENTA Sting-Free Adhesive Remover is a skin-friendly, quick, and easy way to get rid of the adhesive residue that often gets left behind during ostomy pouch changes. ConvaTec ESENTA Sting Free Adhesive Remover is available in two options: spray can or individual wipes. Formerly known as Sensi-Care, the 100% silicone-based ESENTA Adhesive Remover helps reduce potential skin damage like skin-stripping while quickly removing all remaining adhesive residue. It's made without natural rubber latex, which makes it ideal for those with latex allergies or sensitivities. Plus, your skin will feel silky and smooth with no residue left behind, whether you use the ESENTA Sting-Free Adhesive Remover Spray or the ESENTA Sting-Free Adhesive Remover Wipes.",Nymrad,easy to use,It is easy to remove the ostomy bag when I used this product.,2/5/2024,5.0,Yes,0,0.4404,0.209,0.0,0.791,0.0077557973563671,0.0549651682376861,0.0045164953917264,0.0850417464971542,0.8329569101333618,0.0055124354548752,0.0092514753341674,0.4404,0.209,0.0,0.791,0.007755790837109089,0.054965097457170486,0.004516498651355505,0.08504166454076767,0.8329570293426514,0.005512439180165529,0.009251472540199757
60,60,"ConvaTec ESENTA Adhesive Remover Spray for Around Stomas and Wounds, Sting Free, Alcohol Free, 50 mL Bottle (Pack of 1)","The new ESENTA Sting-Free Adhesive Remover is a skin-friendly, quick, and easy way to get rid of the adhesive residue that often gets left behind during ostomy pouch changes. ConvaTec ESENTA Sting Free Adhesive Remover is available in two options: spray can or individual wipes. Formerly known as Sensi-Care, the 100% silicone-based ESENTA Adhesive Remover helps reduce potential skin damage like skin-stripping while quickly removing all remaining adhesive residue. It's made without natural rubber latex, which makes it ideal for those with latex allergies or sensitivities. Plus, your skin will feel silky and smooth with no residue left behind, whether you use the ESENTA Sting-Free Adhesive Remover Spray or the ESENTA Sting-Free Adhesive Remover Wipes.",Jennifer Schroeder,BEST EVER! can't live without!,"I'm writing this for my mother who has a urostomy.  She was having the hardest time finding this, SO WE WERE SUPER PUMPED to find them on amazon! Can't live without!",11/21/2023,5.0,Yes,0,0.8334,0.219,0.0,0.781,0.0377649590373039,0.0031876415014266,0.0065890732221305,0.1680764257907867,0.0781821683049202,0.2594277262687683,0.446772038936615,0.8334,0.219,0.0,0.781,0.037764936685562134,0.0031876391731202602,0.006589078344404697,0.16807682812213898,0.07818212360143661,0.259427934885025,0.4467714726924896
61,61,"ConvaTec ESENTA Adhesive Remover Spray for Around Stomas and Wounds, Sting Free, Alcohol Free, 50 mL Bottle (Pack of 1)","The new ESENTA Sting-Free Adhesive Remover is a skin-friendly, quick, and easy way to get rid of the adhesive residue that often gets left behind during ostomy pouch changes. ConvaTec ESENTA Sting Free Adhesive Remover is available in two options: spray can or individual wipes. Formerly known as Sensi-Care, the 100% silicone-based ESENTA Adhesive Remover helps reduce potential skin damage like skin-stripping while quickly removing all remaining adhesive residue. It's made without natural rubber latex, which makes it ideal for those with latex allergies or sensitivities. Plus, your skin will feel silky and smooth with no residue left behind, whether you use the ESENTA Sting-Free Adhesive Remover Spray or the ESENTA Sting-Free Adhesive Remover Wipes.",Becky Sue,Great product,"This is a great product, you only have to wait a few seconds to release the bandage from the skin after using this adhesive remover.  My only qualm is that for how much you get the price is ridiculous, but there are less expensive that do not work as well or as quickly so I guess you get what you pay for.",7/18/2023,5.0,Yes,0,-0.2549,0.04,0.088,0.871,0.0945063456892967,0.0295284930616617,0.0069628451019525,0.1869413703680038,0.5012823343276978,0.0080175381153821,0.1727611273527145,-0.2549,0.04,0.088,0.871,0.0945064052939415,0.02952846884727478,0.006962852086871862,0.18694138526916504,0.5012823939323425,0.00801756139844656,0.1727609634399414
62,62,"ConvaTec ESENTA Adhesive Remover Spray for Around Stomas and Wounds, Sting Free, Alcohol Free, 50 mL Bottle (Pack of 1)","The new ESENTA Sting-Free Adhesive Remover is a skin-friendly, quick, and easy way to get rid of the adhesive residue that often gets left behind during ostomy pouch changes. ConvaTec ESENTA Sting Free Adhesive Remover is available in two options: spray can or individual wipes. Formerly known as Sensi-Care, the 100% silicone-based ESENTA Adhesive Remover helps reduce potential skin damage like skin-stripping while quickly removing all remaining adhesive residue. It's made without natural rubber latex, which makes it ideal for those with latex allergies or sensitivities. Plus, your skin will feel silky and smooth with no residue left behind, whether you use the ESENTA Sting-Free Adhesive Remover Spray or the ESENTA Sting-Free Adhesive Remover Wipes.",Judy,adhesive removal spray,the spray is better than the wipes,2/14/2024,5.0,Yes,0,0.4404,0.326,0.0,0.674,0.0239473953843116,0.0848388150334358,0.0032091275788843,0.1093826442956924,0.725058913230896,0.0266100987792015,0.0269530434161424,0.4404,0.326,0.0,0.674,0.023947391659021378,0.08483883738517761,0.003209127113223076,0.10938242077827454,0.7250590920448303,0.026610126718878746,0.026952993124723434
63,63,"ConvaTec ESENTA Adhesive Remover Spray for Around Stomas and Wounds, Sting Free, Alcohol Free, 50 mL Bottle (Pack of 1)","The new ESENTA Sting-Free Adhesive Remover is a skin-friendly, quick, and easy way to get rid of the adhesive residue that often gets left behind during ostomy pouch changes. ConvaTec ESENTA Sting Free Adhesive Remover is available in two options: spray can or individual wipes. Formerly known as Sensi-Care, the 100% silicone-based ESENTA Adhesive Remover helps reduce potential skin damage like skin-stripping while quickly removing all remaining adhesive residue. It's made without natural rubber latex, which makes it ideal for those with latex allergies or sensitivities. Plus, your skin will feel silky and smooth with no residue left behind, whether you use the ESENTA Sting-Free Adhesive Remover Spray or the ESENTA Sting-Free Adhesive Remover Wipes.",Amazon Customer,Does what it's supposed to do,Makes taking any kind of adhesive off a breeze. Works as described.,1/10/2024,5.0,Yes,0,0.0,0.0,0.0,1.0,0.0216420534998178,0.0469665303826332,0.002987832063809,0.0191817954182624,0.9015187621116638,0.0035722653847187,0.0041307178325951,0.0,0.0,0.0,1.0,0.02164197899401188,0.04696626961231232,0.0029878250788897276,0.019181782379746437,0.9015191793441772,0.0035722546745091677,0.004130715969949961
64,64,"ConvaTec ESENTA Adhesive Remover Spray for Around Stomas and Wounds, Sting Free, Alcohol Free, 50 mL Bottle (Pack of 1)","The new ESENTA Sting-Free Adhesive Remover is a skin-friendly, quick, and easy way to get rid of the adhesive residue that often gets left behind during ostomy pouch changes. ConvaTec ESENTA Sting Free Adhesive Remover is available in two options: spray can or individual wipes. Formerly known as Sensi-Care, the 100% silicone-based ESENTA Adhesive Remover helps reduce potential skin damage like skin-stripping while quickly removing all remaining adhesive residue. It's made without natural rubber latex, which makes it ideal for those with latex allergies or sensitivities. Plus, your skin will feel silky and smooth with no residue left behind, whether you use the ESENTA Sting-Free Adhesive Remover Spray or the ESENTA Sting-Free Adhesive Remover Wipes.",Dbart,Medical supplies,"This is a very good product and the company gets it to quickly, which is very important.",12/13/2023,5.0,Yes,0,0.647,0.274,0.0,0.726,0.0080219563096761,0.0107314372435212,0.0009774584323167,0.2318653762340545,0.7282992005348206,0.0036696661263704,0.0164348185062408,0.647,0.274,0.0,0.726,0.008021963760256767,0.01073144655674696,0.0009774588979780674,0.23186537623405457,0.7282992005348206,0.0036696677561849356,0.016434814780950546
65,65,"ConvaTec ESENTA Adhesive Remover Spray for Around Stomas and Wounds, Sting Free, Alcohol Free, 50 mL Bottle (Pack of 1)","The new ESENTA Sting-Free Adhesive Remover is a skin-friendly, quick, and easy way to get rid of the adhesive residue that often gets left behind during ostomy pouch changes. ConvaTec ESENTA Sting Free Adhesive Remover is available in two options: spray can or individual wipes. Formerly known as Sensi-Care, the 100% silicone-based ESENTA Adhesive Remover helps reduce potential skin damage like skin-stripping while quickly removing all remaining adhesive residue. It's made without natural rubber latex, which makes it ideal for those with latex allergies or sensitivities. Plus, your skin will feel silky and smooth with no residue left behind, whether you use the ESENTA Sting-Free Adhesive Remover Spray or the ESENTA Sting-Free Adhesive Remover Wipes.",Daniel K. Ross,High quality,iPad new 5th generation version and it works great.,1/15/2024,5.0,Yes,0,0.6249,0.339,0.0,0.661,0.003086402779445,0.0025844068732112,0.0011837845668196,0.7011920213699341,0.2263427078723907,0.0080555556342005,0.0575550906360149,0.6249,0.339,0.0,0.661,0.003086403477936983,0.00258440594188869,0.001183783751912415,0.7011918425559998,0.2263427972793579,0.008055557496845722,0.05755513533949852
66,66,"ConvaTec ESENTA Adhesive Remover Spray for Around Stomas and Wounds, Sting Free, Alcohol Free, 50 mL Bottle (Pack of 1)","The new ESENTA Sting-Free Adhesive Remover is a skin-friendly, quick, and easy way to get rid of the adhesive residue that often gets left behind during ostomy pouch changes. ConvaTec ESENTA Sting Free Adhesive Remover is available in two options: spray can or individual wipes. Formerly known as Sensi-Care, the 100% silicone-based ESENTA Adhesive Remover helps reduce potential skin damage like skin-stripping while quickly removing all remaining adhesive residue. It's made without natural rubber latex, which makes it ideal for those with latex allergies or sensitivities. Plus, your skin will feel silky and smooth with no residue left behind, whether you use the ESENTA Sting-Free Adhesive Remover Spray or the ESENTA Sting-Free Adhesive Remover Wipes.",Catherine Randall,I need this,Very costly,9/17/2023,4.0,Yes,0,-0.1761,0.0,0.629,0.371,0.0786981880664825,0.0939101949334144,0.0160056706517934,0.007227350026369,0.261810690164566,0.5031708478927612,0.0391770526766777,-0.1761,0.0,0.629,0.371,0.07869814336299896,0.09391014277935028,0.016005702316761017,0.0072273495607078075,0.2618110179901123,0.5031705498695374,0.03917711600661278
67,67,"ConvaTec ESENTA Adhesive Remover Spray for Around Stomas and Wounds, Sting Free, Alcohol Free, 50 mL Bottle (Pack of 1)","The new ESENTA Sting-Free Adhesive Remover is a skin-friendly, quick, and easy way to get rid of the adhesive residue that often gets left behind during ostomy pouch changes. ConvaTec ESENTA Sting Free Adhesive Remover is available in two options: spray can or individual wipes. Formerly known as Sensi-Care, the 100% silicone-based ESENTA Adhesive Remover helps reduce potential skin damage like skin-stripping while quickly removing all remaining adhesive residue. It's made without natural rubber latex, which makes it ideal for those with latex allergies or sensitivities. Plus, your skin will feel silky and smooth with no residue left behind, whether you use the ESENTA Sting-Free Adhesive Remover Spray or the ESENTA Sting-Free Adhesive Remover Wipes.",W. Higgins,Game changer.,"I was introduced to this product at a stoma support group  I was having issues with the wipes not working like I had hoped.  After four years with my stoma, I tried this product, like I said game changer.  The barrier just melts right off my skin with this spray.  I highly recommend you try this product.",5/14/2023,5.0,Yes,0,0.5224,0.14,0.099,0.761,0.0219429694116115,0.0102858943864703,0.0749629735946655,0.1289945542812347,0.6782879829406738,0.0355524085462093,0.0499732010066509,0.5224,0.14,0.099,0.761,0.021943023428320885,0.010285916738212109,0.07496296614408493,0.12899447977542877,0.6782881021499634,0.035552337765693665,0.04997315630316734
68,68,"ConvaTec ESENTA Adhesive Remover Spray for Around Stomas and Wounds, Sting Free, Alcohol Free, 50 mL Bottle (Pack of 1)","The new ESENTA Sting-Free Adhesive Remover is a skin-friendly, quick, and easy way to get rid of the adhesive residue that often gets left behind during ostomy pouch changes. ConvaTec ESENTA Sting Free Adhesive Remover is available in two options: spray can or individual wipes. Formerly known as Sensi-Care, the 100% silicone-based ESENTA Adhesive Remover helps reduce potential skin damage like skin-stripping while quickly removing all remaining adhesive residue. It's made without natural rubber latex, which makes it ideal for those with latex allergies or sensitivities. Plus, your skin will feel silky and smooth with no residue left behind, whether you use the ESENTA Sting-Free Adhesive Remover Spray or the ESENTA Sting-Free Adhesive Remover Wipes.",Jeff - Denver,It removes adhesive material gently from body.,"For people with sensitive skin, or thin skin, removal of band-aids and other medical adhesives can be very painful.  This product does a great job at 'dissolving' the sticky parts for easy removal.  Spray on medical adhesives, let it soak-in for a minute or so, then remove.  Much less painless.  Very good product.",5/27/2023,5.0,Yes,0,0.8245,0.194,0.052,0.754,0.0056708147749304,0.1541133970022201,0.0806804671883583,0.0434868410229682,0.2283129096031189,0.4738320112228393,0.0139035452157258,0.8245,0.194,0.052,0.754,0.005670811515301466,0.1541132628917694,0.0806804671883583,0.0434868261218071,0.2283128798007965,0.4738321602344513,0.013903554528951645
69,69,"ConvaTec ESENTA Adhesive Remover Spray for Around Stomas and Wounds, Sting Free, Alcohol Free, 50 mL Bottle (Pack of 1)","The new ESENTA Sting-Free Adhesive Remover is a skin-friendly, quick, and easy way to get rid of the adhesive residue that often gets left behind during ostomy pouch changes. ConvaTec ESENTA Sting Free Adhesive Remover is available in two options: spray can or individual wipes. Formerly known as Sensi-Care, the 100% silicone-based ESENTA Adhesive Remover helps reduce potential skin damage like skin-stripping while quickly removing all remaining adhesive residue. It's made without natural rubber latex, which makes it ideal for those with latex allergies or sensitivities. Plus, your skin will feel silky and smooth with no residue left behind, whether you use the ESENTA Sting-Free Adhesive Remover Spray or the ESENTA Sting-Free Adhesive Remover Wipes.",J. Sloan-Price,Easy to use works great,Perfect for any type of wound care,12/30/2023,5.0,Yes,0,0.7845,0.58,0.0,0.42,0.0074095902964472,0.0267660748213529,0.0060024443082511,0.0072824922390282,0.9215068817138672,0.0148421004414558,0.0161903016269207,0.7845,0.58,0.0,0.42,0.0074095940217375755,0.026766065508127213,0.006002446636557579,0.007282495964318514,0.9215068817138672,0.014842093922197819,0.016190309077501297
70,70,"ConvaTec ESENTA Adhesive Remover Spray for Around Stomas and Wounds, Sting Free, Alcohol Free, 50 mL Bottle (Pack of 1)","The new ESENTA Sting-Free Adhesive Remover is a skin-friendly, quick, and easy way to get rid of the adhesive residue that often gets left behind during ostomy pouch changes. ConvaTec ESENTA Sting Free Adhesive Remover is available in two options: spray can or individual wipes. Formerly known as Sensi-Care, the 100% silicone-based ESENTA Adhesive Remover helps reduce potential skin damage like skin-stripping while quickly removing all remaining adhesive residue. It's made without natural rubber latex, which makes it ideal for those with latex allergies or sensitivities. Plus, your skin will feel silky and smooth with no residue left behind, whether you use the ESENTA Sting-Free Adhesive Remover Spray or the ESENTA Sting-Free Adhesive Remover Wipes.",Amazon Customer,Great product!,Works as described! Made dressing changes much more comfortable.,11/24/2023,5.0,Yes,0,0.5974,0.327,0.0,0.673,0.0090702939778566,0.0176684577018022,0.0024096965789794,0.2014760375022888,0.7172265648841858,0.0098394220694899,0.0423095449805259,0.5974,0.327,0.0,0.673,0.009070297703146935,0.017668457701802254,0.002409695414826274,0.20147597789764404,0.717226505279541,0.00983942486345768,0.04230962321162224
71,71,"ConvaTec ESENTA Adhesive Remover Spray for Around Stomas and Wounds, Sting Free, Alcohol Free, 50 mL Bottle (Pack of 1)","The new ESENTA Sting-Free Adhesive Remover is a skin-friendly, quick, and easy way to get rid of the adhesive residue that often gets left behind during ostomy pouch changes. ConvaTec ESENTA Sting Free Adhesive Remover is available in two options: spray can or individual wipes. Formerly known as Sensi-Care, the 100% silicone-based ESENTA Adhesive Remover helps reduce potential skin damage like skin-stripping while quickly removing all remaining adhesive residue. It's made without natural rubber latex, which makes it ideal for those with latex allergies or sensitivities. Plus, your skin will feel silky and smooth with no residue left behind, whether you use the ESENTA Sting-Free Adhesive Remover Spray or the ESENTA Sting-Free Adhesive Remover Wipes.",Amazon Customer,Sting free adhesive spray,I wish this came in the larger size like it used to! I use this very frequently & having to buy the small cans is crazy when I used to be able to get the larger cans.,7/23/2023,5.0,Yes,0,0.4753,0.145,0.063,0.792,0.0133760040625929,0.0041343769989907,0.0035286087077111,0.0069197160191833,0.0290857031941413,0.0130608230829238,0.9298948049545288,0.4753,0.145,0.063,0.792,0.013376002199947834,0.004134380724281073,0.0035286122001707554,0.006919718347489834,0.029085714370012283,0.013060865923762321,0.9298946857452393
72,72,"ConvaTec ESENTA Adhesive Remover Spray for Around Stomas and Wounds, Sting Free, Alcohol Free, 50 mL Bottle (Pack of 1)","The new ESENTA Sting-Free Adhesive Remover is a skin-friendly, quick, and easy way to get rid of the adhesive residue that often gets left behind during ostomy pouch changes. ConvaTec ESENTA Sting Free Adhesive Remover is available in two options: spray can or individual wipes. Formerly known as Sensi-Care, the 100% silicone-based ESENTA Adhesive Remover helps reduce potential skin damage like skin-stripping while quickly removing all remaining adhesive residue. It's made without natural rubber latex, which makes it ideal for those with latex allergies or sensitivities. Plus, your skin will feel silky and smooth with no residue left behind, whether you use the ESENTA Sting-Free Adhesive Remover Spray or the ESENTA Sting-Free Adhesive Remover Wipes.",Jennifer Rice,Works Well,I use this product to help get my ostomy bag off. It works very well to loosen the outer ring. I use it every time I change my bag. I would order again.,7/30/2023,5.0,Yes,0,0.624,0.159,0.0,0.841,0.0121218925341963,0.0267540998756885,0.0070200227200984,0.0097868544980883,0.929240107536316,0.0055986871011555,0.0094783250242471,0.624,0.159,0.0,0.841,0.01212188322097063,0.02675406076014042,0.007020014803856611,0.009786847047507763,0.9292402863502502,0.00559868011623621,0.009478327818214893
73,73,"ConvaTec ESENTA Adhesive Remover Spray for Around Stomas and Wounds, Sting Free, Alcohol Free, 50 mL Bottle (Pack of 1)","The new ESENTA Sting-Free Adhesive Remover is a skin-friendly, quick, and easy way to get rid of the adhesive residue that often gets left behind during ostomy pouch changes. ConvaTec ESENTA Sting Free Adhesive Remover is available in two options: spray can or individual wipes. Formerly known as Sensi-Care, the 100% silicone-based ESENTA Adhesive Remover helps reduce potential skin damage like skin-stripping while quickly removing all remaining adhesive residue. It's made without natural rubber latex, which makes it ideal for those with latex allergies or sensitivities. Plus, your skin will feel silky and smooth with no residue left behind, whether you use the ESENTA Sting-Free Adhesive Remover Spray or the ESENTA Sting-Free Adhesive Remover Wipes.",LWS,Wipe on. Wipe off,A promising start. Pay attention. A big payoff could be in store!,11/6/2023,5.0,Yes,0,0.3802,0.241,0.113,0.646,0.4487435519695282,0.0110485097393393,0.0841130763292312,0.1059604287147522,0.2922365963459015,0.0091830492019653,0.0487148277461528,0.3802,0.241,0.113,0.646,0.44874292612075806,0.011048511601984501,0.08411301672458649,0.10596060007810593,0.29223698377609253,0.009183041751384735,0.04871490225195885
74,74,"ConvaTec ESENTA Adhesive Remover Spray for Around Stomas and Wounds, Sting Free, Alcohol Free, 50 mL Bottle (Pack of 1)","The new ESENTA Sting-Free Adhesive Remover is a skin-friendly, quick, and easy way to get rid of the adhesive residue that often gets left behind during ostomy pouch changes. ConvaTec ESENTA Sting Free Adhesive Remover is available in two options: spray can or individual wipes. Formerly known as Sensi-Care, the 100% silicone-based ESENTA Adhesive Remover helps reduce potential skin damage like skin-stripping while quickly removing all remaining adhesive residue. It's made without natural rubber latex, which makes it ideal for those with latex allergies or sensitivities. Plus, your skin will feel silky and smooth with no residue left behind, whether you use the ESENTA Sting-Free Adhesive Remover Spray or the ESENTA Sting-Free Adhesive Remover Wipes.",Ethan Rayne,Works sooooo well!,Works very well,12/19/2023,5.0,Yes,0,0.3384,0.545,0.0,0.455,0.0076334099285304,0.0046036802232265,0.0024111967068165,0.2264894992113113,0.7210779190063477,0.0138110043480992,0.0239732973277568,0.3384,0.545,0.0,0.455,0.007633415516465902,0.004603681154549122,0.0024111971724778414,0.22648949921131134,0.7210780382156372,0.013811003416776657,0.023973289877176285
75,75,"ConvaTec ESENTA Adhesive Remover Spray for Around Stomas and Wounds, Sting Free, Alcohol Free, 50 mL Bottle (Pack of 1)","The new ESENTA Sting-Free Adhesive Remover is a skin-friendly, quick, and easy way to get rid of the adhesive residue that often gets left behind during ostomy pouch changes. ConvaTec ESENTA Sting Free Adhesive Remover is available in two options: spray can or individual wipes. Formerly known as Sensi-Care, the 100% silicone-based ESENTA Adhesive Remover helps reduce potential skin damage like skin-stripping while quickly removing all remaining adhesive residue. It's made without natural rubber latex, which makes it ideal for those with latex allergies or sensitivities. Plus, your skin will feel silky and smooth with no residue left behind, whether you use the ESENTA Sting-Free Adhesive Remover Spray or the ESENTA Sting-Free Adhesive Remover Wipes.",Imi Chitterman,"I love this product, saves my skin.",This is a must have for removing the colostomy bag.,11/5/2023,5.0,Yes,0,0.0,0.0,0.0,1.0,0.0092317378148436,0.067290611565113,0.0061461427249014,0.0135020045563578,0.8400821089744568,0.0136085329577326,0.0501388646662235,0.0,0.0,0.0,1.0,0.009231733158230782,0.06729082763195038,0.0061461590230464935,0.013501940295100212,0.840082049369812,0.013608556240797043,0.05013870447874069
76,76,"ConvaTec ESENTA Adhesive Remover Spray for Around Stomas and Wounds, Sting Free, Alcohol Free, 50 mL Bottle (Pack of 1)","The new ESENTA Sting-Free Adhesive Remover is a skin-friendly, quick, and easy way to get rid of the adhesive residue that often gets left behind during ostomy pouch changes. ConvaTec ESENTA Sting Free Adhesive Remover is available in two options: spray can or individual wipes. Formerly known as Sensi-Care, the 100% silicone-based ESENTA Adhesive Remover helps reduce potential skin damage like skin-stripping while quickly removing all remaining adhesive residue. It's made without natural rubber latex, which makes it ideal for those with latex allergies or sensitivities. Plus, your skin will feel silky and smooth with no residue left behind, whether you use the ESENTA Sting-Free Adhesive Remover Spray or the ESENTA Sting-Free Adhesive Remover Wipes.",IROAR,Great product,It does exactly what it supposed to do . release adhesive so as not to damage your skin,8/24/2023,5.0,Yes,0,0.3875,0.141,0.0,0.859,0.047054000198841,0.0210762619972229,0.0364479050040245,0.0170025397092103,0.7775931358337402,0.0761981755495071,0.0246280059218406,0.3875,0.141,0.0,0.859,0.047053996473550797,0.021076280623674393,0.03644787520170212,0.0170025322586298,0.777593195438385,0.07619807124137878,0.024627991020679474
77,77,"ConvaTec ESENTA Adhesive Remover Spray for Around Stomas and Wounds, Sting Free, Alcohol Free, 50 mL Bottle (Pack of 1)","The new ESENTA Sting-Free Adhesive Remover is a skin-friendly, quick, and easy way to get rid of the adhesive residue that often gets left behind during ostomy pouch changes. ConvaTec ESENTA Sting Free Adhesive Remover is available in two options: spray can or individual wipes. Formerly known as Sensi-Care, the 100% silicone-based ESENTA Adhesive Remover helps reduce potential skin damage like skin-stripping while quickly removing all remaining adhesive residue. It's made without natural rubber latex, which makes it ideal for those with latex allergies or sensitivities. Plus, your skin will feel silky and smooth with no residue left behind, whether you use the ESENTA Sting-Free Adhesive Remover Spray or the ESENTA Sting-Free Adhesive Remover Wipes.",G. Devries-housman,Works well,Works well. Just doesn’t last very long,10/18/2023,5.0,Yes,0,0.2732,0.259,0.0,0.741,0.0043019992299377,0.0089101335033774,0.002135714283213,0.0111893340945243,0.9221368432044984,0.0197383593767881,0.031587578356266,0.2732,0.259,0.0,0.741,0.004301995038986206,0.008910124190151691,0.0021357110235840082,0.011189364828169346,0.9221368432044983,0.01973835937678814,0.03158757835626602
78,78,"ConvaTec ESENTA Adhesive Remover Spray for Around Stomas and Wounds, Sting Free, Alcohol Free, 50 mL Bottle (Pack of 1)","The new ESENTA Sting-Free Adhesive Remover is a skin-friendly, quick, and easy way to get rid of the adhesive residue that often gets left behind during ostomy pouch changes. ConvaTec ESENTA Sting Free Adhesive Remover is available in two options: spray can or individual wipes. Formerly known as Sensi-Care, the 100% silicone-based ESENTA Adhesive Remover helps reduce potential skin damage like skin-stripping while quickly removing all remaining adhesive residue. It's made without natural rubber latex, which makes it ideal for those with latex allergies or sensitivities. Plus, your skin will feel silky and smooth with no residue left behind, whether you use the ESENTA Sting-Free Adhesive Remover Spray or the ESENTA Sting-Free Adhesive Remover Wipes.",David Trinkle,If you are on a wound vac this is a must have,They used this exact brand at Duke when changing my wound vac dressing.  It helps getting the drape off with less pain.  I have found 1 can last for about 2 dressing changes.,5/26/2023,5.0,Yes,0,-0.1045,0.077,0.089,0.833,0.0031376585830003,0.0051745581440627,0.0023037767969071,0.0136269889771938,0.942032277584076,0.0144366016611456,0.0192881487309932,-0.1045,0.077,0.089,0.833,0.0031376599799841642,0.005174560006707907,0.0023037767969071865,0.01362697035074234,0.9420322775840759,0.014436561614274979,0.019288109615445137
79,79,"ConvaTec ESENTA Adhesive Remover Spray for Around Stomas and Wounds, Sting Free, Alcohol Free, 50 mL Bottle (Pack of 1)","The new ESENTA Sting-Free Adhesive Remover is a skin-friendly, quick, and easy way to get rid of the adhesive residue that often gets left behind during ostomy pouch changes. ConvaTec ESENTA Sting Free Adhesive Remover is available in two options: spray can or individual wipes. Formerly known as Sensi-Care, the 100% silicone-based ESENTA Adhesive Remover helps reduce potential skin damage like skin-stripping while quickly removing all remaining adhesive residue. It's made without natural rubber latex, which makes it ideal for those with latex allergies or sensitivities. Plus, your skin will feel silky and smooth with no residue left behind, whether you use the ESENTA Sting-Free Adhesive Remover Spray or the ESENTA Sting-Free Adhesive Remover Wipes.",GettinginShape,Adhesive tape remover,Arrived just in time!  Great for removing adhesive tape from sensitive skin around a wound.,7/28/2023,5.0,Yes,0,0.6588,0.253,0.0,0.747,0.0346130579710006,0.0742931365966796,0.0625310316681861,0.1032257601618766,0.3039774894714355,0.0907981172204017,0.3305613994598388,0.6588,0.253,0.0,0.747,0.034613076597452164,0.07429274171590805,0.06253088265657425,0.1032261922955513,0.3039776086807251,0.09079785645008087,0.33056166768074036
80,80,"ConvaTec ESENTA Adhesive Remover Spray for Around Stomas and Wounds, Sting Free, Alcohol Free, 50 mL Bottle (Pack of 1)","The new ESENTA Sting-Free Adhesive Remover is a skin-friendly, quick, and easy way to get rid of the adhesive residue that often gets left behind during ostomy pouch changes. ConvaTec ESENTA Sting Free Adhesive Remover is available in two options: spray can or individual wipes. Formerly known as Sensi-Care, the 100% silicone-based ESENTA Adhesive Remover helps reduce potential skin damage like skin-stripping while quickly removing all remaining adhesive residue. It's made without natural rubber latex, which makes it ideal for those with latex allergies or sensitivities. Plus, your skin will feel silky and smooth with no residue left behind, whether you use the ESENTA Sting-Free Adhesive Remover Spray or the ESENTA Sting-Free Adhesive Remover Wipes.",Betty Mayerak,adhesive,worked great,11/1/2023,5.0,Yes,0,0.6249,0.804,0.0,0.196,0.0101194726303219,0.0047392533160746,0.0046771252527832,0.3418090045452118,0.5460187792778015,0.0227506514638662,0.06988575309515,0.6249,0.804,0.0,0.196,0.010119475424289703,0.0047392635606229305,0.004677128046751022,0.3418089747428894,0.5460188388824463,0.02275065891444683,0.06988567113876343
81,81,"ConvaTec ESENTA Adhesive Remover Spray for Around Stomas and Wounds, Sting Free, Alcohol Free, 50 mL Bottle (Pack of 1)","The new ESENTA Sting-Free Adhesive Remover is a skin-friendly, quick, and easy way to get rid of the adhesive residue that often gets left behind during ostomy pouch changes. ConvaTec ESENTA Sting Free Adhesive Remover is available in two options: spray can or individual wipes. Formerly known as Sensi-Care, the 100% silicone-based ESENTA Adhesive Remover helps reduce potential skin damage like skin-stripping while quickly removing all remaining adhesive residue. It's made without natural rubber latex, which makes it ideal for those with latex allergies or sensitivities. Plus, your skin will feel silky and smooth with no residue left behind, whether you use the ESENTA Sting-Free Adhesive Remover Spray or the ESENTA Sting-Free Adhesive Remover Wipes.",Lynne Harrison,Esenta Really Works!,"This product works really well at removing bandaids, especially on thin skin",8/9/2023,5.0,Yes,0,0.3384,0.179,0.0,0.821,0.0066038127988576,0.056671492755413,0.0066988198086619,0.0163982603698968,0.8919174671173096,0.0134572936221957,0.0082528805360198,0.3384,0.179,0.0,0.821,0.006603810470551252,0.05667143687605858,0.006698813755065203,0.016398241743445396,0.8919175863265991,0.01345728151500225,0.008252878673374653
82,82,"ConvaTec ESENTA Adhesive Remover Spray for Around Stomas and Wounds, Sting Free, Alcohol Free, 50 mL Bottle (Pack of 1)","The new ESENTA Sting-Free Adhesive Remover is a skin-friendly, quick, and easy way to get rid of the adhesive residue that often gets left behind during ostomy pouch changes. ConvaTec ESENTA Sting Free Adhesive Remover is available in two options: spray can or individual wipes. Formerly known as Sensi-Care, the 100% silicone-based ESENTA Adhesive Remover helps reduce potential skin damage like skin-stripping while quickly removing all remaining adhesive residue. It's made without natural rubber latex, which makes it ideal for those with latex allergies or sensitivities. Plus, your skin will feel silky and smooth with no residue left behind, whether you use the ESENTA Sting-Free Adhesive Remover Spray or the ESENTA Sting-Free Adhesive Remover Wipes.",Barbara Malinowsky,Love this product!,"Searched high and low to get this spray, and was thrilled to get it so quickly!  Works like a charm, and recommend it highly!  Thank you for such fast shipping!",12/24/2022,5.0,Yes,0,0.9087,0.367,0.053,0.58,0.0031174824107438,0.0003768899478018,0.0015579133760184,0.9529116749763488,0.008942624554038,0.0020363454241305,0.0310570746660232,0.9087,0.367,0.053,0.58,0.0031174777541309595,0.0003768896567635238,0.0015579111641272902,0.9529117345809937,0.00894261710345745,0.002036342630162835,0.031057003885507584
83,83,"ConvaTec ESENTA Adhesive Remover Spray for Around Stomas and Wounds, Sting Free, Alcohol Free, 50 mL Bottle (Pack of 1)","The new ESENTA Sting-Free Adhesive Remover is a skin-friendly, quick, and easy way to get rid of the adhesive residue that often gets left behind during ostomy pouch changes. ConvaTec ESENTA Sting Free Adhesive Remover is available in two options: spray can or individual wipes. Formerly known as Sensi-Care, the 100% silicone-based ESENTA Adhesive Remover helps reduce potential skin damage like skin-stripping while quickly removing all remaining adhesive residue. It's made without natural rubber latex, which makes it ideal for those with latex allergies or sensitivities. Plus, your skin will feel silky and smooth with no residue left behind, whether you use the ESENTA Sting-Free Adhesive Remover Spray or the ESENTA Sting-Free Adhesive Remover Wipes.",meg,Remover spray,It works if you want your bandages removed or Ostomy bags adhesive removed too..,6/20/2023,5.0,Yes,2,0.0772,0.091,0.0,0.909,0.0346147082746028,0.10024144500494,0.0246130246669054,0.0051308134570717,0.7224857807159424,0.0694473907351493,0.0434668138623237,0.0772,0.091,0.0,0.909,0.034614741802215576,0.1002415269613266,0.02461306005716324,0.005130819510668516,0.7224855422973633,0.06944742798805237,0.04346683248877525
84,84,"ConvaTec ESENTA Adhesive Remover Spray for Around Stomas and Wounds, Sting Free, Alcohol Free, 50 mL Bottle (Pack of 1)","The new ESENTA Sting-Free Adhesive Remover is a skin-friendly, quick, and easy way to get rid of the adhesive residue that often gets left behind during ostomy pouch changes. ConvaTec ESENTA Sting Free Adhesive Remover is available in two options: spray can or individual wipes. Formerly known as Sensi-Care, the 100% silicone-based ESENTA Adhesive Remover helps reduce potential skin damage like skin-stripping while quickly removing all remaining adhesive residue. It's made without natural rubber latex, which makes it ideal for those with latex allergies or sensitivities. Plus, your skin will feel silky and smooth with no residue left behind, whether you use the ESENTA Sting-Free Adhesive Remover Spray or the ESENTA Sting-Free Adhesive Remover Wipes.",Susan,Good adhesive tape remover,Works well removing adhesive tape around a wound,9/1/2022,4.0,Yes,0,0.2732,0.259,0.0,0.741,0.0225550197064876,0.1055164188146591,0.0185871198773384,0.0069229030050337,0.8027495741844177,0.030270742252469,0.0133982095867395,0.2732,0.259,0.0,0.741,0.022555015981197357,0.10551649332046509,0.018587110564112663,0.0069229030050337315,0.8027495741844177,0.03027072176337242,0.01339820958673954
85,85,"ConvaTec ESENTA Adhesive Remover Spray for Around Stomas and Wounds, Sting Free, Alcohol Free, 50 mL Bottle (Pack of 1)","The new ESENTA Sting-Free Adhesive Remover is a skin-friendly, quick, and easy way to get rid of the adhesive residue that often gets left behind during ostomy pouch changes. ConvaTec ESENTA Sting Free Adhesive Remover is available in two options: spray can or individual wipes. Formerly known as Sensi-Care, the 100% silicone-based ESENTA Adhesive Remover helps reduce potential skin damage like skin-stripping while quickly removing all remaining adhesive residue. It's made without natural rubber latex, which makes it ideal for those with latex allergies or sensitivities. Plus, your skin will feel silky and smooth with no residue left behind, whether you use the ESENTA Sting-Free Adhesive Remover Spray or the ESENTA Sting-Free Adhesive Remover Wipes.",MELISSA BRIZUELA IROLA,Buen producto,Ideal para remover parches de ostomia,6/11/2023,5.0,Yes,0,0.5267,0.405,0.0,0.595,0.0617735683917999,0.0602990575134754,0.0183356869965791,0.014307334087789,0.7993635535240173,0.0250316206365823,0.0208891462534666,0.5267,0.405,0.0,0.595,0.061773478984832764,0.06029899790883064,0.018335694447159767,0.014307335950434208,0.7993636727333069,0.025031637400388718,0.0208891611546278
86,86,"ConvaTec ESENTA Adhesive Remover Spray for Around Stomas and Wounds, Sting Free, Alcohol Free, 50 mL Bottle (Pack of 1)","The new ESENTA Sting-Free Adhesive Remover is a skin-friendly, quick, and easy way to get rid of the adhesive residue that often gets left behind during ostomy pouch changes. ConvaTec ESENTA Sting Free Adhesive Remover is available in two options: spray can or individual wipes. Formerly known as Sensi-Care, the 100% silicone-based ESENTA Adhesive Remover helps reduce potential skin damage like skin-stripping while quickly removing all remaining adhesive residue. It's made without natural rubber latex, which makes it ideal for those with latex allergies or sensitivities. Plus, your skin will feel silky and smooth with no residue left behind, whether you use the ESENTA Sting-Free Adhesive Remover Spray or the ESENTA Sting-Free Adhesive Remover Wipes.",Jimmy B,Works great!,Removal of my ostomy bag.,6/11/2023,5.0,Yes,0,0.0,0.0,0.0,1.0,0.0538519695401191,0.2962744534015655,0.0308825597167015,0.0094243101775646,0.5394150018692017,0.0424194000661373,0.0277323331683874,0.0,0.0,0.0,1.0,0.053851883858442307,0.2962746322154999,0.030882593244314194,0.009424335323274136,0.5394148230552673,0.04241940379142761,0.027732349932193756
87,87,"ConvaTec ESENTA Adhesive Remover Spray for Around Stomas and Wounds, Sting Free, Alcohol Free, 50 mL Bottle (Pack of 1)","The new ESENTA Sting-Free Adhesive Remover is a skin-friendly, quick, and easy way to get rid of the adhesive residue that often gets left behind during ostomy pouch changes. ConvaTec ESENTA Sting Free Adhesive Remover is available in two options: spray can or individual wipes. Formerly known as Sensi-Care, the 100% silicone-based ESENTA Adhesive Remover helps reduce potential skin damage like skin-stripping while quickly removing all remaining adhesive residue. It's made without natural rubber latex, which makes it ideal for those with latex allergies or sensitivities. Plus, your skin will feel silky and smooth with no residue left behind, whether you use the ESENTA Sting-Free Adhesive Remover Spray or the ESENTA Sting-Free Adhesive Remover Wipes.",Gordon  Box,Easy tape remover,If you have to remove tape on a daily basis this makes it simple.,1/6/2023,5.0,Yes,0,0.0,0.0,0.0,1.0,0.0099008902907371,0.0139960357919335,0.0021614748984575,0.0070499116554856,0.9580928683280944,0.0032689471263438,0.0055299284867942,0.0,0.0,0.0,1.0,0.009900878183543682,0.013996024616062641,0.0021614700090140104,0.0070499093271791935,0.958092987537384,0.003268944565206766,0.005529931280761957
88,88,"ConvaTec ESENTA Adhesive Remover Spray for Around Stomas and Wounds, Sting Free, Alcohol Free, 50 mL Bottle (Pack of 1)","The new ESENTA Sting-Free Adhesive Remover is a skin-friendly, quick, and easy way to get rid of the adhesive residue that often gets left behind during ostomy pouch changes. ConvaTec ESENTA Sting Free Adhesive Remover is available in two options: spray can or individual wipes. Formerly known as Sensi-Care, the 100% silicone-based ESENTA Adhesive Remover helps reduce potential skin damage like skin-stripping while quickly removing all remaining adhesive residue. It's made without natural rubber latex, which makes it ideal for those with latex allergies or sensitivities. Plus, your skin will feel silky and smooth with no residue left behind, whether you use the ESENTA Sting-Free Adhesive Remover Spray or the ESENTA Sting-Free Adhesive Remover Wipes.",rhonda's addiction,Adhesive removal,"I love this adhesive remover - spray, non-sting adhesive removers are the best when changing appliances.",9/4/2022,5.0,Yes,0,0.8555,0.412,0.0,0.588,0.0044010435231029,0.0124022997915744,0.0006703056860715,0.8839327692985535,0.0844138860702514,0.0037201542872935,0.0104594584554433,0.8555,0.412,0.0,0.588,0.004401049576699734,0.012402329593896866,0.0006703069084323943,0.88393235206604,0.08441432565450668,0.0037201610393822193,0.010459473356604576
89,89,"ConvaTec ESENTA Adhesive Remover Spray for Around Stomas and Wounds, Sting Free, Alcohol Free, 50 mL Bottle (Pack of 1)","The new ESENTA Sting-Free Adhesive Remover is a skin-friendly, quick, and easy way to get rid of the adhesive residue that often gets left behind during ostomy pouch changes. ConvaTec ESENTA Sting Free Adhesive Remover is available in two options: spray can or individual wipes. Formerly known as Sensi-Care, the 100% silicone-based ESENTA Adhesive Remover helps reduce potential skin damage like skin-stripping while quickly removing all remaining adhesive residue. It's made without natural rubber latex, which makes it ideal for those with latex allergies or sensitivities. Plus, your skin will feel silky and smooth with no residue left behind, whether you use the ESENTA Sting-Free Adhesive Remover Spray or the ESENTA Sting-Free Adhesive Remover Wipes.",troutfly,It works well,Used for removal of adhesive bandages from fragile skin.  It works well.,9/21/2022,5.0,Yes,0,0.2732,0.16,0.0,0.84,0.0138429002836346,0.0830984711647033,0.0287425685673952,0.104304663836956,0.7468739151954651,0.0176405478268861,0.0054968842305243,0.2732,0.16,0.0,0.84,0.01384288165718317,0.08309857547283173,0.02874259278178215,0.1043044924736023,0.7468740344047546,0.017640534788370132,0.005496884696185589
90,90,"ConvaTec ESENTA Adhesive Remover Spray for Around Stomas and Wounds, Sting Free, Alcohol Free, 50 mL Bottle (Pack of 1)","The new ESENTA Sting-Free Adhesive Remover is a skin-friendly, quick, and easy way to get rid of the adhesive residue that often gets left behind during ostomy pouch changes. ConvaTec ESENTA Sting Free Adhesive Remover is available in two options: spray can or individual wipes. Formerly known as Sensi-Care, the 100% silicone-based ESENTA Adhesive Remover helps reduce potential skin damage like skin-stripping while quickly removing all remaining adhesive residue. It's made without natural rubber latex, which makes it ideal for those with latex allergies or sensitivities. Plus, your skin will feel silky and smooth with no residue left behind, whether you use the ESENTA Sting-Free Adhesive Remover Spray or the ESENTA Sting-Free Adhesive Remover Wipes.",Rodrigo Alfageme,Funciona muy bien.,Tal.cual esperado.,2/11/2023,5.0,Yes,0,0.0,0.0,0.0,1.0,0.025812579318881,0.0483411960303783,0.0247552786022424,0.0187167022377252,0.8411001563072205,0.0263000521808862,0.0149740893393754,0.0,0.0,0.0,1.0,0.025812678039073944,0.048341426998376846,0.024755317717790604,0.01871677301824093,0.8410996198654175,0.02630009315907955,0.014974093995988369
91,91,"ConvaTec ESENTA Adhesive Remover Spray for Around Stomas and Wounds, Sting Free, Alcohol Free, 50 mL Bottle (Pack of 1)","The new ESENTA Sting-Free Adhesive Remover is a skin-friendly, quick, and easy way to get rid of the adhesive residue that often gets left behind during ostomy pouch changes. ConvaTec ESENTA Sting Free Adhesive Remover is available in two options: spray can or individual wipes. Formerly known as Sensi-Care, the 100% silicone-based ESENTA Adhesive Remover helps reduce potential skin damage like skin-stripping while quickly removing all remaining adhesive residue. It's made without natural rubber latex, which makes it ideal for those with latex allergies or sensitivities. Plus, your skin will feel silky and smooth with no residue left behind, whether you use the ESENTA Sting-Free Adhesive Remover Spray or the ESENTA Sting-Free Adhesive Remover Wipes.",J Monty,Works great,Works great,7/30/2022,5.0,Yes,0,0.6249,0.804,0.0,0.196,0.007438467349857,0.005539137404412,0.0028843306936323,0.4350278973579407,0.5087843537330627,0.0091635258868336,0.0311622694134712,0.6249,0.804,0.0,0.196,0.007438464090228081,0.005539140198379755,0.00288433488458395,0.4350276291370392,0.5087845921516418,0.00916353054344654,0.031162291765213013
92,92,"ConvaTec ESENTA Adhesive Remover Spray for Around Stomas and Wounds, Sting Free, Alcohol Free, 50 mL Bottle (Pack of 1)","The new ESENTA Sting-Free Adhesive Remover is a skin-friendly, quick, and easy way to get rid of the adhesive residue that often gets left behind during ostomy pouch changes. ConvaTec ESENTA Sting Free Adhesive Remover is available in two options: spray can or individual wipes. Formerly known as Sensi-Care, the 100% silicone-based ESENTA Adhesive Remover helps reduce potential skin damage like skin-stripping while quickly removing all remaining adhesive residue. It's made without natural rubber latex, which makes it ideal for those with latex allergies or sensitivities. Plus, your skin will feel silky and smooth with no residue left behind, whether you use the ESENTA Sting-Free Adhesive Remover Spray or the ESENTA Sting-Free Adhesive Remover Wipes.",DynomiteWins,Sting Free Adhesive Remover,"When you've got skin that tears easily, adhesive removers are an absolute necessity for any medical process.  I can't wear a regular bandaid or sensitive medical tape without causing micro tears on my skin and I keep skin adhesive remover in my purse for exactly this reason.  My favorite adhesive remover had been FreeDerm which was a siloxane product, but it's been impossible for me to source and keep in stock in the last year, so I've been on the hunt for another silicone based adhesive remover.  Was really excited to try this because it is a silicone based remover which means it won't sting or smell and works really great to dissolve hydrocolloid and other gooey adhesives quickly.  My son, who also has my same delicate skin condition, has to get EKGs regularly, this makes removal of the electrode patches significantly less miserable and we're able to get them off quickly without irritating his skin.  For adhesive patches that had to stay on longer, I did find I needed to let the spray sit for 2-3 minutes before it really would move easily.This has a wide spray area which is helpful for large areas covered by adhesive, but since I use this regularly to remove smaller adhesive patches, I did feel like I didn't have as much control over how much product was being used like I do with my old FreeDerm pump spray (though I did have to use more FreeDerm to get the same quick release, so in the end it might have been about the same amount of product being used).  I also used to spray between the adhesive patch being removed and the skin so that it would release while pulling the bandage off, but that's harder to do with this spray top since it sprays so much.  It probably is perfect for an adult managing a large site, but because these silicone based removers are so much more expensive than the solvent based removers, I don't want to waste a drop and would like to see this in either a spray pump or a more controlled spray option to use on kids with smaller treatment areas.  I will have to pick up the wipes to see if they're as effective as the spray because that may be my happy middle ground.  I don't use this to clean up adhesive residue which I find works better with one of the more traditional skin adhesive removers, this just makes removal of the initial bandage painless and easy (which often leaves less residue on the skin in the first place) and is ideal if you have to frequently change adhesive covers or medical devices.EDIT: I TRIED THE WIPES!  They're great, they don't work as well for removing electrodes because they can't soak through the backside of the electrode, so we're going to continue using the spray for electrode removal.  The wipes though are very nice and are now part of my regular first aid kit because they make removing bandages and tape MUCH easier and I can keep them in my purse for any scenario.  They also do a really good job removing adhesive residue from bandages that were left in place for a little too long. I'm happy to have found both of these because they each do a slightly different thing that we really need in our home with our family's skin conditions.",8/13/2022,4.0,No,0,0.998,0.151,0.021,0.828,0.1023692935705185,0.0757514908909797,0.0372338369488716,0.1131955906748771,0.6030531525611877,0.0520294681191444,0.0163671355694532,0.998,0.151,0.021,0.828,0.10236932337284088,0.07575137913227081,0.037233948707580566,0.11319565773010254,0.6030529737472534,0.05202951654791832,0.01636715978384018
93,93,"ConvaTec ESENTA Adhesive Remover Spray for Around Stomas and Wounds, Sting Free, Alcohol Free, 50 mL Bottle (Pack of 1)","The new ESENTA Sting-Free Adhesive Remover is a skin-friendly, quick, and easy way to get rid of the adhesive residue that often gets left behind during ostomy pouch changes. ConvaTec ESENTA Sting Free Adhesive Remover is available in two options: spray can or individual wipes. Formerly known as Sensi-Care, the 100% silicone-based ESENTA Adhesive Remover helps reduce potential skin damage like skin-stripping while quickly removing all remaining adhesive residue. It's made without natural rubber latex, which makes it ideal for those with latex allergies or sensitivities. Plus, your skin will feel silky and smooth with no residue left behind, whether you use the ESENTA Sting-Free Adhesive Remover Spray or the ESENTA Sting-Free Adhesive Remover Wipes.",Comdet,"Effective, but more messy than the wipes","This does a good job of making it easy (well, easier) to remove adhesive bandages or anything stuck to the skin with adhesive. The spray does a good job of removing all the adhesive that's left behind. It doesn't sting or irritate my skin, and doesn't have an objectionable smell. It works pretty quickly, but with heavy adhesives it does need to soak in for a minute or two to be effective.My main con is the sprayer. I thought it would be easier than using the wipes, but the spray pattern is wide and often causes overspray. You can spray it on your own wipe (the tissues made of cotton work well for this) but since I don't need to use this often, the pre-moistened wipe format is the better option for me. It would have been nice to have an adjustable spray or have the spray pattern be more focused.One star down for the wide spray pattern, but otherwise a good performing adhesive remover.",9/22/2022,4.0,No,0,0.9746,0.155,0.008,0.837,0.0755105689167976,0.6655666828155518,0.0051578651182353,0.005916116759181,0.2310659289360046,0.0139899235218763,0.0027928729541599,0.9746,0.155,0.008,0.837,0.0755104348063469,0.6655669808387756,0.005157855339348316,0.005916102789342403,0.23106573522090912,0.013989915139973164,0.002792872954159975
94,94,"ConvaTec ESENTA Adhesive Remover Spray for Around Stomas and Wounds, Sting Free, Alcohol Free, 50 mL Bottle (Pack of 1)","The new ESENTA Sting-Free Adhesive Remover is a skin-friendly, quick, and easy way to get rid of the adhesive residue that often gets left behind during ostomy pouch changes. ConvaTec ESENTA Sting Free Adhesive Remover is available in two options: spray can or individual wipes. Formerly known as Sensi-Care, the 100% silicone-based ESENTA Adhesive Remover helps reduce potential skin damage like skin-stripping while quickly removing all remaining adhesive residue. It's made without natural rubber latex, which makes it ideal for those with latex allergies or sensitivities. Plus, your skin will feel silky and smooth with no residue left behind, whether you use the ESENTA Sting-Free Adhesive Remover Spray or the ESENTA Sting-Free Adhesive Remover Wipes.",KixyCat,IT WORKS! but...,"I have a little one who gets hurt a lot and will cry all day if we try to remove the bandaid or anything that we use to cover his wound. tired of all the pain he is getting we get this one.this stuff WORKS no doubt! you spray A LOT then its like a magic that the thing just peeled off.now that is the reason why I gave this 4 stars coz we have to use a lot for the whole bandage to have it remove and the bottle is small and so hard to tell how much is left, I feel like I will be lucky if I can use this 5x and its like paying $5 per bandage.if you have the money and can afford this, I highly recommend it!",12/18/2022,4.0,No,0,-0.7755,0.092,0.14,0.768,0.0100282691419124,0.0051855514757335,0.0045981192961335,0.0745091512799263,0.1571943610906601,0.5312190055847168,0.2172655165195465,-0.7755,0.092,0.14,0.768,0.010028272867202759,0.00518555473536253,0.004598117899149656,0.07450920343399048,0.15719448029994965,0.5312188267707825,0.2172655463218689
95,95,"ConvaTec ESENTA Adhesive Remover Spray for Around Stomas and Wounds, Sting Free, Alcohol Free, 50 mL Bottle (Pack of 1)","The new ESENTA Sting-Free Adhesive Remover is a skin-friendly, quick, and easy way to get rid of the adhesive residue that often gets left behind during ostomy pouch changes. ConvaTec ESENTA Sting Free Adhesive Remover is available in two options: spray can or individual wipes. Formerly known as Sensi-Care, the 100% silicone-based ESENTA Adhesive Remover helps reduce potential skin damage like skin-stripping while quickly removing all remaining adhesive residue. It's made without natural rubber latex, which makes it ideal for those with latex allergies or sensitivities. Plus, your skin will feel silky and smooth with no residue left behind, whether you use the ESENTA Sting-Free Adhesive Remover Spray or the ESENTA Sting-Free Adhesive Remover Wipes.",NE Ohioan,Getting it in advance of a hosptial stay & cardiac workup,"We have something similar to this to remove tape & adhesive residue off of animal patients and it is super handy. I'm going to be needing a cardiac workup, which is going to include lots of sticky patches to be hooked up to monitors, some for several days. I didn't receive this till after I pulled the adhesive left all over after an ER and admit to the hospital. How I wish it would have arrived just 2 days sooner!  I tried it on some bandaid residue and no reactions. It is going along to the hosptial with me.",8/7/2022,4.0,No,0,0.7574,0.088,0.022,0.89,0.009707361459732,0.032232966274023,0.0057996655814349,0.0056112366728484,0.1805350333452224,0.0365404747426509,0.7295732498168945,0.7574,0.088,0.022,0.89,0.009707353077828884,0.032232992351055145,0.005799679551273584,0.0056112403981387615,0.1805352419614792,0.03654050827026367,0.7295729517936707
96,96,"ConvaTec ESENTA Adhesive Remover Spray for Around Stomas and Wounds, Sting Free, Alcohol Free, 50 mL Bottle (Pack of 1)","The new ESENTA Sting-Free Adhesive Remover is a skin-friendly, quick, and easy way to get rid of the adhesive residue that often gets left behind during ostomy pouch changes. ConvaTec ESENTA Sting Free Adhesive Remover is available in two options: spray can or individual wipes. Formerly known as Sensi-Care, the 100% silicone-based ESENTA Adhesive Remover helps reduce potential skin damage like skin-stripping while quickly removing all remaining adhesive residue. It's made without natural rubber latex, which makes it ideal for those with latex allergies or sensitivities. Plus, your skin will feel silky and smooth with no residue left behind, whether you use the ESENTA Sting-Free Adhesive Remover Spray or the ESENTA Sting-Free Adhesive Remover Wipes.",Steve’s Reviews,It does seem to work,"I have a CGM that I wear to monitor my glucose. I also have a patch that I wear over it to help make sure it stays in place along with Extra adhesive before applying. The spray did work fairly well at loosening up and helping to release the adhesive.  It does not smell the very best and I’ve only used it once so I’m not sure how long the small container will really last. It did however release the adhesive from the monitor itself leaving the adhesive on my skin but released from the monitor. Had to work a little bit more to get the adhesive part off but it did come off after applying a little more of the spray. It does work, however I also have adhesive removing pads that I have been using in the past which honestly I still find easier to use as far as getting the residue off my skin. The spray tend to work better for releasing the bandage/adhesive to begin with.  As the spray was good at removing the bandage cover to begin with, the spray did not work as well to remove the excess adhesive residue left on my skin.",7/11/2022,5.0,No,0,0.9779,0.14,0.0,0.86,0.0097220055758953,0.0710813030600547,0.0108467107638716,0.0072342888452112,0.8797990083694458,0.0119472257792949,0.0093694711104035,0.9779,0.14,0.0,0.86,0.009722009301185608,0.07108139991760254,0.010846719145774841,0.007234287913888693,0.8797988891601562,0.01194724254310131,0.009369474835693836
97,97,"ConvaTec ESENTA Adhesive Remover Spray for Around Stomas and Wounds, Sting Free, Alcohol Free, 50 mL Bottle (Pack of 1)","The new ESENTA Sting-Free Adhesive Remover is a skin-friendly, quick, and easy way to get rid of the adhesive residue that often gets left behind during ostomy pouch changes. ConvaTec ESENTA Sting Free Adhesive Remover is available in two options: spray can or individual wipes. Formerly known as Sensi-Care, the 100% silicone-based ESENTA Adhesive Remover helps reduce potential skin damage like skin-stripping while quickly removing all remaining adhesive residue. It's made without natural rubber latex, which makes it ideal for those with latex allergies or sensitivities. Plus, your skin will feel silky and smooth with no residue left behind, whether you use the ESENTA Sting-Free Adhesive Remover Spray or the ESENTA Sting-Free Adhesive Remover Wipes.",Kn,"Works, No Skin Reactions or Stinging","I ordered this because my kids constantly want bandages for every tiny scrape, but then they have adhesive marks that don't wash off easily with soap and water.  I tried this on a knee bandage outline that got missed during bath time.  It doesn't have a strong smell.  It sprays in a mist so it covers a wide area in a single spray.  It was a minor scrape, but my daughter didn't flinch so there wasn't any stinging.  After spraying the area I used a wet wipe to clean it up.  It did not require vigorous scrubbing to remove the adhesive.  I used light circular motions and the adhesive wiped away fairly quickly.  Overall I like the product.  It helps remove the adhesive without requiring irritating scrubbing and wipes away clean without the need for additional soap and water washing.  If you have ever used Goo Gone then you know what I mean by a post cleanup cleaning.",10/1/2022,5.0,No,0,0.8486,0.112,0.055,0.833,0.0175233874469995,0.4497471451759338,0.025599405169487,0.0075263367034494,0.4512998759746551,0.0390696190297603,0.0092342291027307,0.8486,0.112,0.055,0.833,0.017523400485515594,0.44974732398986816,0.025599412620067596,0.007526337634772062,0.4512997567653656,0.03906964510679245,0.00923421885818243
98,98,"ConvaTec ESENTA Adhesive Remover Spray for Around Stomas and Wounds, Sting Free, Alcohol Free, 50 mL Bottle (Pack of 1)","The new ESENTA Sting-Free Adhesive Remover is a skin-friendly, quick, and easy way to get rid of the adhesive residue that often gets left behind during ostomy pouch changes. ConvaTec ESENTA Sting Free Adhesive Remover is available in two options: spray can or individual wipes. Formerly known as Sensi-Care, the 100% silicone-based ESENTA Adhesive Remover helps reduce potential skin damage like skin-stripping while quickly removing all remaining adhesive residue. It's made without natural rubber latex, which makes it ideal for those with latex allergies or sensitivities. Plus, your skin will feel silky and smooth with no residue left behind, whether you use the ESENTA Sting-Free Adhesive Remover Spray or the ESENTA Sting-Free Adhesive Remover Wipes.",ChiefB & SweetieBoo,Good Product for Me to Keep on Hand,"I learned after having an extensive surgery many years ago that I have a strong reaction to just about all types of medical tape. The adhesive material causes my skin to redden and blister, and after repeated dressing changes, my skin becomes a painful, raw mess. While there are hypoallergenic paper tapes, those tapes don't adhere very well, and there are times where the stronger, stickier tapes are a medical necessity. While I can't always avoid the adhesive material altogether, I find that the sooner I remove it in its entirety, the better my skin does. Since some surgeries are the result of medical emergencies and not planned in advance, I try to always have a supply of medical grade adhesive remover on hand in my home medical supplies. I try to keep both wipes and sprays, and was very happy to see this ConvaTec Esenta Adhesive Remover Spray available on amazon. I did a quick test of it with some surgical tape on my inner forearm, and am pleased with how well the spray removed any residual from the tape adhesive.",8/4/2022,5.0,No,0,0.9189,0.119,0.05,0.831,0.0068396776914596,0.1664222627878189,0.0121644269675016,0.0684809014201164,0.2457197457551956,0.4830138683319092,0.0173591244965791,0.9189,0.119,0.05,0.831,0.006839667446911335,0.16642192006111145,0.012164401821792126,0.06848093122243881,0.24571968615055084,0.4830142557621002,0.017359133809804916
99,99,"ConvaTec ESENTA Adhesive Remover Spray for Around Stomas and Wounds, Sting Free, Alcohol Free, 50 mL Bottle (Pack of 1)","The new ESENTA Sting-Free Adhesive Remover is a skin-friendly, quick, and easy way to get rid of the adhesive residue that often gets left behind during ostomy pouch changes. ConvaTec ESENTA Sting Free Adhesive Remover is available in two options: spray can or individual wipes. Formerly known as Sensi-Care, the 100% silicone-based ESENTA Adhesive Remover helps reduce potential skin damage like skin-stripping while quickly removing all remaining adhesive residue. It's made without natural rubber latex, which makes it ideal for those with latex allergies or sensitivities. Plus, your skin will feel silky and smooth with no residue left behind, whether you use the ESENTA Sting-Free Adhesive Remover Spray or the ESENTA Sting-Free Adhesive Remover Wipes.",InfDiversity InfCombinations,Saturates the area really well,"The media could not be loaded.I am one of many for sure who does not like how medical tape (or even bandages) leave that sticky residue on your skin. And even with careful peeling, it pulls on the skin still and it hurts. This ConvaTec adhesive remover works really well in preventing residue and minimizing the pulling of the skin. For testing, I placed a strip of medical tape for about an hour on my hand. I sprayed the top half and left it wet for a few seconds before pulling. The tape in the saturated area came off rather easily compared to the other half that wasn’t. I’d say that it works well. The only issue with it as seen in my video is that it sprays wide so be careful where you spray or who’s around you (don’t want to spray in someone’s eyes or mouth).",9/24/2022,5.0,No,0,0.8486,0.12,0.049,0.83,0.0160541534423828,0.3537889420986175,0.0085276719182729,0.0038083717226982,0.5945612192153931,0.0183080490678548,0.0049515725113451,0.8486,0.12,0.049,0.83,0.01605415716767311,0.3537890315055847,0.008527683094143867,0.0038083766121417284,0.5945611596107483,0.018308032304048538,0.004951574373990297
100,100,"ConvaTec ESENTA Adhesive Remover Spray for Around Stomas and Wounds, Sting Free, Alcohol Free, 50 mL Bottle (Pack of 1)","The new ESENTA Sting-Free Adhesive Remover is a skin-friendly, quick, and easy way to get rid of the adhesive residue that often gets left behind during ostomy pouch changes. ConvaTec ESENTA Sting Free Adhesive Remover is available in two options: spray can or individual wipes. Formerly known as Sensi-Care, the 100% silicone-based ESENTA Adhesive Remover helps reduce potential skin damage like skin-stripping while quickly removing all remaining adhesive residue. It's made without natural rubber latex, which makes it ideal for those with latex allergies or sensitivities. Plus, your skin will feel silky and smooth with no residue left behind, whether you use the ESENTA Sting-Free Adhesive Remover Spray or the ESENTA Sting-Free Adhesive Remover Wipes.",PipSqueak,Took the sticky right off,"The media could not be loaded.I am trying to quit smoking and this has helped take the sticky off from the patches- Instantly! Would work well for other medication patch wearers too. My friend is doing cancer treatments and also tried some of my bottle, worked great. Would absolutley recommend. Didn't irritate my skin or dry me out. Also doesn't smell horrible, left no smell on my arm. Also made me feel silky smooth. I will buy this for anyone I know diagnosed with cancer.",10/4/2022,5.0,No,0,0.6569,0.17,0.107,0.723,0.0173660013824701,0.6149957776069641,0.0801984071731567,0.015042383223772,0.2211877852678299,0.0416018553078174,0.0096077332273125,0.6569,0.17,0.107,0.723,0.01736598275601864,0.6149957776069641,0.08019846677780151,0.01504241582006216,0.22118771076202393,0.04160187765955925,0.009607759304344654
101,101,"ConvaTec ESENTA Adhesive Remover Spray for Around Stomas and Wounds, Sting Free, Alcohol Free, 50 mL Bottle (Pack of 1)","The new ESENTA Sting-Free Adhesive Remover is a skin-friendly, quick, and easy way to get rid of the adhesive residue that often gets left behind during ostomy pouch changes. ConvaTec ESENTA Sting Free Adhesive Remover is available in two options: spray can or individual wipes. Formerly known as Sensi-Care, the 100% silicone-based ESENTA Adhesive Remover helps reduce potential skin damage like skin-stripping while quickly removing all remaining adhesive residue. It's made without natural rubber latex, which makes it ideal for those with latex allergies or sensitivities. Plus, your skin will feel silky and smooth with no residue left behind, whether you use the ESENTA Sting-Free Adhesive Remover Spray or the ESENTA Sting-Free Adhesive Remover Wipes.",LMW,Great,"I have very delicate skin and it tears easily.  Since I am a cancer patient, I often have tape used on me.  Sometimes the oncology center I use has spray to remove the tape.  Unfortunately, they run out sometimes or certain nurses may not have the spray on their carts.  I am now taking my can of ConvaTec ESENTA Adhesive Remover Spray to my treatments so I don't have to worry about my skin tearing.  It is so helpful and really makes a difference.  I highly recommend this product.",9/9/2022,5.0,No,0,0.6259,0.157,0.092,0.751,0.0191016253083944,0.0198339112102985,0.3604021370410919,0.0517249107360839,0.4643251001834869,0.0675220936536789,0.0170901715755462,0.6259,0.157,0.092,0.751,0.019101615995168686,0.01983390748500824,0.3604022264480591,0.051724839955568314,0.46432530879974365,0.06752205640077591,0.01709015853703022
102,102,"ConvaTec ESENTA Adhesive Remover Spray for Around Stomas and Wounds, Sting Free, Alcohol Free, 50 mL Bottle (Pack of 1)","The new ESENTA Sting-Free Adhesive Remover is a skin-friendly, quick, and easy way to get rid of the adhesive residue that often gets left behind during ostomy pouch changes. ConvaTec ESENTA Sting Free Adhesive Remover is available in two options: spray can or individual wipes. Formerly known as Sensi-Care, the 100% silicone-based ESENTA Adhesive Remover helps reduce potential skin damage like skin-stripping while quickly removing all remaining adhesive residue. It's made without natural rubber latex, which makes it ideal for those with latex allergies or sensitivities. Plus, your skin will feel silky and smooth with no residue left behind, whether you use the ESENTA Sting-Free Adhesive Remover Spray or the ESENTA Sting-Free Adhesive Remover Wipes.",DG,"Ostomates, get this one!","The Esenta brand seems to be a rebrand of Sensi-Care. Basically, the BEST line of ostomy accessory sprays/wipes around!Adhesive remover is a must with ostomies. If not, you can rip your skin off. This remover is the king in the ostomy world as it’s great for sensitive skin and leaves no sting. It can be sprayed in any direction with ease.Non-oily so it’s easy to clean off before applying a new ostomy wafer.Not much of a smell either.10/10",8/13/2022,5.0,No,0,0.9325,0.176,0.025,0.799,0.2938517332077026,0.4930297434329986,0.0052302912808954,0.006195674650371,0.1681844145059585,0.0234451275318861,0.0100631732493639,0.9325,0.176,0.025,0.799,0.29385286569595337,0.49302908778190613,0.005230284295976162,0.006195651832967997,0.16818398237228394,0.023445118218660355,0.010063156485557556
103,103,"ConvaTec ESENTA Adhesive Remover Spray for Around Stomas and Wounds, Sting Free, Alcohol Free, 50 mL Bottle (Pack of 1)","The new ESENTA Sting-Free Adhesive Remover is a skin-friendly, quick, and easy way to get rid of the adhesive residue that often gets left behind during ostomy pouch changes. ConvaTec ESENTA Sting Free Adhesive Remover is available in two options: spray can or individual wipes. Formerly known as Sensi-Care, the 100% silicone-based ESENTA Adhesive Remover helps reduce potential skin damage like skin-stripping while quickly removing all remaining adhesive residue. It's made without natural rubber latex, which makes it ideal for those with latex allergies or sensitivities. Plus, your skin will feel silky and smooth with no residue left behind, whether you use the ESENTA Sting-Free Adhesive Remover Spray or the ESENTA Sting-Free Adhesive Remover Wipes.",Charles,It works!,"I have a wound in area which is very tender, and unfortunately for me also near a lot of delicate hairs. I have tried adhesive remover pads, which help, but still were pretty painful. A couple of sprays of this stuff, and I'm able to remove my bandage adhesive without being nearly in tears.About the only criticism I have is that there is kind of a wide spray, but that's pretty much true of any sort of spray bottle, so it was nothing I considered worth deducting a star from my review.",8/8/2022,5.0,No,0,0.5746,0.151,0.114,0.734,0.0036168885417282,0.0368745028972625,0.0239901412278413,0.0054390146397054,0.1291759610176086,0.7689657211303711,0.031937688589096,0.5746,0.151,0.114,0.734,0.003616888541728258,0.03687450289726257,0.023990165442228317,0.005439020227640867,0.12917594611644745,0.7689657211303711,0.03193773701786995
104,104,"ConvaTec ESENTA Adhesive Remover Spray for Around Stomas and Wounds, Sting Free, Alcohol Free, 50 mL Bottle (Pack of 1)","The new ESENTA Sting-Free Adhesive Remover is a skin-friendly, quick, and easy way to get rid of the adhesive residue that often gets left behind during ostomy pouch changes. ConvaTec ESENTA Sting Free Adhesive Remover is available in two options: spray can or individual wipes. Formerly known as Sensi-Care, the 100% silicone-based ESENTA Adhesive Remover helps reduce potential skin damage like skin-stripping while quickly removing all remaining adhesive residue. It's made without natural rubber latex, which makes it ideal for those with latex allergies or sensitivities. Plus, your skin will feel silky and smooth with no residue left behind, whether you use the ESENTA Sting-Free Adhesive Remover Spray or the ESENTA Sting-Free Adhesive Remover Wipes.",Miranda,Helps To Remove Adhesive!,"This ConvaTec ESENTA Adhesive Remover Spray helps to remove adhesive glue. I used it to take of a big bandage that was stuck on my arm and it really works! It removed it, painlessly.Removing bandages can be very painful so this would be great for all ages. This spray doesn't hurt or damage my skin, when I'm using it. I'll be keeping a bottle of this in my first aid kit for future use!",10/9/2022,5.0,No,0,0.8174,0.153,0.063,0.784,0.0284436102956533,0.2248581945896148,0.0617780424654483,0.0149925490841269,0.3132993578910827,0.3270257115364074,0.0296026058495044,0.8174,0.153,0.063,0.784,0.028443628922104836,0.22485791146755219,0.06177806109189987,0.01499256957322359,0.3132995665073395,0.3270256221294403,0.029602639377117157
105,105,"ConvaTec ESENTA Adhesive Remover Spray for Around Stomas and Wounds, Sting Free, Alcohol Free, 50 mL Bottle (Pack of 1)","The new ESENTA Sting-Free Adhesive Remover is a skin-friendly, quick, and easy way to get rid of the adhesive residue that often gets left behind during ostomy pouch changes. ConvaTec ESENTA Sting Free Adhesive Remover is available in two options: spray can or individual wipes. Formerly known as Sensi-Care, the 100% silicone-based ESENTA Adhesive Remover helps reduce potential skin damage like skin-stripping while quickly removing all remaining adhesive residue. It's made without natural rubber latex, which makes it ideal for those with latex allergies or sensitivities. Plus, your skin will feel silky and smooth with no residue left behind, whether you use the ESENTA Sting-Free Adhesive Remover Spray or the ESENTA Sting-Free Adhesive Remover Wipes.",JEHK,Great product,This is great not only for stomas but for diaper rashes too. I use when red and it clears up. Leaves a thin layer for protection of wetness from the diaper. Over all will continue to use for my baby,11/6/2022,5.0,No,0,0.4588,0.1,0.0,0.9,0.0119343269616365,0.0808367803692817,0.0064545655623078,0.0152422431856393,0.8626795411109924,0.0147055350244045,0.0081469919532537,0.4588,0.1,0.0,0.9,0.011934316717088223,0.08083676546812057,0.0064545623026788235,0.015242250636219978,0.8626795411109924,0.014705528505146503,0.008146996609866619
106,106,"ConvaTec ESENTA Adhesive Remover Spray for Around Stomas and Wounds, Sting Free, Alcohol Free, 50 mL Bottle (Pack of 1)","The new ESENTA Sting-Free Adhesive Remover is a skin-friendly, quick, and easy way to get rid of the adhesive residue that often gets left behind during ostomy pouch changes. ConvaTec ESENTA Sting Free Adhesive Remover is available in two options: spray can or individual wipes. Formerly known as Sensi-Care, the 100% silicone-based ESENTA Adhesive Remover helps reduce potential skin damage like skin-stripping while quickly removing all remaining adhesive residue. It's made without natural rubber latex, which makes it ideal for those with latex allergies or sensitivities. Plus, your skin will feel silky and smooth with no residue left behind, whether you use the ESENTA Sting-Free Adhesive Remover Spray or the ESENTA Sting-Free Adhesive Remover Wipes.",Sheena,Works well for my kids,This seems to work well at removing the adhesive from my kids bandaids.. it does not hurt them at all 😊,10/10/2022,5.0,No,0,0.5962,0.213,0.0,0.787,0.0185874905437231,0.0444031134247779,0.0066588218323886,0.0898870974779129,0.7935181260108948,0.0319981835782527,0.0149471685290336,0.5962,0.213,0.0,0.787,0.018587496131658554,0.04440315440297127,0.006658825557678938,0.08988737314939499,0.7935177683830261,0.031998202204704285,0.014947199262678623
107,107,"ConvaTec ESENTA Adhesive Remover Spray for Around Stomas and Wounds, Sting Free, Alcohol Free, 50 mL Bottle (Pack of 1)","The new ESENTA Sting-Free Adhesive Remover is a skin-friendly, quick, and easy way to get rid of the adhesive residue that often gets left behind during ostomy pouch changes. ConvaTec ESENTA Sting Free Adhesive Remover is available in two options: spray can or individual wipes. Formerly known as Sensi-Care, the 100% silicone-based ESENTA Adhesive Remover helps reduce potential skin damage like skin-stripping while quickly removing all remaining adhesive residue. It's made without natural rubber latex, which makes it ideal for those with latex allergies or sensitivities. Plus, your skin will feel silky and smooth with no residue left behind, whether you use the ESENTA Sting-Free Adhesive Remover Spray or the ESENTA Sting-Free Adhesive Remover Wipes.",UCSDsoccer,Works great for kids,"Works great at removing adhesive, especially for kids where they aren't so patient or willing when it comes to this process.",10/16/2022,5.0,No,0,0.6249,0.17,0.0,0.83,0.0047326032072305,0.008501629345119,0.0018435840029269,0.0084075294435024,0.9694371819496156,0.0029395979363471,0.0041378922760486,0.6249,0.17,0.0,0.83,0.004732605069875717,0.008501629345119,0.0018435840029269457,0.008407540619373322,0.9694371819496155,0.002939600730314851,0.0041378941386938095
108,108,"ConvaTec ESENTA Adhesive Remover Spray for Around Stomas and Wounds, Sting Free, Alcohol Free, 50 mL Bottle (Pack of 1)","The new ESENTA Sting-Free Adhesive Remover is a skin-friendly, quick, and easy way to get rid of the adhesive residue that often gets left behind during ostomy pouch changes. ConvaTec ESENTA Sting Free Adhesive Remover is available in two options: spray can or individual wipes. Formerly known as Sensi-Care, the 100% silicone-based ESENTA Adhesive Remover helps reduce potential skin damage like skin-stripping while quickly removing all remaining adhesive residue. It's made without natural rubber latex, which makes it ideal for those with latex allergies or sensitivities. Plus, your skin will feel silky and smooth with no residue left behind, whether you use the ESENTA Sting-Free Adhesive Remover Spray or the ESENTA Sting-Free Adhesive Remover Wipes.",Star486,Gentle on Skin,Great to have when in need of removing/replacing bandages.  Pain-free.  I recommend this product.,10/19/2022,5.0,No,0,0.765,0.375,0.0,0.625,0.0018382600974291,0.0052408971823751,0.0049839876592159,0.8223666548728943,0.0510497838258743,0.1008548438549041,0.0136655261740088,0.765,0.375,0.0,0.625,0.0018382625421509147,0.0052408864721655846,0.004983984865248203,0.8223670125007629,0.05104970559477806,0.10085457563400269,0.013665505684912205
109,109,"ConvaTec ESENTA Adhesive Remover Spray for Around Stomas and Wounds, Sting Free, Alcohol Free, 50 mL Bottle (Pack of 1)","The new ESENTA Sting-Free Adhesive Remover is a skin-friendly, quick, and easy way to get rid of the adhesive residue that often gets left behind during ostomy pouch changes. ConvaTec ESENTA Sting Free Adhesive Remover is available in two options: spray can or individual wipes. Formerly known as Sensi-Care, the 100% silicone-based ESENTA Adhesive Remover helps reduce potential skin damage like skin-stripping while quickly removing all remaining adhesive residue. It's made without natural rubber latex, which makes it ideal for those with latex allergies or sensitivities. Plus, your skin will feel silky and smooth with no residue left behind, whether you use the ESENTA Sting-Free Adhesive Remover Spray or the ESENTA Sting-Free Adhesive Remover Wipes.",Andrea D,It Works!,This works very well to remove adhesive from the skin.  I also use it to remove the nail adhesive tabs when I take off my fake nails!,10/20/2022,5.0,No,0,-0.2498,0.083,0.118,0.799,0.0443023331463336,0.0830696076154708,0.012057083658874,0.0339651517570018,0.7834613919258118,0.0119759431108832,0.0311684366315603,-0.2498,0.083,0.118,0.799,0.0443023219704628,0.08306965231895447,0.01205708459019661,0.03396517410874367,0.7834614515304565,0.011975938454270363,0.031168363988399506
110,110,"ConvaTec ESENTA Adhesive Remover Spray for Around Stomas and Wounds, Sting Free, Alcohol Free, 50 mL Bottle (Pack of 1)","The new ESENTA Sting-Free Adhesive Remover is a skin-friendly, quick, and easy way to get rid of the adhesive residue that often gets left behind during ostomy pouch changes. ConvaTec ESENTA Sting Free Adhesive Remover is available in two options: spray can or individual wipes. Formerly known as Sensi-Care, the 100% silicone-based ESENTA Adhesive Remover helps reduce potential skin damage like skin-stripping while quickly removing all remaining adhesive residue. It's made without natural rubber latex, which makes it ideal for those with latex allergies or sensitivities. Plus, your skin will feel silky and smooth with no residue left behind, whether you use the ESENTA Sting-Free Adhesive Remover Spray or the ESENTA Sting-Free Adhesive Remover Wipes.",Nicole,Slowly removes adhesive bandages,I love this. I’ve been using it ever since I accidentally ripped a chunk of skin off removing my bandaid after bloodwork. Now I use it to slowly get the bandaid off and it works,8/4/2022,5.0,No,0,0.4215,0.118,0.067,0.815,0.0113466894254088,0.0190930049866437,0.0024380586110055,0.2263367772102356,0.7045219540596008,0.0056888968683779,0.0305745769292116,0.4215,0.118,0.067,0.815,0.011346711777150631,0.019093014299869537,0.0024380595423281193,0.22633744776248932,0.7045212984085083,0.005688896868377924,0.030574586242437363
111,111,"Adapt Adhesive and Barrier Remover 50 per Box 7760, 50 Ct",Item #: 507760. Universal remover wipes for adhesives and barriers (50 wipes). Increases the ease of adhesive and barrier removal.,Shopper,Wipes,"I had to open it to find out how big are the wipes. The measurements are very misleading. The wipes are only 2"" x 1 1/2 "" which are tiny.  I needed larger wipes. Just wasted almost $20.00.",7/11/2024,2.0,Yes,0,-0.7346,0.0,0.167,0.833,0.0311653856188058,0.0536879859864711,0.0042448863387107,0.0034545883536338,0.6254640221595764,0.0745976939797401,0.2073854506015777,-0.7346,0.0,0.167,0.833,0.031165456399321556,0.053688131272792816,0.00424488540738821,0.0034545809030532837,0.6254644393920898,0.07459751516580582,0.20738498866558075
112,112,"Adapt Adhesive and Barrier Remover 50 per Box 7760, 50 Ct",Item #: 507760. Universal remover wipes for adhesives and barriers (50 wipes). Increases the ease of adhesive and barrier removal.,Syssi Anne,Disappointed,"Needless to say, these did not work.  Really a waste of our money for what we needed it for but I'm sure it would be great for smaller issues.",6/24/2024,2.0,Yes,0,0.8853,0.293,0.0,0.707,0.0122103244066238,0.0176132339984178,0.0080903135240077,0.0069636907428503,0.0737622529268264,0.7704951763153076,0.1108649894595146,0.8853,0.293,0.0,0.707,0.012210299260914326,0.01761319860816002,0.00809030793607235,0.006963684223592281,0.07376214861869812,0.7704954147338867,0.11086498945951462
113,113,"Adapt Adhesive and Barrier Remover 50 per Box 7760, 50 Ct",Item #: 507760. Universal remover wipes for adhesives and barriers (50 wipes). Increases the ease of adhesive and barrier removal.,Carolyn J,Apparently doesn't work for all adhesives.,"It doesn't seem to work. I wanted to remove adhesive after reacting to bandages after knee surgery. The bandages had to be softened in the shower and peeled off but left lots of glue. The incision was pretty new so these were an option to help get that glue mess off. Gently peeling it off works better than these things. Maybe it requires more force than can be used at this time. 2 stars because they are sealed, not outdated and smell like some chemical thing that might work.",4/13/2023,2.0,Yes,0,0.9493,0.184,0.031,0.785,0.0183443389832973,0.401651918888092,0.0100702960044145,0.0021909712813794,0.5158320069313049,0.032244574278593,0.0196659062057733,0.9493,0.184,0.031,0.785,0.018344353884458542,0.4016510546207428,0.010070298798382282,0.002190966159105301,0.515832781791687,0.03224460780620575,0.019665934145450592
114,114,"Adapt Adhesive and Barrier Remover 50 per Box 7760, 50 Ct",Item #: 507760. Universal remover wipes for adhesives and barriers (50 wipes). Increases the ease of adhesive and barrier removal.,A Haire,Okay,We use the spray. I bought these same brand but the spray is way better.,1/13/2023,3.0,Yes,0,0.5927,0.228,0.0,0.772,0.0127077205106616,0.066577173769474,0.0020160872954875,0.0247531775385141,0.8646970987319946,0.0144616160541772,0.0147871440276503,0.5927,0.228,0.0,0.772,0.01270772609859705,0.06657717376947403,0.0020160882268100977,0.024753199890255928,0.8646970987319946,0.014461609534919262,0.014787150546908379
115,115,"Adapt Adhesive and Barrier Remover 50 per Box 7760, 50 Ct",Item #: 507760. Universal remover wipes for adhesives and barriers (50 wipes). Increases the ease of adhesive and barrier removal.,Chan Rash,"Formulation change, now they don,t work as well as previous 7760 wipes","We have been using Hollister No.7760 for years but they completely changed the formulation. Ingredients not listed on new. These just don't work as well as old formulation (printed on previous formulated product) in fact they wont remove most label residue we need to remove (again the old formulation did). Old formulation was SD alcohol 40, Cyclomethicone, Propylene Glycol Monomethyl Ether, Decahydronaphthalene, Ethyl Acetate, Stearic Acid, Fragrance. We can still use them as basic alcohol wipes but no longer worth the extra cost compared to basic alcohol wipes.",9/12/2021,2.0,Yes,4,-0.3962,0.025,0.054,0.92,0.0146654592826962,0.0523245148360729,0.004762765020132,0.0038107861764729,0.8798772692680359,0.0263121519237756,0.0182471442967653,-0.3962,0.025,0.054,0.92,0.014665450900793076,0.052324552088975906,0.004762766417115927,0.003810785710811615,0.8798771500587463,0.026312125846743584,0.01824711449444294
116,116,"Adapt Adhesive and Barrier Remover 50 per Box 7760, 50 Ct",Item #: 507760. Universal remover wipes for adhesives and barriers (50 wipes). Increases the ease of adhesive and barrier removal.,pamela,"TERRIBLE, gobs the glue from ostomy then it gets everywhere","They dry out, have to use 3-4 for one removal, they are abrasive so they hurt going across irradiated areas. Only gave it one star cause had to give something in order to write review. This is first time writing review they are terrible save your money & use alcohol.",1/9/2024,1.0,Yes,0,-0.5542,0.057,0.121,0.822,0.0890525430440902,0.6714186072349548,0.2049507647752761,0.0013716381508857,0.0129493325948715,0.0115254344418644,0.0087316175922751,-0.5542,0.057,0.121,0.822,0.08905261009931564,0.6714188456535339,0.20495055615901947,0.0013716366374865174,0.012949362397193909,0.011525444686412811,0.00873161293566227
117,117,"Adapt Adhesive and Barrier Remover 50 per Box 7760, 50 Ct",Item #: 507760. Universal remover wipes for adhesives and barriers (50 wipes). Increases the ease of adhesive and barrier removal.,Dr. David A. Himes,feels like sandpaper,Does not remove adhesive very well and feels like sandpaper.  Very irritating.,7/19/2024,1.0,Yes,0,0.1531,0.285,0.192,0.524,0.7035147547721863,0.0812374204397201,0.002730721142143,0.0041777300648391,0.0473625510931015,0.1491435766220092,0.0118332225829362,0.1531,0.285,0.192,0.524,0.7035145163536072,0.08123739808797836,0.0027307202108204365,0.0041777328588068485,0.0473625548183918,0.14914382994174957,0.011833240278065205
118,118,"Adapt Adhesive and Barrier Remover 50 per Box 7760, 50 Ct",Item #: 507760. Universal remover wipes for adhesives and barriers (50 wipes). Increases the ease of adhesive and barrier removal.,Karen Hainline,Too small and too much liquid for cleaning.,This was supposed to be like Sensecare and have a soft lightly moistened disposable non stinging wipe to clean around sensitive tissues. Instead it was a rough less than 1 inch square with too much liquid that opened up a sensitive area and caused bleeding to start! Not good!,9/24/2023,1.0,Yes,0,0.5232,0.115,0.048,0.837,0.0561350211501121,0.7898679971694946,0.0077920188196003,0.0018537070136517,0.0493556149303913,0.0668929666280746,0.0281027294695377,0.5232,0.115,0.048,0.837,0.05613504350185394,0.7898678183555603,0.00779202114790678,0.0018537073628976941,0.049355700612068176,0.06689292937517166,0.02810276672244072
119,119,"Adapt Adhesive and Barrier Remover 50 per Box 7760, 50 Ct",Item #: 507760. Universal remover wipes for adhesives and barriers (50 wipes). Increases the ease of adhesive and barrier removal.,hallie,p  u,"i didn't like the way this product smelled at all,  it did in fact work to take of the hollisters spray adhesive, but left me and the entire house smelling like an auto shop or worse.  based on this i wouldnt use it again, just threw some out actually so that it wouldn't accidently get opened.  again it did work, but i don't recommend its use,  i had a skin reaction also, all better now thanx, h",6/9/2012,2.0,Yes,4,-0.7339,0.048,0.136,0.816,0.0176398288458585,0.2054687589406967,0.0159533340483903,0.1203332841396331,0.1322533637285232,0.3776460289955139,0.1307054311037063,-0.7339,0.048,0.136,0.816,0.017639851197600365,0.20546923577785492,0.015953360125422478,0.12033326178789139,0.13225330412387848,0.37764590978622437,0.1307051181793213
120,120,"Adapt Adhesive and Barrier Remover 50 per Box 7760, 50 Ct",Item #: 507760. Universal remover wipes for adhesives and barriers (50 wipes). Increases the ease of adhesive and barrier removal.,Susan Alexander,Did not work,Doesn't remove paste as advertised. May work for some just not for me.,9/30/2023,1.0,Yes,0,0.0,0.0,0.0,1.0,0.0075624571181833,0.0169645957648754,0.0061084940098226,0.0021675273310393,0.9302637577056884,0.0255066622048616,0.0114264581352472,0.0,0.0,0.0,1.0,0.007562446407973766,0.01696455478668213,0.006108483765274286,0.002167525701224804,0.930263876914978,0.025506641715765,0.011426438577473164
121,121,"Adapt Adhesive and Barrier Remover 50 per Box 7760, 50 Ct",Item #: 507760. Universal remover wipes for adhesives and barriers (50 wipes). Increases the ease of adhesive and barrier removal.,Muffincrusher,Not perfect,Doesn't take adhesive off perfectly. But maybe if it were stronger would burn skin. Have to rub roughly to clean goo.,6/22/2015,3.0,Yes,0,0.8608,0.347,0.0,0.653,0.0617631152272224,0.2139862477779388,0.0190926045179367,0.0032084700651466,0.6156054735183716,0.0748604610562324,0.011483734473586,0.8608,0.347,0.0,0.653,0.06176317483186722,0.21398630738258362,0.01909259706735611,0.0032084714621305466,0.6156051754951477,0.07486052066087723,0.011483722366392612
122,122,"Adapt Adhesive and Barrier Remover 50 per Box 7760, 50 Ct",Item #: 507760. Universal remover wipes for adhesives and barriers (50 wipes). Increases the ease of adhesive and barrier removal.,SP,Missing 49 wipes.,I received a box with an X on it containing exactly ONE wipe.  Very disappointed.,4/24/2022,1.0,Yes,0,-0.5256,0.0,0.236,0.764,0.0043959068134427,0.0032306683715432,0.0019464209908619,0.0114985546097159,0.0410411916673183,0.5928623080253601,0.3450250029563904,-0.5256,0.0,0.236,0.764,0.004395903088152409,0.0032306653447449207,0.0019464202923700213,0.011498555541038513,0.04104122146964073,0.5928617715835571,0.3450254797935486
123,123,"Adapt Adhesive and Barrier Remover 50 per Box 7760, 50 Ct",Item #: 507760. Universal remover wipes for adhesives and barriers (50 wipes). Increases the ease of adhesive and barrier removal.,Amazon Customer,Total waste of money,These wipes are about as close to worthless as they can get.  Absolute waste of money,2/1/2018,1.0,Yes,0,-0.6908,0.0,0.289,0.711,0.101950891315937,0.4286853373050689,0.0159207880496978,0.0019798525609076,0.0448093451559543,0.3802136480808258,0.0264402478933334,-0.6908,0.0,0.289,0.711,0.10195071995258331,0.42868468165397644,0.015920793637633324,0.001979854190722108,0.04480934888124466,0.38021451234817505,0.026440219953656197
124,124,"Adapt Adhesive and Barrier Remover 50 per Box 7760, 50 Ct",Item #: 507760. Universal remover wipes for adhesives and barriers (50 wipes). Increases the ease of adhesive and barrier removal.,michael b.,don't waste your money,don't waste your money did not work on anything it said it would. and yes stunk so bad you would think something that stinks that bad would have worked but it did not,4/23/2014,1.0,Yes,2,-0.554,0.091,0.21,0.699,0.0172908827662467,0.2449527382850647,0.0189327057451009,0.0032052902970463,0.0741770043969154,0.6305235028266907,0.0109178181737661,-0.554,0.091,0.21,0.699,0.01729085110127926,0.24495255947113037,0.018932675942778587,0.0032052891328930855,0.07417689263820648,0.6305239200592041,0.010917805135250092
125,125,"Adapt Adhesive and Barrier Remover 50 per Box 7760, 50 Ct",Item #: 507760. Universal remover wipes for adhesives and barriers (50 wipes). Increases the ease of adhesive and barrier removal.,april husband,I’ll buy again and again,Very good product the only one I rather use,8/28/2024,5.0,Yes,0,0.4927,0.313,0.0,0.687,0.0052173072472214,0.0169949606060981,0.0034218807704746,0.5619524121284485,0.2440052181482315,0.134536400437355,0.0338718146085739,0.4927,0.313,0.0,0.687,0.005217301659286022,0.016994936391711235,0.0034218819346278906,0.5619522929191589,0.24400532245635986,0.13453641533851624,0.033871859312057495
126,126,"Adapt Adhesive and Barrier Remover 50 per Box 7760, 50 Ct",Item #: 507760. Universal remover wipes for adhesives and barriers (50 wipes). Increases the ease of adhesive and barrier removal.,CONNIE LONG,The best ostomy adhesive remover I have found.,Was hard to find a supplier until I spoke to my surgeon.,7/27/2024,5.0,Yes,0,-0.1027,0.0,0.135,0.865,0.022433903068304,0.0448317006230354,0.3173665404319763,0.0104783959686756,0.2726272940635681,0.2213594764471054,0.110902689397335,-0.1027,0.0,0.135,0.865,0.02243390865623951,0.04483167454600334,0.3173660635948181,0.010478399693965912,0.27262771129608154,0.22135959565639496,0.11090267449617386
127,127,"Adapt Adhesive and Barrier Remover 50 per Box 7760, 50 Ct",Item #: 507760. Universal remover wipes for adhesives and barriers (50 wipes). Increases the ease of adhesive and barrier removal.,Amazon Customer,A must for sensitive skin or delicates,"A must-have for anyone with sensitive skin, adhesive reaction, or cleanup of persistant "" stickies"". Useful size, effective as long as they stay damp, so don't spill the foil envelope while opening; any residual ""juice"" can rewet the pad.",6/20/2024,5.0,Yes,0,0.7184,0.146,0.0,0.854,0.0161924976855516,0.1572995632886886,0.0140085536986589,0.0139851085841655,0.7841311097145081,0.0116219483315944,0.002761282492429,0.7184,0.146,0.0,0.854,0.01619250886142254,0.15729956328868866,0.014008540660142899,0.013985100202262402,0.7841310501098633,0.011621956713497639,0.002761279698461294
128,128,"Adapt Adhesive and Barrier Remover 50 per Box 7760, 50 Ct",Item #: 507760. Universal remover wipes for adhesives and barriers (50 wipes). Increases the ease of adhesive and barrier removal.,Porchsa lee,Very durable,Love these wipes.I got them right on time for my osteomyelitis supplies.They are so durable and dependable. I would recommend these to anyone.,5/11/2024,5.0,Yes,0,0.7717,0.251,0.0,0.749,0.0074181063100695,0.0113752065226435,0.0019471697742119,0.305923193693161,0.6504565477371216,0.0076173087581992,0.0152624724432826,0.7717,0.251,0.0,0.749,0.007418099325150251,0.011375200003385544,0.0019471680279821157,0.30592378973960876,0.650455892086029,0.007617312483489513,0.015262480825185776
129,129,"Adapt Adhesive and Barrier Remover 50 per Box 7760, 50 Ct",Item #: 507760. Universal remover wipes for adhesives and barriers (50 wipes). Increases the ease of adhesive and barrier removal.,Amazon Customer,Adhesive removal,Perfect for helping to remove ostomy bags so skin is not damaged.,5/18/2024,5.0,Yes,2,0.8077,0.48,0.0,0.52,0.0104877864941954,0.1070218607783317,0.0077765542082488,0.0217460989952087,0.8266897201538086,0.0202590897679328,0.0060188705101609,0.8077,0.48,0.0,0.52,0.010487793944776058,0.10702208429574966,0.007776545826345682,0.021746080368757248,0.8266895413398743,0.020259100943803787,0.0060188728384673595
130,130,"Adapt Adhesive and Barrier Remover 50 per Box 7760, 50 Ct",Item #: 507760. Universal remover wipes for adhesives and barriers (50 wipes). Increases the ease of adhesive and barrier removal.,Tayla,Best remover wipes!,"By far the best quality remover wipes I have used (I have tried over 10 different brands) . My 4 month old has had an ostomy since he was 3 days old and I’m always changing the bags, and these wipes remove it so quickly with a squirmy little guy! Totally recommend these to get the job done",2/5/2024,5.0,Yes,2,0.7918,0.121,0.0,0.879,0.0097235152497887,0.0061035081744194,0.0030609767418354,0.3316666781902313,0.4232026934623718,0.0049183228984475,0.2213242948055267,0.7918,0.121,0.0,0.879,0.009723522700369358,0.006103508174419403,0.003060979535803199,0.33166658878326416,0.42320308089256287,0.004918332677334547,0.22132396697998047
131,131,"Adapt Adhesive and Barrier Remover 50 per Box 7760, 50 Ct",Item #: 507760. Universal remover wipes for adhesives and barriers (50 wipes). Increases the ease of adhesive and barrier removal.,Jennifer Rice,These Wipes Are Small But Wet,"I ordered these wipes to help me change my ostomy bag before I had gotten my order from my regular company. These wipes are very small, just over 1"" square, but they are very wet. I take the package and empty the liquid from inside onto my skin around the stoma to help release the barrier ring stickiness.It helps because the other wipes I get are drier.",7/30/2023,4.0,Yes,2,0.705,0.124,0.056,0.82,0.011978942900896,0.361587643623352,0.0063647991046309,0.005230011884123,0.5854984521865845,0.0202634539455175,0.0090767443180084,0.705,0.124,0.056,0.82,0.011978930793702602,0.36158737540245056,0.006364799104630947,0.005230011884123087,0.5854986906051636,0.02026345394551754,0.009076743386685848
132,132,"Adapt Adhesive and Barrier Remover 50 per Box 7760, 50 Ct",Item #: 507760. Universal remover wipes for adhesives and barriers (50 wipes). Increases the ease of adhesive and barrier removal.,JOANNA,Cleans without leaving a film,Hollister Adhesive & Barrier Remover Wipes cleans without the scrubbing or irritation to skin.,5/3/2024,5.0,Yes,0,-0.5859,0.0,0.304,0.696,0.1935371458530426,0.2683999836444855,0.005486317910254,0.0060348859988152,0.4680780172348022,0.0497124120593071,0.0087511595338583,-0.5859,0.0,0.304,0.696,0.1935376077890396,0.2683999240398407,0.005486323963850737,0.006034876685589552,0.46807771921157837,0.049712423235177994,0.008751155808568
133,133,"Adapt Adhesive and Barrier Remover 50 per Box 7760, 50 Ct",Item #: 507760. Universal remover wipes for adhesives and barriers (50 wipes). Increases the ease of adhesive and barrier removal.,Da Kine,Game Changer Over Isopropyl Alcohol And Cotton Rounds,"Love this❣️ Was introduced to this product in the hospital when surgery adhesive dressing was removed, and my post-op discharge supplies contained several of these packets. Each contains a sturdy wipe in a solution, which does not leave linty residue behind as when using a cotton round/square soaked in alcohol. For me, the solution very easily removes the adhesive with no hard scrubbing, sting or irritation.My hormonal medication comes in the form of weekly patches and thanks to this product I no longer struggle to remove the adhesive left behind when changing them. These pads also remove the adhesive from clothing.HINT: Hold the packet upright and carefully tear open the top and remove the folded wipe. Leave the packet standing upright because there is enough solution remaining to re-wet the wipe. The solution does evaporate quickly and when the wipe becomes dry, you may re-wet the wipe with the remaining solution.",9/3/2022,5.0,Yes,3,0.9376,0.155,0.056,0.789,0.4297082126140594,0.258526861667633,0.0067752287723124,0.0038397905882447,0.2869182229042053,0.0101767322048544,0.00405501620844,0.9376,0.155,0.056,0.789,0.42970889806747437,0.25852638483047485,0.006775224581360817,0.003839793149381876,0.2869180142879486,0.010176735930144787,0.004055011086165905
134,134,"Adapt Adhesive and Barrier Remover 50 per Box 7760, 50 Ct",Item #: 507760. Universal remover wipes for adhesives and barriers (50 wipes). Increases the ease of adhesive and barrier removal.,Melissa S.,Best adhesive removal,"I have tried every brand out there. I have a colostomy and a urostomy, and I go through many different wipes and sprays. This wipe will remove all the adhesive from one ostomy with just one wipe. Whereas other wipes I’ve had to use multiple and sprays are useless I highly suggest these wipes, their sting, free, easy to hold And do the job right the first time",10/20/2023,5.0,Yes,5,0.5267,0.091,0.041,0.868,0.6749935150146484,0.2251197844743728,0.0094385258853435,0.0028814526740461,0.0760790780186653,0.0091172410175204,0.0023704126942902,0.5267,0.091,0.041,0.868,0.6749936938285828,0.2251196652650833,0.009438524954020977,0.0028814496472477913,0.07607897371053696,0.00911723356693983,0.0023704101331532
135,135,"Adapt Adhesive and Barrier Remover 50 per Box 7760, 50 Ct",Item #: 507760. Universal remover wipes for adhesives and barriers (50 wipes). Increases the ease of adhesive and barrier removal.,Jessalynn,No residue adhesive removal,"My child has a cereal line, and I’ve been using these wipes for their whole life to change their cvl dressing. I like these wipes because they work very well, don’t smell, and don’t leave behind any residue or grease. The new dressing adheres without a problem.",12/14/2023,5.0,Yes,0,0.7141,0.148,0.025,0.827,0.0141671849414706,0.3054017722606659,0.0039117597043514,0.0199916921555995,0.6430313587188721,0.0100656598806381,0.0034305108711123,0.7141,0.148,0.025,0.827,0.014167187735438347,0.3054024279117584,0.003911762498319149,0.01999169960618019,0.6430307030677795,0.010065672919154167,0.0034305157605558634
136,136,"Adapt Adhesive and Barrier Remover 50 per Box 7760, 50 Ct",Item #: 507760. Universal remover wipes for adhesives and barriers (50 wipes). Increases the ease of adhesive and barrier removal.,Micha S.,Works as Expected,Works as expected.  Effective. Convenient;  The right size wipe for my needs.  No waste.  I wear a medical device that needs to be removed and replaced every couple of days.  These wipes work well and do not irritate my skin in any way.,6/7/2023,4.0,Yes,2,0.3678,0.155,0.103,0.742,0.1647389084100723,0.1226925998926162,0.0052954284474253,0.2302366644144058,0.4461703300476074,0.0217282697558403,0.009137843735516,0.3678,0.155,0.103,0.742,0.164738729596138,0.12269248068332672,0.005295422859489918,0.23023700714111328,0.4461703300476074,0.02172825299203396,0.009137853048741817
137,137,"Adapt Adhesive and Barrier Remover 50 per Box 7760, 50 Ct",Item #: 507760. Universal remover wipes for adhesives and barriers (50 wipes). Increases the ease of adhesive and barrier removal.,Mc attk,Effectiveness and ease of use,Liked everything about it,3/3/2024,5.0,Yes,0,0.4215,0.483,0.0,0.517,0.0092039071023464,0.0160657037049531,0.0017181155271828,0.8539127111434937,0.0889166295528411,0.0080545814707875,0.0221283659338951,0.4215,0.483,0.0,0.517,0.0092038968577981,0.016065698117017746,0.0017181127332150936,0.8539126515388489,0.08891674876213074,0.00805456843227148,0.022128373384475708
138,138,"Adapt Adhesive and Barrier Remover 50 per Box 7760, 50 Ct",Item #: 507760. Universal remover wipes for adhesives and barriers (50 wipes). Increases the ease of adhesive and barrier removal.,A. MILNE,Works as advertised,Does the job.,2/18/2024,5.0,Yes,0,0.0,0.0,0.0,1.0,0.0333112478256225,0.0849337875843048,0.0056225508451461,0.06342064589262,0.7490024566650391,0.0438055731356143,0.0199037380516529,0.0,0.0,0.0,1.0,0.03331124782562256,0.08493367582559586,0.005622546654194593,0.06342045962810516,0.749002993106842,0.04380546137690544,0.019903702661395073
139,139,"Adapt Adhesive and Barrier Remover 50 per Box 7760, 50 Ct",Item #: 507760. Universal remover wipes for adhesives and barriers (50 wipes). Increases the ease of adhesive and barrier removal.,Derek,Little pricey but they work,Purchased to help remove some adhesive I had leftover on my body from surgical dressings recently. They were a little more than I liked paying but they're high quality and get the job done. Also can't best that they were delivered next day for me.,4/2/2023,4.0,Yes,0,-0.4204,0.079,0.096,0.824,0.005685206502676,0.007505094166845,0.0012750736204907,0.5591068863868713,0.3217448592185974,0.0147785628214478,0.0899043679237365,-0.4204,0.079,0.096,0.824,0.005685203708708286,0.007505088113248348,0.001275074784643948,0.5591069459915161,0.3217448890209198,0.014778554439544678,0.08990434557199478
140,140,"Adapt Adhesive and Barrier Remover 50 per Box 7760, 50 Ct",Item #: 507760. Universal remover wipes for adhesives and barriers (50 wipes). Increases the ease of adhesive and barrier removal.,Donna,Non-alcohol adhesive remover,Just like the ones I got from the hospital easy to use,12/9/2023,5.0,Yes,0,0.6597,0.375,0.0,0.625,0.0049598063342273,0.0021695515606552,0.0014293752610683,0.0515029989182949,0.8989850282669067,0.0077353804372251,0.0332178808748722,0.6597,0.375,0.0,0.625,0.004959802608937025,0.0021695501636713743,0.0014293763088062406,0.051502861082553864,0.8989852070808411,0.007735385559499264,0.033217884600162506
141,141,"Adapt Adhesive and Barrier Remover 50 per Box 7760, 50 Ct",Item #: 507760. Universal remover wipes for adhesives and barriers (50 wipes). Increases the ease of adhesive and barrier removal.,Angie Pierce,Adhesive remover,The product works well..the only complaint I have is the pads should be larger..have to use 2 to 3 for cleanup..small and hard to handle..,5/27/2023,4.0,Yes,2,-0.3818,0.0,0.153,0.847,0.0238996353000402,0.0092405788600444,0.0037789102643728,0.046139683574438,0.1198626607656478,0.5926216244697571,0.204456940293312,-0.3818,0.0,0.153,0.847,0.0238996222615242,0.009240563958883286,0.0037789095658808947,0.046139612793922424,0.11986231058835983,0.5926221013069153,0.20445682108402252
142,142,"Adapt Adhesive and Barrier Remover 50 per Box 7760, 50 Ct",Item #: 507760. Universal remover wipes for adhesives and barriers (50 wipes). Increases the ease of adhesive and barrier removal.,Molly,Removes bandages and medical tape without tearing skin.,This product is excellent at removing bandages without harming sensitive skin.,11/30/2023,5.0,Yes,0,0.7666,0.424,0.0,0.576,0.0095786992460489,0.1423183232545852,0.0086771082133054,0.0214223265647888,0.7873305082321167,0.0239901226013898,0.0066828946582973,0.7666,0.424,0.0,0.576,0.009578694589436054,0.14231832325458527,0.008677112869918346,0.02142232656478882,0.7873305082321167,0.02399013377726078,0.006682891398668289
143,143,"Adapt Adhesive and Barrier Remover 50 per Box 7760, 50 Ct",Item #: 507760. Universal remover wipes for adhesives and barriers (50 wipes). Increases the ease of adhesive and barrier removal.,Malina D Crowe,Adhesive remover,The only thing I dislike is that it's small. I like the fact that it takes the hardest to remove products off and any residue left behind. It also doesn't sting or irritate.,8/25/2023,5.0,Yes,0,0.3031,0.136,0.073,0.79,0.6938705444335938,0.263257622718811,0.0023196863476186,0.0025092556606978,0.0307911001145839,0.006011423189193,0.0012403250439092,0.3031,0.136,0.073,0.79,0.6938706040382385,0.2632574737071991,0.0023196879774332047,0.0025092537980526686,0.03079109825193882,0.006011421792209148,0.0012403264408931136
144,144,"Adapt Adhesive and Barrier Remover 50 per Box 7760, 50 Ct",Item #: 507760. Universal remover wipes for adhesives and barriers (50 wipes). Increases the ease of adhesive and barrier removal.,Patricia A. Dobbins,,My insurance company will not pay for this and will send something else in its place which does not work for me and this does.,9/21/2023,5.0,Yes,0,0.0762,0.051,0.0,0.949,0.1124806776642799,0.0695549324154853,0.0093526784330606,0.0024558608420193,0.3827526569366455,0.4057066440582275,0.0176966022700071,0.0762,0.051,0.0,0.949,0.11248064041137695,0.06955498456954956,0.009352675639092922,0.002455859910696745,0.38275256752967834,0.4057066738605499,0.017696600407361984
145,145,"Adapt Adhesive and Barrier Remover 50 per Box 7760, 50 Ct",Item #: 507760. Universal remover wipes for adhesives and barriers (50 wipes). Increases the ease of adhesive and barrier removal.,Cynthia H. Pelphrey,Excellent,I can count on this product to be consistently effective in removing the glue used for my Dexcon insulin system.  Thank you!,9/29/2023,5.0,Yes,0,0.7088,0.237,0.0,0.763,0.0048818499781191,0.0015123828779906,0.0011140221031382,0.8858011960983276,0.0601080246269702,0.0049142930656671,0.0416681878268718,0.7088,0.237,0.0,0.763,0.004881852772086859,0.001512383809313178,0.0011140222195535898,0.8858012557029724,0.06010794639587402,0.00491429353132844,0.04166817292571068
146,146,"Adapt Adhesive and Barrier Remover 50 per Box 7760, 50 Ct",Item #: 507760. Universal remover wipes for adhesives and barriers (50 wipes). Increases the ease of adhesive and barrier removal.,Indio Bk Luvr,EXCELLENT PRODUCT,Excellent product.  Have NEVER had a problem with this item!!!!,10/24/2023,5.0,Yes,0,0.7979,0.504,0.0,0.496,0.0316646769642829,0.0037034440319985,0.033297523856163,0.1114636808633804,0.4624853432178497,0.0666411519050598,0.2907442152500152,0.7979,0.504,0.0,0.496,0.03166472911834717,0.003703450784087181,0.03329767286777496,0.11146385222673416,0.46248483657836914,0.06664136052131653,0.29074418544769287
147,147,"Adapt Adhesive and Barrier Remover 50 per Box 7760, 50 Ct",Item #: 507760. Universal remover wipes for adhesives and barriers (50 wipes). Increases the ease of adhesive and barrier removal.,Dina,Best remover wipes for my T1d daughter,"This wipe is great. My 3 year old has type 1 diabetes and has a lot of allergic reactions to the adhesives in her Dexcom/omnipod. These wipes are excellent, very gentle on her skin. We’ve tried so many other products and this is the only one that works for us. There’s enough liquid to soak the patch before removing it. Highly recommend!",9/17/2022,5.0,Yes,0,0.9166,0.2,0.031,0.768,0.008145423606038,0.0570689849555492,0.0036787411663681,0.0779534727334976,0.8332680463790894,0.0097491620108485,0.0101361963897943,0.9166,0.2,0.031,0.768,0.008145423606038094,0.057068921625614166,0.003678741166368127,0.0779535323381424,0.8332680463790894,0.009749152697622776,0.010136215016245842
148,148,"Adapt Adhesive and Barrier Remover 50 per Box 7760, 50 Ct",Item #: 507760. Universal remover wipes for adhesives and barriers (50 wipes). Increases the ease of adhesive and barrier removal.,KMass,The Best!,This is the best adhesive remover ever! Works so good and so quickly!,9/18/2023,5.0,Yes,0,0.8599,0.437,0.0,0.563,0.0219189990311861,0.0103930542245507,0.0013343670871108,0.4069726467132568,0.3484693467617035,0.0060084532015025,0.2049032002687454,0.8599,0.437,0.0,0.563,0.02191900834441185,0.010393036529421806,0.0013343695318326354,0.4069725573062897,0.3484690189361572,0.006008455064147711,0.2049035280942917
149,149,"Adapt Adhesive and Barrier Remover 50 per Box 7760, 50 Ct",Item #: 507760. Universal remover wipes for adhesives and barriers (50 wipes). Increases the ease of adhesive and barrier removal.,L. Darwin,Use for mouth taping due to obstructive sleep apnea,"Use this to tape my mouth shut at night horizontally so my mouth won’t fall open due to sleep apnea. This enables me to use nasal pillows instead of a full face mask. I turn the ends under before applying so that I can easily pull the tab and remove in the morning. Much less expensive than the official sleep apnea mouth tape. Slightly breathable as well, without defeating the purpose. I also use adhesive remover pads intended for ostomy supplies to remove adhesive residue in the morning. Otherwise the sticky leftovers show up when I apply makeup.",7/28/2021,5.0,Yes,0,0.6892,0.069,0.0,0.931,0.0099856071174144,0.0780829414725303,0.0079237008467316,0.0066138799302279,0.8816282153129578,0.0089031737297773,0.006862458307296,0.6892,0.069,0.0,0.931,0.00998561643064022,0.07808297127485275,0.007923702709376812,0.006613885052502155,0.881628155708313,0.008903170004487038,0.00686245784163475
150,150,"Adapt Adhesive and Barrier Remover 50 per Box 7760, 50 Ct",Item #: 507760. Universal remover wipes for adhesives and barriers (50 wipes). Increases the ease of adhesive and barrier removal.,Laurie B.,Excellant wipes!,I tried the cheaper ones and they were a waste of money.  These wipes are the best and only ones that we buy now.  You can really wipe a lot of adesive off with even just one wipe.  Totally worth the purchase.,3/7/2023,5.0,Yes,0,0.5563,0.141,0.062,0.797,0.0117080537602305,0.0112181548029184,0.0018198913894593,0.5291317105293274,0.1983136683702469,0.0705408155918121,0.177267700433731,0.5563,0.141,0.062,0.797,0.01170805748552084,0.01121816411614418,0.0018198902253061533,0.5291318893432617,0.1983138918876648,0.07054061442613602,0.17726752161979675
151,151,"Adapt Adhesive and Barrier Remover 50 per Box 7760, 50 Ct",Item #: 507760. Universal remover wipes for adhesives and barriers (50 wipes). Increases the ease of adhesive and barrier removal.,Carol,Does the job it is designed for,Does the job it is design for.,10/17/2023,5.0,Yes,0,0.0,0.0,0.0,1.0,0.0086664399132132,0.0142837408930063,0.0014772923896089,0.0050825998187065,0.9567676782608032,0.0067771482281386,0.0069450833834707,0.0,0.0,0.0,1.0,0.00866645947098732,0.014283767901360989,0.0014772972790524364,0.005082599353045225,0.9567675590515137,0.006777147296816111,0.006945088971406221
152,152,"Adapt Adhesive and Barrier Remover 50 per Box 7760, 50 Ct",Item #: 507760. Universal remover wipes for adhesives and barriers (50 wipes). Increases the ease of adhesive and barrier removal.,Annie,Removes sticky substance well,We like this product a lot. I’ve tried others but this works the best. We use these for medical purposes.,7/29/2023,5.0,Yes,0,0.8201,0.308,0.0,0.692,0.0083418665453791,0.0264072716236114,0.0013980841031298,0.3673131465911865,0.5757988691329956,0.0099177537485957,0.0108230514451861,0.8201,0.308,0.0,0.692,0.008341862820088863,0.0264072697609663,0.0013980832882225513,0.3673129081726074,0.5757991075515747,0.009917748160660267,0.01082304585725069
153,153,"Adapt Adhesive and Barrier Remover 50 per Box 7760, 50 Ct",Item #: 507760. Universal remover wipes for adhesives and barriers (50 wipes). Increases the ease of adhesive and barrier removal.,Amazon Customer,Works great!!,Decided to try these after other products left adhesives still on my skin.  Was pleasantly surprised when these worked well and took off the adhesive without harsh rubbing of my skin.  Used to remove Dexcom 6 CGM transmitter adhesive.,3/10/2023,5.0,Yes,0,0.8179,0.218,0.0,0.782,0.0105265723541378,0.00520243588835,0.0027528367936611,0.0074262116104364,0.045859832316637,0.0089126648381352,0.9193194508552552,0.8179,0.218,0.0,0.782,0.010526610538363457,0.005202459171414375,0.0027528409846127033,0.0074262167327106,0.04585995897650719,0.008912701159715652,0.9193192720413208
154,154,"Adapt Adhesive and Barrier Remover 50 per Box 7760, 50 Ct",Item #: 507760. Universal remover wipes for adhesives and barriers (50 wipes). Increases the ease of adhesive and barrier removal.,Patty R,true no sting,,10/31/2023,5.0,Yes,0,0.0,0.0,0.0,1.0,0.0233087539672851,0.0560651160776615,0.0516888685524463,0.0143706621602177,0.5968261957168579,0.1577518582344055,0.0999886393547058,0.0,0.0,0.0,1.0,0.023308759555220604,0.05606509745121002,0.05168873444199562,0.014370659366250038,0.5968263745307922,0.15775170922279358,0.09998871386051178
155,155,"Adapt Adhesive and Barrier Remover 50 per Box 7760, 50 Ct",Item #: 507760. Universal remover wipes for adhesives and barriers (50 wipes). Increases the ease of adhesive and barrier removal.,SeattleSummers,Love this adhesive remover,"So far this is the best adhesive we have found for dexcom and Omnipod removal. We actually like the spray of the same brand a little better, but the pads are very portable.",4/28/2023,5.0,Yes,0,0.6314,0.175,0.0,0.825,0.0054856115020811,0.0346896797418594,0.0014232972171157,0.0309223737567663,0.9091115593910216,0.0044219708070158,0.0139454072341322,0.6314,0.175,0.0,0.825,0.00548561243340373,0.03468969464302063,0.0014232973335310817,0.030922340229153633,0.9091116786003113,0.004421971272677183,0.013945402577519417
156,156,"Adapt Adhesive and Barrier Remover 50 per Box 7760, 50 Ct",Item #: 507760. Universal remover wipes for adhesives and barriers (50 wipes). Increases the ease of adhesive and barrier removal.,Scott McIntosh,Works well,This products works extremely well.  I have an oscopy bag and this product has been a product I would highly recommend to anyone that needs to remove an adhesive product from your skin.,4/18/2023,5.0,Yes,0,0.6353,0.156,0.0,0.844,0.0072178747504949,0.047209445387125,0.0059709711931645,0.0538157746195793,0.8699074387550354,0.0078987814486026,0.0079796593636274,0.6353,0.156,0.0,0.844,0.007217881269752979,0.047209471464157104,0.0059709674678742886,0.0538158155977726,0.8699073791503906,0.007898788899183273,0.00797965843230486
157,157,"Adapt Adhesive and Barrier Remover 50 per Box 7760, 50 Ct",Item #: 507760. Universal remover wipes for adhesives and barriers (50 wipes). Increases the ease of adhesive and barrier removal.,Carol S.,This adhesive remover is the BEST!,There is no alcohol in this wipe which makes all the difference!!It makes a not so pleasant chore quick & non-irritating. Highly recommend this product!,4/4/2023,5.0,Yes,0,-0.5692,0.095,0.221,0.683,0.0223312266170978,0.018652131780982,0.0014784726081416,0.8941391706466675,0.042189996689558,0.0142998350784182,0.0069090980105102,-0.5692,0.095,0.221,0.683,0.02233128808438778,0.01865215413272381,0.0014784750528633595,0.8941389918327332,0.042190056294202805,0.01429981179535389,0.006909106392413378
158,158,"Adapt Adhesive and Barrier Remover 50 per Box 7760, 50 Ct",Item #: 507760. Universal remover wipes for adhesives and barriers (50 wipes). Increases the ease of adhesive and barrier removal.,K Jordan,Best adhesive remover!,"With lengthy wound care, my skin was very sore and irritated from using and removing bandages. The adhesive would remain. This is the only product that has gently removed bandages and allowed my skin to heal.",11/12/2022,5.0,Yes,0,0.037,0.14,0.137,0.723,0.2992894649505615,0.0794825851917266,0.0072957975789904,0.0106946621090173,0.5115780830383301,0.0775689110159874,0.0140904644504189,0.037,0.14,0.137,0.723,0.29928985238075256,0.07948252558708191,0.007295798044651747,0.01069465558975935,0.511577844619751,0.07756887376308441,0.014090457931160927
159,159,"Adapt Adhesive and Barrier Remover 50 per Box 7760, 50 Ct",Item #: 507760. Universal remover wipes for adhesives and barriers (50 wipes). Increases the ease of adhesive and barrier removal.,Irene,Works well,Works well to remove adhesive from medical applications.,7/14/2023,5.0,Yes,0,0.2732,0.231,0.0,0.769,0.019689617678523,0.1132628321647644,0.0184910185635089,0.0141346286982297,0.8098463416099548,0.0126508502289652,0.0119246710091829,0.2732,0.231,0.0,0.769,0.019689612090587616,0.11326269805431366,0.018491029739379883,0.014134655706584454,0.8098464608192444,0.012650864198803902,0.011924690566956997
160,160,"Adapt Adhesive and Barrier Remover 50 per Box 7760, 50 Ct",Item #: 507760. Universal remover wipes for adhesives and barriers (50 wipes). Increases the ease of adhesive and barrier removal.,Practical Patty,Excellent and reliable bandage adhesive remover,A nurse introduced me to this product. Even though there were less expensive brands I decided on this one because it was tried and true.,2/10/2023,5.0,Yes,0,0.4215,0.113,0.0,0.887,0.011347665451467,0.0291066523641347,0.0015245776157826,0.1180496960878372,0.8165042400360107,0.0054680416360497,0.0179990660399198,0.4215,0.113,0.0,0.887,0.01134767010807991,0.029106689617037773,0.0015245804097503424,0.11804968118667603,0.816504180431366,0.005468043498694897,0.017999054864048958
161,161,"Adapt Adhesive and Barrier Remover 50 per Box 7760, 50 Ct",Item #: 507760. Universal remover wipes for adhesives and barriers (50 wipes). Increases the ease of adhesive and barrier removal.,Rosa,Eficacia,"Mi madre tiene una colostomia, ella tiene 84 años así que su piel es más delicada y estás toallitas le funcionan perfectamente",2/20/2023,5.0,Yes,0,0.0,0.0,0.0,1.0,0.0180523190647363,0.0372060239315032,0.0073181828483939,0.6404743790626526,0.2536793351173401,0.0156790688633918,0.027590699493885,0.0,0.0,0.0,1.0,0.018052328377962112,0.03720603138208389,0.00731818750500679,0.6404733061790466,0.2536802887916565,0.01567906141281128,0.02759079821407795
162,162,"Adapt Adhesive and Barrier Remover 50 per Box 7760, 50 Ct",Item #: 507760. Universal remover wipes for adhesives and barriers (50 wipes). Increases the ease of adhesive and barrier removal.,Isa,Excelente producto,Lo uso para remover los restos del pegamento anterior al cambiar la base de la urostomia.,4/29/2023,5.0,Yes,0,0.0,0.0,0.0,1.0,0.0401347056031227,0.058398101478815,0.0564517825841903,0.0069408188574016,0.7993624806404114,0.0251477304846048,0.0135644953697919,0.0,0.0,0.0,1.0,0.04013463109731674,0.05839800089597702,0.05645172670483589,0.006940800696611404,0.7993625998497009,0.025147711858153343,0.013564503751695156
163,163,"Adapt Adhesive and Barrier Remover 50 per Box 7760, 50 Ct",Item #: 507760. Universal remover wipes for adhesives and barriers (50 wipes). Increases the ease of adhesive and barrier removal.,Technology Developer,Hollister is great for Omnipod Insulin delivery systems!,"We use Hollister spray to help Omnipod (made by Insulet Corp) insulin delivery system pods stay on our active bodies, even while surfing, swimming, showering, etc! Then we use Hollister wipes to remove the pods!  Even though Omnipods come with an adhesive backing, the Hollister makes them STAY in place on the skin during water activities and for 3 long days!  Make sure the sight is clean and dry, spray the Hollister on the pad and let it dry 3 minutes, then stick in place.  Don't get wet for a few more minutes.  To remove with the Hollister wipes, open the packet and pour the remover onto the adhevise padding and wait a couple of minutes while you dab the removal wipe on the exposed padding. After two minutes, just peel the Omnipod off!  Hollister is the best and this company sells it for a good price!",10/20/2010,5.0,Yes,5,0.955,0.127,0.008,0.864,0.0535901449620723,0.0747449845075607,0.0215036328881979,0.0361707471311092,0.7387673258781433,0.0221559908241033,0.0530671887099742,0.955,0.127,0.008,0.864,0.05359015241265297,0.07474497705698013,0.0215036328881979,0.03617073968052864,0.7387672662734985,0.0221560001373291,0.0530671663582325
164,164,"Adapt Adhesive and Barrier Remover 50 per Box 7760, 50 Ct",Item #: 507760. Universal remover wipes for adhesives and barriers (50 wipes). Increases the ease of adhesive and barrier removal.,Linda Slechter,when the item is shipped out,how fast the order was sent outI used the item for a ostomy,3/23/2023,5.0,Yes,0,0.0,0.0,0.0,1.0,0.0207359548658132,0.00242471229285,0.0054052229970693,0.0030106094200164,0.0470307171344757,0.0065365973860025,0.9148561358451844,0.0,0.0,0.0,1.0,0.020735973492264748,0.0024247108958661556,0.00540523324161768,0.003010614775121212,0.047030769288539886,0.006536603905260563,0.9148560762405396
165,165,"Adapt Adhesive and Barrier Remover 50 per Box 7760, 50 Ct",Item #: 507760. Universal remover wipes for adhesives and barriers (50 wipes). Increases the ease of adhesive and barrier removal.,One Fancy Angel,The ULTIMATE in adhesive removers,"I had had no idea Amazon carried medical supplies, and especially these, until I searched the internet.These are absolutely miracles as far as removing all that horrible adhesive residue when you use anything that sticks to your body, even bandages.  I have been ill, and there have been dozens of reasons why I've had to remove adhesive.I have had countless doctor's offices, clinics and hospitals locally try to remove adhesive from my body.  Not one of the products used, at different clinics, at different hospitals, from different medical conglomerates (read ""health systems""), has ever really removed any adhesive at all.I initially found these at an out-of-the-way little drugstore that has since closed, and I started having to ""special order' them from ONLY non-chain pharmacies who offer an ordering service.Now that I have found them on my beloved Amazon.com, I am set. :)",8/6/2011,5.0,Yes,16,0.296,0.072,0.057,0.87,0.0235261302441358,0.1285309046506881,0.195732444524765,0.0050864852964878,0.2233166843652725,0.0102324085310101,0.4135748744010925,0.296,0.072,0.057,0.87,0.023526158183813095,0.1285313069820404,0.19573290646076202,0.00508648157119751,0.22331616282463074,0.010232403874397278,0.41357460618019104
166,166,"Adapt Adhesive and Barrier Remover 50 per Box 7760, 50 Ct",Item #: 507760. Universal remover wipes for adhesives and barriers (50 wipes). Increases the ease of adhesive and barrier removal.,Douglas G.,Great product,It’s the only brand I use with confidence !!!!,5/15/2023,5.0,Yes,0,0.6671,0.39,0.0,0.61,0.0247477032244205,0.0072127920575439,0.1120717599987983,0.3682559132575989,0.4606784284114837,0.0140654304996132,0.0129680223762989,0.6671,0.39,0.0,0.61,0.024747755378484726,0.007212802302092314,0.11207202076911926,0.36825576424598694,0.46067818999290466,0.014065469615161419,0.012968026101589203
167,167,"Adapt Adhesive and Barrier Remover 50 per Box 7760, 50 Ct",Item #: 507760. Universal remover wipes for adhesives and barriers (50 wipes). Increases the ease of adhesive and barrier removal.,Charles H. Coppes,Simply the best,take it from a 22 year veteran and the rest are not worth trying,2/1/2023,5.0,Yes,0,-0.1695,0.0,0.122,0.878,0.0158597789704799,0.0174537003040313,0.0027031921781599,0.0020622473675757,0.9225211143493652,0.0192245841026306,0.0201753787696361,-0.1695,0.0,0.122,0.878,0.01585976593196392,0.017453698441386223,0.0027031898498535156,0.00206224643625319,0.92252117395401,0.0192246176302433,0.02017536386847496
168,168,"Adapt Adhesive and Barrier Remover 50 per Box 7760, 50 Ct",Item #: 507760. Universal remover wipes for adhesives and barriers (50 wipes). Increases the ease of adhesive and barrier removal.,Barbara63,Great product,works great for removing adhesive,6/3/2023,5.0,Yes,0,0.6249,0.506,0.0,0.494,0.0101608205586671,0.0118663916364312,0.0028460561297833,0.209354966878891,0.7195711135864258,0.0105032939463853,0.0356974266469478,0.6249,0.506,0.0,0.494,0.010160821489989758,0.01186641026288271,0.0028460605535656214,0.20935489237308502,0.7195711731910706,0.010503285564482212,0.03569741174578667
169,169,"Adapt Adhesive and Barrier Remover 50 per Box 7760, 50 Ct",Item #: 507760. Universal remover wipes for adhesives and barriers (50 wipes). Increases the ease of adhesive and barrier removal.,j. rall,Simply the best,Removes adhesive quickly without tugging on the skin.,3/19/2023,5.0,Yes,0,0.0,0.0,0.0,1.0,0.0222410578280687,0.0333215557038784,0.0118350805714726,0.0038094902411103,0.8958944082260132,0.0132007701322436,0.0196975897997617,0.0,0.0,0.0,1.0,0.022241052240133286,0.033321578055620193,0.011835074052214622,0.0038094918709248304,0.8958944082260132,0.013200775720179081,0.019697580486536026
170,170,"Adapt Adhesive and Barrier Remover 50 per Box 7760, 50 Ct",Item #: 507760. Universal remover wipes for adhesives and barriers (50 wipes). Increases the ease of adhesive and barrier removal.,karla,Can you be bigger?,They are very small but have a lot of moisture to them. I have had to use numerous to get the patches off without pain.,6/8/2022,5.0,Yes,0,0.5504,0.139,0.0,0.861,0.0135995456948876,0.0879742130637168,0.0104066748172044,0.0036530322395265,0.806190013885498,0.0630165934562683,0.0151599571108818,0.5504,0.139,0.0,0.861,0.013599528931081295,0.08797410130500793,0.010406645946204662,0.0036530292127281427,0.8061904907226562,0.06301631778478622,0.015159929171204567
171,171,"Adapt Adhesive and Barrier Remover 50 per Box 7760, 50 Ct",Item #: 507760. Universal remover wipes for adhesives and barriers (50 wipes). Increases the ease of adhesive and barrier removal.,Gary R. Gottlieb,Best Sanitary Personal Glue Wipes Ever,"Never have failed me. Leaves my skin clean, smooth and free from irritation. Excellent product.",9/27/2022,5.0,Yes,0,0.8443,0.483,0.128,0.389,0.2164772152900695,0.0527966544032096,0.002059981925413,0.0392677299678325,0.6539003849029541,0.0284495037049055,0.0070484955795109,0.8443,0.483,0.128,0.389,0.21647761762142181,0.052796680480241776,0.002059981692582369,0.03926771506667137,0.6539000272750854,0.0284495297819376,0.007048484403640032
172,172,"Adapt Adhesive and Barrier Remover 50 per Box 7760, 50 Ct",Item #: 507760. Universal remover wipes for adhesives and barriers (50 wipes). Increases the ease of adhesive and barrier removal.,Mikki,Works great!,Works great! Super convenient,3/9/2023,5.0,Yes,0,0.8516,0.806,0.0,0.194,0.0038685309700667,0.0022727837786078,0.0009363850113004,0.8380444049835205,0.1205440014600753,0.0049718678928911,0.029362054541707,0.8516,0.806,0.0,0.194,0.0038685298059135675,0.0022727821487933397,0.0009363842546008527,0.8380445241928101,0.12054380029439926,0.004971861839294434,0.02936205081641674
173,173,"Adapt Adhesive and Barrier Remover 50 per Box 7760, 50 Ct",Item #: 507760. Universal remover wipes for adhesives and barriers (50 wipes). Increases the ease of adhesive and barrier removal.,jerry summers,I will use no other...,These wipes work far better any other wipe I could find...,8/24/2022,5.0,Yes,0,0.4404,0.244,0.0,0.756,0.0105807362124323,0.0185637846589088,0.0016294579254463,0.037911057472229,0.8785569071769714,0.0062774992547929,0.0464805513620376,0.4404,0.244,0.0,0.756,0.010580744594335556,0.018563777208328247,0.0016294560628011823,0.037910982966423035,0.8785567879676819,0.006277492735534906,0.04648063704371452
174,174,"Adapt Adhesive and Barrier Remover 50 per Box 7760, 50 Ct",Item #: 507760. Universal remover wipes for adhesives and barriers (50 wipes). Increases the ease of adhesive and barrier removal.,Mary Lou Crowley,Perfect for the need it serves.,Very good product.,12/11/2022,5.0,Yes,0,0.4927,0.615,0.0,0.385,0.0051262970082461,0.0166892353445291,0.0019260240951552,0.6046404242515564,0.3439906537532806,0.0071906908415257,0.0204366352409124,0.4927,0.615,0.0,0.385,0.00512629933655262,0.016689274460077286,0.001926023163832724,0.6046397686004639,0.3439912796020508,0.007190697360783815,0.02043660171329975
175,175,"Adapt Adhesive and Barrier Remover 50 per Box 7760, 50 Ct",Item #: 507760. Universal remover wipes for adhesives and barriers (50 wipes). Increases the ease of adhesive and barrier removal.,AA Inc.,Only thing that worked for me,"I tried rubbing alcohol, soap, vaseline, lotion, etc.  This is the only thing that worked for me to remove glue from bandages left on skin.",8/3/2021,5.0,Yes,0,0.0,0.0,0.0,1.0,0.0243568420410156,0.3615439534187317,0.0205340143293142,0.0031699761748313,0.552431046962738,0.0310947373509407,0.0068694530054926,0.0,0.0,0.0,1.0,0.024356838315725327,0.3615441620349884,0.020534023642539978,0.0031699780374765396,0.5524308085441589,0.031094761565327644,0.006869449745863676
176,176,"Adapt Adhesive and Barrier Remover 50 per Box 7760, 50 Ct",Item #: 507760. Universal remover wipes for adhesives and barriers (50 wipes). Increases the ease of adhesive and barrier removal.,Kindle Customer,Pase remove,Good product does what it's supposed to.,7/29/2021,4.0,Yes,0,0.4404,0.326,0.0,0.674,0.0140871983021497,0.0559269152581691,0.0015612465795129,0.0289849210530519,0.886932373046875,0.00825328938663,0.0042540221475064,0.4404,0.326,0.0,0.674,0.014087219722568989,0.05592701584100723,0.0015612483257427812,0.028984928503632545,0.8869321942329407,0.00825329590588808,0.004254029132425785
177,177,"Adapt Adhesive and Barrier Remover 50 per Box 7760, 50 Ct",Item #: 507760. Universal remover wipes for adhesives and barriers (50 wipes). Increases the ease of adhesive and barrier removal.,Jack,Great stuff,Works well to remove bandage glue,7/27/2022,5.0,Yes,0,0.2732,0.296,0.0,0.704,0.0270846635103225,0.035584419965744,0.0103367259725928,0.0085415868088603,0.874893844127655,0.0228852424770593,0.0206735264509916,0.2732,0.296,0.0,0.704,0.027084650471806526,0.035584401339292526,0.01033672597259283,0.008541583083570004,0.874893844127655,0.02288522757589817,0.020673532038927078
178,178,"Adapt Adhesive and Barrier Remover 50 per Box 7760, 50 Ct",Item #: 507760. Universal remover wipes for adhesives and barriers (50 wipes). Increases the ease of adhesive and barrier removal.,James D. Schloss,Quality and product performance always wins,Good to have this product available as the current adhesive remover being supplied by our current supplier is a infinitely small and almost useless product.,6/27/2021,5.0,Yes,0,0.101,0.106,0.091,0.803,0.0303522255271673,0.6141202449798584,0.0038267420604825,0.0775776132941246,0.112255647778511,0.1485396772623062,0.0133277615532279,0.101,0.106,0.091,0.803,0.030352188274264336,0.6141197681427002,0.003826751606538892,0.07757772505283356,0.11225559562444687,0.14854027330875397,0.01332776341587305
179,179,"Adapt Adhesive and Barrier Remover 50 per Box 7760, 50 Ct",Item #: 507760. Universal remover wipes for adhesives and barriers (50 wipes). Increases the ease of adhesive and barrier removal.,Amazon Customer,Their Great!!,They work great!,5/10/2022,5.0,Yes,0,0.6588,0.687,0.0,0.313,0.0088573489338159,0.0054490123875439,0.0014118191320449,0.7156262993812561,0.2356081902980804,0.0034637779463082,0.0295835807919502,0.6588,0.687,0.0,0.313,0.008857346139848232,0.005449008196592331,0.001411818084307015,0.7156264185905457,0.23560799658298492,0.0034637756180018187,0.029583550989627838
180,180,"Adapt Adhesive and Barrier Remover 50 per Box 7760, 50 Ct",Item #: 507760. Universal remover wipes for adhesives and barriers (50 wipes). Increases the ease of adhesive and barrier removal.,Mini Lynnie,"Don’t Buy Any Other Brand,",Love and trust the Hollister brand.  Works great and does not feel greasy at all.,8/17/2021,5.0,Yes,0,0.9118,0.492,0.0,0.508,0.0038212600629776,0.0183910615742206,0.0019795689731836,0.8005092740058899,0.1392921209335327,0.0290920659899711,0.0069145918823778,0.9118,0.492,0.0,0.508,0.003821244928985834,0.018390975892543793,0.001979561522603035,0.8005103468894958,0.139291450381279,0.029091957956552505,0.00691457511857152
181,181,"Adapt Adhesive and Barrier Remover 50 per Box 7760, 50 Ct",Item #: 507760. Universal remover wipes for adhesives and barriers (50 wipes). Increases the ease of adhesive and barrier removal.,D. Wilkinson,Works good.,Cleans off Hollister adhesive residue well.,1/6/2022,5.0,Yes,0,0.2732,0.296,0.0,0.704,0.0307809989899396,0.7686986923217773,0.0078267958015203,0.0017514546634629,0.1614084839820861,0.0273776799440383,0.0021559321321547,0.2732,0.296,0.0,0.704,0.030781028792262077,0.7686989307403564,0.007826795801520348,0.0017514503560960293,0.16140808165073395,0.027377722784876823,0.0021559318993240595
182,182,"Adapt Adhesive and Barrier Remover 50 per Box 7760, 50 Ct",Item #: 507760. Universal remover wipes for adhesives and barriers (50 wipes). Increases the ease of adhesive and barrier removal.,David,Great product for removing stoma adhesive,Great product for removing stoma adhesive,12/31/2021,5.0,Yes,0,0.6249,0.451,0.0,0.549,0.0094063552096486,0.027528878301382,0.003533243201673,0.1314345598220825,0.7994750738143921,0.0060178092680871,0.022604051977396,0.6249,0.451,0.0,0.549,0.009406342171132565,0.027528829872608185,0.0035332348197698593,0.13143505156040192,0.7994746565818787,0.006017799489200115,0.022604040801525116
183,183,"Adapt Adhesive and Barrier Remover 50 per Box 7760, 50 Ct",Item #: 507760. Universal remover wipes for adhesives and barriers (50 wipes). Increases the ease of adhesive and barrier removal.,D. Williams,Safe and effective,Quick removal no irritations,2/25/2022,5.0,Yes,0,-0.5719,0.0,0.701,0.299,0.9343633651733398,0.0114728137850761,0.0023209552746266,0.0012672744924202,0.0417567379772663,0.0069009531289339,0.001917963498272,-0.5719,0.0,0.701,0.299,0.9343633055686951,0.011472818441689014,0.0023209557402879,0.001267273211851716,0.041756827384233475,0.006900952197611332,0.0019179659429937601
184,184,"Adapt Adhesive and Barrier Remover 50 per Box 7760, 50 Ct",Item #: 507760. Universal remover wipes for adhesives and barriers (50 wipes). Increases the ease of adhesive and barrier removal.,M. Williams,These do a great job,We used another brand before these which barely worked and took multiple wipes.  These wipes are very moist and do a great job of removing the barrier ring.  Don't waste your money on anything else.,12/18/2018,5.0,Yes,0,0.7124,0.165,0.039,0.796,0.0070066354237496,0.040088664740324,0.0026859601493924,0.0178266037255525,0.9126026630401612,0.0064964508637785,0.0132930250838398,0.7124,0.165,0.039,0.796,0.007006629835814238,0.04008860141038895,0.002685953862965107,0.017826614901423454,0.9126027822494507,0.006496442947536707,0.013292988762259483
185,185,"Adapt Adhesive and Barrier Remover 50 per Box 7760, 50 Ct",Item #: 507760. Universal remover wipes for adhesives and barriers (50 wipes). Increases the ease of adhesive and barrier removal.,Austin,Worked as advertised,"Does the job as promised.You do have to work quickly, though, as they do dry out fast. Did have one batch that was dry and had to add a bit of water to activate them, which was a bummer to have to do for the whole box, but didn't have that problem with subsequent one. Assumed it was a fluke.",8/15/2015,5.0,Yes,2,0.2702,0.048,0.03,0.921,0.0088691599667072,0.0078895734623074,0.0024232848081737,0.0066617741249501,0.8987587690353394,0.0562209784984588,0.0191765502095222,0.2702,0.048,0.03,0.921,0.008869167417287827,0.00788955856114626,0.0024232829455286264,0.006661766208708286,0.8987588286399841,0.05622083693742752,0.01917654275894165
186,186,"Adapt Adhesive and Barrier Remover 50 per Box 7760, 50 Ct",Item #: 507760. Universal remover wipes for adhesives and barriers (50 wipes). Increases the ease of adhesive and barrier removal.,Sprysenior,Does the trick,"Cardiac rehab 3 times a week with 3 leads every time.  Very difficult to remove the ""glue"" from the leads no matter what I tried.  One of the nurses gave me a couple of these which worked beautifully.  Have also shared them with a couple folks at rehab and they may have bought some too.",10/11/2015,5.0,Yes,0,0.2975,0.128,0.089,0.783,0.020854715257883,0.0253191292285919,0.0247549079358577,0.1163576319813728,0.28135746717453,0.4754549562931061,0.0559011623263359,0.2975,0.128,0.089,0.783,0.0208546444773674,0.025319045409560204,0.024754852056503296,0.11635776609182358,0.2813573181629181,0.47545525431632996,0.0559011846780777
187,187,"Adapt Adhesive and Barrier Remover 50 per Box 7760, 50 Ct",Item #: 507760. Universal remover wipes for adhesives and barriers (50 wipes). Increases the ease of adhesive and barrier removal.,Coachbill,Great product.,My wife has very sensitive skin and these make all the difference in the world.,2/16/2020,5.0,Yes,0,0.0,0.0,0.0,1.0,0.0276556406170129,0.1782962679862976,0.0124409981071949,0.0043896799907088,0.7026540637016296,0.0343462750315666,0.040217101573944,0.0,0.0,0.0,1.0,0.02765560708940029,0.17829637229442596,0.012441007420420647,0.004389683250337839,0.7026538848876953,0.03434628248214722,0.04021711274981499
188,188,"Adapt Adhesive and Barrier Remover 50 per Box 7760, 50 Ct",Item #: 507760. Universal remover wipes for adhesives and barriers (50 wipes). Increases the ease of adhesive and barrier removal.,FC1,The best for kids,"Docs in the hospital used this to take tape off my 4 year old daughter's various incisions and IVs after surgery...it is AMAZING. Now we even use it to take band aids off, her skin is so sensitive! Wipe along one end of BAids as you peel...keep wiping and peeling...magic :-)",8/29/2015,5.0,Yes,2,0.7978,0.129,0.0,0.871,0.0157380942255258,0.0495452955365181,0.0109235728159546,0.176433190703392,0.4566072821617126,0.0244765672832727,0.2662760019302368,0.7978,0.129,0.0,0.871,0.015738075599074364,0.049545228481292725,0.010923568159341812,0.1764330267906189,0.45660772919654846,0.02447654865682125,0.2662758231163025
189,189,"Adapt Adhesive and Barrier Remover 50 per Box 7760, 50 Ct",Item #: 507760. Universal remover wipes for adhesives and barriers (50 wipes). Increases the ease of adhesive and barrier removal.,Gregory Sasser,Great product,Great product. We have been  using it for years now. Shipping has always been good. I do recommend this product and seller,11/14/2018,5.0,Yes,0,0.8591,0.345,0.0,0.655,0.003616094822064,0.0032905773259699,0.0009122778428718,0.7091735601425171,0.2494388073682785,0.007018856704235,0.0265497956424951,0.8591,0.345,0.0,0.655,0.0036160913296043873,0.0032905754633247852,0.0009122782503254712,0.7091735005378723,0.2494388371706009,0.007018853444606066,0.02654978632926941
190,190,"Adapt Adhesive and Barrier Remover 50 per Box 7760, 50 Ct",Item #: 507760. Universal remover wipes for adhesives and barriers (50 wipes). Increases the ease of adhesive and barrier removal.,Lynne F.,"Have also used it on glass jars to label ""glue"" off & works like a charm","THIS STUFF WORKS!! Used it on my husband after surgery - you know how sticky hospital bandages are? Well these pads got the bandages off without pulling skin or hair. Have also used it on glass jars to label ""glue"" off & works like a charm!!",8/20/2014,5.0,Yes,2,0.816,0.175,0.0,0.825,0.0735840424895286,0.2123292684555053,0.0055907270871102,0.1236336827278137,0.4703933298587799,0.0115662850439548,0.1029025986790657,0.816,0.175,0.0,0.825,0.0735841915011406,0.21232950687408447,0.005590737797319889,0.12363344430923462,0.4703931212425232,0.011566304601728916,0.10290265828371048
191,191,"Adapt Adhesive and Barrier Remover 50 per Box 7760, 50 Ct",Item #: 507760. Universal remover wipes for adhesives and barriers (50 wipes). Increases the ease of adhesive and barrier removal.,Andi,... my son's ostemy but this seems to be the best. It takes of the sticky residue with ease ...,We have tried several types of these products for my son's ostemy but this seems to be the best. It takes of the sticky residue with ease and it only takes one wipe where others you may have to use 2 or 3.,6/3/2015,5.0,Yes,0,0.8765,0.185,0.0,0.815,0.0045044845901429,0.0187134034931659,0.0010030741104856,0.0073355678468942,0.9568170309066772,0.0035722570028156,0.0080541875213384,0.8765,0.185,0.0,0.815,0.004504484124481678,0.018713418394327164,0.0010030735284090042,0.00733556691557169,0.9568169116973877,0.0035722581669688225,0.008054191246628761
192,192,"Adapt Adhesive and Barrier Remover 50 per Box 7760, 50 Ct",Item #: 507760. Universal remover wipes for adhesives and barriers (50 wipes). Increases the ease of adhesive and barrier removal.,Cheryl Casebolt,Best on the market !!,"Not only perfect for it's purpose, but ALSO around the house clean up.Exspecialy sticky spots on oven and stove. Only product I have found in 40 years that honestly works !",7/19/2017,5.0,Yes,0,0.781,0.219,0.056,0.725,0.0161079000681638,0.1388057768344879,0.0033769169822335,0.0190835129469633,0.5535157322883606,0.0184522569179534,0.2506578862667084,0.781,0.219,0.056,0.725,0.01610787771642208,0.1388055980205536,0.0033769153524190187,0.01908351667225361,0.5535152554512024,0.018452268093824387,0.25065863132476807
193,193,"Adapt Adhesive and Barrier Remover 50 per Box 7760, 50 Ct",Item #: 507760. Universal remover wipes for adhesives and barriers (50 wipes). Increases the ease of adhesive and barrier removal.,IMA DOOFUS,works great,works great.,7/27/2021,5.0,Yes,0,0.6249,0.804,0.0,0.196,0.0039441501721739,0.002439533593133,0.0012154534924775,0.6660552024841309,0.2481299489736557,0.0203468482941389,0.057868868112564,0.6249,0.804,0.0,0.196,0.003944151569157839,0.0024395345244556665,0.0012154545402154326,0.6660551428794861,0.24813005328178406,0.0203468706458807,0.05786886438727379
194,194,"Adapt Adhesive and Barrier Remover 50 per Box 7760, 50 Ct",Item #: 507760. Universal remover wipes for adhesives and barriers (50 wipes). Increases the ease of adhesive and barrier removal.,Amazon Customer,It’s the tiniest wipe,"It works great however It should be bigger, I’m glad I bought this product it made things go quickly",5/25/2018,5.0,Yes,0,0.7964,0.307,0.0,0.693,0.0011505591683089,0.0007285309839062,0.0003516145516186,0.9708672761917114,0.0104523440822958,0.0027128104120492,0.0137367332354187,0.7964,0.307,0.0,0.693,0.0011505581205710769,0.0007285317406058311,0.00035161490086466074,0.9708672761917114,0.010452354326844215,0.00271281274035573,0.013736740685999393
195,195,"Adapt Adhesive and Barrier Remover 50 per Box 7760, 50 Ct",Item #: 507760. Universal remover wipes for adhesives and barriers (50 wipes). Increases the ease of adhesive and barrier removal.,G. Olsen,"Works well, but....",This product works very well for removing adhesive from a trans-dermal patch I wear regularly.  The only thing I dislike about this product is the scent.  It is quite strong and smells a bit like paint thinner in my opinion.,3/9/2012,4.0,Yes,3,0.7083,0.197,0.06,0.743,0.0106661543250083,0.8994849920272827,0.0130357602611184,0.0038806127849966,0.0577931776642799,0.0136444652453064,0.0014947346644476,0.7083,0.197,0.06,0.743,0.01066613383591175,0.8994854092597961,0.013035745359957218,0.0038806030061095953,0.0577930212020874,0.013644436374306679,0.001494732336141169
196,196,"Adapt Adhesive and Barrier Remover 50 per Box 7760, 50 Ct",Item #: 507760. Universal remover wipes for adhesives and barriers (50 wipes). Increases the ease of adhesive and barrier removal.,Lou Ann Brouillard,Top quality,Top quality product and individually wrapped and travels with you,12/23/2018,5.0,Yes,0,0.2023,0.167,0.0,0.833,0.007954710163176,0.0070605627261102,0.0011392656015232,0.1795284450054168,0.7721842527389526,0.0047112950123846,0.0274215191602706,0.2023,0.167,0.0,0.833,0.007954712957143784,0.007060566451400518,0.0011392649030312896,0.17952847480773926,0.7721841931343079,0.004711296875029802,0.02742151729762554
197,197,"Adapt Adhesive and Barrier Remover 50 per Box 7760, 50 Ct",Item #: 507760. Universal remover wipes for adhesives and barriers (50 wipes). Increases the ease of adhesive and barrier removal.,Quincy Girl,"An outstanding product, highly recommended.",These wipes are gentle on skin but do heavy duty cleaning on bandage residue. An outstanding product. Highly recommended.,10/21/2016,5.0,Yes,2,0.8776,0.387,0.0,0.613,0.0098771285265684,0.1837613880634308,0.0054627819918096,0.0163975823670625,0.7643595337867737,0.0150508405640721,0.0050908382982015,0.8776,0.387,0.0,0.613,0.00987713597714901,0.18376146256923676,0.005462793633341789,0.016397587954998016,0.7643593549728394,0.015050848014652729,0.005090837366878986
198,198,"Adapt Adhesive and Barrier Remover 50 per Box 7760, 50 Ct",Item #: 507760. Universal remover wipes for adhesives and barriers (50 wipes). Increases the ease of adhesive and barrier removal.,laalaa310,Does the job!,Works great!,2/23/2019,5.0,Yes,0,0.6588,0.815,0.0,0.185,0.0059070619754493,0.0028784284368157,0.0010849063983187,0.8648378252983093,0.1010500416159629,0.0035788409877568,0.0206629149615764,0.6588,0.815,0.0,0.185,0.005907075479626656,0.0028784326277673244,0.0010849081445485353,0.8648377656936646,0.10105017572641373,0.003578843781724572,0.020662924274802208
199,199,"Adapt Adhesive and Barrier Remover 50 per Box 7760, 50 Ct",Item #: 507760. Universal remover wipes for adhesives and barriers (50 wipes). Increases the ease of adhesive and barrier removal.,RobM,Four Stars,works good,8/6/2016,4.0,Yes,0,0.4404,0.744,0.0,0.256,0.005731230136007,0.0031364730093628,0.0011906111612915,0.2682669758796692,0.6149522662162781,0.039315078407526,0.0674073919653892,0.4404,0.744,0.0,0.256,0.005731222219765186,0.003136473009362817,0.0011906104627996683,0.2682666480541229,0.614952564239502,0.0393151231110096,0.06740737706422806
200,200,"Adapt Adhesive and Barrier Remover 50 per Box 7760, 50 Ct",Item #: 507760. Universal remover wipes for adhesives and barriers (50 wipes). Increases the ease of adhesive and barrier removal.,Lynn,Works well,"It works in removing adhesive residue.  The pad is very small, but sufficient for use with an ostomy bag.",3/15/2015,5.0,Yes,0,0.0,0.0,0.0,1.0,0.0089647900313138,0.2047774344682693,0.0071963802911341,0.0122958272695541,0.752056896686554,0.0099672293290495,0.0047414102591574,0.0,0.0,0.0,1.0,0.0089647825807333,0.20477701723575592,0.007196377497166395,0.01229578722268343,0.7520573735237122,0.00996723584830761,0.004741411190479994
201,201,"Adapt Adhesive and Barrier Remover 50 per Box 7760, 50 Ct",Item #: 507760. Universal remover wipes for adhesives and barriers (50 wipes). Increases the ease of adhesive and barrier removal.,Holly Masquelier,Five Stars,These are nice for lots of clean ups and it doesn't smell bad.,4/2/2016,5.0,Yes,2,0.81,0.455,0.0,0.545,0.0076048667542636,0.6913343667984009,0.0059672789648175,0.0704083070158958,0.1966336369514465,0.0252416264265775,0.0028098586481064,0.81,0.455,0.0,0.545,0.007604872342199087,0.6913338899612427,0.005967279430478811,0.07040855288505554,0.19663383066654205,0.025241632014513016,0.0028098621405661106
202,202,"Adapt Adhesive and Barrier Remover 50 per Box 7760, 50 Ct",Item #: 507760. Universal remover wipes for adhesives and barriers (50 wipes). Increases the ease of adhesive and barrier removal.,Gerry Meacham,Five Stars,"Best possible thing to remove adhesive bandages from my old, thin skin!",6/7/2015,5.0,Yes,0,0.6696,0.29,0.0,0.71,0.04589669033885,0.1108752414584159,0.0106440363451838,0.2895992696285248,0.3958487808704376,0.0356268174946308,0.1115091443061828,0.6696,0.29,0.0,0.71,0.04589679092168808,0.110875204205513,0.010644040070474148,0.2895994782447815,0.3958483040332794,0.035626865923404694,0.11150933802127838
203,203,"Adapt Adhesive and Barrier Remover 50 per Box 7760, 50 Ct",Item #: 507760. Universal remover wipes for adhesives and barriers (50 wipes). Increases the ease of adhesive and barrier removal.,CHARLES,Cannot live without them !,Cannot live without them !Wish my health ins covered them.,6/8/2015,5.0,Yes,0,-0.3716,0.0,0.221,0.779,0.0154997445642948,0.0033393860794603,0.0106735890731215,0.0053856675513088,0.0166709721088409,0.9419953227043152,0.0064352420158684,-0.3716,0.0,0.221,0.779,0.015499766916036606,0.00333938910625875,0.010673603042960167,0.0053856708109378815,0.0166709553450346,0.9419953227043152,0.0064352392219007015
204,204,"Adapt Adhesive and Barrier Remover 50 per Box 7760, 50 Ct",Item #: 507760. Universal remover wipes for adhesives and barriers (50 wipes). Increases the ease of adhesive and barrier removal.,Melissa Cassel,Four Stars,"good product, good seller",9/10/2014,4.0,Yes,0,0.7003,0.744,0.0,0.256,0.0091361831873655,0.0134970769286155,0.0011436757631599,0.5562772154808044,0.393645703792572,0.012608983553946,0.0136912241578102,0.7003,0.744,0.0,0.256,0.009136185981333256,0.013497085310518742,0.0011436751810833812,0.5562779903411865,0.3936448395252228,0.012608974240720272,0.013691211119294167
205,205,"Adapt Adhesive and Barrier Remover 50 per Box 7760, 50 Ct",Item #: 507760. Universal remover wipes for adhesives and barriers (50 wipes). Increases the ease of adhesive and barrier removal.,Jim M,It a great product for the price,this works great to remove the medical grade adhesive,4/10/2015,5.0,Yes,0,0.6249,0.339,0.0,0.661,0.0136897712945938,0.0535650812089443,0.0068545886315405,0.1276655048131942,0.7729463577270508,0.0090832719579339,0.016195423901081,0.6249,0.339,0.0,0.661,0.013689749874174595,0.05356496572494507,0.006854575593024492,0.12766538560390472,0.7729467153549194,0.009083258919417858,0.01619541645050049
206,206,"Adapt Adhesive and Barrier Remover 50 per Box 7760, 50 Ct",Item #: 507760. Universal remover wipes for adhesives and barriers (50 wipes). Increases the ease of adhesive and barrier removal.,Customer,Five Stars,product recieved was as represented. Arrived on time or early,9/1/2014,5.0,Yes,0,0.0,0.0,0.0,1.0,0.0086653297767043,0.0021243263036012,0.00402218895033,0.1708787381649017,0.6337491273880005,0.0393483415246009,0.1412119418382644,0.0,0.0,0.0,1.0,0.008665316738188267,0.0021243244409561157,0.004022181034088135,0.17087870836257935,0.6337493658065796,0.03934827819466591,0.1412118524312973
207,207,"Adapt Adhesive and Barrier Remover 50 per Box 7760, 50 Ct",Item #: 507760. Universal remover wipes for adhesives and barriers (50 wipes). Increases the ease of adhesive and barrier removal.,Kindle Customer,Five Stars,Just what the doctor ordered.,2/19/2016,5.0,Yes,0,0.0,0.0,0.0,1.0,0.0260603167116642,0.0264560561627149,0.0056406836956739,0.0020338131580501,0.8998482823371887,0.0246435962617397,0.0153172565624117,0.0,0.0,0.0,1.0,0.02606027014553547,0.026456015184521675,0.005640682298690081,0.0020338112954050303,0.8998484015464783,0.024643583223223686,0.015317258425056934
208,208,"Adapt Adhesive and Barrier Remover 50 per Box 7760, 50 Ct",Item #: 507760. Universal remover wipes for adhesives and barriers (50 wipes). Increases the ease of adhesive and barrier removal.,R Gonzales,works great!,"Exactly what we needed, works great!",9/8/2015,5.0,Yes,0,0.6588,0.468,0.0,0.532,0.0235856659710407,0.0051201893948018,0.001859612762928,0.1871613413095474,0.6810204386711121,0.0056823240593075,0.0955704823136329,0.6588,0.468,0.0,0.532,0.02358570694923401,0.005120186600834131,0.0018596138106659055,0.1871611326932907,0.6810204386711121,0.005682329181581736,0.09557069092988968
209,209,"Adapt Adhesive and Barrier Remover 50 per Box 7760, 50 Ct",Item #: 507760. Universal remover wipes for adhesives and barriers (50 wipes). Increases the ease of adhesive and barrier removal.,Amazon Customer,Five Stars,AAA,9/11/2016,5.0,Yes,0,0.0,0.0,0.0,1.0,0.0220275968313217,0.0096026109531521,0.0844399780035018,0.0125333052128553,0.7108206748962402,0.0269638188183307,0.1336120218038559,0.0,0.0,0.0,1.0,0.022027527913451195,0.009602588601410389,0.08443986624479294,0.012533269822597504,0.7108210325241089,0.02696380205452442,0.13361188769340515
210,210,"Adapt Adhesive and Barrier Remover 50 per Box 7760, 50 Ct",Item #: 507760. Universal remover wipes for adhesives and barriers (50 wipes). Increases the ease of adhesive and barrier removal.,Nancy Kadel,Five Stars,good,12/10/2016,5.0,Yes,0,0.4404,1.0,0.0,0.0,0.02631919644773,0.1055098176002502,0.0048540253192186,0.1864711046218872,0.6325145363807678,0.0349136590957641,0.0094176419079303,0.4404,1.0,0.0,0.0,0.02631918527185917,0.10550981014966965,0.004854022525250912,0.18647146224975586,0.6325141787528992,0.03491362929344177,0.0094176409766078
211,211,"Adapt Adhesive and Barrier Remover 50 per Box 7760, 50 Ct",Item #: 507760. Universal remover wipes for adhesives and barriers (50 wipes). Increases the ease of adhesive and barrier removal.,Frank M. Wirth,Very happy with the product,Fast shipping. Very happy with the product.,12/18/2014,5.0,Yes,0,0.6115,0.4,0.0,0.6,0.0017893114127218,0.000613682786934,0.0002909085887949,0.9653537273406982,0.0066796522587537,0.0022759544663131,0.0229968503117561,0.6115,0.4,0.0,0.6,0.0017893104813992977,0.0006136822048574686,0.0002909085887949914,0.9653537273406982,0.006679638754576445,0.002275952370837331,0.02299683913588524
212,212,"Adapt Adhesive and Barrier Remover 50 per Box 7760, 50 Ct",Item #: 507760. Universal remover wipes for adhesives and barriers (50 wipes). Increases the ease of adhesive and barrier removal.,kevin  davis,Five Stars,great,6/3/2016,5.0,Yes,0,0.6249,1.0,0.0,0.0,0.0345244966447353,0.0129614006727933,0.012460802681744,0.6147441267967224,0.233121633529663,0.0353964045643806,0.0567911453545093,0.6249,1.0,0.0,0.0,0.03452455624938011,0.012961440719664097,0.012460824102163315,0.6147434711456299,0.2331220954656601,0.035396452993154526,0.056791096925735474
213,213,"Adapt Adhesive and Barrier Remover 50 per Box 7760, 50 Ct",Item #: 507760. Universal remover wipes for adhesives and barriers (50 wipes). Increases the ease of adhesive and barrier removal.,Anthony Currie,Five Stars,Perfect.,3/23/2016,5.0,Yes,0,0.5719,1.0,0.0,0.0,0.0134570403024554,0.0179923623800277,0.001918448251672,0.0359115079045295,0.912751078605652,0.0057999119162559,0.0121695771813392,0.5719,1.0,0.0,0.0,0.013457048684358597,0.01799236238002777,0.001918450347147882,0.03591146692633629,0.9127511978149414,0.005799909122288227,0.01216958649456501
214,214,"Adapt Adhesive and Barrier Remover 50 per Box 7760, 50 Ct",Item #: 507760. Universal remover wipes for adhesives and barriers (50 wipes). Increases the ease of adhesive and barrier removal.,Yum Y,Five Stars,Quick and neat!,8/12/2015,5.0,Yes,0,0.5093,0.622,0.0,0.378,0.0335627645254135,0.0077608679421246,0.0019639893434941,0.4075844585895538,0.415974885225296,0.0063719851896166,0.126781091094017,0.5093,0.622,0.0,0.378,0.033562712371349335,0.007760871667414904,0.001963990041986108,0.4075848460197449,0.4159746468067169,0.006371974945068359,0.1267809122800827
215,215,"Adapt Adhesive and Barrier Remover 50 per Box 7760, 50 Ct",Item #: 507760. Universal remover wipes for adhesives and barriers (50 wipes). Increases the ease of adhesive and barrier removal.,David Pittenger,Five Stars,Works great. Shipping was fast.,11/18/2014,5.0,Yes,0,0.6249,0.506,0.0,0.494,0.004399774596095,0.0043894127011299,0.0012070579687133,0.6980924606323242,0.2679762244224548,0.0051885247230529,0.0187464971095323,0.6249,0.506,0.0,0.494,0.004399783443659544,0.004389416892081499,0.0012070579687133431,0.6980918645858765,0.2679768204689026,0.005188534501940012,0.01874651201069355
216,216,"Adapt Adhesive and Barrier Remover 50 per Box 7760, 50 Ct",Item #: 507760. Universal remover wipes for adhesives and barriers (50 wipes). Increases the ease of adhesive and barrier removal.,Nadiia,Great quality,"They used these wipes in hospital, to remove bandages. I bought these wipes, to use at home, since insurance wouldn't cover this specific brand, and wipes, they would cover, didn't work.They would remove very stubborn stickers.Great quality!",9/27/2023,5.0,No,0,-0.5081,0.0,0.086,0.914,0.0233934465795755,0.0265421476215124,0.0016301948344334,0.0121154328808188,0.915132999420166,0.0053812307305634,0.0158044900745153,-0.5081,0.0,0.086,0.914,0.023393435403704643,0.026542140170931816,0.0016301964642480016,0.012115412391722202,0.9151331186294556,0.005381234455853701,0.01580449752509594
217,217,"Adapt Adhesive and Barrier Remover 50 per Box 7760, 50 Ct",Item #: 507760. Universal remover wipes for adhesives and barriers (50 wipes). Increases the ease of adhesive and barrier removal.,SWD,Fantastic for removing adhesive from Breathe Right Strips each morning,"I'm so glad that I found these on Amazon. These are great. I use Breathe Right Strips every night and I had to use makeup remover each morning to get the adhesive off of my nose. However, I had to scrub and clean  a lot using the makeup remover. These don't require a lot of scrubbing or pressure to clean the adhesive off.",8/30/2021,5.0,Yes,0,0.9061,0.214,0.032,0.753,0.0019247595919296,0.0017998680705204,0.0004500663781072,0.961840808391571,0.0178792681545019,0.0029810050036758,0.0131242861971259,0.9061,0.214,0.032,0.753,0.0019247661111876369,0.0017998797120526433,0.00045006792061030865,0.9618404507637024,0.017879387363791466,0.002981015248224139,0.013124325312674046
218,218,"Adapt Adhesive and Barrier Remover 50 per Box 7760, 50 Ct",Item #: 507760. Universal remover wipes for adhesives and barriers (50 wipes). Increases the ease of adhesive and barrier removal.,M-M,Item works very well,Does not have an odor and is not irritating,9/30/2021,5.0,Yes,0,0.357,0.237,0.0,0.763,0.0598311275243759,0.6981103420257568,0.0044943932443857,0.0044450829736888,0.2020674496889114,0.025719853118062,0.0053317626006901,0.357,0.237,0.0,0.763,0.059831034392118454,0.6981106996536255,0.00449439138174057,0.004445080645382404,0.20206722617149353,0.025719836354255676,0.005331757944077253
219,219,"Adapt Adhesive and Barrier Remover 50 per Box 7760, 50 Ct",Item #: 507760. Universal remover wipes for adhesives and barriers (50 wipes). Increases the ease of adhesive and barrier removal.,Sassie,Good back up,Not my usual brand but it worked. Size is fairly small but enough liquid to make up for it.the,7/9/2022,5.0,Yes,0,0.0,0.0,0.0,1.0,0.0054391808807849,0.010458268225193,0.0021449096966534,0.0356211848556995,0.6419017910957336,0.0630057901144027,0.2414288520812988,0.0,0.0,0.0,1.0,0.0054391734302043915,0.010458257980644703,0.0021449089981615543,0.03562123328447342,0.6419018507003784,0.06300578266382217,0.24142882227897644
220,220,"Adapt Adhesive and Barrier Remover 50 per Box 7760, 50 Ct",Item #: 507760. Universal remover wipes for adhesives and barriers (50 wipes). Increases the ease of adhesive and barrier removal.,zuuropa,great quality,these work great to remove adhesive. repeat customer,7/24/2022,5.0,Yes,0,0.6249,0.369,0.0,0.631,0.0067799510434269,0.0026726440992206,0.0009026331244967,0.2008743286132812,0.7484323382377625,0.0064744767732918,0.0338636301457881,0.6249,0.369,0.0,0.631,0.006779948715120554,0.002672643633559346,0.000902631669305265,0.20087389647960663,0.7484328746795654,0.006474469322711229,0.033863555639982224
221,221,"Adapt Adhesive and Barrier Remover 50 per Box 7760, 50 Ct",Item #: 507760. Universal remover wipes for adhesives and barriers (50 wipes). Increases the ease of adhesive and barrier removal.,Mickiel R. Benson,Work great,Dexcom 6 clean up,12/19/2021,5.0,Yes,0,0.4019,0.574,0.0,0.426,0.0077920104376971,0.01280228048563,0.0038426457904279,0.0084421187639236,0.9066448211669922,0.023771733045578,0.0367042981088161,0.4019,0.574,0.0,0.426,0.007792010437697172,0.012802285142242908,0.0038426476530730724,0.008442122489213943,0.9066448211669922,0.02377178706228733,0.036704305559396744
222,222,"Adapt Adhesive and Barrier Remover 50 per Box 7760, 50 Ct",Item #: 507760. Universal remover wipes for adhesives and barriers (50 wipes). Increases the ease of adhesive and barrier removal.,TT,Delivered on time.,Performed well.,4/25/2020,5.0,Yes,0,0.2732,0.677,0.0,0.323,0.1074791625142097,0.135243222117424,0.0078398110345005,0.0455910451710224,0.6922312378883362,0.0082666790112853,0.0033488133922219,0.2732,0.677,0.0,0.323,0.1074790209531784,0.135243222117424,0.007839811965823174,0.045591067522764206,0.692231297492981,0.008266676217317581,0.0033488119952380657
223,223,"Adapt Adhesive and Barrier Remover 50 per Box 7760, 50 Ct",Item #: 507760. Universal remover wipes for adhesives and barriers (50 wipes). Increases the ease of adhesive and barrier removal.,MISS STACY,Item as described.,Item as described.,11/30/2022,5.0,Yes,0,0.0,0.0,0.0,1.0,0.0110467877238988,0.0124236792325973,0.0077689960598945,0.0088965184986591,0.9025938510894777,0.0180857498198747,0.0391844026744365,0.0,0.0,0.0,1.0,0.011046772822737694,0.012423655949532986,0.007768985349684954,0.00889651384204626,0.9025938510894775,0.018085723742842674,0.03918440267443657
224,224,"Medline Adhesive Remover Pads, Acetone-Free, 2-Ply, Box of 100","Experience the superior quality and effectiveness of Medline Adhesive Remover Pads, designed to provide a safe and efficient solution for removing adhesive residue from bandages and medical tapes. These 2-ply adhesive remover pads come in a box of 100. Unlike conventional adhesive removers, these pads are acetone-free. The 2-ply design of these pads not only enhances their durability but also increases their effectiveness in removing adhesive residue, ensuring a clean and residue-free skin surface. Ideal for both health care professionals and consumers, these adhesive remover pads are an essential addition to your medical cleaning supplies. Whether you're in a hospital setting or at home, these high-quality adhesive remover pads from Medline offer a convenient and effective solution for adhesive removal. They are not just tools, but safe removers that prioritize your skin's comfort.",Hardworking Guy,The absolute smallest patch you could use,Not real happy with this adhesive remover.  Opens up to about 3 1/2 inch squares that are hard to use and hold. Barely enough to cover a finger.  Will not be re-ordering maybe good for very very small fingers.,10/14/2024,3.0,Yes,0,-0.1275,0.07,0.106,0.823,0.004206025507301,0.0016567739658057,0.0009787558810785,0.0085579687729477,0.0087474780157208,0.9175365567207336,0.0583164356648922,-0.1275,0.07,0.106,0.823,0.0042060245759785175,0.001656771870329976,0.0009787535527721047,0.008557923138141632,0.0087474649772048,0.9175368547439575,0.05831624194979668
225,225,"Medline Adhesive Remover Pads, Acetone-Free, 2-Ply, Box of 100","Experience the superior quality and effectiveness of Medline Adhesive Remover Pads, designed to provide a safe and efficient solution for removing adhesive residue from bandages and medical tapes. These 2-ply adhesive remover pads come in a box of 100. Unlike conventional adhesive removers, these pads are acetone-free. The 2-ply design of these pads not only enhances their durability but also increases their effectiveness in removing adhesive residue, ensuring a clean and residue-free skin surface. Ideal for both health care professionals and consumers, these adhesive remover pads are an essential addition to your medical cleaning supplies. Whether you're in a hospital setting or at home, these high-quality adhesive remover pads from Medline offer a convenient and effective solution for adhesive removal. They are not just tools, but safe removers that prioritize your skin's comfort.",theredheadgurl,Works ok,These work ok and they smell bad. I guess I thought  they were like the ones at the drs office I used to work at that that smell like oranges. Those work so much better. I wish I remembered what they were called. These did ok but you had to use more of them and scrub harder. They’re also very tiny.,7/4/2024,3.0,Yes,0,0.6727,0.174,0.036,0.79,0.0103464275598526,0.8611518144607544,0.0188225414603948,0.0021209802944213,0.0805287137627601,0.0194543059915304,0.0075752879492938,0.6727,0.174,0.036,0.79,0.010346422903239727,0.8611518144607544,0.018822507932782173,0.0021209781989455223,0.08052868396043777,0.01945427432656288,0.0075752814300358295
226,226,"Medline Adhesive Remover Pads, Acetone-Free, 2-Ply, Box of 100","Experience the superior quality and effectiveness of Medline Adhesive Remover Pads, designed to provide a safe and efficient solution for removing adhesive residue from bandages and medical tapes. These 2-ply adhesive remover pads come in a box of 100. Unlike conventional adhesive removers, these pads are acetone-free. The 2-ply design of these pads not only enhances their durability but also increases their effectiveness in removing adhesive residue, ensuring a clean and residue-free skin surface. Ideal for both health care professionals and consumers, these adhesive remover pads are an essential addition to your medical cleaning supplies. Whether you're in a hospital setting or at home, these high-quality adhesive remover pads from Medline offer a convenient and effective solution for adhesive removal. They are not just tools, but safe removers that prioritize your skin's comfort.",W. Doxtater,"They're okay, I guess.","They work, but it feels like I am using wd40 or lighter fluid on my skin. It is a solvent, after all, but it stinks. Surely there is something better out there. Also, the fabric is thin and feels a little cheap. Is this healthy?",6/13/2024,3.0,Yes,0,0.9279,0.277,0.046,0.677,0.0129511561244726,0.4740002453327179,0.005863026715815,0.004629005677998,0.4321726560592651,0.0512602031230926,0.0191236585378646,0.9279,0.277,0.046,0.677,0.012951171025633812,0.47400057315826416,0.005863030441105366,0.004629018250852823,0.43217232823371887,0.051260266453027725,0.019123665988445282
227,227,"Medline Adhesive Remover Pads, Acetone-Free, 2-Ply, Box of 100","Experience the superior quality and effectiveness of Medline Adhesive Remover Pads, designed to provide a safe and efficient solution for removing adhesive residue from bandages and medical tapes. These 2-ply adhesive remover pads come in a box of 100. Unlike conventional adhesive removers, these pads are acetone-free. The 2-ply design of these pads not only enhances their durability but also increases their effectiveness in removing adhesive residue, ensuring a clean and residue-free skin surface. Ideal for both health care professionals and consumers, these adhesive remover pads are an essential addition to your medical cleaning supplies. Whether you're in a hospital setting or at home, these high-quality adhesive remover pads from Medline offer a convenient and effective solution for adhesive removal. They are not just tools, but safe removers that prioritize your skin's comfort.",Amazon Customer,Pads are TOO TINY!!,"These pads 1” x 2” are too tiny to use when removing taping on large areas. I have to use 2 or 3 to remove taped area and I can barely hold onto while allowing exposure of the other half of the “1x2” pad to the tape to release the glue.  The remover pad should be 2”x2” so an adult can hold it and apply the remover to the tape on your skin.  Is there a different delivery system, such as a bottle of the remover product that could be applied with a Q-tip that is easier to manipulate and apply?",3/29/2024,3.0,Yes,0,0.4215,0.03,0.0,0.97,0.0103039732202887,0.0397274456918239,0.0125233028084039,0.0040817651897668,0.8433398604393005,0.0118273952975869,0.0781962350010871,0.4215,0.03,0.0,0.97,0.010303962975740433,0.03972741961479187,0.012523280456662178,0.004081762861460447,0.8433398604393005,0.011827383190393448,0.07819627225399017
228,228,"Medline Adhesive Remover Pads, Acetone-Free, 2-Ply, Box of 100","Experience the superior quality and effectiveness of Medline Adhesive Remover Pads, designed to provide a safe and efficient solution for removing adhesive residue from bandages and medical tapes. These 2-ply adhesive remover pads come in a box of 100. Unlike conventional adhesive removers, these pads are acetone-free. The 2-ply design of these pads not only enhances their durability but also increases their effectiveness in removing adhesive residue, ensuring a clean and residue-free skin surface. Ideal for both health care professionals and consumers, these adhesive remover pads are an essential addition to your medical cleaning supplies. Whether you're in a hospital setting or at home, these high-quality adhesive remover pads from Medline offer a convenient and effective solution for adhesive removal. They are not just tools, but safe removers that prioritize your skin's comfort.",BEST CUSTOMER,Product Dimensions Misleading,"I mainly chose this item over others because the product dimensions state 4x2x2.  I expected this to be the dimension of each pad, but it is actually the dimension of the box, which has 2 pads side by side.  The actual dimension of each pad is 2x1.  Other than this ""misunderstanding"", the pad works as expected and is not worth the trouble of returning.",3/5/2024,3.0,Yes,0,0.2235,0.045,0.031,0.924,0.0154695976525545,0.0143791968002915,0.0082141514867544,0.0065750912763178,0.7760869264602661,0.0581391714513301,0.1211358308792114,0.2235,0.045,0.031,0.924,0.015469581820070744,0.014379209838807583,0.008214159868657589,0.006575091741979122,0.7760866284370422,0.05813930928707123,0.12113608419895172
229,229,"Medline Adhesive Remover Pads, Acetone-Free, 2-Ply, Box of 100","Experience the superior quality and effectiveness of Medline Adhesive Remover Pads, designed to provide a safe and efficient solution for removing adhesive residue from bandages and medical tapes. These 2-ply adhesive remover pads come in a box of 100. Unlike conventional adhesive removers, these pads are acetone-free. The 2-ply design of these pads not only enhances their durability but also increases their effectiveness in removing adhesive residue, ensuring a clean and residue-free skin surface. Ideal for both health care professionals and consumers, these adhesive remover pads are an essential addition to your medical cleaning supplies. Whether you're in a hospital setting or at home, these high-quality adhesive remover pads from Medline offer a convenient and effective solution for adhesive removal. They are not just tools, but safe removers that prioritize your skin's comfort.",Holly,dried out,The pads I received were mostly dried out.  I used in conjunction with spray bandage adhesive remover and worked great,10/23/2024,2.0,Yes,0,0.6249,0.194,0.0,0.806,0.0053398846648633,0.0115126334130764,0.0014761657221242,0.0743266269564628,0.8472781777381897,0.0175230596214532,0.0425434447824955,0.6249,0.194,0.0,0.806,0.005339881870895624,0.011512611992657185,0.0014761643251404166,0.07432658970355988,0.8472781777381897,0.017523059621453285,0.042543426156044006
230,230,"Medline Adhesive Remover Pads, Acetone-Free, 2-Ply, Box of 100","Experience the superior quality and effectiveness of Medline Adhesive Remover Pads, designed to provide a safe and efficient solution for removing adhesive residue from bandages and medical tapes. These 2-ply adhesive remover pads come in a box of 100. Unlike conventional adhesive removers, these pads are acetone-free. The 2-ply design of these pads not only enhances their durability but also increases their effectiveness in removing adhesive residue, ensuring a clean and residue-free skin surface. Ideal for both health care professionals and consumers, these adhesive remover pads are an essential addition to your medical cleaning supplies. Whether you're in a hospital setting or at home, these high-quality adhesive remover pads from Medline offer a convenient and effective solution for adhesive removal. They are not just tools, but safe removers that prioritize your skin's comfort.",Kathy,Works but you have to use a lot of them.,I wish I would have looked more into the size of these adhesive remover pads before buying. They are ridiculously tiny. My husband wears a lot of KT tape and it leave behind a lot of sticky residue. while these do help in removing the stickiness it also requires using atleast 10/15 packets at a time. These are more suitable for bandaids.,7/16/2024,2.0,Yes,0,0.4215,0.087,0.058,0.855,0.0078180339187383,0.1414410918951034,0.0110662775114178,0.0029746489599347,0.7539787888526917,0.0364655926823616,0.0462556146085262,0.4215,0.087,0.058,0.855,0.007818035781383514,0.14144136011600494,0.011066272854804993,0.0029746463987976313,0.7539784908294678,0.0364656038582325,0.04625557363033295
231,231,"Medline Adhesive Remover Pads, Acetone-Free, 2-Ply, Box of 100","Experience the superior quality and effectiveness of Medline Adhesive Remover Pads, designed to provide a safe and efficient solution for removing adhesive residue from bandages and medical tapes. These 2-ply adhesive remover pads come in a box of 100. Unlike conventional adhesive removers, these pads are acetone-free. The 2-ply design of these pads not only enhances their durability but also increases their effectiveness in removing adhesive residue, ensuring a clean and residue-free skin surface. Ideal for both health care professionals and consumers, these adhesive remover pads are an essential addition to your medical cleaning supplies. Whether you're in a hospital setting or at home, these high-quality adhesive remover pads from Medline offer a convenient and effective solution for adhesive removal. They are not just tools, but safe removers that prioritize your skin's comfort.",Crazy for Comfort,Remove the sticky residue,For removal of adhesive residue! Would be helpful if the pads were slightly larger and more moist! Does not sting!,3/13/2024,3.0,Yes,0,0.5684,0.162,0.0,0.838,0.4857538044452667,0.4081105589866638,0.0153470654040575,0.002411042805761,0.0555867552757263,0.0280771013349294,0.0047136940993368,0.5684,0.162,0.0,0.838,0.48575443029403687,0.4081099033355713,0.015347054228186607,0.002411042572930455,0.05558670684695244,0.028077105060219765,0.0047136954963207245
232,232,"Medline Adhesive Remover Pads, Acetone-Free, 2-Ply, Box of 100","Experience the superior quality and effectiveness of Medline Adhesive Remover Pads, designed to provide a safe and efficient solution for removing adhesive residue from bandages and medical tapes. These 2-ply adhesive remover pads come in a box of 100. Unlike conventional adhesive removers, these pads are acetone-free. The 2-ply design of these pads not only enhances their durability but also increases their effectiveness in removing adhesive residue, ensuring a clean and residue-free skin surface. Ideal for both health care professionals and consumers, these adhesive remover pads are an essential addition to your medical cleaning supplies. Whether you're in a hospital setting or at home, these high-quality adhesive remover pads from Medline offer a convenient and effective solution for adhesive removal. They are not just tools, but safe removers that prioritize your skin's comfort.",mhorris46,TINY,"These swabs work great . . . but they are so tiny, you need several to complete the job!",8/8/2024,2.0,Yes,0,0.4295,0.159,0.0,0.841,0.046124417334795,0.0776798278093338,0.0130643881857395,0.0159306060522794,0.2446813583374023,0.0629006400704383,0.539618730545044,0.4295,0.159,0.0,0.841,0.04612438753247261,0.07767985761165619,0.013064401224255562,0.015930606052279472,0.24468135833740234,0.06290074437856674,0.5396186113357544
233,233,"Medline Adhesive Remover Pads, Acetone-Free, 2-Ply, Box of 100","Experience the superior quality and effectiveness of Medline Adhesive Remover Pads, designed to provide a safe and efficient solution for removing adhesive residue from bandages and medical tapes. These 2-ply adhesive remover pads come in a box of 100. Unlike conventional adhesive removers, these pads are acetone-free. The 2-ply design of these pads not only enhances their durability but also increases their effectiveness in removing adhesive residue, ensuring a clean and residue-free skin surface. Ideal for both health care professionals and consumers, these adhesive remover pads are an essential addition to your medical cleaning supplies. Whether you're in a hospital setting or at home, these high-quality adhesive remover pads from Medline offer a convenient and effective solution for adhesive removal. They are not just tools, but safe removers that prioritize your skin's comfort.",Yvonne H.,Extremely small and thin wipes,Would not recommend due to size and thickness.  Takes 3 wipes to do the job I have been able to clean with one in other brands.,8/17/2024,2.0,Yes,0,0.1506,0.101,0.079,0.821,0.0121563468128442,0.0301397070288658,0.012198269367218,0.0128320157527923,0.7361481189727783,0.1190794631838798,0.0774460956454277,0.1506,0.101,0.079,0.821,0.012156403623521328,0.030139781534671783,0.012198340147733688,0.012832095846533775,0.7361470460891724,0.11907985806465149,0.07744655758142471
234,234,"Medline Adhesive Remover Pads, Acetone-Free, 2-Ply, Box of 100","Experience the superior quality and effectiveness of Medline Adhesive Remover Pads, designed to provide a safe and efficient solution for removing adhesive residue from bandages and medical tapes. These 2-ply adhesive remover pads come in a box of 100. Unlike conventional adhesive removers, these pads are acetone-free. The 2-ply design of these pads not only enhances their durability but also increases their effectiveness in removing adhesive residue, ensuring a clean and residue-free skin surface. Ideal for both health care professionals and consumers, these adhesive remover pads are an essential addition to your medical cleaning supplies. Whether you're in a hospital setting or at home, these high-quality adhesive remover pads from Medline offer a convenient and effective solution for adhesive removal. They are not just tools, but safe removers that prioritize your skin's comfort.",mike figueroa,works well,"Good product but poor packaging, the little box is shipped in a padded envelope, the little box was smashed and all the wipes were loose in the envelope",11/11/2023,3.0,Yes,0,-0.7311,0.059,0.215,0.726,0.0704639852046966,0.6897882223129272,0.0036934486124664,0.0030600554309785,0.059316162019968,0.1525351554155349,0.021142840385437,-0.7311,0.059,0.215,0.726,0.07046385854482651,0.6897881627082825,0.0036934479139745235,0.0030600621830672026,0.05931622162461281,0.1525353640317917,0.02114284038543701
235,235,"Medline Adhesive Remover Pads, Acetone-Free, 2-Ply, Box of 100","Experience the superior quality and effectiveness of Medline Adhesive Remover Pads, designed to provide a safe and efficient solution for removing adhesive residue from bandages and medical tapes. These 2-ply adhesive remover pads come in a box of 100. Unlike conventional adhesive removers, these pads are acetone-free. The 2-ply design of these pads not only enhances their durability but also increases their effectiveness in removing adhesive residue, ensuring a clean and residue-free skin surface. Ideal for both health care professionals and consumers, these adhesive remover pads are an essential addition to your medical cleaning supplies. Whether you're in a hospital setting or at home, these high-quality adhesive remover pads from Medline offer a convenient and effective solution for adhesive removal. They are not just tools, but safe removers that prioritize your skin's comfort.",Seth,Not very good,"They work, just not very good. I had bought a different brand before but opted for this one this time bc of the “better deal” on price. But they are not as good at all. About 3 of these equal 1 of the other brand. I try to use it to remove my son’s adhesive patches for his diabetes supplies and they are not worth it at all. They work well for small areas (like the omnipod or Dexcom adhesive that it comes with), but if you use an over patch like we do, better spend the money to get the better brand.",1/24/2023,3.0,Yes,3,0.8103,0.122,0.065,0.814,0.0141327809542417,0.0512406565248966,0.0019653381314128,0.0034726108424365,0.8634817600250244,0.0473863817751407,0.0183205120265483,0.8103,0.122,0.065,0.814,0.014132767915725708,0.05124055966734886,0.0019653374329209328,0.00347260944545269,0.863481879234314,0.04738634079694748,0.01832050457596779
236,236,"Medline Adhesive Remover Pads, Acetone-Free, 2-Ply, Box of 100","Experience the superior quality and effectiveness of Medline Adhesive Remover Pads, designed to provide a safe and efficient solution for removing adhesive residue from bandages and medical tapes. These 2-ply adhesive remover pads come in a box of 100. Unlike conventional adhesive removers, these pads are acetone-free. The 2-ply design of these pads not only enhances their durability but also increases their effectiveness in removing adhesive residue, ensuring a clean and residue-free skin surface. Ideal for both health care professionals and consumers, these adhesive remover pads are an essential addition to your medical cleaning supplies. Whether you're in a hospital setting or at home, these high-quality adhesive remover pads from Medline offer a convenient and effective solution for adhesive removal. They are not just tools, but safe removers that prioritize your skin's comfort.",Pinecone,Pads too small.,Takes too many pads to do the job.,7/24/2024,2.0,Yes,0,0.0,0.0,0.0,1.0,0.0254693869501352,0.1049806103110313,0.0104352375492453,0.002630891976878,0.6153571009635925,0.2074017971754074,0.0337248630821704,0.0,0.0,0.0,1.0,0.02546941488981247,0.10498059540987015,0.010435227304697037,0.002630895469337702,0.6153572797775269,0.20740173757076263,0.03372485935688019
237,237,"Medline Adhesive Remover Pads, Acetone-Free, 2-Ply, Box of 100","Experience the superior quality and effectiveness of Medline Adhesive Remover Pads, designed to provide a safe and efficient solution for removing adhesive residue from bandages and medical tapes. These 2-ply adhesive remover pads come in a box of 100. Unlike conventional adhesive removers, these pads are acetone-free. The 2-ply design of these pads not only enhances their durability but also increases their effectiveness in removing adhesive residue, ensuring a clean and residue-free skin surface. Ideal for both health care professionals and consumers, these adhesive remover pads are an essential addition to your medical cleaning supplies. Whether you're in a hospital setting or at home, these high-quality adhesive remover pads from Medline offer a convenient and effective solution for adhesive removal. They are not just tools, but safe removers that prioritize your skin's comfort.",Katherine A.,only half as effective as the ones from the hospital.,Only half as effective as the ones from the hospital. They’re kind of dry.,7/7/2024,2.0,Yes,0,0.4767,0.193,0.0,0.807,0.0074891741387546,0.0917005315423011,0.0027177797164767,0.0036951014772057,0.8317183256149292,0.0349825024604797,0.027696518227458,0.4767,0.193,0.0,0.807,0.007489177864044905,0.0917004942893982,0.0027177822776138783,0.0036950968205928802,0.8317184448242188,0.034982480108737946,0.02769651636481285
238,238,"Medline Adhesive Remover Pads, Acetone-Free, 2-Ply, Box of 100","Experience the superior quality and effectiveness of Medline Adhesive Remover Pads, designed to provide a safe and efficient solution for removing adhesive residue from bandages and medical tapes. These 2-ply adhesive remover pads come in a box of 100. Unlike conventional adhesive removers, these pads are acetone-free. The 2-ply design of these pads not only enhances their durability but also increases their effectiveness in removing adhesive residue, ensuring a clean and residue-free skin surface. Ideal for both health care professionals and consumers, these adhesive remover pads are an essential addition to your medical cleaning supplies. Whether you're in a hospital setting or at home, these high-quality adhesive remover pads from Medline offer a convenient and effective solution for adhesive removal. They are not just tools, but safe removers that prioritize your skin's comfort.",bradley,The work good,They work good but I was the pad was a little bigger,11/9/2023,3.0,Yes,0,0.2382,0.178,0.0,0.822,0.0058977967128157,0.0164754223078489,0.0073401676490902,0.0417754203081131,0.7719577550888062,0.0860400423407554,0.0705133080482482,0.2382,0.178,0.0,0.822,0.005897797178477049,0.016475453972816467,0.007340190000832081,0.041775405406951904,0.7719578146934509,0.08604013174772263,0.07051326334476471
239,239,"Medline Adhesive Remover Pads, Acetone-Free, 2-Ply, Box of 100","Experience the superior quality and effectiveness of Medline Adhesive Remover Pads, designed to provide a safe and efficient solution for removing adhesive residue from bandages and medical tapes. These 2-ply adhesive remover pads come in a box of 100. Unlike conventional adhesive removers, these pads are acetone-free. The 2-ply design of these pads not only enhances their durability but also increases their effectiveness in removing adhesive residue, ensuring a clean and residue-free skin surface. Ideal for both health care professionals and consumers, these adhesive remover pads are an essential addition to your medical cleaning supplies. Whether you're in a hospital setting or at home, these high-quality adhesive remover pads from Medline offer a convenient and effective solution for adhesive removal. They are not just tools, but safe removers that prioritize your skin's comfort.",Ms. Baker,These wipes are too small.,"These wipes are so small, they hold very little liquid remover, and have to use several wipes,just to remove enough adhesive to remove bandage.Won't buy them again.",10/14/2024,1.0,Yes,0,0.0,0.0,0.0,1.0,0.0276308171451091,0.1661837548017501,0.0123025141656398,0.0032025340478867,0.604007363319397,0.1509534120559692,0.0357196256518363,0.0,0.0,0.0,1.0,0.02763085439801216,0.166184201836586,0.012302522547543049,0.0032025333493947983,0.6040072441101074,0.1509530246257782,0.03571958839893341
240,240,"Medline Adhesive Remover Pads, Acetone-Free, 2-Ply, Box of 100","Experience the superior quality and effectiveness of Medline Adhesive Remover Pads, designed to provide a safe and efficient solution for removing adhesive residue from bandages and medical tapes. These 2-ply adhesive remover pads come in a box of 100. Unlike conventional adhesive removers, these pads are acetone-free. The 2-ply design of these pads not only enhances their durability but also increases their effectiveness in removing adhesive residue, ensuring a clean and residue-free skin surface. Ideal for both health care professionals and consumers, these adhesive remover pads are an essential addition to your medical cleaning supplies. Whether you're in a hospital setting or at home, these high-quality adhesive remover pads from Medline offer a convenient and effective solution for adhesive removal. They are not just tools, but safe removers that prioritize your skin's comfort.",Victoria,Works okay but feels greasy,Not very much moisture in the pads but it did work to get tape and residue off. Doesn’t have an overwhelming smell but left my skin feeling greasy. Kinda pricy and doesn’t work that much better than plain alcohol pads,7/22/2023,3.0,Yes,0,0.6808,0.128,0.0,0.872,0.0055666137486696,0.6490725874900818,0.0060436609201133,0.00547143118456,0.0443109236657619,0.2838475108146667,0.0056873131543397,0.6808,0.128,0.0,0.872,0.0055666230618953705,0.6490723490715027,0.006043659057468176,0.00547144515439868,0.044310931116342545,0.2838476598262787,0.005687319673597813
241,241,"Medline Adhesive Remover Pads, Acetone-Free, 2-Ply, Box of 100","Experience the superior quality and effectiveness of Medline Adhesive Remover Pads, designed to provide a safe and efficient solution for removing adhesive residue from bandages and medical tapes. These 2-ply adhesive remover pads come in a box of 100. Unlike conventional adhesive removers, these pads are acetone-free. The 2-ply design of these pads not only enhances their durability but also increases their effectiveness in removing adhesive residue, ensuring a clean and residue-free skin surface. Ideal for both health care professionals and consumers, these adhesive remover pads are an essential addition to your medical cleaning supplies. Whether you're in a hospital setting or at home, these high-quality adhesive remover pads from Medline offer a convenient and effective solution for adhesive removal. They are not just tools, but safe removers that prioritize your skin's comfort.",Versco,Not the best at removing bandage adhesive,I got this product because I wear a Dexcom glucose monitor.  The adhesive is pretty good and you need something stronger than this to remove the residue.  I thought the pads would be good and more convenient than the bottle of remover I have now.  It took 5 of these pads to remove it properly so it is not very economical. I also didn't like that it's just mostly an alcohol wipe.  I can get a lot more of those for the price.  I will save these for travelling but won't purchase them again.,10/10/2023,2.0,Yes,0,0.7465,0.111,0.017,0.872,0.0075821517966687,0.0208868011832237,0.0033515095710754,0.0457001775503158,0.8383877873420715,0.055305078625679,0.0287864748388528,0.7465,0.111,0.017,0.872,0.007582143880426884,0.02088679000735283,0.0033515123650431633,0.045700181275606155,0.838387668132782,0.055305153131484985,0.028786471113562584
242,242,"Medline Adhesive Remover Pads, Acetone-Free, 2-Ply, Box of 100","Experience the superior quality and effectiveness of Medline Adhesive Remover Pads, designed to provide a safe and efficient solution for removing adhesive residue from bandages and medical tapes. These 2-ply adhesive remover pads come in a box of 100. Unlike conventional adhesive removers, these pads are acetone-free. The 2-ply design of these pads not only enhances their durability but also increases their effectiveness in removing adhesive residue, ensuring a clean and residue-free skin surface. Ideal for both health care professionals and consumers, these adhesive remover pads are an essential addition to your medical cleaning supplies. Whether you're in a hospital setting or at home, these high-quality adhesive remover pads from Medline offer a convenient and effective solution for adhesive removal. They are not just tools, but safe removers that prioritize your skin's comfort.",heather,Small,"Works, but the pads are really small.",10/15/2023,3.0,Yes,0,0.0,0.0,0.0,1.0,0.0137593233957886,0.1252920031547546,0.0125135043635964,0.0079654278233647,0.3202768266201019,0.2888998389244079,0.23129303753376,0.0,0.0,0.0,1.0,0.013759340159595013,0.12529206275939941,0.012513513676822186,0.00796542875468731,0.3202764391899109,0.28889963030815125,0.23129358887672424
243,243,"Medline Adhesive Remover Pads, Acetone-Free, 2-Ply, Box of 100","Experience the superior quality and effectiveness of Medline Adhesive Remover Pads, designed to provide a safe and efficient solution for removing adhesive residue from bandages and medical tapes. These 2-ply adhesive remover pads come in a box of 100. Unlike conventional adhesive removers, these pads are acetone-free. The 2-ply design of these pads not only enhances their durability but also increases their effectiveness in removing adhesive residue, ensuring a clean and residue-free skin surface. Ideal for both health care professionals and consumers, these adhesive remover pads are an essential addition to your medical cleaning supplies. Whether you're in a hospital setting or at home, these high-quality adhesive remover pads from Medline offer a convenient and effective solution for adhesive removal. They are not just tools, but safe removers that prioritize your skin's comfort.",Stephanie Sawyer,They work…,These work but not as easily as I’d hoped. I wouldn’t buy them again.,9/9/2023,3.0,Yes,0,0.2134,0.201,0.151,0.649,0.0103945443406701,0.0108948173001408,0.0072170603089034,0.0051933927461504,0.8818152546882629,0.0682950541377067,0.0161899290978908,0.2134,0.201,0.151,0.649,0.01039451640099287,0.010894798673689365,0.007217048667371273,0.005193383898586035,0.8818154335021973,0.06829483807086945,0.016189921647310257
244,244,"Medline Adhesive Remover Pads, Acetone-Free, 2-Ply, Box of 100","Experience the superior quality and effectiveness of Medline Adhesive Remover Pads, designed to provide a safe and efficient solution for removing adhesive residue from bandages and medical tapes. These 2-ply adhesive remover pads come in a box of 100. Unlike conventional adhesive removers, these pads are acetone-free. The 2-ply design of these pads not only enhances their durability but also increases their effectiveness in removing adhesive residue, ensuring a clean and residue-free skin surface. Ideal for both health care professionals and consumers, these adhesive remover pads are an essential addition to your medical cleaning supplies. Whether you're in a hospital setting or at home, these high-quality adhesive remover pads from Medline offer a convenient and effective solution for adhesive removal. They are not just tools, but safe removers that prioritize your skin's comfort.",Jen K.,"They work, but they are too small!","They seem to work, but they are so small that I can't get a good grip on them to rub off the adhesive. I basically have to put about 5 of them together to be able to get a big enough wipe that I can hold. It still requires extra rubbing to get the adhesive off. If they were bigger, like the size of a regular hand wipe, they would be perfect.",9/29/2022,3.0,Yes,0,0.8883,0.164,0.041,0.795,0.0058001177385449,0.018683573231101,0.0017771642887964,0.0039123129099607,0.9329065680503844,0.0068262396380305,0.0300940200686454,0.8883,0.164,0.041,0.795,0.005800120998173952,0.01868358440697193,0.0017771633574739099,0.003912314306944609,0.9329065680503845,0.006826247088611126,0.030094033107161522
245,245,"Medline Adhesive Remover Pads, Acetone-Free, 2-Ply, Box of 100","Experience the superior quality and effectiveness of Medline Adhesive Remover Pads, designed to provide a safe and efficient solution for removing adhesive residue from bandages and medical tapes. These 2-ply adhesive remover pads come in a box of 100. Unlike conventional adhesive removers, these pads are acetone-free. The 2-ply design of these pads not only enhances their durability but also increases their effectiveness in removing adhesive residue, ensuring a clean and residue-free skin surface. Ideal for both health care professionals and consumers, these adhesive remover pads are an essential addition to your medical cleaning supplies. Whether you're in a hospital setting or at home, these high-quality adhesive remover pads from Medline offer a convenient and effective solution for adhesive removal. They are not just tools, but safe removers that prioritize your skin's comfort.",Lolita Wike,Each pad is way too small,They are 1” x1”. The description may have said that. I kept them and use three at a time.,10/30/2024,1.0,Yes,0,0.0,0.0,0.0,1.0,0.0031748807523399,0.003838914213702,0.0021572846453636,0.0042079938575625,0.9620090126991272,0.0060521271079778,0.0185597203671932,0.0,0.0,0.0,1.0,0.003174886805936694,0.003838921431452036,0.0021572888363152742,0.004207999911159277,0.9620090126991272,0.0060521382838487625,0.01855975016951561
246,246,"Medline Adhesive Remover Pads, Acetone-Free, 2-Ply, Box of 100","Experience the superior quality and effectiveness of Medline Adhesive Remover Pads, designed to provide a safe and efficient solution for removing adhesive residue from bandages and medical tapes. These 2-ply adhesive remover pads come in a box of 100. Unlike conventional adhesive removers, these pads are acetone-free. The 2-ply design of these pads not only enhances their durability but also increases their effectiveness in removing adhesive residue, ensuring a clean and residue-free skin surface. Ideal for both health care professionals and consumers, these adhesive remover pads are an essential addition to your medical cleaning supplies. Whether you're in a hospital setting or at home, these high-quality adhesive remover pads from Medline offer a convenient and effective solution for adhesive removal. They are not just tools, but safe removers that prioritize your skin's comfort.",Dee W.,Meh,Have to use more than one to get adhesive off of skin,8/9/2023,3.0,Yes,0,0.0,0.0,0.0,1.0,0.0246830824762582,0.0982525423169136,0.0161549821496009,0.0020574466325342,0.7325087785720825,0.1028455421328544,0.023497549816966,0.0,0.0,0.0,1.0,0.024683142080903053,0.09825267642736435,0.016155004501342773,0.002057447098195553,0.7325085997581482,0.10284563153982162,0.023497547954320908
247,247,"Medline Adhesive Remover Pads, Acetone-Free, 2-Ply, Box of 100","Experience the superior quality and effectiveness of Medline Adhesive Remover Pads, designed to provide a safe and efficient solution for removing adhesive residue from bandages and medical tapes. These 2-ply adhesive remover pads come in a box of 100. Unlike conventional adhesive removers, these pads are acetone-free. The 2-ply design of these pads not only enhances their durability but also increases their effectiveness in removing adhesive residue, ensuring a clean and residue-free skin surface. Ideal for both health care professionals and consumers, these adhesive remover pads are an essential addition to your medical cleaning supplies. Whether you're in a hospital setting or at home, these high-quality adhesive remover pads from Medline offer a convenient and effective solution for adhesive removal. They are not just tools, but safe removers that prioritize your skin's comfort.",Conscience Consumer,VERY SMALL,Wipe is way too small can barely hold,8/13/2023,3.0,Yes,0,0.0,0.0,0.0,1.0,0.0473171807825565,0.1225194558501243,0.044406522065401,0.0028382479213178,0.4979541897773742,0.0729831904172897,0.2119811773300171,0.0,0.0,0.0,1.0,0.047317128628492355,0.12251941114664078,0.04440649598836899,0.00283824373036623,0.49795496463775635,0.0729832723736763,0.2119804322719574
248,248,"Medline Adhesive Remover Pads, Acetone-Free, 2-Ply, Box of 100","Experience the superior quality and effectiveness of Medline Adhesive Remover Pads, designed to provide a safe and efficient solution for removing adhesive residue from bandages and medical tapes. These 2-ply adhesive remover pads come in a box of 100. Unlike conventional adhesive removers, these pads are acetone-free. The 2-ply design of these pads not only enhances their durability but also increases their effectiveness in removing adhesive residue, ensuring a clean and residue-free skin surface. Ideal for both health care professionals and consumers, these adhesive remover pads are an essential addition to your medical cleaning supplies. Whether you're in a hospital setting or at home, these high-quality adhesive remover pads from Medline offer a convenient and effective solution for adhesive removal. They are not just tools, but safe removers that prioritize your skin's comfort.",Mike Trevenna,Bad skin reaction,I don’t have sensitive skin but broke out in a terrible rash after using these pads.,9/17/2024,1.0,Yes,0,-0.9081,0.0,0.509,0.491,0.0216282904148101,0.3680777251720428,0.4856061935424804,0.0025060472544282,0.0273407585918903,0.0854595080018043,0.0093815019354224,-0.9081,0.0,0.509,0.491,0.021628286689519882,0.3680776357650757,0.48560646176338196,0.0025060430634766817,0.02734072133898735,0.08545943349599838,0.009381488896906376
249,249,"Medline Adhesive Remover Pads, Acetone-Free, 2-Ply, Box of 100","Experience the superior quality and effectiveness of Medline Adhesive Remover Pads, designed to provide a safe and efficient solution for removing adhesive residue from bandages and medical tapes. These 2-ply adhesive remover pads come in a box of 100. Unlike conventional adhesive removers, these pads are acetone-free. The 2-ply design of these pads not only enhances their durability but also increases their effectiveness in removing adhesive residue, ensuring a clean and residue-free skin surface. Ideal for both health care professionals and consumers, these adhesive remover pads are an essential addition to your medical cleaning supplies. Whether you're in a hospital setting or at home, these high-quality adhesive remover pads from Medline offer a convenient and effective solution for adhesive removal. They are not just tools, but safe removers that prioritize your skin's comfort.",Anna,Not wet enough!,Little disappointed because I opened a couple of them so far they are very dry and the purpose is not to rub my skin to death and I ended up having to scrub anyways and I got the same product from the hospital to take probes off my chest and it works great and they were very moist it's the same company in the same brand so this is got to have something to do with being stored for too long or being old product. Do not shy away from this because of the product name but possibly just because of this dealer. So be prepared for dry pads,5/19/2022,2.0,Yes,0,0.3257,0.06,0.039,0.901,0.0071174972690641,0.0265630036592483,0.0395666807889938,0.0046663796529173,0.903484046459198,0.011148689314723,0.0074536320753395,0.3257,0.06,0.039,0.901,0.007117491215467453,0.02656298689544201,0.03956668823957443,0.0046663787215948105,0.9034842252731323,0.011148658581078053,0.007453612517565489
250,250,"Medline Adhesive Remover Pads, Acetone-Free, 2-Ply, Box of 100","Experience the superior quality and effectiveness of Medline Adhesive Remover Pads, designed to provide a safe and efficient solution for removing adhesive residue from bandages and medical tapes. These 2-ply adhesive remover pads come in a box of 100. Unlike conventional adhesive removers, these pads are acetone-free. The 2-ply design of these pads not only enhances their durability but also increases their effectiveness in removing adhesive residue, ensuring a clean and residue-free skin surface. Ideal for both health care professionals and consumers, these adhesive remover pads are an essential addition to your medical cleaning supplies. Whether you're in a hospital setting or at home, these high-quality adhesive remover pads from Medline offer a convenient and effective solution for adhesive removal. They are not just tools, but safe removers that prioritize your skin's comfort.",kyi,Allergic reaction out of nowhere?!,"I would rate this zero if I could. This product has given me some sort of allergic reaction. My skin is super sensitive, very itchy, red, bumpy, and discolored. I don't have any known allergies to anything in this product nor do I have sensitive skin. I could see having this reaction from the wipes with acetone but this is crazy.",4/24/2024,1.0,Yes,0,-0.4754,0.04,0.107,0.853,0.0992185026407241,0.5421196818351746,0.0287355221807956,0.0027554098051041,0.2154829502105713,0.065067358314991,0.0466206334531307,-0.4754,0.04,0.107,0.853,0.0992184728384018,0.5421193838119507,0.028735505416989326,0.0027554125990718603,0.2154831737279892,0.06506742537021637,0.04662064090371132
251,251,"Medline Adhesive Remover Pads, Acetone-Free, 2-Ply, Box of 100","Experience the superior quality and effectiveness of Medline Adhesive Remover Pads, designed to provide a safe and efficient solution for removing adhesive residue from bandages and medical tapes. These 2-ply adhesive remover pads come in a box of 100. Unlike conventional adhesive removers, these pads are acetone-free. The 2-ply design of these pads not only enhances their durability but also increases their effectiveness in removing adhesive residue, ensuring a clean and residue-free skin surface. Ideal for both health care professionals and consumers, these adhesive remover pads are an essential addition to your medical cleaning supplies. Whether you're in a hospital setting or at home, these high-quality adhesive remover pads from Medline offer a convenient and effective solution for adhesive removal. They are not just tools, but safe removers that prioritize your skin's comfort.",Amanda,They smell bad,"They work ok, but boy do they stink!",3/2/2023,3.0,Yes,0,-0.501,0.14,0.336,0.524,0.0292928330600261,0.9317598938941956,0.0084115089848637,0.0014302830677479,0.0140461139380931,0.0108170183375477,0.0042423093691468,-0.501,0.14,0.336,0.524,0.02929285168647766,0.9317598938941956,0.00841151736676693,0.0014302830677479506,0.014046133495867252,0.010817027650773525,0.00424231356009841
252,252,"Medline Adhesive Remover Pads, Acetone-Free, 2-Ply, Box of 100","Experience the superior quality and effectiveness of Medline Adhesive Remover Pads, designed to provide a safe and efficient solution for removing adhesive residue from bandages and medical tapes. These 2-ply adhesive remover pads come in a box of 100. Unlike conventional adhesive removers, these pads are acetone-free. The 2-ply design of these pads not only enhances their durability but also increases their effectiveness in removing adhesive residue, ensuring a clean and residue-free skin surface. Ideal for both health care professionals and consumers, these adhesive remover pads are an essential addition to your medical cleaning supplies. Whether you're in a hospital setting or at home, these high-quality adhesive remover pads from Medline offer a convenient and effective solution for adhesive removal. They are not just tools, but safe removers that prioritize your skin's comfort.",R Woods,Glue removal,The adhesive removal was to small and I had to scrub really hard to remove the glue from skin.,12/11/2022,3.0,Yes,0,-0.1761,0.0,0.091,0.909,0.0406777821481227,0.6683731079101562,0.0204645991325378,0.0018272076267749,0.1922227591276168,0.0590436160564422,0.0173908863216638,-0.1761,0.0,0.091,0.909,0.0406777486205101,0.6683732271194458,0.020464599132537842,0.0018272062297910452,0.19222253561019897,0.05904369801282883,0.017390886321663857
253,253,"Medline Adhesive Remover Pads, Acetone-Free, 2-Ply, Box of 100","Experience the superior quality and effectiveness of Medline Adhesive Remover Pads, designed to provide a safe and efficient solution for removing adhesive residue from bandages and medical tapes. These 2-ply adhesive remover pads come in a box of 100. Unlike conventional adhesive removers, these pads are acetone-free. The 2-ply design of these pads not only enhances their durability but also increases their effectiveness in removing adhesive residue, ensuring a clean and residue-free skin surface. Ideal for both health care professionals and consumers, these adhesive remover pads are an essential addition to your medical cleaning supplies. Whether you're in a hospital setting or at home, these high-quality adhesive remover pads from Medline offer a convenient and effective solution for adhesive removal. They are not just tools, but safe removers that prioritize your skin's comfort.",Shasha,Not effective,These teeny wipes are too small and dry to do the job. I use a closed pouch system and it takes many of these pads to even get started. Hollister is expensive but one does the job of 4-5 of the med lines.,4/26/2024,1.0,Yes,0,0.0,0.0,0.0,1.0,0.0096095949411392,0.0785635039210319,0.0029635194223374,0.004216646309942,0.8480902910232544,0.0303990039974451,0.0261573288589715,0.0,0.0,0.0,1.0,0.009609605185687542,0.07856373488903046,0.0029635243117809296,0.0042166453786194324,0.8480901122093201,0.030399035662412643,0.026157354936003685
254,254,"Medline Adhesive Remover Pads, Acetone-Free, 2-Ply, Box of 100","Experience the superior quality and effectiveness of Medline Adhesive Remover Pads, designed to provide a safe and efficient solution for removing adhesive residue from bandages and medical tapes. These 2-ply adhesive remover pads come in a box of 100. Unlike conventional adhesive removers, these pads are acetone-free. The 2-ply design of these pads not only enhances their durability but also increases their effectiveness in removing adhesive residue, ensuring a clean and residue-free skin surface. Ideal for both health care professionals and consumers, these adhesive remover pads are an essential addition to your medical cleaning supplies. Whether you're in a hospital setting or at home, these high-quality adhesive remover pads from Medline offer a convenient and effective solution for adhesive removal. They are not just tools, but safe removers that prioritize your skin's comfort.",Angel Murdock,Doesn't work,"The wipes are very dry and to remove 1 adhesive patch, it required 6 wipes.",10/31/2023,2.0,Yes,0,0.0,0.0,0.0,1.0,0.0129595221951603,0.1747331470251083,0.003859648713842,0.0044278022833168,0.7028745412826538,0.0784019529819488,0.0227434169501066,0.0,0.0,0.0,1.0,0.012959503568708897,0.174732968211174,0.003859645454213023,0.004427802748978138,0.7028746008872986,0.0784020945429802,0.02274341881275177
255,255,"Medline Adhesive Remover Pads, Acetone-Free, 2-Ply, Box of 100","Experience the superior quality and effectiveness of Medline Adhesive Remover Pads, designed to provide a safe and efficient solution for removing adhesive residue from bandages and medical tapes. These 2-ply adhesive remover pads come in a box of 100. Unlike conventional adhesive removers, these pads are acetone-free. The 2-ply design of these pads not only enhances their durability but also increases their effectiveness in removing adhesive residue, ensuring a clean and residue-free skin surface. Ideal for both health care professionals and consumers, these adhesive remover pads are an essential addition to your medical cleaning supplies. Whether you're in a hospital setting or at home, these high-quality adhesive remover pads from Medline offer a convenient and effective solution for adhesive removal. They are not just tools, but safe removers that prioritize your skin's comfort.",LRo3,Don’t Work At All,These single use wipes absolutely do not remove much adhesive from skin. I used 3 and it hardly made a dent. They dried out before they even covered much of the area. I still have adhesive on my skin. I’ll have to find a different product. What a waste of money!,3/13/2024,1.0,Yes,2,-0.4753,0.0,0.066,0.934,0.1280790567398071,0.637772262096405,0.005921178497374,0.0020820295903831,0.063097558915615,0.0441877096891403,0.1188602223992347,-0.4753,0.0,0.066,0.934,0.12807922065258026,0.6377725005149841,0.005921172443777323,0.002082024235278368,0.06309744715690613,0.044187743216753006,0.11886001378297806
256,256,"Medline Adhesive Remover Pads, Acetone-Free, 2-Ply, Box of 100","Experience the superior quality and effectiveness of Medline Adhesive Remover Pads, designed to provide a safe and efficient solution for removing adhesive residue from bandages and medical tapes. These 2-ply adhesive remover pads come in a box of 100. Unlike conventional adhesive removers, these pads are acetone-free. The 2-ply design of these pads not only enhances their durability but also increases their effectiveness in removing adhesive residue, ensuring a clean and residue-free skin surface. Ideal for both health care professionals and consumers, these adhesive remover pads are an essential addition to your medical cleaning supplies. Whether you're in a hospital setting or at home, these high-quality adhesive remover pads from Medline offer a convenient and effective solution for adhesive removal. They are not just tools, but safe removers that prioritize your skin's comfort.",Gloria Hayes,Adhesive or what,Dislike that it didn’t remove adhesive.  Perhaps I waited too long.  But hospitals don’t like to provide this product.  I guess I will have to add it as an allergy.  As weeks later it looks like a tattoo and the adhesive did not work.,12/30/2022,2.0,Yes,0,0.6908,0.143,0.04,0.817,0.028187533840537,0.1325746476650238,0.0555893704295158,0.003891788655892,0.2905618846416473,0.4366005957126617,0.0525941625237464,0.6908,0.143,0.04,0.817,0.028187567368149757,0.13257497549057007,0.05558943375945091,0.0038917846977710724,0.29056161642074585,0.43660059571266174,0.052594106644392014
257,257,"Medline Adhesive Remover Pads, Acetone-Free, 2-Ply, Box of 100","Experience the superior quality and effectiveness of Medline Adhesive Remover Pads, designed to provide a safe and efficient solution for removing adhesive residue from bandages and medical tapes. These 2-ply adhesive remover pads come in a box of 100. Unlike conventional adhesive removers, these pads are acetone-free. The 2-ply design of these pads not only enhances their durability but also increases their effectiveness in removing adhesive residue, ensuring a clean and residue-free skin surface. Ideal for both health care professionals and consumers, these adhesive remover pads are an essential addition to your medical cleaning supplies. Whether you're in a hospital setting or at home, these high-quality adhesive remover pads from Medline offer a convenient and effective solution for adhesive removal. They are not just tools, but safe removers that prioritize your skin's comfort.",Robwhite1181,Problems with adhesive removal pads.,"The adhesive/tape removal melts the glue off of the back of the wound tape, and the glue is left behind on your skin.  It’s very difficult to get the melted tape backing off of your skin around the injury/wound.",8/2/2022,2.0,Yes,0,-0.4005,0.027,0.068,0.905,0.0510490164160728,0.2877719402313232,0.0617974027991294,0.0039998888969421,0.4661392271518707,0.1017058193683624,0.0275367945432662,-0.4005,0.027,0.068,0.905,0.051049038767814636,0.28777194023132324,0.06179741770029068,0.003999886568635702,0.46613916754722595,0.10170577466487885,0.027536790817975998
258,258,"Medline Adhesive Remover Pads, Acetone-Free, 2-Ply, Box of 100","Experience the superior quality and effectiveness of Medline Adhesive Remover Pads, designed to provide a safe and efficient solution for removing adhesive residue from bandages and medical tapes. These 2-ply adhesive remover pads come in a box of 100. Unlike conventional adhesive removers, these pads are acetone-free. The 2-ply design of these pads not only enhances their durability but also increases their effectiveness in removing adhesive residue, ensuring a clean and residue-free skin surface. Ideal for both health care professionals and consumers, these adhesive remover pads are an essential addition to your medical cleaning supplies. Whether you're in a hospital setting or at home, these high-quality adhesive remover pads from Medline offer a convenient and effective solution for adhesive removal. They are not just tools, but safe removers that prioritize your skin's comfort.",Sydney,Skin irritant,This product smells bad and leaves the skin sticky and greasy.,9/18/2023,2.0,Yes,0,-0.5423,0.0,0.259,0.741,0.0052705546841025,0.9708652496337892,0.0035405016969889,0.0005291715497151,0.0100082829594612,0.0091528827324509,0.0006334486533887,-0.5423,0.0,0.259,0.741,0.005270557478070259,0.9708652496337891,0.003540505189448595,0.0005291718407534063,0.010008292272686958,0.009152887389063835,0.000633449584711343
259,259,"Medline Adhesive Remover Pads, Acetone-Free, 2-Ply, Box of 100","Experience the superior quality and effectiveness of Medline Adhesive Remover Pads, designed to provide a safe and efficient solution for removing adhesive residue from bandages and medical tapes. These 2-ply adhesive remover pads come in a box of 100. Unlike conventional adhesive removers, these pads are acetone-free. The 2-ply design of these pads not only enhances their durability but also increases their effectiveness in removing adhesive residue, ensuring a clean and residue-free skin surface. Ideal for both health care professionals and consumers, these adhesive remover pads are an essential addition to your medical cleaning supplies. Whether you're in a hospital setting or at home, these high-quality adhesive remover pads from Medline offer a convenient and effective solution for adhesive removal. They are not just tools, but safe removers that prioritize your skin's comfort.",Amazon Customer,Allergy reaction,"I got my product yesterday 12/29/23 and used it at night. Later that night all I feel itchy around the area where I wiped it. It’s already 4:47 am of 12/30/23 woken up by how itchy it got, so got up and washed it.",12/30/2023,1.0,Yes,2,-0.4939,0.0,0.097,0.903,0.0196388568729162,0.0769108310341835,0.0285060424357652,0.0100762024521827,0.1873605698347091,0.6406192779541016,0.0368881300091743,-0.4939,0.0,0.097,0.903,0.019638855010271072,0.07691074907779694,0.028506040573120117,0.010076206177473068,0.1873605102300644,0.6406195163726807,0.036888107657432556
260,260,"Medline Adhesive Remover Pads, Acetone-Free, 2-Ply, Box of 100","Experience the superior quality and effectiveness of Medline Adhesive Remover Pads, designed to provide a safe and efficient solution for removing adhesive residue from bandages and medical tapes. These 2-ply adhesive remover pads come in a box of 100. Unlike conventional adhesive removers, these pads are acetone-free. The 2-ply design of these pads not only enhances their durability but also increases their effectiveness in removing adhesive residue, ensuring a clean and residue-free skin surface. Ideal for both health care professionals and consumers, these adhesive remover pads are an essential addition to your medical cleaning supplies. Whether you're in a hospital setting or at home, these high-quality adhesive remover pads from Medline offer a convenient and effective solution for adhesive removal. They are not just tools, but safe removers that prioritize your skin's comfort.",Don Putnam,Rediculously tiny pads,Tiny Tiny little pads.,5/24/2024,1.0,Yes,0,0.0,0.0,0.0,1.0,0.0175809524953365,0.0270559322088956,0.0037864753976464,0.0249712131917476,0.7799156308174133,0.0428126826882362,0.1038770824670791,0.0,0.0,0.0,1.0,0.017580950632691383,0.0270558949559927,0.003786469576880336,0.024971190840005875,0.7799156904220581,0.042812686413526535,0.10387712717056274
261,261,"Medline Adhesive Remover Pads, Acetone-Free, 2-Ply, Box of 100","Experience the superior quality and effectiveness of Medline Adhesive Remover Pads, designed to provide a safe and efficient solution for removing adhesive residue from bandages and medical tapes. These 2-ply adhesive remover pads come in a box of 100. Unlike conventional adhesive removers, these pads are acetone-free. The 2-ply design of these pads not only enhances their durability but also increases their effectiveness in removing adhesive residue, ensuring a clean and residue-free skin surface. Ideal for both health care professionals and consumers, these adhesive remover pads are an essential addition to your medical cleaning supplies. Whether you're in a hospital setting or at home, these high-quality adhesive remover pads from Medline offer a convenient and effective solution for adhesive removal. They are not just tools, but safe removers that prioritize your skin's comfort.",Vol Fan,Works well but be cautious if you have sensitive skin,"Works well to remove adhesive from tape left on skin.  However, the chemicals in the remover seem to cause more irritation than the tape adhesive for me.  I had to quit using them everyday.  I have not tried using less frequently to see if same effect occurs.",3/21/2017,3.0,Yes,0,-0.3597,0.043,0.074,0.883,0.5434296727180481,0.0620374828577041,0.0134751349687576,0.0076569379307329,0.196201890707016,0.1650575697422027,0.0121412342414259,-0.3597,0.043,0.074,0.883,0.5434290766716003,0.062037624418735504,0.013475136831402779,0.0076569486409425735,0.19620230793952942,0.16505759954452515,0.012141268700361252
262,262,"Medline Adhesive Remover Pads, Acetone-Free, 2-Ply, Box of 100","Experience the superior quality and effectiveness of Medline Adhesive Remover Pads, designed to provide a safe and efficient solution for removing adhesive residue from bandages and medical tapes. These 2-ply adhesive remover pads come in a box of 100. Unlike conventional adhesive removers, these pads are acetone-free. The 2-ply design of these pads not only enhances their durability but also increases their effectiveness in removing adhesive residue, ensuring a clean and residue-free skin surface. Ideal for both health care professionals and consumers, these adhesive remover pads are an essential addition to your medical cleaning supplies. Whether you're in a hospital setting or at home, these high-quality adhesive remover pads from Medline offer a convenient and effective solution for adhesive removal. They are not just tools, but safe removers that prioritize your skin's comfort.",Amazon Customer,TOO Tiny,This product is too tiny to do any good. It does not even fit in a 7 year old hand to use successfully.,1/17/2023,2.0,Yes,0,0.8014,0.327,0.074,0.598,0.0319514721632003,0.3803958594799042,0.0079042771831154,0.0026957353111356,0.4650604724884033,0.0494957230985164,0.0624964796006679,0.8014,0.327,0.074,0.598,0.031951457262039185,0.3803953528404236,0.007904278114438057,0.0026957348454743624,0.46506091952323914,0.04949574917554855,0.06249646469950676
263,263,"Medline Adhesive Remover Pads, Acetone-Free, 2-Ply, Box of 100","Experience the superior quality and effectiveness of Medline Adhesive Remover Pads, designed to provide a safe and efficient solution for removing adhesive residue from bandages and medical tapes. These 2-ply adhesive remover pads come in a box of 100. Unlike conventional adhesive removers, these pads are acetone-free. The 2-ply design of these pads not only enhances their durability but also increases their effectiveness in removing adhesive residue, ensuring a clean and residue-free skin surface. Ideal for both health care professionals and consumers, these adhesive remover pads are an essential addition to your medical cleaning supplies. Whether you're in a hospital setting or at home, these high-quality adhesive remover pads from Medline offer a convenient and effective solution for adhesive removal. They are not just tools, but safe removers that prioritize your skin's comfort.",sdavis1209,Poor quality,Remover causes adhesive to melt and become sticky and melt to the skin.,3/10/2024,1.0,Yes,2,0.0,0.0,0.0,1.0,0.0432352907955646,0.8154789805412292,0.0149104576557874,0.0018520537996664,0.1034833490848541,0.0171233229339122,0.0039164475165307,0.0,0.0,0.0,1.0,0.04323530197143555,0.8154789805412292,0.014910444617271423,0.0018520537996664643,0.10348339378833771,0.017123328521847725,0.003916440065950155
264,264,"Medline Adhesive Remover Pads, Acetone-Free, 2-Ply, Box of 100","Experience the superior quality and effectiveness of Medline Adhesive Remover Pads, designed to provide a safe and efficient solution for removing adhesive residue from bandages and medical tapes. These 2-ply adhesive remover pads come in a box of 100. Unlike conventional adhesive removers, these pads are acetone-free. The 2-ply design of these pads not only enhances their durability but also increases their effectiveness in removing adhesive residue, ensuring a clean and residue-free skin surface. Ideal for both health care professionals and consumers, these adhesive remover pads are an essential addition to your medical cleaning supplies. Whether you're in a hospital setting or at home, these high-quality adhesive remover pads from Medline offer a convenient and effective solution for adhesive removal. They are not just tools, but safe removers that prioritize your skin's comfort.",robynseggblue,Poor Performance,"I've found these adhesive remover pads to be very inadequate in helping to work bandages loose from around an incision; I'm going to have to find out what brand the hospital uses and get that. I'd have given the pads only one star except that I've found them somewhat useful in removing old, sticky label gunk from various items; at that, I don't think they perform well and it seems like it takes more of them than should be necessary. I wouldn't recommend them for a medical issue that requires daily attention.",8/19/2017,2.0,Yes,2,0.3111,0.098,0.075,0.828,0.0128627512603998,0.0778841450810432,0.0095971301198005,0.0020334189757704,0.8403728604316711,0.0423520654439926,0.0148976054042577,0.3111,0.098,0.075,0.828,0.012862755917012691,0.07788421213626862,0.009597119875252247,0.0020334129221737385,0.8403728008270264,0.04235206916928291,0.014897589571774006
265,265,"Medline Adhesive Remover Pads, Acetone-Free, 2-Ply, Box of 100","Experience the superior quality and effectiveness of Medline Adhesive Remover Pads, designed to provide a safe and efficient solution for removing adhesive residue from bandages and medical tapes. These 2-ply adhesive remover pads come in a box of 100. Unlike conventional adhesive removers, these pads are acetone-free. The 2-ply design of these pads not only enhances their durability but also increases their effectiveness in removing adhesive residue, ensuring a clean and residue-free skin surface. Ideal for both health care professionals and consumers, these adhesive remover pads are an essential addition to your medical cleaning supplies. Whether you're in a hospital setting or at home, these high-quality adhesive remover pads from Medline offer a convenient and effective solution for adhesive removal. They are not just tools, but safe removers that prioritize your skin's comfort.",Amazon Customer,Dried up,These were dried up and completely useless.  Did not work at all because they were just dried up pieces of paper.,2/3/2024,1.0,Yes,0,-0.4754,0.0,0.134,0.866,0.1090283319354057,0.5103065967559814,0.01038384065032,0.0034829599317163,0.2403538823127746,0.0847831517457962,0.0416612438857555,-0.4754,0.0,0.134,0.866,0.10902838408946991,0.5103067755699158,0.010383841581642628,0.0034829676151275635,0.24035364389419556,0.08478313684463501,0.04166126996278763
266,266,"Medline Adhesive Remover Pads, Acetone-Free, 2-Ply, Box of 100","Experience the superior quality and effectiveness of Medline Adhesive Remover Pads, designed to provide a safe and efficient solution for removing adhesive residue from bandages and medical tapes. These 2-ply adhesive remover pads come in a box of 100. Unlike conventional adhesive removers, these pads are acetone-free. The 2-ply design of these pads not only enhances their durability but also increases their effectiveness in removing adhesive residue, ensuring a clean and residue-free skin surface. Ideal for both health care professionals and consumers, these adhesive remover pads are an essential addition to your medical cleaning supplies. Whether you're in a hospital setting or at home, these high-quality adhesive remover pads from Medline offer a convenient and effective solution for adhesive removal. They are not just tools, but safe removers that prioritize your skin's comfort.",Quailene,Useless,These pads were totally dry right out of the package and completely useless. We tried several of the pads in case we got a bum one but every one we tried was already dried out. We still tried to use them but they didn’t work at all.  Very disappointed.,8/12/2023,1.0,Yes,0,-0.7674,0.0,0.126,0.874,0.0257338862866163,0.0522301197052001,0.0042529148049652,0.0028432374820113,0.0555552765727043,0.7868396639823914,0.0725448429584503,-0.7674,0.0,0.126,0.874,0.02573392540216446,0.052230291068553925,0.004252916667610407,0.002843243535608053,0.05555541440844536,0.7868391871452332,0.07254496961832047
267,267,"Medline Adhesive Remover Pads, Acetone-Free, 2-Ply, Box of 100","Experience the superior quality and effectiveness of Medline Adhesive Remover Pads, designed to provide a safe and efficient solution for removing adhesive residue from bandages and medical tapes. These 2-ply adhesive remover pads come in a box of 100. Unlike conventional adhesive removers, these pads are acetone-free. The 2-ply design of these pads not only enhances their durability but also increases their effectiveness in removing adhesive residue, ensuring a clean and residue-free skin surface. Ideal for both health care professionals and consumers, these adhesive remover pads are an essential addition to your medical cleaning supplies. Whether you're in a hospital setting or at home, these high-quality adhesive remover pads from Medline offer a convenient and effective solution for adhesive removal. They are not just tools, but safe removers that prioritize your skin's comfort.",Ed G,Stinks!,"Literally, these smell very bad.  And, they don't remove adhesive much better than just water and soap.",2/20/2024,1.0,Yes,2,-0.2247,0.134,0.175,0.691,0.0072005577385425,0.9431076645851136,0.0144713362678885,0.0007277748081833,0.019852751865983,0.0127559872344136,0.0018840775592252,-0.2247,0.134,0.175,0.691,0.007200554478913546,0.9431076645851135,0.014471328817307949,0.0007277744589373469,0.019852731376886368,0.012755987234413624,0.0018840765114873648
268,268,"Medline Adhesive Remover Pads, Acetone-Free, 2-Ply, Box of 100","Experience the superior quality and effectiveness of Medline Adhesive Remover Pads, designed to provide a safe and efficient solution for removing adhesive residue from bandages and medical tapes. These 2-ply adhesive remover pads come in a box of 100. Unlike conventional adhesive removers, these pads are acetone-free. The 2-ply design of these pads not only enhances their durability but also increases their effectiveness in removing adhesive residue, ensuring a clean and residue-free skin surface. Ideal for both health care professionals and consumers, these adhesive remover pads are an essential addition to your medical cleaning supplies. Whether you're in a hospital setting or at home, these high-quality adhesive remover pads from Medline offer a convenient and effective solution for adhesive removal. They are not just tools, but safe removers that prioritize your skin's comfort.",Raine,A Waste of Money,"It’s tiny, flimsy, and leaves behind an oily substance.  It’s also not very effective.  It took a lot of pressure and scrubbing to remove the adhesive.",11/24/2023,1.0,Yes,0,-0.6086,0.0,0.178,0.822,0.0082194320857524,0.8263648152351379,0.0145455189049243,0.0018841098062694,0.1119193136692047,0.0346379354596138,0.0024288499262183,-0.6086,0.0,0.178,0.822,0.008219442330300808,0.8263645768165588,0.014545534737408161,0.0018841108540073037,0.11191944032907486,0.03463798761367798,0.002428851556032896
269,269,"Medline Adhesive Remover Pads, Acetone-Free, 2-Ply, Box of 100","Experience the superior quality and effectiveness of Medline Adhesive Remover Pads, designed to provide a safe and efficient solution for removing adhesive residue from bandages and medical tapes. These 2-ply adhesive remover pads come in a box of 100. Unlike conventional adhesive removers, these pads are acetone-free. The 2-ply design of these pads not only enhances their durability but also increases their effectiveness in removing adhesive residue, ensuring a clean and residue-free skin surface. Ideal for both health care professionals and consumers, these adhesive remover pads are an essential addition to your medical cleaning supplies. Whether you're in a hospital setting or at home, these high-quality adhesive remover pads from Medline offer a convenient and effective solution for adhesive removal. They are not just tools, but safe removers that prioritize your skin's comfort.",Kate,Very dry,"Not very moist with remover, did not help in removing adhesive, would have to use three to four just to get an omnipod device off. Returned.",10/30/2023,1.0,Yes,0,-0.3089,0.0,0.083,0.917,0.0124219357967376,0.1191601529717445,0.0044231093488633,0.0038396918680518,0.8168544173240662,0.0236814152449369,0.0196192115545272,-0.3089,0.0,0.083,0.917,0.012421936728060246,0.11916009336709976,0.004423105623573065,0.003839694196358323,0.8168544769287109,0.02368137799203396,0.01961921714246273
270,270,"Medline Adhesive Remover Pads, Acetone-Free, 2-Ply, Box of 100","Experience the superior quality and effectiveness of Medline Adhesive Remover Pads, designed to provide a safe and efficient solution for removing adhesive residue from bandages and medical tapes. These 2-ply adhesive remover pads come in a box of 100. Unlike conventional adhesive removers, these pads are acetone-free. The 2-ply design of these pads not only enhances their durability but also increases their effectiveness in removing adhesive residue, ensuring a clean and residue-free skin surface. Ideal for both health care professionals and consumers, these adhesive remover pads are an essential addition to your medical cleaning supplies. Whether you're in a hospital setting or at home, these high-quality adhesive remover pads from Medline offer a convenient and effective solution for adhesive removal. They are not just tools, but safe removers that prioritize your skin's comfort.",Sunflower89,Arrived mangled,The box arrived with one end completely torn off and the side was nearly split open.  This is absolutely unacceptable for medical supplies.,8/7/2022,2.0,Yes,0,-0.6794,0.0,0.21,0.79,0.1112506389617919,0.7634454369544983,0.0328777097165584,0.0007806981448084,0.0383198261260986,0.0335586331784725,0.019766978919506,-0.6794,0.0,0.21,0.79,0.1112508475780487,0.7634454369544983,0.03287769481539726,0.0007806973299011588,0.03831973671913147,0.03355858847498894,0.019766928628087044
271,271,"Medline Adhesive Remover Pads, Acetone-Free, 2-Ply, Box of 100","Experience the superior quality and effectiveness of Medline Adhesive Remover Pads, designed to provide a safe and efficient solution for removing adhesive residue from bandages and medical tapes. These 2-ply adhesive remover pads come in a box of 100. Unlike conventional adhesive removers, these pads are acetone-free. The 2-ply design of these pads not only enhances their durability but also increases their effectiveness in removing adhesive residue, ensuring a clean and residue-free skin surface. Ideal for both health care professionals and consumers, these adhesive remover pads are an essential addition to your medical cleaning supplies. Whether you're in a hospital setting or at home, these high-quality adhesive remover pads from Medline offer a convenient and effective solution for adhesive removal. They are not just tools, but safe removers that prioritize your skin's comfort.",Steven Sacco,Not the best,"Use it for dexcom and omnipod removal, I wanted to try other brands to find the best value. This one we’d end up using double the amount than other wipes, so it ended up not saving money. I personally wouldn’t buy again, it would work well for less sticky things, but not dexcom and omnipods.",1/12/2023,1.0,Yes,0,0.5927,0.105,0.0,0.895,0.0132156498730182,0.0487089343369007,0.0026638193521648,0.0041629923507571,0.8589555621147156,0.0508383177220821,0.0214547254145145,0.5927,0.105,0.0,0.895,0.013215656392276287,0.04870891943573952,0.0026638193521648645,0.004162996541708708,0.8589555621147156,0.050838299095630646,0.02145472541451454
272,272,"Medline Adhesive Remover Pads, Acetone-Free, 2-Ply, Box of 100","Experience the superior quality and effectiveness of Medline Adhesive Remover Pads, designed to provide a safe and efficient solution for removing adhesive residue from bandages and medical tapes. These 2-ply adhesive remover pads come in a box of 100. Unlike conventional adhesive removers, these pads are acetone-free. The 2-ply design of these pads not only enhances their durability but also increases their effectiveness in removing adhesive residue, ensuring a clean and residue-free skin surface. Ideal for both health care professionals and consumers, these adhesive remover pads are an essential addition to your medical cleaning supplies. Whether you're in a hospital setting or at home, these high-quality adhesive remover pads from Medline offer a convenient and effective solution for adhesive removal. They are not just tools, but safe removers that prioritize your skin's comfort.",TK604,Shorted me 10 pads,"The problem I had, is they shorted me 10.  I know that isn't a lot, but if I pay for 100 I expect 100",2/25/2018,3.0,Yes,0,-0.3506,0.0,0.169,0.831,0.0259620882570743,0.0120279854163527,0.0063844695687294,0.0072848852723836,0.6435378789901733,0.0899032428860664,0.214899405837059,-0.3506,0.0,0.169,0.831,0.02596210315823555,0.012028004974126816,0.006384465843439102,0.007284887600690126,0.6435381174087524,0.08990314602851868,0.21489925682544708
273,273,"Medline Adhesive Remover Pads, Acetone-Free, 2-Ply, Box of 100","Experience the superior quality and effectiveness of Medline Adhesive Remover Pads, designed to provide a safe and efficient solution for removing adhesive residue from bandages and medical tapes. These 2-ply adhesive remover pads come in a box of 100. Unlike conventional adhesive removers, these pads are acetone-free. The 2-ply design of these pads not only enhances their durability but also increases their effectiveness in removing adhesive residue, ensuring a clean and residue-free skin surface. Ideal for both health care professionals and consumers, these adhesive remover pads are an essential addition to your medical cleaning supplies. Whether you're in a hospital setting or at home, these high-quality adhesive remover pads from Medline offer a convenient and effective solution for adhesive removal. They are not just tools, but safe removers that prioritize your skin's comfort.",Cindy Coffey,Make sure you know the size.,I liked the fact that they were reasonably  priced. I did not like an was not expecting them to be so small.,5/15/2018,3.0,Yes,0,0.1754,0.122,0.092,0.786,0.0026368643157184,0.0055162911303341,0.0010504636447876,0.9594931602478028,0.0093472562730312,0.0032950635068118,0.0186608377844095,0.1754,0.122,0.092,0.786,0.002636861987411976,0.005516280420124531,0.0010504642268642783,0.9594932794570923,0.009347225539386272,0.0032950560562312603,0.01866082102060318
274,274,"Medline Adhesive Remover Pads, Acetone-Free, 2-Ply, Box of 100","Experience the superior quality and effectiveness of Medline Adhesive Remover Pads, designed to provide a safe and efficient solution for removing adhesive residue from bandages and medical tapes. These 2-ply adhesive remover pads come in a box of 100. Unlike conventional adhesive removers, these pads are acetone-free. The 2-ply design of these pads not only enhances their durability but also increases their effectiveness in removing adhesive residue, ensuring a clean and residue-free skin surface. Ideal for both health care professionals and consumers, these adhesive remover pads are an essential addition to your medical cleaning supplies. Whether you're in a hospital setting or at home, these high-quality adhesive remover pads from Medline offer a convenient and effective solution for adhesive removal. They are not just tools, but safe removers that prioritize your skin's comfort.",Barbara,Painfully slow,Take forever to take glue off,3/29/2021,3.0,Yes,0,0.0,0.0,0.0,1.0,0.0169406998902559,0.0073417304083704,0.0021695492323487,0.0042353263124823,0.9369561672210692,0.0144858388230204,0.0178706422448158,0.0,0.0,0.0,1.0,0.016940655186772346,0.007341709453612566,0.002169542945921421,0.004235332831740379,0.9369562864303589,0.014485818333923817,0.017870649695396423
275,275,"Medline Adhesive Remover Pads, Acetone-Free, 2-Ply, Box of 100","Experience the superior quality and effectiveness of Medline Adhesive Remover Pads, designed to provide a safe and efficient solution for removing adhesive residue from bandages and medical tapes. These 2-ply adhesive remover pads come in a box of 100. Unlike conventional adhesive removers, these pads are acetone-free. The 2-ply design of these pads not only enhances their durability but also increases their effectiveness in removing adhesive residue, ensuring a clean and residue-free skin surface. Ideal for both health care professionals and consumers, these adhesive remover pads are an essential addition to your medical cleaning supplies. Whether you're in a hospital setting or at home, these high-quality adhesive remover pads from Medline offer a convenient and effective solution for adhesive removal. They are not just tools, but safe removers that prioritize your skin's comfort.",Estarianne,Not the best,"I have used these and PDI adhesive remover pads.These have a larger,  thicker pad and less solvent scent,  but they just aren't as effective as the PDI.  I find I have to scrub quite a but to get the adhesive off.",1/27/2015,3.0,Yes,0,-0.5157,0.0,0.087,0.913,0.0337648950517177,0.2005305886268615,0.0125141479074954,0.0092181805521249,0.6242058277130127,0.0907218679785728,0.0290445275604724,-0.5157,0.0,0.087,0.913,0.03376489132642746,0.20053057372570038,0.012514165602624416,0.009218184277415276,0.6242057681083679,0.09072189033031464,0.029044559225440025
276,276,"Medline Adhesive Remover Pads, Acetone-Free, 2-Ply, Box of 100","Experience the superior quality and effectiveness of Medline Adhesive Remover Pads, designed to provide a safe and efficient solution for removing adhesive residue from bandages and medical tapes. These 2-ply adhesive remover pads come in a box of 100. Unlike conventional adhesive removers, these pads are acetone-free. The 2-ply design of these pads not only enhances their durability but also increases their effectiveness in removing adhesive residue, ensuring a clean and residue-free skin surface. Ideal for both health care professionals and consumers, these adhesive remover pads are an essential addition to your medical cleaning supplies. Whether you're in a hospital setting or at home, these high-quality adhesive remover pads from Medline offer a convenient and effective solution for adhesive removal. They are not just tools, but safe removers that prioritize your skin's comfort.",The Good Whyfe,Not the best,Requires a lot of rubbing which is hard to do because the pads are so little.,3/6/2018,3.0,Yes,0,-0.1027,0.0,0.091,0.909,0.014039990492165,0.1956958919763565,0.0189673695713281,0.0049750725738704,0.5270417928695679,0.1832520216703415,0.0560279004275798,-0.1027,0.0,0.091,0.909,0.014039985835552216,0.1956959068775177,0.018967365846037865,0.0049750832840800285,0.5270419120788574,0.18325188755989075,0.05602789670228958
277,277,"Medline Adhesive Remover Pads, Acetone-Free, 2-Ply, Box of 100","Experience the superior quality and effectiveness of Medline Adhesive Remover Pads, designed to provide a safe and efficient solution for removing adhesive residue from bandages and medical tapes. These 2-ply adhesive remover pads come in a box of 100. Unlike conventional adhesive removers, these pads are acetone-free. The 2-ply design of these pads not only enhances their durability but also increases their effectiveness in removing adhesive residue, ensuring a clean and residue-free skin surface. Ideal for both health care professionals and consumers, these adhesive remover pads are an essential addition to your medical cleaning supplies. Whether you're in a hospital setting or at home, these high-quality adhesive remover pads from Medline offer a convenient and effective solution for adhesive removal. They are not just tools, but safe removers that prioritize your skin's comfort.",Beverly,Delivered in bad condition and unusable,"The product was delivered by USPS in a soft envelope.  The box of pads was smashed.  The pads inside were still intact, but almost completely dry when I attempted to use them.  Overall, a waste of time and money.  I don't know if the problem is specific to this vendor or if the product is simply bad.",6/21/2022,1.0,Yes,0,-0.9118,0.022,0.192,0.785,0.1642440557479858,0.2858219146728515,0.0137086510658264,0.0044765947386622,0.0976832434535026,0.3230680227279663,0.1109975576400756,-0.9118,0.022,0.192,0.785,0.16424433887004852,0.2858221232891083,0.01370866596698761,0.004476599860936403,0.09768335521221161,0.32306745648384094,0.11099747568368912
278,278,"Medline Adhesive Remover Pads, Acetone-Free, 2-Ply, Box of 100","Experience the superior quality and effectiveness of Medline Adhesive Remover Pads, designed to provide a safe and efficient solution for removing adhesive residue from bandages and medical tapes. These 2-ply adhesive remover pads come in a box of 100. Unlike conventional adhesive removers, these pads are acetone-free. The 2-ply design of these pads not only enhances their durability but also increases their effectiveness in removing adhesive residue, ensuring a clean and residue-free skin surface. Ideal for both health care professionals and consumers, these adhesive remover pads are an essential addition to your medical cleaning supplies. Whether you're in a hospital setting or at home, these high-quality adhesive remover pads from Medline offer a convenient and effective solution for adhesive removal. They are not just tools, but safe removers that prioritize your skin's comfort.",shelly,"Stick with alcohol pads, they work.",Will not take adhesive residue off left from dressings. Better off using alcohol pads.,11/5/2023,1.0,Yes,0,0.4404,0.182,0.0,0.818,0.0274348631501197,0.3534645736217499,0.0100683141499757,0.0045930119231343,0.5805628895759583,0.0179566964507102,0.005919590126723,0.4404,0.182,0.0,0.818,0.027434837073087692,0.3534647226333618,0.010068305768072605,0.004593008663505316,0.5805628299713135,0.0179566852748394,0.0059195831418037415
279,279,"Medline Adhesive Remover Pads, Acetone-Free, 2-Ply, Box of 100","Experience the superior quality and effectiveness of Medline Adhesive Remover Pads, designed to provide a safe and efficient solution for removing adhesive residue from bandages and medical tapes. These 2-ply adhesive remover pads come in a box of 100. Unlike conventional adhesive removers, these pads are acetone-free. The 2-ply design of these pads not only enhances their durability but also increases their effectiveness in removing adhesive residue, ensuring a clean and residue-free skin surface. Ideal for both health care professionals and consumers, these adhesive remover pads are an essential addition to your medical cleaning supplies. Whether you're in a hospital setting or at home, these high-quality adhesive remover pads from Medline offer a convenient and effective solution for adhesive removal. They are not just tools, but safe removers that prioritize your skin's comfort.",Amazon Customer,disappointed in the size,"disappointed in the size, very small and you have to use several for the product to work properly, it should be made in lager size.",3/25/2016,3.0,Yes,0,-0.4767,0.0,0.114,0.886,0.0026710124220699,0.0094367414712905,0.0010349347721785,0.0030168122611939,0.0209011174738407,0.9262108206748962,0.0367284752428531,-0.4767,0.0,0.114,0.886,0.002671013819053769,0.00943676009774208,0.0010349368676543236,0.003016815287992358,0.02090114913880825,0.9262108206748962,0.03672856092453003
280,280,"Medline Adhesive Remover Pads, Acetone-Free, 2-Ply, Box of 100","Experience the superior quality and effectiveness of Medline Adhesive Remover Pads, designed to provide a safe and efficient solution for removing adhesive residue from bandages and medical tapes. These 2-ply adhesive remover pads come in a box of 100. Unlike conventional adhesive removers, these pads are acetone-free. The 2-ply design of these pads not only enhances their durability but also increases their effectiveness in removing adhesive residue, ensuring a clean and residue-free skin surface. Ideal for both health care professionals and consumers, these adhesive remover pads are an essential addition to your medical cleaning supplies. Whether you're in a hospital setting or at home, these high-quality adhesive remover pads from Medline offer a convenient and effective solution for adhesive removal. They are not just tools, but safe removers that prioritize your skin's comfort.",Melissa M,Too small to be good,Work ok but way too small. Need several just to remove small bit of adhesive from continuous glucose meter,6/2/2021,2.0,Yes,0,0.1531,0.082,0.0,0.918,0.0118753630667924,0.0357303842902183,0.0192054510116577,0.004038271959871,0.8654437065124512,0.0484014153480529,0.0153053859248757,0.1531,0.082,0.0,0.918,0.011875362135469913,0.035730425268411636,0.01920546405017376,0.004038277082145214,0.8654435873031616,0.04840150102972984,0.015305421315133572
281,281,"Medline Adhesive Remover Pads, Acetone-Free, 2-Ply, Box of 100","Experience the superior quality and effectiveness of Medline Adhesive Remover Pads, designed to provide a safe and efficient solution for removing adhesive residue from bandages and medical tapes. These 2-ply adhesive remover pads come in a box of 100. Unlike conventional adhesive removers, these pads are acetone-free. The 2-ply design of these pads not only enhances their durability but also increases their effectiveness in removing adhesive residue, ensuring a clean and residue-free skin surface. Ideal for both health care professionals and consumers, these adhesive remover pads are an essential addition to your medical cleaning supplies. Whether you're in a hospital setting or at home, these high-quality adhesive remover pads from Medline offer a convenient and effective solution for adhesive removal. They are not just tools, but safe removers that prioritize your skin's comfort.",WreckWriter,Meh,"Works decently, not spectacular. Like everything ""made for hospitals"", the pads are tiny. Figure on using 2 for each use, minimum.",5/20/2016,3.0,Yes,0,-0.2755,0.0,0.1,0.9,0.0091553507372736,0.0234599001705646,0.0028251674957573,0.0106717050075531,0.848391056060791,0.0116900773718953,0.0938067957758903,-0.2755,0.0,0.1,0.9,0.009155353531241417,0.023459920659661293,0.002825167030096054,0.010671723634004593,0.8483908772468567,0.011690081097185612,0.09380680322647095
282,282,"Medline Adhesive Remover Pads, Acetone-Free, 2-Ply, Box of 100","Experience the superior quality and effectiveness of Medline Adhesive Remover Pads, designed to provide a safe and efficient solution for removing adhesive residue from bandages and medical tapes. These 2-ply adhesive remover pads come in a box of 100. Unlike conventional adhesive removers, these pads are acetone-free. The 2-ply design of these pads not only enhances their durability but also increases their effectiveness in removing adhesive residue, ensuring a clean and residue-free skin surface. Ideal for both health care professionals and consumers, these adhesive remover pads are an essential addition to your medical cleaning supplies. Whether you're in a hospital setting or at home, these high-quality adhesive remover pads from Medline offer a convenient and effective solution for adhesive removal. They are not just tools, but safe removers that prioritize your skin's comfort.",Donald  Ferguson,Don't waste your time on these pads,"Don't waste your time on these pads.  They measure 1 in. wide and 2 in. long.  They are not big enough to clean the smallest tape area.  they do work, but you have to use 3 or 4 for them to work.  The only reason for 2 stars is that they do eventually work.",1/23/2015,2.0,Yes,0,0.3645,0.07,0.0,0.93,0.0104777952656149,0.0160388499498367,0.0058592800050973,0.0067197228781878,0.8941065669059753,0.0296132657676935,0.037184502929449,0.3645,0.07,0.0,0.93,0.010477805510163307,0.01603884808719158,0.005859279539436102,0.006719731725752354,0.8941064476966858,0.029613235965371132,0.03718454763293266
283,283,"Medline Adhesive Remover Pads, Acetone-Free, 2-Ply, Box of 100","Experience the superior quality and effectiveness of Medline Adhesive Remover Pads, designed to provide a safe and efficient solution for removing adhesive residue from bandages and medical tapes. These 2-ply adhesive remover pads come in a box of 100. Unlike conventional adhesive removers, these pads are acetone-free. The 2-ply design of these pads not only enhances their durability but also increases their effectiveness in removing adhesive residue, ensuring a clean and residue-free skin surface. Ideal for both health care professionals and consumers, these adhesive remover pads are an essential addition to your medical cleaning supplies. Whether you're in a hospital setting or at home, these high-quality adhesive remover pads from Medline offer a convenient and effective solution for adhesive removal. They are not just tools, but safe removers that prioritize your skin's comfort.",Amazon Customer,Waste of money,"Most pads are dry, the chemical that does work separates the material from the glue and leaves it behind.",2/18/2023,1.0,Yes,0,0.0,0.0,0.0,1.0,0.0187976714223623,0.1413031667470932,0.0045603620819747,0.0036469558253884,0.8074271082878113,0.0151245249435305,0.0091402679681777,0.0,0.0,0.0,1.0,0.018797678872942924,0.14130327105522156,0.004560363478958607,0.0036469565238803625,0.807426929473877,0.01512453518807888,0.00914026703685522
284,284,"Medline Adhesive Remover Pads, Acetone-Free, 2-Ply, Box of 100","Experience the superior quality and effectiveness of Medline Adhesive Remover Pads, designed to provide a safe and efficient solution for removing adhesive residue from bandages and medical tapes. These 2-ply adhesive remover pads come in a box of 100. Unlike conventional adhesive removers, these pads are acetone-free. The 2-ply design of these pads not only enhances their durability but also increases their effectiveness in removing adhesive residue, ensuring a clean and residue-free skin surface. Ideal for both health care professionals and consumers, these adhesive remover pads are an essential addition to your medical cleaning supplies. Whether you're in a hospital setting or at home, these high-quality adhesive remover pads from Medline offer a convenient and effective solution for adhesive removal. They are not just tools, but safe removers that prioritize your skin's comfort.",JoAnne,... okay job have used other brands that have worked better.,These adhesive tape remover pads do a okay job have used other brands that have worked better.,3/3/2016,3.0,Yes,0,0.5859,0.255,0.0,0.745,0.0054014772176742,0.0119281392544507,0.001087837270461,0.0111033665016293,0.95591801404953,0.0043395715765655,0.0102215679362416,0.5859,0.255,0.0,0.745,0.005401472095400095,0.011928128078579903,0.00108783517498523,0.011103355325758457,0.95591801404953,0.004339567385613918,0.010221562348306179
285,285,"Medline Adhesive Remover Pads, Acetone-Free, 2-Ply, Box of 100","Experience the superior quality and effectiveness of Medline Adhesive Remover Pads, designed to provide a safe and efficient solution for removing adhesive residue from bandages and medical tapes. These 2-ply adhesive remover pads come in a box of 100. Unlike conventional adhesive removers, these pads are acetone-free. The 2-ply design of these pads not only enhances their durability but also increases their effectiveness in removing adhesive residue, ensuring a clean and residue-free skin surface. Ideal for both health care professionals and consumers, these adhesive remover pads are an essential addition to your medical cleaning supplies. Whether you're in a hospital setting or at home, these high-quality adhesive remover pads from Medline offer a convenient and effective solution for adhesive removal. They are not just tools, but safe removers that prioritize your skin's comfort.",Monica Jay,Arrived Damaged. Very small box for price,Arrived Damaged. Box torn in numerous places. Poor packaging. Very small box for price.,1/6/2023,1.0,Yes,0,-0.7906,0.0,0.421,0.579,0.0609682500362396,0.1765199452638626,0.0166257917881011,0.0015025777975097,0.084285520017147,0.6016063690185547,0.058491475880146,-0.7906,0.0,0.421,0.579,0.06096825748682022,0.17652015388011932,0.01662578247487545,0.0015025780303403735,0.08428563177585602,0.6016061902046204,0.05849142372608185
286,286,"Medline Adhesive Remover Pads, Acetone-Free, 2-Ply, Box of 100","Experience the superior quality and effectiveness of Medline Adhesive Remover Pads, designed to provide a safe and efficient solution for removing adhesive residue from bandages and medical tapes. These 2-ply adhesive remover pads come in a box of 100. Unlike conventional adhesive removers, these pads are acetone-free. The 2-ply design of these pads not only enhances their durability but also increases their effectiveness in removing adhesive residue, ensuring a clean and residue-free skin surface. Ideal for both health care professionals and consumers, these adhesive remover pads are an essential addition to your medical cleaning supplies. Whether you're in a hospital setting or at home, these high-quality adhesive remover pads from Medline offer a convenient and effective solution for adhesive removal. They are not just tools, but safe removers that prioritize your skin's comfort.",shh,Don't buy,There is better products that works PDI,3/17/2023,1.0,Yes,0,0.4404,0.326,0.0,0.674,0.0049406886100769,0.0039107180200517,0.0009989648824557,0.0106077743694186,0.9343931674957277,0.0084217926487326,0.0367269665002822,0.4404,0.326,0.0,0.674,0.004940695129334927,0.003910721745342016,0.00099896767642349,0.010607767850160599,0.934393048286438,0.008421804755926132,0.03672701120376587
287,287,"Medline Adhesive Remover Pads, Acetone-Free, 2-Ply, Box of 100","Experience the superior quality and effectiveness of Medline Adhesive Remover Pads, designed to provide a safe and efficient solution for removing adhesive residue from bandages and medical tapes. These 2-ply adhesive remover pads come in a box of 100. Unlike conventional adhesive removers, these pads are acetone-free. The 2-ply design of these pads not only enhances their durability but also increases their effectiveness in removing adhesive residue, ensuring a clean and residue-free skin surface. Ideal for both health care professionals and consumers, these adhesive remover pads are an essential addition to your medical cleaning supplies. Whether you're in a hospital setting or at home, these high-quality adhesive remover pads from Medline offer a convenient and effective solution for adhesive removal. They are not just tools, but safe removers that prioritize your skin's comfort.",Mckenzie,Broken upon arrival,As a nurse I have used these wipes and they are awesome. However the package was delivered like this.,5/14/2022,1.0,Yes,0,0.765,0.306,0.0,0.694,0.0108987502753734,0.0271843653172254,0.0027248174883425,0.0314469560980796,0.3731211721897125,0.0907161906361579,0.4639077484607696,0.765,0.306,0.0,0.694,0.010898727923631668,0.027184244245290756,0.0027248181868344545,0.03144705668091774,0.3731215000152588,0.09071550518274307,0.4639081358909607
288,288,"Medline Adhesive Remover Pads, Acetone-Free, 2-Ply, Box of 100","Experience the superior quality and effectiveness of Medline Adhesive Remover Pads, designed to provide a safe and efficient solution for removing adhesive residue from bandages and medical tapes. These 2-ply adhesive remover pads come in a box of 100. Unlike conventional adhesive removers, these pads are acetone-free. The 2-ply design of these pads not only enhances their durability but also increases their effectiveness in removing adhesive residue, ensuring a clean and residue-free skin surface. Ideal for both health care professionals and consumers, these adhesive remover pads are an essential addition to your medical cleaning supplies. Whether you're in a hospital setting or at home, these high-quality adhesive remover pads from Medline offer a convenient and effective solution for adhesive removal. They are not just tools, but safe removers that prioritize your skin's comfort.",Jeffrey Fox,You get what you pay for,"Very small ""towelettes"" compared to Unisolve brand. Gets the job done but takes much more rubbing. Will go back to using Unisolve when I need more.",12/23/2016,2.0,Yes,0,0.0,0.0,0.0,1.0,0.0080087138339877,0.065557412803173,0.0024891328066587,0.0083955777809023,0.8392760753631592,0.0495358854532241,0.0267372038215398,0.0,0.0,0.0,1.0,0.00800872128456831,0.06555745005607605,0.002489131409674883,0.008395601063966751,0.8392760157585144,0.04953586682677269,0.02673722617328167
289,289,"Medline Adhesive Remover Pads, Acetone-Free, 2-Ply, Box of 100","Experience the superior quality and effectiveness of Medline Adhesive Remover Pads, designed to provide a safe and efficient solution for removing adhesive residue from bandages and medical tapes. These 2-ply adhesive remover pads come in a box of 100. Unlike conventional adhesive removers, these pads are acetone-free. The 2-ply design of these pads not only enhances their durability but also increases their effectiveness in removing adhesive residue, ensuring a clean and residue-free skin surface. Ideal for both health care professionals and consumers, these adhesive remover pads are an essential addition to your medical cleaning supplies. Whether you're in a hospital setting or at home, these high-quality adhesive remover pads from Medline offer a convenient and effective solution for adhesive removal. They are not just tools, but safe removers that prioritize your skin's comfort.",Karmen,They leave actual adhesive residue instead of removing it,Not worth the money at all,9/16/2022,1.0,Yes,0,-0.1695,0.0,0.25,0.75,0.0865798741579055,0.2839871346950531,0.0038170325569808,0.0050276136025786,0.149433359503746,0.3811950981616974,0.0899599269032478,-0.1695,0.0,0.25,0.75,0.08657979965209961,0.2839871942996979,0.0038170279003679752,0.005027614068239927,0.14943313598632812,0.3811953067779541,0.08995997905731201
290,290,"Medline Adhesive Remover Pads, Acetone-Free, 2-Ply, Box of 100","Experience the superior quality and effectiveness of Medline Adhesive Remover Pads, designed to provide a safe and efficient solution for removing adhesive residue from bandages and medical tapes. These 2-ply adhesive remover pads come in a box of 100. Unlike conventional adhesive removers, these pads are acetone-free. The 2-ply design of these pads not only enhances their durability but also increases their effectiveness in removing adhesive residue, ensuring a clean and residue-free skin surface. Ideal for both health care professionals and consumers, these adhesive remover pads are an essential addition to your medical cleaning supplies. Whether you're in a hospital setting or at home, these high-quality adhesive remover pads from Medline offer a convenient and effective solution for adhesive removal. They are not just tools, but safe removers that prioritize your skin's comfort.",Karen Henry,Doesn't work.,"Thin pads, very little solution. Doesn't work. Waste of money",8/2/2022,1.0,Yes,0,0.5599,0.366,0.0,0.634,0.1089145839214325,0.4461567401885986,0.0040145087987184,0.0012945336056873,0.070918321609497,0.3499198853969574,0.0187813378870487,0.5599,0.366,0.0,0.634,0.10891468077898026,0.4461571276187897,0.004014505073428154,0.001294531743042171,0.07091831415891647,0.3499195873737335,0.018781311810016632
291,291,"Medline Adhesive Remover Pads, Acetone-Free, 2-Ply, Box of 100","Experience the superior quality and effectiveness of Medline Adhesive Remover Pads, designed to provide a safe and efficient solution for removing adhesive residue from bandages and medical tapes. These 2-ply adhesive remover pads come in a box of 100. Unlike conventional adhesive removers, these pads are acetone-free. The 2-ply design of these pads not only enhances their durability but also increases their effectiveness in removing adhesive residue, ensuring a clean and residue-free skin surface. Ideal for both health care professionals and consumers, these adhesive remover pads are an essential addition to your medical cleaning supplies. Whether you're in a hospital setting or at home, these high-quality adhesive remover pads from Medline offer a convenient and effective solution for adhesive removal. They are not just tools, but safe removers that prioritize your skin's comfort.",Ruth A.,So dry. Added alcohol for it to work.,Adhesive remover pads.Was way to dry.Would not even wet your fingers when you opened the pack.,11/5/2021,1.0,Yes,0,0.0,0.0,0.0,1.0,0.0495591349899768,0.1415538340806961,0.0109621146693825,0.0081591075286269,0.6107783913612366,0.1181485578417778,0.0608387887477874,0.0,0.0,0.0,1.0,0.04955912008881569,0.14155364036560059,0.010962123051285744,0.008159101009368896,0.6107785105705261,0.11814864724874496,0.060838811099529266
292,292,"Medline Adhesive Remover Pads, Acetone-Free, 2-Ply, Box of 100","Experience the superior quality and effectiveness of Medline Adhesive Remover Pads, designed to provide a safe and efficient solution for removing adhesive residue from bandages and medical tapes. These 2-ply adhesive remover pads come in a box of 100. Unlike conventional adhesive removers, these pads are acetone-free. The 2-ply design of these pads not only enhances their durability but also increases their effectiveness in removing adhesive residue, ensuring a clean and residue-free skin surface. Ideal for both health care professionals and consumers, these adhesive remover pads are an essential addition to your medical cleaning supplies. Whether you're in a hospital setting or at home, these high-quality adhesive remover pads from Medline offer a convenient and effective solution for adhesive removal. They are not just tools, but safe removers that prioritize your skin's comfort.",msa1979,Don’t work at all,These don’t work at all. I bought Them for my daughter’s insulin pump insertion site removal and they don’t do anything. Pay the little extra for the Uni-Solve wipes,9/19/2020,1.0,Yes,0,-0.1027,0.0,0.049,0.951,0.0578334033489227,0.1306840032339096,0.0044036894105374,0.0021467313636094,0.7076290845870972,0.0622297562658786,0.0350733324885368,-0.1027,0.0,0.049,0.951,0.05783354118466377,0.13068421185016632,0.004403693601489067,0.0021467311307787895,0.7076287269592285,0.062229812145233154,0.035073332488536835
293,293,"Medline Adhesive Remover Pads, Acetone-Free, 2-Ply, Box of 100","Experience the superior quality and effectiveness of Medline Adhesive Remover Pads, designed to provide a safe and efficient solution for removing adhesive residue from bandages and medical tapes. These 2-ply adhesive remover pads come in a box of 100. Unlike conventional adhesive removers, these pads are acetone-free. The 2-ply design of these pads not only enhances their durability but also increases their effectiveness in removing adhesive residue, ensuring a clean and residue-free skin surface. Ideal for both health care professionals and consumers, these adhesive remover pads are an essential addition to your medical cleaning supplies. Whether you're in a hospital setting or at home, these high-quality adhesive remover pads from Medline offer a convenient and effective solution for adhesive removal. They are not just tools, but safe removers that prioritize your skin's comfort.",CD,Arrives damaged,Box of adhesive remover wipes arrives smashed and wipes fell out of the package onto the floor when opening.,1/17/2021,1.0,Yes,0,0.0,0.0,0.0,1.0,0.4300903081893921,0.3966924548149109,0.0157109834253788,0.001658646389842,0.0539240166544914,0.0656014680862426,0.0363221988081932,0.0,0.0,0.0,1.0,0.43009158968925476,0.3966914415359497,0.015710940584540367,0.0016586410347372293,0.05392390862107277,0.06560135632753372,0.03632209077477455
294,294,"Medline Adhesive Remover Pads, Acetone-Free, 2-Ply, Box of 100","Experience the superior quality and effectiveness of Medline Adhesive Remover Pads, designed to provide a safe and efficient solution for removing adhesive residue from bandages and medical tapes. These 2-ply adhesive remover pads come in a box of 100. Unlike conventional adhesive removers, these pads are acetone-free. The 2-ply design of these pads not only enhances their durability but also increases their effectiveness in removing adhesive residue, ensuring a clean and residue-free skin surface. Ideal for both health care professionals and consumers, these adhesive remover pads are an essential addition to your medical cleaning supplies. Whether you're in a hospital setting or at home, these high-quality adhesive remover pads from Medline offer a convenient and effective solution for adhesive removal. They are not just tools, but safe removers that prioritize your skin's comfort.",donnie sego,Wrong item,I ordered this tape remover to help remove medical tape of my daughters face due to her having a ng tube... this is what I got in the mail...I'm speechless. Can I please be rushed the item I payed for.,6/2/2018,1.0,Yes,2,0.6124,0.132,0.0,0.868,0.0179979670792818,0.0027713349554687,0.4098962843418121,0.0024234426673501,0.0111681185662746,0.0087588569149374,0.5469840168952942,0.6124,0.132,0.0,0.868,0.01799793541431427,0.0027713302988559008,0.40989670157432556,0.0024234456941485405,0.011168108321726322,0.008758839219808578,0.5469836592674255
295,295,"Medline Adhesive Remover Pads, Acetone-Free, 2-Ply, Box of 100","Experience the superior quality and effectiveness of Medline Adhesive Remover Pads, designed to provide a safe and efficient solution for removing adhesive residue from bandages and medical tapes. These 2-ply adhesive remover pads come in a box of 100. Unlike conventional adhesive removers, these pads are acetone-free. The 2-ply design of these pads not only enhances their durability but also increases their effectiveness in removing adhesive residue, ensuring a clean and residue-free skin surface. Ideal for both health care professionals and consumers, these adhesive remover pads are an essential addition to your medical cleaning supplies. Whether you're in a hospital setting or at home, these high-quality adhesive remover pads from Medline offer a convenient and effective solution for adhesive removal. They are not just tools, but safe removers that prioritize your skin's comfort.",Danielle Fabien,I was sent a box of very dry wipes of ...,I was sent a box of very dry wipes of adhesive remover I need them to take off tape from my sons skin daily and for a 1 inch piece of tape takes me 3 wipes.. Ehh,8/11/2016,1.0,Yes,0,0.0,0.0,0.0,1.0,0.0192833580076694,0.3753365874290466,0.0296318102627992,0.0090106185525655,0.3279544711112976,0.0565619803965091,0.1822211146354675,0.0,0.0,0.0,1.0,0.01928337849676609,0.37533679604530334,0.02963178977370262,0.009010626003146172,0.3279540538787842,0.05656196549534798,0.1822214424610138
296,296,"Medline Adhesive Remover Pads, Acetone-Free, 2-Ply, Box of 100","Experience the superior quality and effectiveness of Medline Adhesive Remover Pads, designed to provide a safe and efficient solution for removing adhesive residue from bandages and medical tapes. These 2-ply adhesive remover pads come in a box of 100. Unlike conventional adhesive removers, these pads are acetone-free. The 2-ply design of these pads not only enhances their durability but also increases their effectiveness in removing adhesive residue, ensuring a clean and residue-free skin surface. Ideal for both health care professionals and consumers, these adhesive remover pads are an essential addition to your medical cleaning supplies. Whether you're in a hospital setting or at home, these high-quality adhesive remover pads from Medline offer a convenient and effective solution for adhesive removal. They are not just tools, but safe removers that prioritize your skin's comfort.",Dr. Anonymous,Dried out.,Most were dried out. These are not at all like Pdi of which I will purchase in the future. I do not know if this was just an old product or just a bad brand.,5/9/2017,1.0,Yes,2,-0.6818,0.0,0.158,0.842,0.0091580394655466,0.0371613055467605,0.0028692430350929,0.0020602238364517,0.917431652545929,0.0143375489860773,0.0169819202274084,-0.6818,0.0,0.158,0.842,0.009158057160675526,0.037161391228437424,0.00286924559623003,0.0020602219738066196,0.917431652545929,0.0143375713378191,0.01698191836476326
297,297,"Medline Adhesive Remover Pads, Acetone-Free, 2-Ply, Box of 100","Experience the superior quality and effectiveness of Medline Adhesive Remover Pads, designed to provide a safe and efficient solution for removing adhesive residue from bandages and medical tapes. These 2-ply adhesive remover pads come in a box of 100. Unlike conventional adhesive removers, these pads are acetone-free. The 2-ply design of these pads not only enhances their durability but also increases their effectiveness in removing adhesive residue, ensuring a clean and residue-free skin surface. Ideal for both health care professionals and consumers, these adhesive remover pads are an essential addition to your medical cleaning supplies. Whether you're in a hospital setting or at home, these high-quality adhesive remover pads from Medline offer a convenient and effective solution for adhesive removal. They are not just tools, but safe removers that prioritize your skin's comfort.",omalin,Two Stars,They work fantastic but these are way to small. Will buy bigger ones next time.,10/3/2015,2.0,Yes,0,0.3182,0.141,0.0,0.859,0.0064050988294184,0.005901806987822,0.0044330977834761,0.1468785256147384,0.764826774597168,0.0151842143386602,0.0563704818487167,0.3182,0.141,0.0,0.859,0.006405091378837824,0.00590180279687047,0.004433092661201954,0.1468786597251892,0.7648267149925232,0.015184208750724792,0.056370437145233154
298,298,"Medline Adhesive Remover Pads, Acetone-Free, 2-Ply, Box of 100","Experience the superior quality and effectiveness of Medline Adhesive Remover Pads, designed to provide a safe and efficient solution for removing adhesive residue from bandages and medical tapes. These 2-ply adhesive remover pads come in a box of 100. Unlike conventional adhesive removers, these pads are acetone-free. The 2-ply design of these pads not only enhances their durability but also increases their effectiveness in removing adhesive residue, ensuring a clean and residue-free skin surface. Ideal for both health care professionals and consumers, these adhesive remover pads are an essential addition to your medical cleaning supplies. Whether you're in a hospital setting or at home, these high-quality adhesive remover pads from Medline offer a convenient and effective solution for adhesive removal. They are not just tools, but safe removers that prioritize your skin's comfort.",LongBeach56,not very good,quite dry  standard  alcohol pad  works better,6/4/2020,1.0,Yes,0,0.4404,0.326,0.0,0.674,0.0048456769436597,0.0013332793023437,0.0013806504430249,0.2955843806266784,0.4038911759853363,0.056270744651556,0.2366940528154373,0.4404,0.326,0.0,0.674,0.004845673218369484,0.001333278021775186,0.0013806502101942897,0.29558441042900085,0.40389108657836914,0.05627071112394333,0.2366941273212433
299,299,"Medline Adhesive Remover Pads, Acetone-Free, 2-Ply, Box of 100","Experience the superior quality and effectiveness of Medline Adhesive Remover Pads, designed to provide a safe and efficient solution for removing adhesive residue from bandages and medical tapes. These 2-ply adhesive remover pads come in a box of 100. Unlike conventional adhesive removers, these pads are acetone-free. The 2-ply design of these pads not only enhances their durability but also increases their effectiveness in removing adhesive residue, ensuring a clean and residue-free skin surface. Ideal for both health care professionals and consumers, these adhesive remover pads are an essential addition to your medical cleaning supplies. Whether you're in a hospital setting or at home, these high-quality adhesive remover pads from Medline offer a convenient and effective solution for adhesive removal. They are not just tools, but safe removers that prioritize your skin's comfort.",Victor Harris,less than I expected.,The manufacturer made these swabs too small to get ahold of. With so many people unable to afford their medications and groceries there are too many corporations and manufactures cutting corners.,1/13/2015,1.0,Yes,0,-0.128,0.0,0.048,0.952,0.0389072634279727,0.0895997881889343,0.0053401542827486,0.0011523517314344,0.7644054889678955,0.0684413537383079,0.0321536175906658,-0.128,0.0,0.048,0.952,0.03890727087855339,0.08959976583719254,0.005340152885764837,0.0011523519642651081,0.7644056081771851,0.06844125688076019,0.032153572887182236
300,300,"Medline Adhesive Remover Pads, Acetone-Free, 2-Ply, Box of 100","Experience the superior quality and effectiveness of Medline Adhesive Remover Pads, designed to provide a safe and efficient solution for removing adhesive residue from bandages and medical tapes. These 2-ply adhesive remover pads come in a box of 100. Unlike conventional adhesive removers, these pads are acetone-free. The 2-ply design of these pads not only enhances their durability but also increases their effectiveness in removing adhesive residue, ensuring a clean and residue-free skin surface. Ideal for both health care professionals and consumers, these adhesive remover pads are an essential addition to your medical cleaning supplies. Whether you're in a hospital setting or at home, these high-quality adhesive remover pads from Medline offer a convenient and effective solution for adhesive removal. They are not just tools, but safe removers that prioritize your skin's comfort.",Crystal Snyder,One Star,not enough fluid on them very dry,6/25/2016,1.0,Yes,0,0.0,0.0,0.0,1.0,0.0366050340235233,0.0404743738472461,0.0094537930563092,0.0077669275924563,0.3038693964481354,0.5260523557662964,0.0757781118154525,0.0,0.0,0.0,1.0,0.03660506755113602,0.04047438129782677,0.0094537902623415,0.0077669331803917885,0.30386918783187866,0.5260525345802307,0.07577811181545258
301,301,"Medline Adhesive Remover Pads, Acetone-Free, 2-Ply, Box of 100","Experience the superior quality and effectiveness of Medline Adhesive Remover Pads, designed to provide a safe and efficient solution for removing adhesive residue from bandages and medical tapes. These 2-ply adhesive remover pads come in a box of 100. Unlike conventional adhesive removers, these pads are acetone-free. The 2-ply design of these pads not only enhances their durability but also increases their effectiveness in removing adhesive residue, ensuring a clean and residue-free skin surface. Ideal for both health care professionals and consumers, these adhesive remover pads are an essential addition to your medical cleaning supplies. Whether you're in a hospital setting or at home, these high-quality adhesive remover pads from Medline offer a convenient and effective solution for adhesive removal. They are not just tools, but safe removers that prioritize your skin's comfort.",DeducantTeAngeli,Made in Communist China.,Enough said.,2/8/2022,1.0,No,0,0.0,0.0,0.0,1.0,0.0615429580211639,0.091449499130249,0.0039500282146036,0.0054333405569195,0.796299397945404,0.0358874797821044,0.0054373792372643,0.0,0.0,0.0,1.0,0.06154315546154976,0.09144958853721619,0.003950023092329502,0.005433344282209873,0.7962990999221802,0.035887449979782104,0.0054373713210225105
302,302,"Medline Adhesive Remover Pads, Acetone-Free, 2-Ply, Box of 100","Experience the superior quality and effectiveness of Medline Adhesive Remover Pads, designed to provide a safe and efficient solution for removing adhesive residue from bandages and medical tapes. These 2-ply adhesive remover pads come in a box of 100. Unlike conventional adhesive removers, these pads are acetone-free. The 2-ply design of these pads not only enhances their durability but also increases their effectiveness in removing adhesive residue, ensuring a clean and residue-free skin surface. Ideal for both health care professionals and consumers, these adhesive remover pads are an essential addition to your medical cleaning supplies. Whether you're in a hospital setting or at home, these high-quality adhesive remover pads from Medline offer a convenient and effective solution for adhesive removal. They are not just tools, but safe removers that prioritize your skin's comfort.",Richard Lomax,"Pads were dry, totally useless",Every single pad we opened was dry as a bone! My wife recently had back surgery and trying to remove residual adhesive was quite painful.We bought these pads to help in this cleanup but every one is dry.Apparently quality control is unimportant to this manufacturer.,7/28/2021,1.0,Yes,3,-0.3382,0.039,0.069,0.892,0.0294725876301527,0.3159091472625732,0.0259069763123989,0.0026488180737942,0.1475857496261596,0.4119420349597931,0.0665347278118133,-0.3382,0.039,0.069,0.892,0.029472563415765762,0.31590887904167175,0.025907015427947044,0.002648815978318453,0.14758577942848206,0.41194233298301697,0.06653464585542679
303,303,"Medline Adhesive Remover Pads, Acetone-Free, 2-Ply, Box of 100","Experience the superior quality and effectiveness of Medline Adhesive Remover Pads, designed to provide a safe and efficient solution for removing adhesive residue from bandages and medical tapes. These 2-ply adhesive remover pads come in a box of 100. Unlike conventional adhesive removers, these pads are acetone-free. The 2-ply design of these pads not only enhances their durability but also increases their effectiveness in removing adhesive residue, ensuring a clean and residue-free skin surface. Ideal for both health care professionals and consumers, these adhesive remover pads are an essential addition to your medical cleaning supplies. Whether you're in a hospital setting or at home, these high-quality adhesive remover pads from Medline offer a convenient and effective solution for adhesive removal. They are not just tools, but safe removers that prioritize your skin's comfort.",Vinod Kumar Nair,Bad quality,Badly packed.Does not remove the bandage adhesive as expected,10/30/2021,1.0,Yes,0,-0.4767,0.0,0.279,0.721,0.0240697152912616,0.0341354683041572,0.0159467179328203,0.0038432027213275,0.1890051364898681,0.6950705647468567,0.0379291102290153,-0.4767,0.0,0.279,0.721,0.024069711565971375,0.034135498106479645,0.015946708619594574,0.0038432031869888306,0.18900556862354279,0.6950701475143433,0.03792911767959595
304,304,"Medline Adhesive Remover Pads, Acetone-Free, 2-Ply, Box of 100","Experience the superior quality and effectiveness of Medline Adhesive Remover Pads, designed to provide a safe and efficient solution for removing adhesive residue from bandages and medical tapes. These 2-ply adhesive remover pads come in a box of 100. Unlike conventional adhesive removers, these pads are acetone-free. The 2-ply design of these pads not only enhances their durability but also increases their effectiveness in removing adhesive residue, ensuring a clean and residue-free skin surface. Ideal for both health care professionals and consumers, these adhesive remover pads are an essential addition to your medical cleaning supplies. Whether you're in a hospital setting or at home, these high-quality adhesive remover pads from Medline offer a convenient and effective solution for adhesive removal. They are not just tools, but safe removers that prioritize your skin's comfort.",K.Sorensen,,Unfortunately they also smell terrible.,5/14/2024,,Yes,0,-0.6705,0.0,0.647,0.353,0.0089260190725326,0.8537557721138,0.0858038142323494,0.0014834874309599,0.0202620979398489,0.0266213230788707,0.0031474574934691,-0.6705,0.0,0.647,0.353,0.008926008827984333,0.8537560105323792,0.08580372482538223,0.0014834852190688252,0.020262079313397408,0.026621291413903236,0.0031474509742110968
305,305,"Medline Adhesive Remover Pads, Acetone-Free, 2-Ply, Box of 100","Experience the superior quality and effectiveness of Medline Adhesive Remover Pads, designed to provide a safe and efficient solution for removing adhesive residue from bandages and medical tapes. These 2-ply adhesive remover pads come in a box of 100. Unlike conventional adhesive removers, these pads are acetone-free. The 2-ply design of these pads not only enhances their durability but also increases their effectiveness in removing adhesive residue, ensuring a clean and residue-free skin surface. Ideal for both health care professionals and consumers, these adhesive remover pads are an essential addition to your medical cleaning supplies. Whether you're in a hospital setting or at home, these high-quality adhesive remover pads from Medline offer a convenient and effective solution for adhesive removal. They are not just tools, but safe removers that prioritize your skin's comfort.",Archon,,"We use adhesive removal wipes to take off my son's Dexcom CGM (glucose monitor).  We tried these as a cheaper option to the usual Smith & Nephew Remove wipes.  Each of these wipes are smaller and have much less of the liquid removal agent.  As a result it takes 3 or 4 of these wipes to do the same job as one Remove wipe.So our opinion is they are not as good as the Remove wipes, and were not really any cheaper since we needed to use so many more to do the same job.So while they work, we do not recommend them and will not be purchasing again.",8/21/2024,,Yes,0,-0.5448,0.0,0.042,0.958,0.0162819419056177,0.0325995162129402,0.0152734853327274,0.0092612151056528,0.7934069037437439,0.1043256819248199,0.0288511924445629,-0.5448,0.0,0.042,0.958,0.016281919553875923,0.03259945288300514,0.015273458324372768,0.009261197410523891,0.7934072613716125,0.10432551056146622,0.02885114960372448
306,306,"Medline Adhesive Remover Pads, Acetone-Free, 2-Ply, Box of 100","Experience the superior quality and effectiveness of Medline Adhesive Remover Pads, designed to provide a safe and efficient solution for removing adhesive residue from bandages and medical tapes. These 2-ply adhesive remover pads come in a box of 100. Unlike conventional adhesive removers, these pads are acetone-free. The 2-ply design of these pads not only enhances their durability but also increases their effectiveness in removing adhesive residue, ensuring a clean and residue-free skin surface. Ideal for both health care professionals and consumers, these adhesive remover pads are an essential addition to your medical cleaning supplies. Whether you're in a hospital setting or at home, these high-quality adhesive remover pads from Medline offer a convenient and effective solution for adhesive removal. They are not just tools, but safe removers that prioritize your skin's comfort.",andre fournier,,"Fait le travail , mais très petits , il faut en utiliser au moins 3-4 pour enlever la colle .. mais le prix est honnête",3/3/2024,,Yes,0,0.0,0.0,0.0,1.0,0.0505983419716358,0.0446240492165088,0.0309767182916402,0.2711844742298126,0.3607078790664673,0.2082843035459518,0.0336242578923702,0.0,0.0,0.0,1.0,0.050598371773958206,0.04462410882115364,0.03097674809396267,0.2711844742298126,0.3607078790664673,0.20828410983085632,0.033624209463596344
307,307,"Medline Adhesive Remover Pads, Acetone-Free, 2-Ply, Box of 100","Experience the superior quality and effectiveness of Medline Adhesive Remover Pads, designed to provide a safe and efficient solution for removing adhesive residue from bandages and medical tapes. These 2-ply adhesive remover pads come in a box of 100. Unlike conventional adhesive removers, these pads are acetone-free. The 2-ply design of these pads not only enhances their durability but also increases their effectiveness in removing adhesive residue, ensuring a clean and residue-free skin surface. Ideal for both health care professionals and consumers, these adhesive remover pads are an essential addition to your medical cleaning supplies. Whether you're in a hospital setting or at home, these high-quality adhesive remover pads from Medline offer a convenient and effective solution for adhesive removal. They are not just tools, but safe removers that prioritize your skin's comfort.",Spunky,,It does leave the skin very red.  Takes a lot of work to get the sticky stuff off.,5/28/2024,,Yes,0,-0.0516,0.0,0.07,0.93,0.0231532752513885,0.665566086769104,0.0183504149317741,0.0040663825348019,0.0886718332767486,0.1896373033523559,0.0105547243729233,-0.0516,0.0,0.07,0.93,0.023153310641646385,0.6655659675598145,0.018350429832935333,0.004066385794430971,0.08867178112268448,0.18963736295700073,0.010554736480116844
308,308,"Medline Adhesive Remover Pads, Acetone-Free, 2-Ply, Box of 100","Experience the superior quality and effectiveness of Medline Adhesive Remover Pads, designed to provide a safe and efficient solution for removing adhesive residue from bandages and medical tapes. These 2-ply adhesive remover pads come in a box of 100. Unlike conventional adhesive removers, these pads are acetone-free. The 2-ply design of these pads not only enhances their durability but also increases their effectiveness in removing adhesive residue, ensuring a clean and residue-free skin surface. Ideal for both health care professionals and consumers, these adhesive remover pads are an essential addition to your medical cleaning supplies. Whether you're in a hospital setting or at home, these high-quality adhesive remover pads from Medline offer a convenient and effective solution for adhesive removal. They are not just tools, but safe removers that prioritize your skin's comfort.",James,,These are wayy too small and I would not buy them again.  If you have a very little section I suppose they would work but I went through 10 and still have lots of tape adhesive on my skin from surgery.  They're too small and not friction enough to actually remove the stickiness. Quite disappointed.,3/9/2024,,Yes,0,-0.6798,0.0,0.084,0.916,0.0269778948277235,0.0500258579850196,0.011792317032814,0.0038749128580093,0.2536618709564209,0.5999796986579895,0.0536874271929264,-0.6798,0.0,0.084,0.916,0.026977861300110817,0.05002586916089058,0.01179230585694313,0.003874909831210971,0.2536618709564209,0.5999797582626343,0.053687404841184616
309,309,"Medline Adhesive Remover Pads, Acetone-Free, 2-Ply, Box of 100","Experience the superior quality and effectiveness of Medline Adhesive Remover Pads, designed to provide a safe and efficient solution for removing adhesive residue from bandages and medical tapes. These 2-ply adhesive remover pads come in a box of 100. Unlike conventional adhesive removers, these pads are acetone-free. The 2-ply design of these pads not only enhances their durability but also increases their effectiveness in removing adhesive residue, ensuring a clean and residue-free skin surface. Ideal for both health care professionals and consumers, these adhesive remover pads are an essential addition to your medical cleaning supplies. Whether you're in a hospital setting or at home, these high-quality adhesive remover pads from Medline offer a convenient and effective solution for adhesive removal. They are not just tools, but safe removers that prioritize your skin's comfort.",Heather Nolan,,"Returned, the pads were bone dry.",4/1/2024,,Yes,0,0.0,0.0,0.0,1.0,0.0308168046176433,0.7004282474517822,0.0093576610088348,0.0022261035628616,0.1219407841563224,0.1248142793774604,0.0104160644114017,0.0,0.0,0.0,1.0,0.030816784128546715,0.7004284262657166,0.009357663802802563,0.002226104261353612,0.12194065004587173,0.12481427192687988,0.010416056960821152
310,310,"Medline Adhesive Remover Pads, Acetone-Free, 2-Ply, Box of 100","Experience the superior quality and effectiveness of Medline Adhesive Remover Pads, designed to provide a safe and efficient solution for removing adhesive residue from bandages and medical tapes. These 2-ply adhesive remover pads come in a box of 100. Unlike conventional adhesive removers, these pads are acetone-free. The 2-ply design of these pads not only enhances their durability but also increases their effectiveness in removing adhesive residue, ensuring a clean and residue-free skin surface. Ideal for both health care professionals and consumers, these adhesive remover pads are an essential addition to your medical cleaning supplies. Whether you're in a hospital setting or at home, these high-quality adhesive remover pads from Medline offer a convenient and effective solution for adhesive removal. They are not just tools, but safe removers that prioritize your skin's comfort.",Aly K,Perfect for using on sensitive skin,"I originally bought these to use in preparation for my son's second sleep study as the first time he had so much sticky residue from the tape and other adhesive pads used to stick everything to his head. He is allergic to adhesive and has sensitive skin, so I had to get it off, but didn't find anything gentle enough for his skin to get it off.After his sleep study, I used these wipes right away and it came off with ease! And it didn't irritate his skin! I had no idea what I was going to do with the remainder of the wipes as there is a ton! But I kept them and I am glad I did. I now use them to help get the leftover adhesive off from the second skin they put on after tattoos and it works amazing and again, doesn't irritate my skin.  These are great to have around!",11/2/2024,5.0,Yes,0,0.9759,0.168,0.044,0.788,0.3236741721630096,0.2890670597553253,0.0037681916728615,0.1320599019527435,0.2098584026098251,0.010410732589662,0.0311614405363798,0.9759,0.168,0.044,0.788,0.3236740529537201,0.28906717896461487,0.0037681972607970238,0.1320597380399704,0.20985861122608185,0.010410727933049202,0.031161392107605934
311,311,"Medline Adhesive Remover Pads, Acetone-Free, 2-Ply, Box of 100","Experience the superior quality and effectiveness of Medline Adhesive Remover Pads, designed to provide a safe and efficient solution for removing adhesive residue from bandages and medical tapes. These 2-ply adhesive remover pads come in a box of 100. Unlike conventional adhesive removers, these pads are acetone-free. The 2-ply design of these pads not only enhances their durability but also increases their effectiveness in removing adhesive residue, ensuring a clean and residue-free skin surface. Ideal for both health care professionals and consumers, these adhesive remover pads are an essential addition to your medical cleaning supplies. Whether you're in a hospital setting or at home, these high-quality adhesive remover pads from Medline offer a convenient and effective solution for adhesive removal. They are not just tools, but safe removers that prioritize your skin's comfort.",howdah,Saves my skin,"I am a mouth breather, and use a CPAP machine. I have been trying for 10 years to get a mask that will work for me all the time. I was close, but sometimes the mask would slip up into my open mouth. I found some adhesive strips on Amazon that have an opening for the mouth. I am sensitive to adhesive, so had sores on my mouth after using these a few days. I purchased adhesive barrier film wipes, which helped protect my skin, but hurt when I pulled them off. Using the adhesive remover wipes has solved that problem, so I can remove the strips painlessly. No more sores on my face, and my CPAP is working great for the first time in 10 years.",10/26/2024,5.0,Yes,0,0.5719,0.121,0.094,0.785,0.009829799644649,0.1150233596563339,0.0129395378753542,0.0077521991916,0.7795436382293701,0.0628014430403709,0.0121101420372724,0.5719,0.121,0.094,0.785,0.009829796850681305,0.11502354592084885,0.012939521111547947,0.007752193603664637,0.779543399810791,0.06280136853456497,0.01211013924330473
312,312,"Medline Adhesive Remover Pads, Acetone-Free, 2-Ply, Box of 100","Experience the superior quality and effectiveness of Medline Adhesive Remover Pads, designed to provide a safe and efficient solution for removing adhesive residue from bandages and medical tapes. These 2-ply adhesive remover pads come in a box of 100. Unlike conventional adhesive removers, these pads are acetone-free. The 2-ply design of these pads not only enhances their durability but also increases their effectiveness in removing adhesive residue, ensuring a clean and residue-free skin surface. Ideal for both health care professionals and consumers, these adhesive remover pads are an essential addition to your medical cleaning supplies. Whether you're in a hospital setting or at home, these high-quality adhesive remover pads from Medline offer a convenient and effective solution for adhesive removal. They are not just tools, but safe removers that prioritize your skin's comfort.",G Mitchell,Works awesome,"I had tried baby oil, dish soap, and rubbing alcohol, nothing would remove adhesive from hospital heart monitor stickers. One of these pads removed the adhesive from four stickers!!! Highly recommend!",10/27/2024,5.0,Yes,0,0.6074,0.12,0.0,0.88,0.0305658616125583,0.0771977603435516,0.0057257022708654,0.1670086234807968,0.6575446724891663,0.008444127626717,0.0535132214426994,0.6074,0.12,0.0,0.88,0.030565891414880753,0.07719781994819641,0.005725705064833164,0.1670086830854416,0.6575446128845215,0.008444125764071941,0.053513213992118835
313,313,"Medline Adhesive Remover Pads, Acetone-Free, 2-Ply, Box of 100","Experience the superior quality and effectiveness of Medline Adhesive Remover Pads, designed to provide a safe and efficient solution for removing adhesive residue from bandages and medical tapes. These 2-ply adhesive remover pads come in a box of 100. Unlike conventional adhesive removers, these pads are acetone-free. The 2-ply design of these pads not only enhances their durability but also increases their effectiveness in removing adhesive residue, ensuring a clean and residue-free skin surface. Ideal for both health care professionals and consumers, these adhesive remover pads are an essential addition to your medical cleaning supplies. Whether you're in a hospital setting or at home, these high-quality adhesive remover pads from Medline offer a convenient and effective solution for adhesive removal. They are not just tools, but safe removers that prioritize your skin's comfort.",Happy Granny,The best for bandage removal,My husband has trouble removing some bandages from crepey skin which makes it worse …but this product really makes it easy to remove,10/31/2024,5.0,Yes,0,-0.3892,0.109,0.2,0.691,0.0219429321587085,0.8086180686950684,0.0308513343334198,0.0036963338498026,0.0877004414796829,0.0418996661901474,0.0052911597304046,-0.3892,0.109,0.2,0.691,0.021942943334579468,0.8086178302764893,0.030851446092128754,0.00369633617810905,0.0877005085349083,0.041899729520082474,0.005291163455694914
314,314,"Medline Adhesive Remover Pads, Acetone-Free, 2-Ply, Box of 100","Experience the superior quality and effectiveness of Medline Adhesive Remover Pads, designed to provide a safe and efficient solution for removing adhesive residue from bandages and medical tapes. These 2-ply adhesive remover pads come in a box of 100. Unlike conventional adhesive removers, these pads are acetone-free. The 2-ply design of these pads not only enhances their durability but also increases their effectiveness in removing adhesive residue, ensuring a clean and residue-free skin surface. Ideal for both health care professionals and consumers, these adhesive remover pads are an essential addition to your medical cleaning supplies. Whether you're in a hospital setting or at home, these high-quality adhesive remover pads from Medline offer a convenient and effective solution for adhesive removal. They are not just tools, but safe removers that prioritize your skin's comfort.",Michael N Taber,Works,Did what they were supposed to do!,10/27/2024,4.0,Yes,0,0.0,0.0,0.0,1.0,0.7426667213439941,0.0984992384910583,0.0063287336379289,0.0071408553048968,0.0155159467831254,0.0108987521380186,0.1189496591687202,0.0,0.0,0.0,1.0,0.7426664233207703,0.09849932789802551,0.006328733637928963,0.00714085204526782,0.015515955165028572,0.010898752138018608,0.11894993484020233
315,315,"Medline Adhesive Remover Pads, Acetone-Free, 2-Ply, Box of 100","Experience the superior quality and effectiveness of Medline Adhesive Remover Pads, designed to provide a safe and efficient solution for removing adhesive residue from bandages and medical tapes. These 2-ply adhesive remover pads come in a box of 100. Unlike conventional adhesive removers, these pads are acetone-free. The 2-ply design of these pads not only enhances their durability but also increases their effectiveness in removing adhesive residue, ensuring a clean and residue-free skin surface. Ideal for both health care professionals and consumers, these adhesive remover pads are an essential addition to your medical cleaning supplies. Whether you're in a hospital setting or at home, these high-quality adhesive remover pads from Medline offer a convenient and effective solution for adhesive removal. They are not just tools, but safe removers that prioritize your skin's comfort.",joel dress,Remove residue from CGM sensors,EXCELLENT - this is the only reason I purchased these - removal of glue residue from my CGM sensors on my arms. Works great. Alcohol doesn't work nearly as efficient as these pads.,10/16/2024,5.0,Yes,2,0.9068,0.296,0.0,0.704,0.0223427675664424,0.1066748946905136,0.002647585235536,0.0092058759182691,0.8373017311096191,0.0075153573416173,0.014311701990664,0.9068,0.296,0.0,0.704,0.022342784330248833,0.10667482018470764,0.002647585701197386,0.009205869399011135,0.8373019099235535,0.007515352219343185,0.014311704784631729
316,316,"Medline Adhesive Remover Pads, Acetone-Free, 2-Ply, Box of 100","Experience the superior quality and effectiveness of Medline Adhesive Remover Pads, designed to provide a safe and efficient solution for removing adhesive residue from bandages and medical tapes. These 2-ply adhesive remover pads come in a box of 100. Unlike conventional adhesive removers, these pads are acetone-free. The 2-ply design of these pads not only enhances their durability but also increases their effectiveness in removing adhesive residue, ensuring a clean and residue-free skin surface. Ideal for both health care professionals and consumers, these adhesive remover pads are an essential addition to your medical cleaning supplies. Whether you're in a hospital setting or at home, these high-quality adhesive remover pads from Medline offer a convenient and effective solution for adhesive removal. They are not just tools, but safe removers that prioritize your skin's comfort.",Donna P-B,Great product.,This product was able to remove medical adhesive without irritating my skin.  I had tried multiple products without success before I found these pads.,10/17/2024,5.0,Yes,0,-0.1326,0.097,0.118,0.785,0.01884694583714,0.0490896999835968,0.0021644113585352,0.0260872840881347,0.8642986416816711,0.0170453526079654,0.0224676672369241,-0.1326,0.097,0.118,0.785,0.018846992403268814,0.04908974841237068,0.0021644122898578644,0.02608720026910305,0.8642985820770264,0.017045345157384872,0.022467613220214844
317,317,"Medline Adhesive Remover Pads, Acetone-Free, 2-Ply, Box of 100","Experience the superior quality and effectiveness of Medline Adhesive Remover Pads, designed to provide a safe and efficient solution for removing adhesive residue from bandages and medical tapes. These 2-ply adhesive remover pads come in a box of 100. Unlike conventional adhesive removers, these pads are acetone-free. The 2-ply design of these pads not only enhances their durability but also increases their effectiveness in removing adhesive residue, ensuring a clean and residue-free skin surface. Ideal for both health care professionals and consumers, these adhesive remover pads are an essential addition to your medical cleaning supplies. Whether you're in a hospital setting or at home, these high-quality adhesive remover pads from Medline offer a convenient and effective solution for adhesive removal. They are not just tools, but safe removers that prioritize your skin's comfort.",LLM,Helpful product for removing dressings.,"Easy to use, convenient size.",10/29/2024,5.0,Yes,0,0.4404,0.42,0.0,0.58,0.0067838579416275,0.0100474702194333,0.0011598769342526,0.2128583341836929,0.7532424330711365,0.0051911803893744,0.0107168983668088,0.4404,0.42,0.0,0.58,0.006783865392208099,0.010047469288110733,0.0011598749551922083,0.21285845339298248,0.7532423138618469,0.005191176664084196,0.010716896504163742
318,318,"Medline Adhesive Remover Pads, Acetone-Free, 2-Ply, Box of 100","Experience the superior quality and effectiveness of Medline Adhesive Remover Pads, designed to provide a safe and efficient solution for removing adhesive residue from bandages and medical tapes. These 2-ply adhesive remover pads come in a box of 100. Unlike conventional adhesive removers, these pads are acetone-free. The 2-ply design of these pads not only enhances their durability but also increases their effectiveness in removing adhesive residue, ensuring a clean and residue-free skin surface. Ideal for both health care professionals and consumers, these adhesive remover pads are an essential addition to your medical cleaning supplies. Whether you're in a hospital setting or at home, these high-quality adhesive remover pads from Medline offer a convenient and effective solution for adhesive removal. They are not just tools, but safe removers that prioritize your skin's comfort.",Paul,Great pads no residue from the remover,They do fairly well at removing adhesive. I use it to remove athletic tape and medical tape. I just wish they came in a larger size like 2x3.5 inch. The remover itself doesn’t leave a residue like some others but it doesn’t get 100% of adhesive with only one pad.,9/29/2024,4.0,Yes,0,0.5859,0.141,0.022,0.837,0.0052203889936208,0.0256534684449434,0.0019121605437248,0.0022796012926846,0.9462645649909972,0.007978094741702,0.0106916623190045,0.5859,0.141,0.022,0.837,0.005220385268330574,0.025653406977653503,0.0019121563527733088,0.0022795998957008123,0.9462648034095764,0.007978077046573162,0.010691643692553043
319,319,"Medline Adhesive Remover Pads, Acetone-Free, 2-Ply, Box of 100","Experience the superior quality and effectiveness of Medline Adhesive Remover Pads, designed to provide a safe and efficient solution for removing adhesive residue from bandages and medical tapes. These 2-ply adhesive remover pads come in a box of 100. Unlike conventional adhesive removers, these pads are acetone-free. The 2-ply design of these pads not only enhances their durability but also increases their effectiveness in removing adhesive residue, ensuring a clean and residue-free skin surface. Ideal for both health care professionals and consumers, these adhesive remover pads are an essential addition to your medical cleaning supplies. Whether you're in a hospital setting or at home, these high-quality adhesive remover pads from Medline offer a convenient and effective solution for adhesive removal. They are not just tools, but safe removers that prioritize your skin's comfort.",James C. Edwartoski,Works great and so glad I found it online,I use a diabetic monitor that I wear for 14 days at a time and this removes the adhesive when I take the monitor off.  I can’t find these in stores.,10/11/2024,5.0,Yes,0,0.0,0.0,0.0,1.0,0.0095759527757763,0.0270093828439712,0.0021915370598435,0.0029105322901159,0.9289495944976808,0.0087046092376112,0.0206584651023149,0.0,0.0,0.0,1.0,0.009575946256518364,0.027009349316358566,0.002191537991166115,0.0029105294961482286,0.9289495944976807,0.008704612962901592,0.02065846137702465
320,320,"Medline Adhesive Remover Pads, Acetone-Free, 2-Ply, Box of 100","Experience the superior quality and effectiveness of Medline Adhesive Remover Pads, designed to provide a safe and efficient solution for removing adhesive residue from bandages and medical tapes. These 2-ply adhesive remover pads come in a box of 100. Unlike conventional adhesive removers, these pads are acetone-free. The 2-ply design of these pads not only enhances their durability but also increases their effectiveness in removing adhesive residue, ensuring a clean and residue-free skin surface. Ideal for both health care professionals and consumers, these adhesive remover pads are an essential addition to your medical cleaning supplies. Whether you're in a hospital setting or at home, these high-quality adhesive remover pads from Medline offer a convenient and effective solution for adhesive removal. They are not just tools, but safe removers that prioritize your skin's comfort.",Wiso,Removes the sticky glue,These wipes are perfect for removing tape residue from my skin.,10/21/2024,5.0,Yes,0,0.5719,0.27,0.0,0.73,0.0130392080172896,0.2604109644889831,0.0047234985977411,0.0203677285462617,0.682808518409729,0.0089047104120254,0.0097454218193888,0.5719,0.27,0.0,0.73,0.013039213605225086,0.2604110836982727,0.0047234948724508286,0.02036774344742298,0.6828083395957947,0.008904717862606049,0.009745415300130844
321,321,"Medline Adhesive Remover Pads, Acetone-Free, 2-Ply, Box of 100","Experience the superior quality and effectiveness of Medline Adhesive Remover Pads, designed to provide a safe and efficient solution for removing adhesive residue from bandages and medical tapes. These 2-ply adhesive remover pads come in a box of 100. Unlike conventional adhesive removers, these pads are acetone-free. The 2-ply design of these pads not only enhances their durability but also increases their effectiveness in removing adhesive residue, ensuring a clean and residue-free skin surface. Ideal for both health care professionals and consumers, these adhesive remover pads are an essential addition to your medical cleaning supplies. Whether you're in a hospital setting or at home, these high-quality adhesive remover pads from Medline offer a convenient and effective solution for adhesive removal. They are not just tools, but safe removers that prioritize your skin's comfort.",timothy m. smith,Gum,Works great,10/27/2024,5.0,Yes,0,0.6249,0.804,0.0,0.196,0.007438467349857,0.005539137404412,0.0028843306936323,0.4350278973579407,0.5087843537330627,0.0091635258868336,0.0311622694134712,0.6249,0.804,0.0,0.196,0.007438464090228081,0.005539140198379755,0.00288433488458395,0.4350276291370392,0.5087845921516418,0.00916353054344654,0.031162291765213013
322,322,"Medline Adhesive Remover Pads, Acetone-Free, 2-Ply, Box of 100","Experience the superior quality and effectiveness of Medline Adhesive Remover Pads, designed to provide a safe and efficient solution for removing adhesive residue from bandages and medical tapes. These 2-ply adhesive remover pads come in a box of 100. Unlike conventional adhesive removers, these pads are acetone-free. The 2-ply design of these pads not only enhances their durability but also increases their effectiveness in removing adhesive residue, ensuring a clean and residue-free skin surface. Ideal for both health care professionals and consumers, these adhesive remover pads are an essential addition to your medical cleaning supplies. Whether you're in a hospital setting or at home, these high-quality adhesive remover pads from Medline offer a convenient and effective solution for adhesive removal. They are not just tools, but safe removers that prioritize your skin's comfort.",Charles G.,Very small sheets but many.,Works removed all glue residue of my leather couch with no problem.,10/19/2024,5.0,Yes,0,-0.5994,0.0,0.329,0.671,0.0738352239131927,0.1590099930763244,0.0066906814463436,0.0142381135374307,0.6749401688575745,0.0561614893376827,0.015124344266951,-0.5994,0.0,0.329,0.671,0.07383529841899872,0.15901042520999908,0.0066906907595694065,0.014238113537430763,0.6749395132064819,0.056161560118198395,0.015124352648854256
323,323,"Medline Adhesive Remover Pads, Acetone-Free, 2-Ply, Box of 100","Experience the superior quality and effectiveness of Medline Adhesive Remover Pads, designed to provide a safe and efficient solution for removing adhesive residue from bandages and medical tapes. These 2-ply adhesive remover pads come in a box of 100. Unlike conventional adhesive removers, these pads are acetone-free. The 2-ply design of these pads not only enhances their durability but also increases their effectiveness in removing adhesive residue, ensuring a clean and residue-free skin surface. Ideal for both health care professionals and consumers, these adhesive remover pads are an essential addition to your medical cleaning supplies. Whether you're in a hospital setting or at home, these high-quality adhesive remover pads from Medline offer a convenient and effective solution for adhesive removal. They are not just tools, but safe removers that prioritize your skin's comfort.",torifa,It works!,Finally I can get old and new adhesive from a medical patch off!,10/18/2024,5.0,Yes,0,0.0,0.0,0.0,1.0,0.022950617596507,0.0210086144506931,0.0037661071401089,0.088748037815094,0.6893042922019958,0.0250715035945177,0.1491508185863495,0.0,0.0,0.0,1.0,0.022950580343604088,0.02100859023630619,0.003766106441617012,0.08874796330928802,0.689304530620575,0.025071511045098305,0.1491507589817047
324,324,"Medline Adhesive Remover Pads, Acetone-Free, 2-Ply, Box of 100","Experience the superior quality and effectiveness of Medline Adhesive Remover Pads, designed to provide a safe and efficient solution for removing adhesive residue from bandages and medical tapes. These 2-ply adhesive remover pads come in a box of 100. Unlike conventional adhesive removers, these pads are acetone-free. The 2-ply design of these pads not only enhances their durability but also increases their effectiveness in removing adhesive residue, ensuring a clean and residue-free skin surface. Ideal for both health care professionals and consumers, these adhesive remover pads are an essential addition to your medical cleaning supplies. Whether you're in a hospital setting or at home, these high-quality adhesive remover pads from Medline offer a convenient and effective solution for adhesive removal. They are not just tools, but safe removers that prioritize your skin's comfort.",Bonnita Linnette Ferguson,Was just what we needed.,They work really good and we use alot of them.,10/13/2024,5.0,Yes,0,0.4927,0.262,0.0,0.738,0.0054099559783935,0.0066759614273905,0.0010572075843811,0.1382306367158889,0.8229644298553467,0.008020824752748,0.0176409184932708,0.4927,0.262,0.0,0.738,0.005409953650087118,0.006675959564745426,0.0010572087485343218,0.1382306069135666,0.8229644894599915,0.008020821027457714,0.01764090545475483
325,325,"Medline Adhesive Remover Pads, Acetone-Free, 2-Ply, Box of 100","Experience the superior quality and effectiveness of Medline Adhesive Remover Pads, designed to provide a safe and efficient solution for removing adhesive residue from bandages and medical tapes. These 2-ply adhesive remover pads come in a box of 100. Unlike conventional adhesive removers, these pads are acetone-free. The 2-ply design of these pads not only enhances their durability but also increases their effectiveness in removing adhesive residue, ensuring a clean and residue-free skin surface. Ideal for both health care professionals and consumers, these adhesive remover pads are an essential addition to your medical cleaning supplies. Whether you're in a hospital setting or at home, these high-quality adhesive remover pads from Medline offer a convenient and effective solution for adhesive removal. They are not just tools, but safe removers that prioritize your skin's comfort.",Sheila D. Young,Removes bandage adhesive great,Had surgery recently and the bandages left very sticky adhesive remains. These wipes had it all off with little effort.,10/6/2024,5.0,Yes,0,0.0,0.0,0.0,1.0,0.0307822506874799,0.521251380443573,0.0142660699784755,0.0035624038428068,0.3607247769832611,0.0542724058032035,0.0151407616212964,0.0,0.0,0.0,1.0,0.030782239511609077,0.5212504863739014,0.014266056008636951,0.0035624043084681034,0.36072564125061035,0.05427236109972,0.01514076255261898
326,326,"Medline Adhesive Remover Pads, Acetone-Free, 2-Ply, Box of 100","Experience the superior quality and effectiveness of Medline Adhesive Remover Pads, designed to provide a safe and efficient solution for removing adhesive residue from bandages and medical tapes. These 2-ply adhesive remover pads come in a box of 100. Unlike conventional adhesive removers, these pads are acetone-free. The 2-ply design of these pads not only enhances their durability but also increases their effectiveness in removing adhesive residue, ensuring a clean and residue-free skin surface. Ideal for both health care professionals and consumers, these adhesive remover pads are an essential addition to your medical cleaning supplies. Whether you're in a hospital setting or at home, these high-quality adhesive remover pads from Medline offer a convenient and effective solution for adhesive removal. They are not just tools, but safe removers that prioritize your skin's comfort.",Dana Brooks,Gets the adhesive off without scrubbing.,Lifted adhesive left frok heart monitor in hospital. The pads are about the size of an alcohol swab. Worked well. No strong odor.,10/5/2024,5.0,Yes,2,0.4939,0.196,0.08,0.725,0.006681056227535,0.5898708701133728,0.0132701164111495,0.0055155213922262,0.3643743395805359,0.0152977658435702,0.0049902526661753,0.4939,0.196,0.08,0.725,0.006681050639599562,0.5898712277412415,0.01327014621347189,0.005515524186193943,0.36437395215034485,0.015297777019441128,0.00499025359749794
327,327,"Medline Adhesive Remover Pads, Acetone-Free, 2-Ply, Box of 100","Experience the superior quality and effectiveness of Medline Adhesive Remover Pads, designed to provide a safe and efficient solution for removing adhesive residue from bandages and medical tapes. These 2-ply adhesive remover pads come in a box of 100. Unlike conventional adhesive removers, these pads are acetone-free. The 2-ply design of these pads not only enhances their durability but also increases their effectiveness in removing adhesive residue, ensuring a clean and residue-free skin surface. Ideal for both health care professionals and consumers, these adhesive remover pads are an essential addition to your medical cleaning supplies. Whether you're in a hospital setting or at home, these high-quality adhesive remover pads from Medline offer a convenient and effective solution for adhesive removal. They are not just tools, but safe removers that prioritize your skin's comfort.",darlene whitfield,Amazing product,"I use this for HR patches and when I say it works.......honey, it works.",10/6/2024,5.0,Yes,0,0.0,0.0,0.0,1.0,0.021005081012845,0.0078337509185075,0.0027232517022639,0.0550863891839981,0.694877028465271,0.0271735992282629,0.1913008987903595,0.0,0.0,0.0,1.0,0.02100507728755474,0.007833752781152725,0.00272324588149786,0.05508633330464363,0.6948771476745605,0.027173567563295364,0.1913008689880371
328,328,"Medline Adhesive Remover Pads, Acetone-Free, 2-Ply, Box of 100","Experience the superior quality and effectiveness of Medline Adhesive Remover Pads, designed to provide a safe and efficient solution for removing adhesive residue from bandages and medical tapes. These 2-ply adhesive remover pads come in a box of 100. Unlike conventional adhesive removers, these pads are acetone-free. The 2-ply design of these pads not only enhances their durability but also increases their effectiveness in removing adhesive residue, ensuring a clean and residue-free skin surface. Ideal for both health care professionals and consumers, these adhesive remover pads are an essential addition to your medical cleaning supplies. Whether you're in a hospital setting or at home, these high-quality adhesive remover pads from Medline offer a convenient and effective solution for adhesive removal. They are not just tools, but safe removers that prioritize your skin's comfort.",BayouBaybee,Finally! Something that works!,"These are great and work better than anything else I’ve tried. The pads are tiny though, so I’m taking a star off for that.  I will buy these again.",9/13/2024,4.0,Yes,2,0.7906,0.219,0.0,0.781,0.003230317030102,0.0062612700276076,0.0015005352906882,0.0761450231075286,0.8769150376319885,0.0092647364363074,0.026683023199439,0.7906,0.219,0.0,0.781,0.0032303158659487963,0.0062612686306238174,0.0015005356399342418,0.07614489644765854,0.8769152164459229,0.009264728985726833,0.0266830176115036
329,329,"Medline Adhesive Remover Pads, Acetone-Free, 2-Ply, Box of 100","Experience the superior quality and effectiveness of Medline Adhesive Remover Pads, designed to provide a safe and efficient solution for removing adhesive residue from bandages and medical tapes. These 2-ply adhesive remover pads come in a box of 100. Unlike conventional adhesive removers, these pads are acetone-free. The 2-ply design of these pads not only enhances their durability but also increases their effectiveness in removing adhesive residue, ensuring a clean and residue-free skin surface. Ideal for both health care professionals and consumers, these adhesive remover pads are an essential addition to your medical cleaning supplies. Whether you're in a hospital setting or at home, these high-quality adhesive remover pads from Medline offer a convenient and effective solution for adhesive removal. They are not just tools, but safe removers that prioritize your skin's comfort.",The Icy One,Worked well,Was looking for a product to help remove the residue of bowling tape on my fingers. This works very well and it only takes 1 pack to clean tape residue from fingers and thumb.,9/4/2024,4.0,Yes,0,0.7778,0.212,0.0,0.788,0.0084287384524941,0.0339824296534061,0.0020553909707814,0.0098388642072677,0.929575264453888,0.0059549263678491,0.0101644601672887,0.7778,0.212,0.0,0.788,0.008428716100752354,0.03398231416940689,0.0020553874783217907,0.00983885582536459,0.9295753836631775,0.005954915191978216,0.010164455510675907
330,330,"Medline Adhesive Remover Pads, Acetone-Free, 2-Ply, Box of 100","Experience the superior quality and effectiveness of Medline Adhesive Remover Pads, designed to provide a safe and efficient solution for removing adhesive residue from bandages and medical tapes. These 2-ply adhesive remover pads come in a box of 100. Unlike conventional adhesive removers, these pads are acetone-free. The 2-ply design of these pads not only enhances their durability but also increases their effectiveness in removing adhesive residue, ensuring a clean and residue-free skin surface. Ideal for both health care professionals and consumers, these adhesive remover pads are an essential addition to your medical cleaning supplies. Whether you're in a hospital setting or at home, these high-quality adhesive remover pads from Medline offer a convenient and effective solution for adhesive removal. They are not just tools, but safe removers that prioritize your skin's comfort.",Michael B.,911 adhesive removal,Works well.,10/7/2024,5.0,Yes,0,0.2732,0.677,0.0,0.323,0.0109508195891976,0.012338338419795,0.0020747270900756,0.1049503609538078,0.8491742610931396,0.0134078040719032,0.0071037150919437,0.2732,0.677,0.0,0.323,0.010950828902423382,0.01233835518360138,0.0020747340749949217,0.10495034605264664,0.8491742014884949,0.013407828286290169,0.007103724405169487
331,331,"Medline Adhesive Remover Pads, Acetone-Free, 2-Ply, Box of 100","Experience the superior quality and effectiveness of Medline Adhesive Remover Pads, designed to provide a safe and efficient solution for removing adhesive residue from bandages and medical tapes. These 2-ply adhesive remover pads come in a box of 100. Unlike conventional adhesive removers, these pads are acetone-free. The 2-ply design of these pads not only enhances their durability but also increases their effectiveness in removing adhesive residue, ensuring a clean and residue-free skin surface. Ideal for both health care professionals and consumers, these adhesive remover pads are an essential addition to your medical cleaning supplies. Whether you're in a hospital setting or at home, these high-quality adhesive remover pads from Medline offer a convenient and effective solution for adhesive removal. They are not just tools, but safe removers that prioritize your skin's comfort.",Randall,My  piece of mind,This product  helps me in my everyday life with the  health issues I have,9/25/2024,5.0,Yes,0,0.3818,0.178,0.0,0.822,0.0068809962831437,0.0035106784198433,0.0469198711216449,0.1312232166528701,0.1609883606433868,0.6276278495788574,0.0228489842265844,0.3818,0.178,0.0,0.822,0.006880986969918013,0.0035106739960610867,0.0469198115170002,0.1312234103679657,0.1609884649515152,0.6276276707649231,0.02284899167716503
332,332,"Medline Adhesive Remover Pads, Acetone-Free, 2-Ply, Box of 100","Experience the superior quality and effectiveness of Medline Adhesive Remover Pads, designed to provide a safe and efficient solution for removing adhesive residue from bandages and medical tapes. These 2-ply adhesive remover pads come in a box of 100. Unlike conventional adhesive removers, these pads are acetone-free. The 2-ply design of these pads not only enhances their durability but also increases their effectiveness in removing adhesive residue, ensuring a clean and residue-free skin surface. Ideal for both health care professionals and consumers, these adhesive remover pads are an essential addition to your medical cleaning supplies. Whether you're in a hospital setting or at home, these high-quality adhesive remover pads from Medline offer a convenient and effective solution for adhesive removal. They are not just tools, but safe removers that prioritize your skin's comfort.",RC89,These actually work!,"After my husband’s surgery, he had tape residue all over the place. We had a few remover pads from the hospital but needed more. We ordered the remover in the form of a baby wipe situation and they didn’t work at all. I ordered these and they work so well! All the residue came off using these pads and I have enough left over for my first aid box at home. I will always have these on hand from now on.",8/24/2024,5.0,Yes,7,0.8483,0.1,0.0,0.9,0.0315829925239086,0.069121740758419,0.0029649033676832,0.0068628755398094,0.8101600408554077,0.0237263608723878,0.0555811189115047,0.8483,0.1,0.0,0.9,0.03158296272158623,0.06912177801132202,0.0029649026691913605,0.0068628680892288685,0.810160219669342,0.023726314306259155,0.05558102950453758
333,333,"Medline Adhesive Remover Pads, Acetone-Free, 2-Ply, Box of 100","Experience the superior quality and effectiveness of Medline Adhesive Remover Pads, designed to provide a safe and efficient solution for removing adhesive residue from bandages and medical tapes. These 2-ply adhesive remover pads come in a box of 100. Unlike conventional adhesive removers, these pads are acetone-free. The 2-ply design of these pads not only enhances their durability but also increases their effectiveness in removing adhesive residue, ensuring a clean and residue-free skin surface. Ideal for both health care professionals and consumers, these adhesive remover pads are an essential addition to your medical cleaning supplies. Whether you're in a hospital setting or at home, these high-quality adhesive remover pads from Medline offer a convenient and effective solution for adhesive removal. They are not just tools, but safe removers that prioritize your skin's comfort.",Corliss Freeman,Adhesive Remover,Great product and ease to use,9/28/2024,5.0,Yes,0,0.765,0.623,0.0,0.377,0.0048589473590254,0.0050328033976256,0.001184957800433,0.5984045267105103,0.3693614602088928,0.0054745827801525,0.0156827326864004,0.765,0.623,0.0,0.377,0.0048589445650577545,0.005032802931964397,0.0011849566362798214,0.5984044671058655,0.36936160922050476,0.005474582314491272,0.015682727098464966
334,334,"Medline Adhesive Remover Pads, Acetone-Free, 2-Ply, Box of 100","Experience the superior quality and effectiveness of Medline Adhesive Remover Pads, designed to provide a safe and efficient solution for removing adhesive residue from bandages and medical tapes. These 2-ply adhesive remover pads come in a box of 100. Unlike conventional adhesive removers, these pads are acetone-free. The 2-ply design of these pads not only enhances their durability but also increases their effectiveness in removing adhesive residue, ensuring a clean and residue-free skin surface. Ideal for both health care professionals and consumers, these adhesive remover pads are an essential addition to your medical cleaning supplies. Whether you're in a hospital setting or at home, these high-quality adhesive remover pads from Medline offer a convenient and effective solution for adhesive removal. They are not just tools, but safe removers that prioritize your skin's comfort.",anthonysan,Best!!,"Best adhesive remover. I do construction work and have tried everything to remove adhesives off counter tops cabinets, window sills frames and a lot of other things. These little wipes do the job better than anything else i have tried.",9/6/2024,5.0,Yes,3,0.886,0.234,0.0,0.766,0.0062273740768432,0.0123380692675709,0.001175811048597,0.0245402362197637,0.9276553392410278,0.0050026499666273,0.0230605360120534,0.886,0.234,0.0,0.766,0.0062273708172142506,0.0123380646109581,0.00117581058293581,0.02454022504389286,0.9276553392410278,0.005002644844353199,0.023060554638504982
335,335,"Medline Adhesive Remover Pads, Acetone-Free, 2-Ply, Box of 100","Experience the superior quality and effectiveness of Medline Adhesive Remover Pads, designed to provide a safe and efficient solution for removing adhesive residue from bandages and medical tapes. These 2-ply adhesive remover pads come in a box of 100. Unlike conventional adhesive removers, these pads are acetone-free. The 2-ply design of these pads not only enhances their durability but also increases their effectiveness in removing adhesive residue, ensuring a clean and residue-free skin surface. Ideal for both health care professionals and consumers, these adhesive remover pads are an essential addition to your medical cleaning supplies. Whether you're in a hospital setting or at home, these high-quality adhesive remover pads from Medline offer a convenient and effective solution for adhesive removal. They are not just tools, but safe removers that prioritize your skin's comfort.",G. Santana,Just as advertised.,I use it to remove and replace an ostomy bag and it works very well. Small cloth with a lot of solution helps loosen the adhesive and minimizes the pain of ripping a band aid off. Works as advertised.,9/1/2024,5.0,Yes,2,0.4576,0.171,0.077,0.751,0.0072048944421112,0.0833191648125648,0.0043316632509231,0.0405006967484951,0.845054030418396,0.0120941894128918,0.0074953036382794,0.4576,0.171,0.077,0.751,0.007204893976449966,0.08331919461488724,0.00433166092261672,0.0405006930232048,0.8450539708137512,0.012094198726117611,0.007495306432247162
336,336,"Medline Adhesive Remover Pads, Acetone-Free, 2-Ply, Box of 100","Experience the superior quality and effectiveness of Medline Adhesive Remover Pads, designed to provide a safe and efficient solution for removing adhesive residue from bandages and medical tapes. These 2-ply adhesive remover pads come in a box of 100. Unlike conventional adhesive removers, these pads are acetone-free. The 2-ply design of these pads not only enhances their durability but also increases their effectiveness in removing adhesive residue, ensuring a clean and residue-free skin surface. Ideal for both health care professionals and consumers, these adhesive remover pads are an essential addition to your medical cleaning supplies. Whether you're in a hospital setting or at home, these high-quality adhesive remover pads from Medline offer a convenient and effective solution for adhesive removal. They are not just tools, but safe removers that prioritize your skin's comfort.",David&Kim,Prevents kids from screaming!,"My stepson is a diabetic and has to wear a Dexcom and pod. These things are fantastic for taking off those things, because they stick to the skin so tightly that it hurts him like hell to rip off the equipment when he has to change them. It looks like an alcohol swab, and all he does is wipe it along the adhesive as he’s pulling. Definitely saves his skin from getting beat up.",8/21/2024,5.0,Yes,9,0.3818,0.133,0.091,0.776,0.0668567940592765,0.5111712217330933,0.013569732196629,0.0036794920451939,0.3599620461463928,0.0306997187435627,0.0140609573572874,0.3818,0.133,0.091,0.776,0.06685664504766464,0.5111709833145142,0.013569732196629047,0.0036795027554035187,0.3599623739719391,0.030699778348207474,0.01406096387654543
337,337,"Medline Adhesive Remover Pads, Acetone-Free, 2-Ply, Box of 100","Experience the superior quality and effectiveness of Medline Adhesive Remover Pads, designed to provide a safe and efficient solution for removing adhesive residue from bandages and medical tapes. These 2-ply adhesive remover pads come in a box of 100. Unlike conventional adhesive removers, these pads are acetone-free. The 2-ply design of these pads not only enhances their durability but also increases their effectiveness in removing adhesive residue, ensuring a clean and residue-free skin surface. Ideal for both health care professionals and consumers, these adhesive remover pads are an essential addition to your medical cleaning supplies. Whether you're in a hospital setting or at home, these high-quality adhesive remover pads from Medline offer a convenient and effective solution for adhesive removal. They are not just tools, but safe removers that prioritize your skin's comfort.",Nana 5,They actually remove adhesive residue,I like that they worked and remove adhesive residue on the skin,9/16/2024,5.0,Yes,0,0.3612,0.2,0.0,0.8,0.0047170715406537,0.023081935942173,0.0006796300876885,0.938338816165924,0.0253485441207885,0.0054412451572716,0.00239277491346,0.3612,0.2,0.0,0.8,0.0047170789912343025,0.023082014173269272,0.0006796313100494444,0.938338577747345,0.025348668918013573,0.005441252142190933,0.0023927802685648203
338,338,"Medline Adhesive Remover Pads, Acetone-Free, 2-Ply, Box of 100","Experience the superior quality and effectiveness of Medline Adhesive Remover Pads, designed to provide a safe and efficient solution for removing adhesive residue from bandages and medical tapes. These 2-ply adhesive remover pads come in a box of 100. Unlike conventional adhesive removers, these pads are acetone-free. The 2-ply design of these pads not only enhances their durability but also increases their effectiveness in removing adhesive residue, ensuring a clean and residue-free skin surface. Ideal for both health care professionals and consumers, these adhesive remover pads are an essential addition to your medical cleaning supplies. Whether you're in a hospital setting or at home, these high-quality adhesive remover pads from Medline offer a convenient and effective solution for adhesive removal. They are not just tools, but safe removers that prioritize your skin's comfort.",Angel P.,Not bad,Could have more liquid adhesive remover on the pads. For a 4x8 bandage it takes 3 of them to remove the tape.,8/10/2024,4.0,Yes,2,0.0,0.0,0.0,1.0,0.006328709423542,0.0163768865168094,0.0018437700346112,0.0022857119329273,0.938130497932434,0.0097450455650687,0.0252892971038818,0.0,0.0,0.0,1.0,0.006328700575977564,0.01637687347829342,0.0018437682883813977,0.002285708673298359,0.9381304979324341,0.009745040908455849,0.025289280340075493
339,339,"Medline Adhesive Remover Pads, Acetone-Free, 2-Ply, Box of 100","Experience the superior quality and effectiveness of Medline Adhesive Remover Pads, designed to provide a safe and efficient solution for removing adhesive residue from bandages and medical tapes. These 2-ply adhesive remover pads come in a box of 100. Unlike conventional adhesive removers, these pads are acetone-free. The 2-ply design of these pads not only enhances their durability but also increases their effectiveness in removing adhesive residue, ensuring a clean and residue-free skin surface. Ideal for both health care professionals and consumers, these adhesive remover pads are an essential addition to your medical cleaning supplies. Whether you're in a hospital setting or at home, these high-quality adhesive remover pads from Medline offer a convenient and effective solution for adhesive removal. They are not just tools, but safe removers that prioritize your skin's comfort.",Julie M.,Thriving,I use the Thrive patches daily and they leave a residue. Removes in seconds when scrubbing/soap don't.,9/6/2024,5.0,Yes,0,-0.0516,0.0,0.079,0.921,0.0544636659324169,0.2707909047603607,0.0100446436554193,0.0023432758171111,0.613917887210846,0.0345293283462524,0.0139102581888437,-0.0516,0.0,0.079,0.921,0.05446363985538483,0.2707911431789398,0.010044625960290432,0.002343276049941778,0.6139177083969116,0.034529346972703934,0.0139102628454566
340,340,"Medline Adhesive Remover Pads, Acetone-Free, 2-Ply, Box of 100","Experience the superior quality and effectiveness of Medline Adhesive Remover Pads, designed to provide a safe and efficient solution for removing adhesive residue from bandages and medical tapes. These 2-ply adhesive remover pads come in a box of 100. Unlike conventional adhesive removers, these pads are acetone-free. The 2-ply design of these pads not only enhances their durability but also increases their effectiveness in removing adhesive residue, ensuring a clean and residue-free skin surface. Ideal for both health care professionals and consumers, these adhesive remover pads are an essential addition to your medical cleaning supplies. Whether you're in a hospital setting or at home, these high-quality adhesive remover pads from Medline offer a convenient and effective solution for adhesive removal. They are not just tools, but safe removers that prioritize your skin's comfort.",Angelique,Great Job!,I absolutely love these pads! My son was having a hard time removing the adhesive from his skin after removing his Dexcom.  Only needed one pad to easily wipe the adhesive away.,9/3/2024,5.0,Yes,8,0.7773,0.202,0.039,0.759,0.0086943758651614,0.0187602471560239,0.0022219202946871,0.7807120680809021,0.1334623247385025,0.0222226157784461,0.033926535397768,0.7773,0.202,0.039,0.759,0.008694387041032314,0.018760284408926964,0.0022219230886548758,0.7807115316390991,0.1334625780582428,0.02222265861928463,0.033926598727703094
341,341,"Medline Adhesive Remover Pads, Acetone-Free, 2-Ply, Box of 100","Experience the superior quality and effectiveness of Medline Adhesive Remover Pads, designed to provide a safe and efficient solution for removing adhesive residue from bandages and medical tapes. These 2-ply adhesive remover pads come in a box of 100. Unlike conventional adhesive removers, these pads are acetone-free. The 2-ply design of these pads not only enhances their durability but also increases their effectiveness in removing adhesive residue, ensuring a clean and residue-free skin surface. Ideal for both health care professionals and consumers, these adhesive remover pads are an essential addition to your medical cleaning supplies. Whether you're in a hospital setting or at home, these high-quality adhesive remover pads from Medline offer a convenient and effective solution for adhesive removal. They are not just tools, but safe removers that prioritize your skin's comfort.",Judith R.,Works really well!,"Great at removing medical tape adhesive from skin. I use medical tape daily to keep patches affixed to my skin and always felt self conscious because no matter how much scrubbing I did, I could rarely get all of the tape residue off. This works like a charm and has now become part of my daily routine when switching out my patches. Great product!",8/12/2024,5.0,Yes,5,0.9117,0.208,0.031,0.761,0.0183630790561437,0.0343577526509761,0.0136025212705135,0.4100039005279541,0.4948712885379791,0.0171416625380516,0.0116597795858979,0.9117,0.208,0.031,0.761,0.0183631032705307,0.03435775265097618,0.013602538034319878,0.4100033640861511,0.49487176537513733,0.017141662538051605,0.01165978703647852
342,342,"Medline Adhesive Remover Pads, Acetone-Free, 2-Ply, Box of 100","Experience the superior quality and effectiveness of Medline Adhesive Remover Pads, designed to provide a safe and efficient solution for removing adhesive residue from bandages and medical tapes. These 2-ply adhesive remover pads come in a box of 100. Unlike conventional adhesive removers, these pads are acetone-free. The 2-ply design of these pads not only enhances their durability but also increases their effectiveness in removing adhesive residue, ensuring a clean and residue-free skin surface. Ideal for both health care professionals and consumers, these adhesive remover pads are an essential addition to your medical cleaning supplies. Whether you're in a hospital setting or at home, these high-quality adhesive remover pads from Medline offer a convenient and effective solution for adhesive removal. They are not just tools, but safe removers that prioritize your skin's comfort.",Dagby Diggers,Best adhesive around,These are great adhesive removers the best I have ever used.Give them a try you will love them.,9/2/2024,5.0,Yes,0,0.926,0.49,0.0,0.51,0.0090529434382915,0.005114410072565,0.0013412054395303,0.3295719027519226,0.609671413898468,0.0037355464883148,0.0415126048028469,0.926,0.49,0.0,0.51,0.009052932262420654,0.005114409141242504,0.0013412036933004856,0.32957205176353455,0.6096712946891785,0.0037355455569922924,0.04151259362697601
343,343,"Medline Adhesive Remover Pads, Acetone-Free, 2-Ply, Box of 100","Experience the superior quality and effectiveness of Medline Adhesive Remover Pads, designed to provide a safe and efficient solution for removing adhesive residue from bandages and medical tapes. These 2-ply adhesive remover pads come in a box of 100. Unlike conventional adhesive removers, these pads are acetone-free. The 2-ply design of these pads not only enhances their durability but also increases their effectiveness in removing adhesive residue, ensuring a clean and residue-free skin surface. Ideal for both health care professionals and consumers, these adhesive remover pads are an essential addition to your medical cleaning supplies. Whether you're in a hospital setting or at home, these high-quality adhesive remover pads from Medline offer a convenient and effective solution for adhesive removal. They are not just tools, but safe removers that prioritize your skin's comfort.",Hawkeye,Works well at removing adhesive,I use this for removing my continuous glucose monitor sensor backing and cover. After 10 days I remove the sensor and I use it before and after for any residue. I wash my skin and apply some cream and it clears up any redness because it makes it easier to remove. Glad I discovered it and ordered the pads which are just the right size. I will order again because it worked for me!,7/31/2024,5.0,Yes,2,0.7574,0.117,0.0,0.883,0.0339863672852516,0.0218037832528352,0.0018144540954381,0.5640272498130798,0.2556015253067016,0.0150974364951252,0.1076691821217536,0.7574,0.117,0.0,0.883,0.033986326307058334,0.021803705021739006,0.0018144519999623299,0.5640279054641724,0.2556009292602539,0.015097402036190033,0.10766926407814026
344,344,"Medline Adhesive Remover Pads, Acetone-Free, 2-Ply, Box of 100","Experience the superior quality and effectiveness of Medline Adhesive Remover Pads, designed to provide a safe and efficient solution for removing adhesive residue from bandages and medical tapes. These 2-ply adhesive remover pads come in a box of 100. Unlike conventional adhesive removers, these pads are acetone-free. The 2-ply design of these pads not only enhances their durability but also increases their effectiveness in removing adhesive residue, ensuring a clean and residue-free skin surface. Ideal for both health care professionals and consumers, these adhesive remover pads are an essential addition to your medical cleaning supplies. Whether you're in a hospital setting or at home, these high-quality adhesive remover pads from Medline offer a convenient and effective solution for adhesive removal. They are not just tools, but safe removers that prioritize your skin's comfort.",Cookie Seattle,Nothing could get the sticky off,"I was hospitalized for a month.  Let's face it nurses are very busy and have little time to the little stuff.  During my hospital stay I had many sticky things on my chest; put on, removed, put on, removed and always in a different place.  Once I got home I  was covered by the sticky residue.  A friend suggested this product!  It worked!  All my stickiness disappeared.  Just wish they came in larger sizes.",7/23/2024,5.0,Yes,2,0.6792,0.09,0.026,0.884,0.0602910034358501,0.1993510574102401,0.0300168246030807,0.0423479825258255,0.2132663577795028,0.0419513322412967,0.412775456905365,0.6792,0.09,0.026,0.884,0.06029107794165611,0.19935163855552673,0.030016861855983734,0.042347971349954605,0.21326634287834167,0.04195132106542587,0.4127747714519501
345,345,"Medline Adhesive Remover Pads, Acetone-Free, 2-Ply, Box of 100","Experience the superior quality and effectiveness of Medline Adhesive Remover Pads, designed to provide a safe and efficient solution for removing adhesive residue from bandages and medical tapes. These 2-ply adhesive remover pads come in a box of 100. Unlike conventional adhesive removers, these pads are acetone-free. The 2-ply design of these pads not only enhances their durability but also increases their effectiveness in removing adhesive residue, ensuring a clean and residue-free skin surface. Ideal for both health care professionals and consumers, these adhesive remover pads are an essential addition to your medical cleaning supplies. Whether you're in a hospital setting or at home, these high-quality adhesive remover pads from Medline offer a convenient and effective solution for adhesive removal. They are not just tools, but safe removers that prioritize your skin's comfort.",sue lewis,Great.,These are great. Takes off the sticky with an oil base and nicer smell.,8/29/2024,5.0,Yes,0,0.7906,0.368,0.0,0.632,0.0085174115374684,0.1830390095710754,0.0021644628141075,0.2548566460609436,0.5331361889839172,0.0112841334193944,0.0070021636784076,0.7906,0.368,0.0,0.632,0.00851740874350071,0.18303915858268738,0.002164465608075261,0.2548563480377197,0.5331363081932068,0.011284138076007366,0.00700216181576252
346,346,"Medline Adhesive Remover Pads, Acetone-Free, 2-Ply, Box of 100","Experience the superior quality and effectiveness of Medline Adhesive Remover Pads, designed to provide a safe and efficient solution for removing adhesive residue from bandages and medical tapes. These 2-ply adhesive remover pads come in a box of 100. Unlike conventional adhesive removers, these pads are acetone-free. The 2-ply design of these pads not only enhances their durability but also increases their effectiveness in removing adhesive residue, ensuring a clean and residue-free skin surface. Ideal for both health care professionals and consumers, these adhesive remover pads are an essential addition to your medical cleaning supplies. Whether you're in a hospital setting or at home, these high-quality adhesive remover pads from Medline offer a convenient and effective solution for adhesive removal. They are not just tools, but safe removers that prioritize your skin's comfort.",A satisfied customer,Great little pads,Use these pads to remove hard to remove sticky adhesive leftover whenever removing a diabetic sensor.,8/28/2024,5.0,Yes,0,-0.1027,0.0,0.091,0.909,0.0432846173644065,0.2294369637966156,0.0143033396452665,0.0030393688939511,0.6814863085746765,0.0206995140761137,0.007749902550131,-0.1027,0.0,0.091,0.909,0.043284621089696884,0.22943712770938873,0.014303351752460003,0.003039367962628603,0.6814861297607422,0.020699508488178253,0.0077499039471149445
347,347,"Medline Adhesive Remover Pads, Acetone-Free, 2-Ply, Box of 100","Experience the superior quality and effectiveness of Medline Adhesive Remover Pads, designed to provide a safe and efficient solution for removing adhesive residue from bandages and medical tapes. These 2-ply adhesive remover pads come in a box of 100. Unlike conventional adhesive removers, these pads are acetone-free. The 2-ply design of these pads not only enhances their durability but also increases their effectiveness in removing adhesive residue, ensuring a clean and residue-free skin surface. Ideal for both health care professionals and consumers, these adhesive remover pads are an essential addition to your medical cleaning supplies. Whether you're in a hospital setting or at home, these high-quality adhesive remover pads from Medline offer a convenient and effective solution for adhesive removal. They are not just tools, but safe removers that prioritize your skin's comfort.",windy,Easy to use,"These work great to remove the sticky film left on your skin after bandages are removed. They do leave a little greasy feel to the skin after use, but this is easily wiped away. These individually packaged pads are easy to carry with you when away from home. They are extremely helpful to those that are covering the continuous blood sugar monitors with tegaderm. I am very happy with this product",7/24/2024,5.0,Yes,0,0.9639,0.23,0.013,0.757,0.0061256745830178,0.122404359281063,0.0029281906317919,0.6149970293045044,0.2268005609512329,0.0178648121654987,0.0088794371113181,0.9639,0.23,0.013,0.757,0.006125679239630699,0.1224043220281601,0.0029281883034855127,0.6149965524673462,0.22680091857910156,0.017864806577563286,0.008879435248672962
348,348,"Medline Adhesive Remover Pads, Acetone-Free, 2-Ply, Box of 100","Experience the superior quality and effectiveness of Medline Adhesive Remover Pads, designed to provide a safe and efficient solution for removing adhesive residue from bandages and medical tapes. These 2-ply adhesive remover pads come in a box of 100. Unlike conventional adhesive removers, these pads are acetone-free. The 2-ply design of these pads not only enhances their durability but also increases their effectiveness in removing adhesive residue, ensuring a clean and residue-free skin surface. Ideal for both health care professionals and consumers, these adhesive remover pads are an essential addition to your medical cleaning supplies. Whether you're in a hospital setting or at home, these high-quality adhesive remover pads from Medline offer a convenient and effective solution for adhesive removal. They are not just tools, but safe removers that prioritize your skin's comfort.",D. Bickel,Great product,Works well for releasing glue around my Dexcom G7.,9/1/2024,5.0,Yes,0,0.2732,0.208,0.0,0.792,0.0165523029863834,0.0190116222947835,0.0042507876642048,0.0305953994393348,0.9153873920440674,0.0056044911034405,0.008597943931818,0.2732,0.208,0.0,0.792,0.016552302986383438,0.019011609256267548,0.00425079045817256,0.03059539943933487,0.9153873920440674,0.005604491103440523,0.008597951382398605
349,349,"Medline Adhesive Remover Pads, Acetone-Free, 2-Ply, Box of 100","Experience the superior quality and effectiveness of Medline Adhesive Remover Pads, designed to provide a safe and efficient solution for removing adhesive residue from bandages and medical tapes. These 2-ply adhesive remover pads come in a box of 100. Unlike conventional adhesive removers, these pads are acetone-free. The 2-ply design of these pads not only enhances their durability but also increases their effectiveness in removing adhesive residue, ensuring a clean and residue-free skin surface. Ideal for both health care professionals and consumers, these adhesive remover pads are an essential addition to your medical cleaning supplies. Whether you're in a hospital setting or at home, these high-quality adhesive remover pads from Medline offer a convenient and effective solution for adhesive removal. They are not just tools, but safe removers that prioritize your skin's comfort.",serina,Unstuck,Needed large area to remove sticky parts that tape leaves behind.  One little pad is all I need.  No reaction to skin.  Cleans good.,8/19/2024,5.0,Yes,0,0.1779,0.111,0.084,0.805,0.0116653656587004,0.0426975563168525,0.007014350965619,0.0396079905331134,0.8318784832954407,0.0407055914402008,0.026430545374751,0.1779,0.111,0.084,0.805,0.011665336787700653,0.04269757494330406,0.0070143467746675014,0.039607882499694824,0.8318788409233093,0.040705543011426926,0.02643049694597721
350,350,"Medline Adhesive Remover Pads, Acetone-Free, 2-Ply, Box of 100","Experience the superior quality and effectiveness of Medline Adhesive Remover Pads, designed to provide a safe and efficient solution for removing adhesive residue from bandages and medical tapes. These 2-ply adhesive remover pads come in a box of 100. Unlike conventional adhesive removers, these pads are acetone-free. The 2-ply design of these pads not only enhances their durability but also increases their effectiveness in removing adhesive residue, ensuring a clean and residue-free skin surface. Ideal for both health care professionals and consumers, these adhesive remover pads are an essential addition to your medical cleaning supplies. Whether you're in a hospital setting or at home, these high-quality adhesive remover pads from Medline offer a convenient and effective solution for adhesive removal. They are not just tools, but safe removers that prioritize your skin's comfort.",Public Name123,Always stick with the medical grade,I purchased some very overpriced “fancy” adhesive remover pads from my local drug store (I needed them same day and you’d be surprised that you can’t find adhesive remover for skin more readily) and  they were literal crap. It would have been just as effective as using a scrub daddy on my skin. I went to med line because I’ve used their products before and even though I had to order and wait for them to arrive it was worth it. One quick swipe and the gummy stickiness is gone.,6/10/2024,5.0,Yes,0,0.5106,0.075,0.028,0.896,0.0244417786598205,0.0615569688379764,0.0028289072215557,0.0044443826191127,0.0360454358160495,0.0029283144976943,0.8677542209625244,0.5106,0.075,0.028,0.896,0.024441827088594437,0.06155708432197571,0.0028289121109992266,0.004444391466677189,0.03604548051953316,0.0029283161275088787,0.8677539825439453
351,351,"Medline Adhesive Remover Pads, Acetone-Free, 2-Ply, Box of 100","Experience the superior quality and effectiveness of Medline Adhesive Remover Pads, designed to provide a safe and efficient solution for removing adhesive residue from bandages and medical tapes. These 2-ply adhesive remover pads come in a box of 100. Unlike conventional adhesive removers, these pads are acetone-free. The 2-ply design of these pads not only enhances their durability but also increases their effectiveness in removing adhesive residue, ensuring a clean and residue-free skin surface. Ideal for both health care professionals and consumers, these adhesive remover pads are an essential addition to your medical cleaning supplies. Whether you're in a hospital setting or at home, these high-quality adhesive remover pads from Medline offer a convenient and effective solution for adhesive removal. They are not just tools, but safe removers that prioritize your skin's comfort.",Allison,Removed all the sticky and didn’t irritate my skin,"I recently purchased the Medline Adhesive Remover Pads, Acetone-Free, 2-Ply, Box of 100 for use after surgery, specifically to remove the sticky residue left by the Prevena wound vac. These pads performed exceptionally well. They efficiently removed all the adhesive residue without causing any irritation to my skin. The acetone-free formula is gentle yet effective, and the 2-ply design adds to their durability. I highly recommend these pads for anyone in need of a reliable adhesive remover, especially for post-surgery care.",6/26/2024,5.0,Yes,0,0.9602,0.222,0.0,0.778,0.061131402850151,0.0823151022195816,0.0018368918681517,0.0568249970674514,0.7812666893005371,0.009737635962665,0.0068872412666678,0.9602,0.222,0.0,0.778,0.061131443828344345,0.0823151245713234,0.0018368881428614259,0.05682497099041939,0.7812666893005371,0.009737635962665081,0.006887233816087246
352,352,"Medline Adhesive Remover Pads, Acetone-Free, 2-Ply, Box of 100","Experience the superior quality and effectiveness of Medline Adhesive Remover Pads, designed to provide a safe and efficient solution for removing adhesive residue from bandages and medical tapes. These 2-ply adhesive remover pads come in a box of 100. Unlike conventional adhesive removers, these pads are acetone-free. The 2-ply design of these pads not only enhances their durability but also increases their effectiveness in removing adhesive residue, ensuring a clean and residue-free skin surface. Ideal for both health care professionals and consumers, these adhesive remover pads are an essential addition to your medical cleaning supplies. Whether you're in a hospital setting or at home, these high-quality adhesive remover pads from Medline offer a convenient and effective solution for adhesive removal. They are not just tools, but safe removers that prioritize your skin's comfort.",Mari,Quality in a little box,"Purchased these to help remove adhesive from my infants faces. Medical canula stickers are hard to remove without hurting my kids but with these, it made it so much easier and less painful for them. There is a slight odor to them but they really work like a charm. Simple and removes adhesive quickly. Would highly recommend.",4/18/2024,4.0,Yes,5,0.9359,0.268,0.065,0.667,0.0104890931397676,0.1749981194734573,0.0072850370779633,0.1557254046201706,0.544455885887146,0.1008379533886909,0.0062085068784654,0.9359,0.268,0.065,0.667,0.010489094071090221,0.1749984323978424,0.007285049185156822,0.15572530031204224,0.5444560050964355,0.10083773732185364,0.006208501756191254
353,353,"Medline Adhesive Remover Pads, Acetone-Free, 2-Ply, Box of 100","Experience the superior quality and effectiveness of Medline Adhesive Remover Pads, designed to provide a safe and efficient solution for removing adhesive residue from bandages and medical tapes. These 2-ply adhesive remover pads come in a box of 100. Unlike conventional adhesive removers, these pads are acetone-free. The 2-ply design of these pads not only enhances their durability but also increases their effectiveness in removing adhesive residue, ensuring a clean and residue-free skin surface. Ideal for both health care professionals and consumers, these adhesive remover pads are an essential addition to your medical cleaning supplies. Whether you're in a hospital setting or at home, these high-quality adhesive remover pads from Medline offer a convenient and effective solution for adhesive removal. They are not just tools, but safe removers that prioritize your skin's comfort.",Movielover54,Very Convenient!,I travel a lot so these are perfect as an adhesive remover which I must use a couple times a week. They do the job very well and are the perfect size for me.,7/21/2024,5.0,Yes,0,0.8839,0.284,0.0,0.716,0.0036987711209803,0.0050686234608292,0.001175413839519,0.068843774497509,0.9011845588684082,0.0034973889123648,0.016531478613615,0.8839,0.284,0.0,0.716,0.003698767861351371,0.005068621132522821,0.0011754126753658056,0.068843774497509,0.9011845588684082,0.003497387282550335,0.01653148978948593
354,354,"Medline Adhesive Remover Pads, Acetone-Free, 2-Ply, Box of 100","Experience the superior quality and effectiveness of Medline Adhesive Remover Pads, designed to provide a safe and efficient solution for removing adhesive residue from bandages and medical tapes. These 2-ply adhesive remover pads come in a box of 100. Unlike conventional adhesive removers, these pads are acetone-free. The 2-ply design of these pads not only enhances their durability but also increases their effectiveness in removing adhesive residue, ensuring a clean and residue-free skin surface. Ideal for both health care professionals and consumers, these adhesive remover pads are an essential addition to your medical cleaning supplies. Whether you're in a hospital setting or at home, these high-quality adhesive remover pads from Medline offer a convenient and effective solution for adhesive removal. They are not just tools, but safe removers that prioritize your skin's comfort.",froggerway,Best bandage remover.,"Living as a critically ill patient, requiring lots of different bandages, and being applied with many forms of different adhesives. these pads are miracle workers. Easily removed the lines left from surgical tape, monitor tape, bandage tapes.  Each one is approx. the same size as an alcohol swab, and individually wrapped. Easy to carry around with to various appointments.",6/24/2024,5.0,Yes,2,0.743,0.138,0.042,0.819,0.0043264082632958,0.0110874623060226,0.0073423841968178,0.0836723521351814,0.8241774439811707,0.0043431902304291,0.0650507286190986,0.743,0.138,0.042,0.819,0.004326405003666878,0.01108744740486145,0.007342371623963118,0.08367233723402023,0.8241775035858154,0.004343184642493725,0.06505066156387329
355,355,"Medline Adhesive Remover Pads, Acetone-Free, 2-Ply, Box of 100","Experience the superior quality and effectiveness of Medline Adhesive Remover Pads, designed to provide a safe and efficient solution for removing adhesive residue from bandages and medical tapes. These 2-ply adhesive remover pads come in a box of 100. Unlike conventional adhesive removers, these pads are acetone-free. The 2-ply design of these pads not only enhances their durability but also increases their effectiveness in removing adhesive residue, ensuring a clean and residue-free skin surface. Ideal for both health care professionals and consumers, these adhesive remover pads are an essential addition to your medical cleaning supplies. Whether you're in a hospital setting or at home, these high-quality adhesive remover pads from Medline offer a convenient and effective solution for adhesive removal. They are not just tools, but safe removers that prioritize your skin's comfort.",Yomo,Game changer,"I wear a cgm and sometime I use the protective patches over it when I'm going to be exposed to water, sunscreen, sweat, or if the adhesive on the cgm is less sticky. Before I found these adhesive remover pads, removing them and the cgm would rip off the top layer of my skin leaving a scar. That alone was making me rethink being able to wear a cgm. But I looked up tips and people said to get medical adhesive remover. These pads are the answer for me. Even for their small size, I've never needed more than one. It is easy to use and if you have any residue left on your skin after removing the bandage/patch, you simply wipe it away with little pressure needed. I also used this to remove hydrocolloidal bandages. Easy to carry as they are individually wrapped. Would recommend for removal of any medical adhesive and will definitely repurchase.",1/17/2024,5.0,Yes,3,0.9168,0.099,0.031,0.87,0.011884550563991,0.0327039286494255,0.0085734287276864,0.0021617610473185,0.93051278591156,0.0075782975181937,0.0065852291882038,0.9168,0.099,0.031,0.87,0.011884555220603943,0.0327039510011673,0.008573440834879875,0.0021617587190121412,0.9305127859115601,0.00757830124348402,0.006585234776139259
356,356,"Medline Adhesive Remover Pads, Acetone-Free, 2-Ply, Box of 100","Experience the superior quality and effectiveness of Medline Adhesive Remover Pads, designed to provide a safe and efficient solution for removing adhesive residue from bandages and medical tapes. These 2-ply adhesive remover pads come in a box of 100. Unlike conventional adhesive removers, these pads are acetone-free. The 2-ply design of these pads not only enhances their durability but also increases their effectiveness in removing adhesive residue, ensuring a clean and residue-free skin surface. Ideal for both health care professionals and consumers, these adhesive remover pads are an essential addition to your medical cleaning supplies. Whether you're in a hospital setting or at home, these high-quality adhesive remover pads from Medline offer a convenient and effective solution for adhesive removal. They are not just tools, but safe removers that prioritize your skin's comfort.",April,Good,Great,6/11/2024,4.0,Yes,0,0.6249,1.0,0.0,0.0,0.0376711934804916,0.0294543355703353,0.0110250422731041,0.3769746720790863,0.4801543056964874,0.0230032410472631,0.041717167943716,0.6249,1.0,0.0,0.0,0.0376712866127491,0.02945432811975479,0.011025041341781616,0.37697574496269226,0.4801531732082367,0.023003246635198593,0.04171712324023247
357,357,"Medline Adhesive Remover Pads, Acetone-Free, 2-Ply, Box of 100","Experience the superior quality and effectiveness of Medline Adhesive Remover Pads, designed to provide a safe and efficient solution for removing adhesive residue from bandages and medical tapes. These 2-ply adhesive remover pads come in a box of 100. Unlike conventional adhesive removers, these pads are acetone-free. The 2-ply design of these pads not only enhances their durability but also increases their effectiveness in removing adhesive residue, ensuring a clean and residue-free skin surface. Ideal for both health care professionals and consumers, these adhesive remover pads are an essential addition to your medical cleaning supplies. Whether you're in a hospital setting or at home, these high-quality adhesive remover pads from Medline offer a convenient and effective solution for adhesive removal. They are not just tools, but safe removers that prioritize your skin's comfort.",Southern Girl,The best!,The medline adhesive remover pads work better than all of the others so I was glad to find these and at a great price. I highly recommend and will order again.,7/18/2024,5.0,Yes,0,0.9197,0.353,0.0,0.647,0.0008733958820812,0.000844313588459,0.0002920787374023,0.986876368522644,0.0047128652222454,0.0013211759505793,0.0050797276198863,0.9197,0.353,0.0,0.647,0.0008733955328352749,0.0008443135884590447,0.0002920787374023348,0.986876368522644,0.004712871741503477,0.0013211759505793452,0.005079729948192835
358,358,"Medline Adhesive Remover Pads, Acetone-Free, 2-Ply, Box of 100","Experience the superior quality and effectiveness of Medline Adhesive Remover Pads, designed to provide a safe and efficient solution for removing adhesive residue from bandages and medical tapes. These 2-ply adhesive remover pads come in a box of 100. Unlike conventional adhesive removers, these pads are acetone-free. The 2-ply design of these pads not only enhances their durability but also increases their effectiveness in removing adhesive residue, ensuring a clean and residue-free skin surface. Ideal for both health care professionals and consumers, these adhesive remover pads are an essential addition to your medical cleaning supplies. Whether you're in a hospital setting or at home, these high-quality adhesive remover pads from Medline offer a convenient and effective solution for adhesive removal. They are not just tools, but safe removers that prioritize your skin's comfort.",Nelly Rivera,Funcionan,Quita la pega que queda en la piel so funcionan .,8/9/2024,5.0,Yes,0,0.0,0.0,0.0,1.0,0.0575061775743961,0.2408401817083358,0.0570167638361454,0.0253880657255649,0.5482664108276367,0.0365471728146076,0.0344352759420871,0.0,0.0,0.0,1.0,0.05750612914562225,0.2408401370048523,0.05701674520969391,0.02538808062672615,0.5482664108276367,0.03654717653989792,0.03443527966737747
359,359,"Medline Adhesive Remover Pads, Acetone-Free, 2-Ply, Box of 100","Experience the superior quality and effectiveness of Medline Adhesive Remover Pads, designed to provide a safe and efficient solution for removing adhesive residue from bandages and medical tapes. These 2-ply adhesive remover pads come in a box of 100. Unlike conventional adhesive removers, these pads are acetone-free. The 2-ply design of these pads not only enhances their durability but also increases their effectiveness in removing adhesive residue, ensuring a clean and residue-free skin surface. Ideal for both health care professionals and consumers, these adhesive remover pads are an essential addition to your medical cleaning supplies. Whether you're in a hospital setting or at home, these high-quality adhesive remover pads from Medline offer a convenient and effective solution for adhesive removal. They are not just tools, but safe removers that prioritize your skin's comfort.",Amazon Customer,Removes the sticky,Removes the sticky. Smell isn’t great but the alcohol pads clear that up,8/11/2024,5.0,Yes,2,0.714,0.351,0.0,0.649,0.0161817334592342,0.3554702401161194,0.0059216539375483,0.0091938069090247,0.5734875798225403,0.0341280438005924,0.0056169452145695,0.714,0.351,0.0,0.649,0.01618174836039543,0.3554697036743164,0.0059216502122581005,0.009193805046379566,0.5734881162643433,0.034128036350011826,0.0056169419549405575
360,360,"Medline Adhesive Remover Pads, Acetone-Free, 2-Ply, Box of 100","Experience the superior quality and effectiveness of Medline Adhesive Remover Pads, designed to provide a safe and efficient solution for removing adhesive residue from bandages and medical tapes. These 2-ply adhesive remover pads come in a box of 100. Unlike conventional adhesive removers, these pads are acetone-free. The 2-ply design of these pads not only enhances their durability but also increases their effectiveness in removing adhesive residue, ensuring a clean and residue-free skin surface. Ideal for both health care professionals and consumers, these adhesive remover pads are an essential addition to your medical cleaning supplies. Whether you're in a hospital setting or at home, these high-quality adhesive remover pads from Medline offer a convenient and effective solution for adhesive removal. They are not just tools, but safe removers that prioritize your skin's comfort.",Debbi,Works great!,"This stuff works great!  The adhesive on my skin was super hard to remove.  Once I ordered and used these, it came off quickly and easily.  Glad I found them!",7/18/2024,5.0,Yes,0,0.9272,0.364,0.036,0.599,0.0062047131359577,0.0017926704604178,0.0013706723693758,0.8090049624443054,0.044736985117197,0.0059618921950459,0.1309280395507812,0.9272,0.364,0.036,0.599,0.006204721052199602,0.0017926733708009124,0.0013706727186217904,0.8090047836303711,0.0447370670735836,0.005961890798062086,0.1309281438589096
361,361,"Medline Adhesive Remover Pads, Acetone-Free, 2-Ply, Box of 100","Experience the superior quality and effectiveness of Medline Adhesive Remover Pads, designed to provide a safe and efficient solution for removing adhesive residue from bandages and medical tapes. These 2-ply adhesive remover pads come in a box of 100. Unlike conventional adhesive removers, these pads are acetone-free. The 2-ply design of these pads not only enhances their durability but also increases their effectiveness in removing adhesive residue, ensuring a clean and residue-free skin surface. Ideal for both health care professionals and consumers, these adhesive remover pads are an essential addition to your medical cleaning supplies. Whether you're in a hospital setting or at home, these high-quality adhesive remover pads from Medline offer a convenient and effective solution for adhesive removal. They are not just tools, but safe removers that prioritize your skin's comfort.",Tam,It really works!,"I have tried everything to remove KT tape remnants from my husband's shoulder (Vaseline, alcohol, nail polish remover, soap and water, etc) and nothing would work. I ordered the Medline Adhesive Remover Pads and it removed like a charm. I was speechless.  The only small complaint I have is that the pads could be bigger. Well done Medline!",5/30/2024,5.0,Yes,0,0.6588,0.129,0.037,0.833,0.0184093695133924,0.005357336718589,0.4789612591266632,0.0162503290921449,0.0805168524384498,0.0243712458759546,0.3761336505413055,0.6588,0.129,0.037,0.833,0.018409395590424538,0.005357349757105112,0.4789612591266632,0.01625034213066101,0.08051692694425583,0.024371284991502762,0.37613338232040405
362,362,"Medline Adhesive Remover Pads, Acetone-Free, 2-Ply, Box of 100","Experience the superior quality and effectiveness of Medline Adhesive Remover Pads, designed to provide a safe and efficient solution for removing adhesive residue from bandages and medical tapes. These 2-ply adhesive remover pads come in a box of 100. Unlike conventional adhesive removers, these pads are acetone-free. The 2-ply design of these pads not only enhances their durability but also increases their effectiveness in removing adhesive residue, ensuring a clean and residue-free skin surface. Ideal for both health care professionals and consumers, these adhesive remover pads are an essential addition to your medical cleaning supplies. Whether you're in a hospital setting or at home, these high-quality adhesive remover pads from Medline offer a convenient and effective solution for adhesive removal. They are not just tools, but safe removers that prioritize your skin's comfort.",Jackster89,Magic,These wipes work like magic. I had such a buildup of paper tape adhesive stuck to my skin and these wipes just melted all of the adhesive away. Highly recommend!,7/12/2024,5.0,Yes,0,0.5551,0.171,0.061,0.767,0.0270610246807336,0.0726189464330673,0.0057655982673168,0.0623425357043743,0.7387905716896057,0.0095133827999234,0.0839079916477203,0.5551,0.171,0.061,0.767,0.027061032131314278,0.0726190134882927,0.005765601061284542,0.06234249100089073,0.7387902736663818,0.009513387456536293,0.08390818536281586
363,363,"Medline Adhesive Remover Pads, Acetone-Free, 2-Ply, Box of 100","Experience the superior quality and effectiveness of Medline Adhesive Remover Pads, designed to provide a safe and efficient solution for removing adhesive residue from bandages and medical tapes. These 2-ply adhesive remover pads come in a box of 100. Unlike conventional adhesive removers, these pads are acetone-free. The 2-ply design of these pads not only enhances their durability but also increases their effectiveness in removing adhesive residue, ensuring a clean and residue-free skin surface. Ideal for both health care professionals and consumers, these adhesive remover pads are an essential addition to your medical cleaning supplies. Whether you're in a hospital setting or at home, these high-quality adhesive remover pads from Medline offer a convenient and effective solution for adhesive removal. They are not just tools, but safe removers that prioritize your skin's comfort.",Julie A. Williams,Works well,Can’t find these swabs in stores works well to remove tape residue,5/1/2024,4.0,Yes,0,0.2732,0.16,0.0,0.84,0.0143544292077422,0.0587583482265472,0.005290581844747,0.0016176631907001,0.8899813294410706,0.0152439763769507,0.0147536359727382,0.2732,0.16,0.0,0.84,0.014354454353451729,0.05875850096344948,0.0052905878983438015,0.0016176621429622173,0.8899811506271362,0.015243993140757084,0.014753633178770542
364,364,"Medline Adhesive Remover Pads, Acetone-Free, 2-Ply, Box of 100","Experience the superior quality and effectiveness of Medline Adhesive Remover Pads, designed to provide a safe and efficient solution for removing adhesive residue from bandages and medical tapes. These 2-ply adhesive remover pads come in a box of 100. Unlike conventional adhesive removers, these pads are acetone-free. The 2-ply design of these pads not only enhances their durability but also increases their effectiveness in removing adhesive residue, ensuring a clean and residue-free skin surface. Ideal for both health care professionals and consumers, these adhesive remover pads are an essential addition to your medical cleaning supplies. Whether you're in a hospital setting or at home, these high-quality adhesive remover pads from Medline offer a convenient and effective solution for adhesive removal. They are not just tools, but safe removers that prioritize your skin's comfort.",Still loves to cook,Funny story about needing this product,"I had surgery to remove a cancerous mole on my left arm.  They also took out a lymph node from close to my arm pit. When they were putting on the pads and tape near my arm pit, they actually put tape IN my underarm area with sticky part preventing me from moving my arm.  My husband immediately started taking off the tape to help me but as the tape came off, the sticky remained. We tried everything we could think of, alcohol, coconut oil, and I even tried Goo Gone (the one that says ""don't get on skin"")  I then ordered this adhesive remover and waited 3 days for it to arrive. All the while, in agony, every time I would accidently try to move my arm.  I will tell you, this is a miracle product. They come in individual packets with one little wipe. And one swipe across the adhesive and it's gone. You won't always need this, but it is worth having around for when you do. (BTW, putting Goo Gone on my underarm did not harm me but also did nothing to help me)",9/9/2023,5.0,Yes,15,0.9182,0.086,0.025,0.889,0.0226535685360431,0.1860471069812774,0.0308730341494083,0.0047905403189361,0.6503848433494568,0.0662438496947288,0.0390070527791976,0.9182,0.086,0.025,0.889,0.022653551772236824,0.18604698777198792,0.03087305836379528,0.004790542181581259,0.6503848433494568,0.06624391674995422,0.03900710120797157
365,365,"Medline Adhesive Remover Pads, Acetone-Free, 2-Ply, Box of 100","Experience the superior quality and effectiveness of Medline Adhesive Remover Pads, designed to provide a safe and efficient solution for removing adhesive residue from bandages and medical tapes. These 2-ply adhesive remover pads come in a box of 100. Unlike conventional adhesive removers, these pads are acetone-free. The 2-ply design of these pads not only enhances their durability but also increases their effectiveness in removing adhesive residue, ensuring a clean and residue-free skin surface. Ideal for both health care professionals and consumers, these adhesive remover pads are an essential addition to your medical cleaning supplies. Whether you're in a hospital setting or at home, these high-quality adhesive remover pads from Medline offer a convenient and effective solution for adhesive removal. They are not just tools, but safe removers that prioritize your skin's comfort.",Amazon Customer,They work,These adhesive removal pads work just fine. I have a urostomy and these pads help me safely remove my bag without pain.,7/14/2024,5.0,Yes,0,0.8556,0.394,0.0,0.606,0.0046388506889343,0.0140173435211181,0.0101237250491976,0.0375286787748336,0.898101270198822,0.0283741671591997,0.0072158365510404,0.8556,0.394,0.0,0.606,0.0046388451009988785,0.014017346315085888,0.010123713873326778,0.037528686225414276,0.8981014490127563,0.028374139219522476,0.00721583841368556
366,366,"Medline Adhesive Remover Pads, Acetone-Free, 2-Ply, Box of 100","Experience the superior quality and effectiveness of Medline Adhesive Remover Pads, designed to provide a safe and efficient solution for removing adhesive residue from bandages and medical tapes. These 2-ply adhesive remover pads come in a box of 100. Unlike conventional adhesive removers, these pads are acetone-free. The 2-ply design of these pads not only enhances their durability but also increases their effectiveness in removing adhesive residue, ensuring a clean and residue-free skin surface. Ideal for both health care professionals and consumers, these adhesive remover pads are an essential addition to your medical cleaning supplies. Whether you're in a hospital setting or at home, these high-quality adhesive remover pads from Medline offer a convenient and effective solution for adhesive removal. They are not just tools, but safe removers that prioritize your skin's comfort.",Amazon Customer,It works!,It does exactly as it says it does! Use as instructed and this product will serve you well.,7/20/2024,5.0,Yes,0,0.3382,0.123,0.0,0.877,0.0596665143966674,0.0182202029973268,0.0044763460755348,0.0508009195327758,0.8512810468673706,0.0042915930971503,0.0112633779644966,0.3382,0.123,0.0,0.877,0.05966658517718315,0.018220245838165283,0.004476350732147694,0.05080093443393707,0.8512808084487915,0.004291600082069635,0.01126339565962553
367,367,"Medline Adhesive Remover Pads, Acetone-Free, 2-Ply, Box of 100","Experience the superior quality and effectiveness of Medline Adhesive Remover Pads, designed to provide a safe and efficient solution for removing adhesive residue from bandages and medical tapes. These 2-ply adhesive remover pads come in a box of 100. Unlike conventional adhesive removers, these pads are acetone-free. The 2-ply design of these pads not only enhances their durability but also increases their effectiveness in removing adhesive residue, ensuring a clean and residue-free skin surface. Ideal for both health care professionals and consumers, these adhesive remover pads are an essential addition to your medical cleaning supplies. Whether you're in a hospital setting or at home, these high-quality adhesive remover pads from Medline offer a convenient and effective solution for adhesive removal. They are not just tools, but safe removers that prioritize your skin's comfort.",Jayhawker19,Magic pads,Removes bandage adhesive like magic from the skin.,7/30/2024,5.0,Yes,0,0.3612,0.263,0.0,0.737,0.0324876755475997,0.0974252820014953,0.0418770983815193,0.010894875973463,0.7224243879318237,0.0264068953692913,0.0684837847948074,0.3612,0.263,0.0,0.737,0.03248773515224457,0.09742551296949387,0.04187706485390663,0.010894877836108208,0.7224241495132446,0.026406923308968544,0.06848373264074326
368,368,"Medline Adhesive Remover Pads, Acetone-Free, 2-Ply, Box of 100","Experience the superior quality and effectiveness of Medline Adhesive Remover Pads, designed to provide a safe and efficient solution for removing adhesive residue from bandages and medical tapes. These 2-ply adhesive remover pads come in a box of 100. Unlike conventional adhesive removers, these pads are acetone-free. The 2-ply design of these pads not only enhances their durability but also increases their effectiveness in removing adhesive residue, ensuring a clean and residue-free skin surface. Ideal for both health care professionals and consumers, these adhesive remover pads are an essential addition to your medical cleaning supplies. Whether you're in a hospital setting or at home, these high-quality adhesive remover pads from Medline offer a convenient and effective solution for adhesive removal. They are not just tools, but safe removers that prioritize your skin's comfort.",Amanda KeeKee,As expected,Same as used in hospitals.,8/1/2024,5.0,Yes,0,0.0,0.0,0.0,1.0,0.0119223706424236,0.0703261122107505,0.0173124969005584,0.0050652488134801,0.8287577629089355,0.0367418713867664,0.0298741348087787,0.0,0.0,0.0,1.0,0.011922363191843033,0.07032601535320282,0.017312468960881233,0.005065240431576967,0.8287580013275146,0.036741770803928375,0.029874106869101524
369,369,"Medline Adhesive Remover Pads, Acetone-Free, 2-Ply, Box of 100","Experience the superior quality and effectiveness of Medline Adhesive Remover Pads, designed to provide a safe and efficient solution for removing adhesive residue from bandages and medical tapes. These 2-ply adhesive remover pads come in a box of 100. Unlike conventional adhesive removers, these pads are acetone-free. The 2-ply design of these pads not only enhances their durability but also increases their effectiveness in removing adhesive residue, ensuring a clean and residue-free skin surface. Ideal for both health care professionals and consumers, these adhesive remover pads are an essential addition to your medical cleaning supplies. Whether you're in a hospital setting or at home, these high-quality adhesive remover pads from Medline offer a convenient and effective solution for adhesive removal. They are not just tools, but safe removers that prioritize your skin's comfort.","lots of fun, keeps me sharp, love it",Works great.,I recently had hospital adhesive on me that was hard to scrub off and this product did the job without much effort at all.,7/12/2024,5.0,Yes,0,-0.1027,0.0,0.06,0.94,0.0161150693893432,0.1000483408570289,0.0024807897862046,0.0106165837496519,0.8150042295455933,0.0131471985951066,0.0425878092646598,-0.1027,0.0,0.06,0.94,0.01611505076289177,0.10004815459251404,0.0024807860609143972,0.010616598650813103,0.8150044679641724,0.013147183693945408,0.042587775737047195
370,370,"Medline Adhesive Remover Pads, Acetone-Free, 2-Ply, Box of 100","Experience the superior quality and effectiveness of Medline Adhesive Remover Pads, designed to provide a safe and efficient solution for removing adhesive residue from bandages and medical tapes. These 2-ply adhesive remover pads come in a box of 100. Unlike conventional adhesive removers, these pads are acetone-free. The 2-ply design of these pads not only enhances their durability but also increases their effectiveness in removing adhesive residue, ensuring a clean and residue-free skin surface. Ideal for both health care professionals and consumers, these adhesive remover pads are an essential addition to your medical cleaning supplies. Whether you're in a hospital setting or at home, these high-quality adhesive remover pads from Medline offer a convenient and effective solution for adhesive removal. They are not just tools, but safe removers that prioritize your skin's comfort.",Chad H.,Work good!,Does what it claims to. Would buy again!,7/26/2024,5.0,Yes,0,0.0,0.0,0.0,1.0,0.1617640256881714,0.0263714399188756,0.0037709572352468,0.1458363234996795,0.3563977181911468,0.016203137114644,0.2896563708782196,0.0,0.0,0.0,1.0,0.16176368296146393,0.0263714250177145,0.0037709565367549658,0.14583590626716614,0.3563988208770752,0.016203131526708603,0.28965604305267334
371,371,"Medline Adhesive Remover Pads, Acetone-Free, 2-Ply, Box of 100","Experience the superior quality and effectiveness of Medline Adhesive Remover Pads, designed to provide a safe and efficient solution for removing adhesive residue from bandages and medical tapes. These 2-ply adhesive remover pads come in a box of 100. Unlike conventional adhesive removers, these pads are acetone-free. The 2-ply design of these pads not only enhances their durability but also increases their effectiveness in removing adhesive residue, ensuring a clean and residue-free skin surface. Ideal for both health care professionals and consumers, these adhesive remover pads are an essential addition to your medical cleaning supplies. Whether you're in a hospital setting or at home, these high-quality adhesive remover pads from Medline offer a convenient and effective solution for adhesive removal. They are not just tools, but safe removers that prioritize your skin's comfort.",Kindle Customer,Works great!,My fiance wad in the hospital recently and we could not get the adhesive from the tape off of him. This product work like an magic eraser!,7/1/2024,5.0,Yes,0,0.4199,0.097,0.0,0.903,0.0400834530591964,0.221201866865158,0.0428764373064041,0.047755692154169,0.2604075074195862,0.1265804469585418,0.2610945701599121,0.4199,0.097,0.0,0.903,0.040083467960357666,0.22120191156864166,0.04287629574537277,0.047755852341651917,0.26040729880332947,0.12658019363880157,0.26109495759010315
372,372,"Medline Adhesive Remover Pads, Acetone-Free, 2-Ply, Box of 100","Experience the superior quality and effectiveness of Medline Adhesive Remover Pads, designed to provide a safe and efficient solution for removing adhesive residue from bandages and medical tapes. These 2-ply adhesive remover pads come in a box of 100. Unlike conventional adhesive removers, these pads are acetone-free. The 2-ply design of these pads not only enhances their durability but also increases their effectiveness in removing adhesive residue, ensuring a clean and residue-free skin surface. Ideal for both health care professionals and consumers, these adhesive remover pads are an essential addition to your medical cleaning supplies. Whether you're in a hospital setting or at home, these high-quality adhesive remover pads from Medline offer a convenient and effective solution for adhesive removal. They are not just tools, but safe removers that prioritize your skin's comfort.",Amazon Customer,A medical necessity,"This product is very helpful for people who have very thin skin due to medication or a medical condition, and cannot remove a strong bandage without ripping or tearing their skin. These wipes make it possible to remove very sticky bandages easily and safely.",6/6/2024,5.0,Yes,0,0.7395,0.18,0.054,0.765,0.0163786485791206,0.2503160834312439,0.0092272832989692,0.0360295809805393,0.6700165271759033,0.010490546002984,0.0075413514859974,0.7395,0.18,0.054,0.765,0.016378672793507576,0.2503163516521454,0.009227300994098186,0.03602957725524902,0.6700161695480347,0.01049056090414524,0.0075413528829813
373,373,"Medline Adhesive Remover Pads, Acetone-Free, 2-Ply, Box of 100","Experience the superior quality and effectiveness of Medline Adhesive Remover Pads, designed to provide a safe and efficient solution for removing adhesive residue from bandages and medical tapes. These 2-ply adhesive remover pads come in a box of 100. Unlike conventional adhesive removers, these pads are acetone-free. The 2-ply design of these pads not only enhances their durability but also increases their effectiveness in removing adhesive residue, ensuring a clean and residue-free skin surface. Ideal for both health care professionals and consumers, these adhesive remover pads are an essential addition to your medical cleaning supplies. Whether you're in a hospital setting or at home, these high-quality adhesive remover pads from Medline offer a convenient and effective solution for adhesive removal. They are not just tools, but safe removers that prioritize your skin's comfort.",Steve Snyder,Essential for removing residue adhesive,"This really works to remove the adhesive left from my sensor, (G7 Blood Sugar) monitor. It cleans the surface of the skin so the next one sticks properly. A must for getting the adhesive off the skin. Price point is very good also.",5/8/2024,5.0,Yes,0,0.4927,0.072,0.0,0.928,0.0075439317151904,0.046013057231903,0.0017536452505737,0.0590545311570167,0.8652626276016235,0.0091869067400693,0.0111852474510669,0.4927,0.072,0.0,0.928,0.007543938234448433,0.04601305350661278,0.0017536459490656853,0.05905454233288765,0.8652625679969788,0.009186905808746815,0.011185246519744396
374,374,"Medline Adhesive Remover Pads, Acetone-Free, 2-Ply, Box of 100","Experience the superior quality and effectiveness of Medline Adhesive Remover Pads, designed to provide a safe and efficient solution for removing adhesive residue from bandages and medical tapes. These 2-ply adhesive remover pads come in a box of 100. Unlike conventional adhesive removers, these pads are acetone-free. The 2-ply design of these pads not only enhances their durability but also increases their effectiveness in removing adhesive residue, ensuring a clean and residue-free skin surface. Ideal for both health care professionals and consumers, these adhesive remover pads are an essential addition to your medical cleaning supplies. Whether you're in a hospital setting or at home, these high-quality adhesive remover pads from Medline offer a convenient and effective solution for adhesive removal. They are not just tools, but safe removers that prioritize your skin's comfort.",BC,Good product.,"As a nurse, I used these at work for yrs for many reasons. Safe for skin, takes off almost anything.",6/23/2024,5.0,Yes,0,0.4404,0.146,0.0,0.854,0.0052706128917634,0.0164990425109863,0.0044936863705515,0.0081276651471853,0.9570325016975404,0.0047816038131713,0.0037949245888739,0.4404,0.146,0.0,0.854,0.005270610563457012,0.016499066725373268,0.004493687767535448,0.008127660490572453,0.9570325016975403,0.004781615454703569,0.0037949192337691784
375,375,"Medline Adhesive Remover Pads, Acetone-Free, 2-Ply, Box of 100","Experience the superior quality and effectiveness of Medline Adhesive Remover Pads, designed to provide a safe and efficient solution for removing adhesive residue from bandages and medical tapes. These 2-ply adhesive remover pads come in a box of 100. Unlike conventional adhesive removers, these pads are acetone-free. The 2-ply design of these pads not only enhances their durability but also increases their effectiveness in removing adhesive residue, ensuring a clean and residue-free skin surface. Ideal for both health care professionals and consumers, these adhesive remover pads are an essential addition to your medical cleaning supplies. Whether you're in a hospital setting or at home, these high-quality adhesive remover pads from Medline offer a convenient and effective solution for adhesive removal. They are not just tools, but safe removers that prioritize your skin's comfort.",Shannon S,Amazing!,"These work really, really well for removing bandages, medication patches, medical tape, kinesiotape, etc. from my skin easily and without pain. Without these, I frequently lost a layer of skin when removing these types of products, but no more! It also is great for removing that grimy dark residue that sometimes marks the outline of where a bandage was after pulling it off. These pads will be a permanent fixture in my first aid kit/medicine cabinet from now on.",2/25/2024,5.0,Yes,0,0.6497,0.147,0.074,0.779,0.0082499161362648,0.3027850687503814,0.0750429704785347,0.0519257932901382,0.3916012942790985,0.1630258113145828,0.0073692291043698,0.6497,0.147,0.074,0.779,0.008249929174780846,0.3027852773666382,0.07504304498434067,0.0519258938729763,0.3916005492210388,0.16302606463432312,0.007369237951934338
376,376,"Medline Adhesive Remover Pads, Acetone-Free, 2-Ply, Box of 100","Experience the superior quality and effectiveness of Medline Adhesive Remover Pads, designed to provide a safe and efficient solution for removing adhesive residue from bandages and medical tapes. These 2-ply adhesive remover pads come in a box of 100. Unlike conventional adhesive removers, these pads are acetone-free. The 2-ply design of these pads not only enhances their durability but also increases their effectiveness in removing adhesive residue, ensuring a clean and residue-free skin surface. Ideal for both health care professionals and consumers, these adhesive remover pads are an essential addition to your medical cleaning supplies. Whether you're in a hospital setting or at home, these high-quality adhesive remover pads from Medline offer a convenient and effective solution for adhesive removal. They are not just tools, but safe removers that prioritize your skin's comfort.",Savannah York,Work well,"Use for our son to change tape on NG tube. Works well to not irritate his skin, makes tape painless to remove.",5/30/2024,5.0,Yes,0,0.684,0.259,0.0,0.741,0.6692754626274109,0.1618234515190124,0.0118165835738182,0.0033230518456548,0.1372697949409485,0.0141567150130867,0.0023350305855274,0.684,0.259,0.0,0.741,0.6692758798599243,0.1618233472108841,0.011816581711173058,0.003323043929412961,0.13726936280727386,0.014156684279441833,0.0023350275587290525
377,377,"Medline Adhesive Remover Pads, Acetone-Free, 2-Ply, Box of 100","Experience the superior quality and effectiveness of Medline Adhesive Remover Pads, designed to provide a safe and efficient solution for removing adhesive residue from bandages and medical tapes. These 2-ply adhesive remover pads come in a box of 100. Unlike conventional adhesive removers, these pads are acetone-free. The 2-ply design of these pads not only enhances their durability but also increases their effectiveness in removing adhesive residue, ensuring a clean and residue-free skin surface. Ideal for both health care professionals and consumers, these adhesive remover pads are an essential addition to your medical cleaning supplies. Whether you're in a hospital setting or at home, these high-quality adhesive remover pads from Medline offer a convenient and effective solution for adhesive removal. They are not just tools, but safe removers that prioritize your skin's comfort.",Cecile A. Tanlioco,Great help,It really did remove the skin residue from my freestyle Libre glucose monitor.  Just don’t skimp because they are tiny but the box has a lot anyway,5/7/2024,5.0,Yes,0,0.09,0.051,0.0,0.949,0.0153382383286952,0.2172996699810028,0.0086930776014924,0.0117603885009884,0.6837508082389832,0.0312343034893274,0.031923409551382,0.09,0.051,0.0,0.949,0.015338226221501827,0.2172989398241043,0.008693072013556957,0.011760363355278969,0.6837517023086548,0.031234294176101685,0.03192339465022087
378,378,"Medline Adhesive Remover Pads, Acetone-Free, 2-Ply, Box of 100","Experience the superior quality and effectiveness of Medline Adhesive Remover Pads, designed to provide a safe and efficient solution for removing adhesive residue from bandages and medical tapes. These 2-ply adhesive remover pads come in a box of 100. Unlike conventional adhesive removers, these pads are acetone-free. The 2-ply design of these pads not only enhances their durability but also increases their effectiveness in removing adhesive residue, ensuring a clean and residue-free skin surface. Ideal for both health care professionals and consumers, these adhesive remover pads are an essential addition to your medical cleaning supplies. Whether you're in a hospital setting or at home, these high-quality adhesive remover pads from Medline offer a convenient and effective solution for adhesive removal. They are not just tools, but safe removers that prioritize your skin's comfort.",camobrownfrog,Amazing,"The only thing I don't like about these wipes is that they're tiny other than that these are amazing at removing adhesive from medical bandages. everything else I've tried didn't work as well as these, but I will definitely be using these over anything else.",3/26/2024,5.0,Yes,0,0.6108,0.124,0.062,0.814,0.010850915685296,0.3791163265705108,0.0122844623401761,0.0096017671748995,0.4996195435523987,0.0100529473274946,0.07847411185503,0.6108,0.124,0.062,0.814,0.01085091382265091,0.379116952419281,0.012284469790756702,0.00960176344960928,0.4996190071105957,0.010052952915430069,0.0784740149974823
379,379,"Medline Adhesive Remover Pads, Acetone-Free, 2-Ply, Box of 100","Experience the superior quality and effectiveness of Medline Adhesive Remover Pads, designed to provide a safe and efficient solution for removing adhesive residue from bandages and medical tapes. These 2-ply adhesive remover pads come in a box of 100. Unlike conventional adhesive removers, these pads are acetone-free. The 2-ply design of these pads not only enhances their durability but also increases their effectiveness in removing adhesive residue, ensuring a clean and residue-free skin surface. Ideal for both health care professionals and consumers, these adhesive remover pads are an essential addition to your medical cleaning supplies. Whether you're in a hospital setting or at home, these high-quality adhesive remover pads from Medline offer a convenient and effective solution for adhesive removal. They are not just tools, but safe removers that prioritize your skin's comfort.",may,Itty bitty,They work good to remove adhesive left from my Stoma but they are lil bitty sumbit*hes but fur the money they do alright. I'll just buy bigger next time,1/10/2024,4.0,Yes,0,0.5346,0.141,0.0,0.859,0.0240097120404243,0.0495430305600166,0.004301527980715,0.0937601625919342,0.7445541620254517,0.0593875870108604,0.0244439151138067,0.5346,0.141,0.0,0.859,0.024009715765714645,0.04954307898879051,0.004301530309021473,0.09376028180122375,0.7445538640022278,0.05938755348324776,0.02444392815232277
380,380,"Medline Adhesive Remover Pads, Acetone-Free, 2-Ply, Box of 100","Experience the superior quality and effectiveness of Medline Adhesive Remover Pads, designed to provide a safe and efficient solution for removing adhesive residue from bandages and medical tapes. These 2-ply adhesive remover pads come in a box of 100. Unlike conventional adhesive removers, these pads are acetone-free. The 2-ply design of these pads not only enhances their durability but also increases their effectiveness in removing adhesive residue, ensuring a clean and residue-free skin surface. Ideal for both health care professionals and consumers, these adhesive remover pads are an essential addition to your medical cleaning supplies. Whether you're in a hospital setting or at home, these high-quality adhesive remover pads from Medline offer a convenient and effective solution for adhesive removal. They are not just tools, but safe removers that prioritize your skin's comfort.",Keila Alves,Most Effective Pads,"Helps me a lot after a long stay in a hospital, I had a lots of glue on me!!!",5/26/2024,5.0,Yes,0,0.5386,0.211,0.0,0.789,0.0814113169908523,0.1801420152187347,0.1021944880485534,0.0358714796602726,0.1947351098060608,0.1993352770805359,0.2063103318214416,0.5386,0.211,0.0,0.789,0.08141127973794937,0.180141881108284,0.10219443589448929,0.0358714684844017,0.19473516941070557,0.19933536648750305,0.2063104659318924
381,381,"Medline Adhesive Remover Pads, Acetone-Free, 2-Ply, Box of 100","Experience the superior quality and effectiveness of Medline Adhesive Remover Pads, designed to provide a safe and efficient solution for removing adhesive residue from bandages and medical tapes. These 2-ply adhesive remover pads come in a box of 100. Unlike conventional adhesive removers, these pads are acetone-free. The 2-ply design of these pads not only enhances their durability but also increases their effectiveness in removing adhesive residue, ensuring a clean and residue-free skin surface. Ideal for both health care professionals and consumers, these adhesive remover pads are an essential addition to your medical cleaning supplies. Whether you're in a hospital setting or at home, these high-quality adhesive remover pads from Medline offer a convenient and effective solution for adhesive removal. They are not just tools, but safe removers that prioritize your skin's comfort.",Ken,Adhesive remover,Worked fine on bandage glue removal,2/19/2024,4.0,Yes,0,0.2023,0.265,0.0,0.735,0.0226812027394771,0.0229392237961292,0.0161774922162294,0.0056651001796126,0.876718282699585,0.0432140566408634,0.0126046454533934,0.2023,0.265,0.0,0.735,0.022681206464767456,0.02293921448290348,0.016177505254745483,0.00566509272903204,0.876718282699585,0.04321413114666939,0.012604610063135624
382,382,"Medline Adhesive Remover Pads, Acetone-Free, 2-Ply, Box of 100","Experience the superior quality and effectiveness of Medline Adhesive Remover Pads, designed to provide a safe and efficient solution for removing adhesive residue from bandages and medical tapes. These 2-ply adhesive remover pads come in a box of 100. Unlike conventional adhesive removers, these pads are acetone-free. The 2-ply design of these pads not only enhances their durability but also increases their effectiveness in removing adhesive residue, ensuring a clean and residue-free skin surface. Ideal for both health care professionals and consumers, these adhesive remover pads are an essential addition to your medical cleaning supplies. Whether you're in a hospital setting or at home, these high-quality adhesive remover pads from Medline offer a convenient and effective solution for adhesive removal. They are not just tools, but safe removers that prioritize your skin's comfort.",Suzy Q,They work!,They do what they are meant to do.,6/7/2024,5.0,Yes,0,0.0,0.0,0.0,1.0,0.0527108013629913,0.0371285937726497,0.0030569063965231,0.0065081105567514,0.8913034796714783,0.0062343375757336,0.0030578481964766,0.0,0.0,0.0,1.0,0.05271065607666969,0.03712853416800499,0.0030569040682166815,0.006508102640509605,0.8913036584854126,0.0062343361787498,0.003057844704017043
383,383,"Medline Adhesive Remover Pads, Acetone-Free, 2-Ply, Box of 100","Experience the superior quality and effectiveness of Medline Adhesive Remover Pads, designed to provide a safe and efficient solution for removing adhesive residue from bandages and medical tapes. These 2-ply adhesive remover pads come in a box of 100. Unlike conventional adhesive removers, these pads are acetone-free. The 2-ply design of these pads not only enhances their durability but also increases their effectiveness in removing adhesive residue, ensuring a clean and residue-free skin surface. Ideal for both health care professionals and consumers, these adhesive remover pads are an essential addition to your medical cleaning supplies. Whether you're in a hospital setting or at home, these high-quality adhesive remover pads from Medline offer a convenient and effective solution for adhesive removal. They are not just tools, but safe removers that prioritize your skin's comfort.",Ed Meyer,Work great,I just got out of hospital again and am always trying to find something to take adhesive off my body.  These work great and the price is right.  I have looked everywhere and no one seems to have them but since I have found a source I am so very happy.,2/18/2024,5.0,Yes,0,0.8341,0.159,0.03,0.81,0.0006813221843913,0.0003812842769548,0.0003444058238528,0.9863177537918092,0.0029343811329454,0.0038098026998341,0.0055309683084487,0.8341,0.159,0.03,0.81,0.0006813224754296243,0.0003812839277088642,0.0003444048052188009,0.9863177537918091,0.0029343783389776945,0.003809793386608362,0.0055309683084487915
384,384,"Medline Adhesive Remover Pads, Acetone-Free, 2-Ply, Box of 100","Experience the superior quality and effectiveness of Medline Adhesive Remover Pads, designed to provide a safe and efficient solution for removing adhesive residue from bandages and medical tapes. These 2-ply adhesive remover pads come in a box of 100. Unlike conventional adhesive removers, these pads are acetone-free. The 2-ply design of these pads not only enhances their durability but also increases their effectiveness in removing adhesive residue, ensuring a clean and residue-free skin surface. Ideal for both health care professionals and consumers, these adhesive remover pads are an essential addition to your medical cleaning supplies. Whether you're in a hospital setting or at home, these high-quality adhesive remover pads from Medline offer a convenient and effective solution for adhesive removal. They are not just tools, but safe removers that prioritize your skin's comfort.",K Fletcher,Medical Adhesive Remover,I use a number of sticky bandages during the week. This helps remove old adhesive left by worn bandages.,4/27/2024,5.0,Yes,0,0.1779,0.194,0.109,0.697,0.0489810407161712,0.5061648488044739,0.0135436058044433,0.0043728407472372,0.3911966383457184,0.0286450926214456,0.0070958142168819,0.1779,0.194,0.109,0.697,0.04898105561733246,0.5061653256416321,0.013543625362217426,0.004372842609882355,0.39119619131088257,0.02864513173699379,0.007095817476511002
385,385,"Medline Adhesive Remover Pads, Acetone-Free, 2-Ply, Box of 100","Experience the superior quality and effectiveness of Medline Adhesive Remover Pads, designed to provide a safe and efficient solution for removing adhesive residue from bandages and medical tapes. These 2-ply adhesive remover pads come in a box of 100. Unlike conventional adhesive removers, these pads are acetone-free. The 2-ply design of these pads not only enhances their durability but also increases their effectiveness in removing adhesive residue, ensuring a clean and residue-free skin surface. Ideal for both health care professionals and consumers, these adhesive remover pads are an essential addition to your medical cleaning supplies. Whether you're in a hospital setting or at home, these high-quality adhesive remover pads from Medline offer a convenient and effective solution for adhesive removal. They are not just tools, but safe removers that prioritize your skin's comfort.",alexis duzan,Work great,These work amazing after removing my sons pods,5/20/2024,5.0,Yes,0,0.5859,0.352,0.0,0.648,0.0079916035756468,0.0076096849516034,0.007016004063189,0.2248636931180954,0.2686119675636291,0.0055601606145501,0.4783468544483185,0.5859,0.352,0.0,0.648,0.007991607300937176,0.007609677035361528,0.007015993818640709,0.22486411035060883,0.26861250400543213,0.005560160148888826,0.47834593057632446
386,386,"Medline Adhesive Remover Pads, Acetone-Free, 2-Ply, Box of 100","Experience the superior quality and effectiveness of Medline Adhesive Remover Pads, designed to provide a safe and efficient solution for removing adhesive residue from bandages and medical tapes. These 2-ply adhesive remover pads come in a box of 100. Unlike conventional adhesive removers, these pads are acetone-free. The 2-ply design of these pads not only enhances their durability but also increases their effectiveness in removing adhesive residue, ensuring a clean and residue-free skin surface. Ideal for both health care professionals and consumers, these adhesive remover pads are an essential addition to your medical cleaning supplies. Whether you're in a hospital setting or at home, these high-quality adhesive remover pads from Medline offer a convenient and effective solution for adhesive removal. They are not just tools, but safe removers that prioritize your skin's comfort.",Carol Manuel,Easy to use,These worked great. No mess. Works fast.,5/19/2024,5.0,Yes,0,0.1027,0.32,0.367,0.312,0.0080016395077109,0.0081288330256938,0.001162284752354,0.101477563381195,0.8617715239524841,0.0063484101556241,0.013109853491187,0.1027,0.32,0.367,0.312,0.008001640439033508,0.008128831163048744,0.0011622854508459568,0.10147780179977417,0.8617712259292603,0.006348405499011278,0.013109873980283737
387,387,"Medline Adhesive Remover Pads, Acetone-Free, 2-Ply, Box of 100","Experience the superior quality and effectiveness of Medline Adhesive Remover Pads, designed to provide a safe and efficient solution for removing adhesive residue from bandages and medical tapes. These 2-ply adhesive remover pads come in a box of 100. Unlike conventional adhesive removers, these pads are acetone-free. The 2-ply design of these pads not only enhances their durability but also increases their effectiveness in removing adhesive residue, ensuring a clean and residue-free skin surface. Ideal for both health care professionals and consumers, these adhesive remover pads are an essential addition to your medical cleaning supplies. Whether you're in a hospital setting or at home, these high-quality adhesive remover pads from Medline offer a convenient and effective solution for adhesive removal. They are not just tools, but safe removers that prioritize your skin's comfort.",Joy,These woks well,"These work really well at getting the goo off from EKG leads. I haven't tried straight acetone on my skin yet, but these thing work the best that I have found and don't hurt. Soap and water never have worked for me.",2/15/2024,5.0,Yes,0,0.8963,0.23,0.027,0.742,0.0080403732135891,0.0305384788662195,0.0038236265536397,0.0117114670574665,0.9017983078956604,0.0328552685678005,0.0112324617803096,0.8963,0.23,0.027,0.742,0.008040379732847214,0.03053853288292885,0.003823628183454275,0.0117114819586277,0.9017981886863708,0.03285527974367142,0.011232460848987103
388,388,"Medline Adhesive Remover Pads, Acetone-Free, 2-Ply, Box of 100","Experience the superior quality and effectiveness of Medline Adhesive Remover Pads, designed to provide a safe and efficient solution for removing adhesive residue from bandages and medical tapes. These 2-ply adhesive remover pads come in a box of 100. Unlike conventional adhesive removers, these pads are acetone-free. The 2-ply design of these pads not only enhances their durability but also increases their effectiveness in removing adhesive residue, ensuring a clean and residue-free skin surface. Ideal for both health care professionals and consumers, these adhesive remover pads are an essential addition to your medical cleaning supplies. Whether you're in a hospital setting or at home, these high-quality adhesive remover pads from Medline offer a convenient and effective solution for adhesive removal. They are not just tools, but safe removers that prioritize your skin's comfort.",Autumn,Works like a charm!,Takes off the adhesive like a charm!!,5/4/2024,5.0,Yes,0,0.6988,0.591,0.0,0.409,0.0214745141565799,0.0083384569734334,0.002564174355939,0.7400018572807312,0.1813582777976989,0.0045589366927742,0.0417038165032863,0.6988,0.591,0.0,0.409,0.02147453837096691,0.00833845790475607,0.0025641783140599728,0.7400016188621521,0.1813584715127945,0.004558940883725882,0.041703883558511734
389,389,"Medline Adhesive Remover Pads, Acetone-Free, 2-Ply, Box of 100","Experience the superior quality and effectiveness of Medline Adhesive Remover Pads, designed to provide a safe and efficient solution for removing adhesive residue from bandages and medical tapes. These 2-ply adhesive remover pads come in a box of 100. Unlike conventional adhesive removers, these pads are acetone-free. The 2-ply design of these pads not only enhances their durability but also increases their effectiveness in removing adhesive residue, ensuring a clean and residue-free skin surface. Ideal for both health care professionals and consumers, these adhesive remover pads are an essential addition to your medical cleaning supplies. Whether you're in a hospital setting or at home, these high-quality adhesive remover pads from Medline offer a convenient and effective solution for adhesive removal. They are not just tools, but safe removers that prioritize your skin's comfort.",Sandra L,works as intended,"I use progesterone patches twice a week. Works fast and I don’t have to rub my skin too much. it does leave an oily film, but you just wipe it down and it’s gone. better than rubbing my skin raw to get the glue off.",1/22/2024,5.0,Yes,0,0.5789,0.086,0.024,0.89,0.0129008470103144,0.265179693698883,0.0036139173898845,0.022517442703247,0.6472786664962769,0.0372848473489284,0.011224640533328,0.5789,0.086,0.024,0.89,0.012900845147669315,0.26517972350120544,0.0036139190196990967,0.022517455741763115,0.6472785472869873,0.03728486970067024,0.011224658228456974
390,390,"Medline Adhesive Remover Pads, Acetone-Free, 2-Ply, Box of 100","Experience the superior quality and effectiveness of Medline Adhesive Remover Pads, designed to provide a safe and efficient solution for removing adhesive residue from bandages and medical tapes. These 2-ply adhesive remover pads come in a box of 100. Unlike conventional adhesive removers, these pads are acetone-free. The 2-ply design of these pads not only enhances their durability but also increases their effectiveness in removing adhesive residue, ensuring a clean and residue-free skin surface. Ideal for both health care professionals and consumers, these adhesive remover pads are an essential addition to your medical cleaning supplies. Whether you're in a hospital setting or at home, these high-quality adhesive remover pads from Medline offer a convenient and effective solution for adhesive removal. They are not just tools, but safe removers that prioritize your skin's comfort.",Jenilee Raab,They work,I put stickers on my nails and this really helps get the stickiness off the nail to put new ones back on,3/22/2024,5.0,Yes,0,0.4391,0.126,0.0,0.874,0.0126796290278434,0.0134894559159874,0.001752775744535,0.0455301217734813,0.8928651213645935,0.0063740331679582,0.0273088868707418,0.4391,0.126,0.0,0.874,0.012679624371230602,0.01348946988582611,0.001752774347551167,0.04553034529089928,0.8928648233413696,0.006374053191393614,0.027308940887451172
391,391,"Medline Adhesive Remover Pads, Acetone-Free, 2-Ply, Box of 100","Experience the superior quality and effectiveness of Medline Adhesive Remover Pads, designed to provide a safe and efficient solution for removing adhesive residue from bandages and medical tapes. These 2-ply adhesive remover pads come in a box of 100. Unlike conventional adhesive removers, these pads are acetone-free. The 2-ply design of these pads not only enhances their durability but also increases their effectiveness in removing adhesive residue, ensuring a clean and residue-free skin surface. Ideal for both health care professionals and consumers, these adhesive remover pads are an essential addition to your medical cleaning supplies. Whether you're in a hospital setting or at home, these high-quality adhesive remover pads from Medline offer a convenient and effective solution for adhesive removal. They are not just tools, but safe removers that prioritize your skin's comfort.",dinat,SOOOO tiny,"It took several pads to take off the adhesive from surgical tape. It is barely the size of an alcohol swab. It works well, and doesn’t sting. I wonder if meddling makes a larger size?",9/5/2023,4.0,Yes,0,0.2732,0.062,0.0,0.938,0.0699035823345184,0.2940443754196167,0.0070080244913697,0.0037670081946998,0.1202471256256103,0.0149891451001167,0.4900407791137695,0.2732,0.062,0.0,0.938,0.06990323215723038,0.29404327273368835,0.007008024491369724,0.003767014015465975,0.12024707347154617,0.014989112503826618,0.49004220962524414
392,392,"Medline Adhesive Remover Pads, Acetone-Free, 2-Ply, Box of 100","Experience the superior quality and effectiveness of Medline Adhesive Remover Pads, designed to provide a safe and efficient solution for removing adhesive residue from bandages and medical tapes. These 2-ply adhesive remover pads come in a box of 100. Unlike conventional adhesive removers, these pads are acetone-free. The 2-ply design of these pads not only enhances their durability but also increases their effectiveness in removing adhesive residue, ensuring a clean and residue-free skin surface. Ideal for both health care professionals and consumers, these adhesive remover pads are an essential addition to your medical cleaning supplies. Whether you're in a hospital setting or at home, these high-quality adhesive remover pads from Medline offer a convenient and effective solution for adhesive removal. They are not just tools, but safe removers that prioritize your skin's comfort.",M.R. Fulton,Did the job,"I had my second hip replacement surgery last week. I distinctly recall the “waterproof” surgical dressing they used last time adhering SO WELL that it took layers of skin with it when it was time to remove. So this time, I ordered these adhesive remover pads. It was still an arduous process, but much less painful. Only gripe…I had to open several of the small packets to get the job done (they are the size of an alcohol prep). But they were effective with a bit of friction and tugging. I’m satisfied with the product.",3/19/2023,4.0,Yes,3,0.7826,0.102,0.034,0.864,0.0075875525362789,0.118234597146511,0.0083333514630794,0.0598712265491485,0.6217670440673828,0.1650501042604446,0.0191562008112669,0.7826,0.102,0.034,0.864,0.007587539963424206,0.11823438107967377,0.008333337493240833,0.059871334582567215,0.6217672228813171,0.1650499403476715,0.01915619522333145
393,393,"Medline Adhesive Remover Pads, Acetone-Free, 2-Ply, Box of 100","Experience the superior quality and effectiveness of Medline Adhesive Remover Pads, designed to provide a safe and efficient solution for removing adhesive residue from bandages and medical tapes. These 2-ply adhesive remover pads come in a box of 100. Unlike conventional adhesive removers, these pads are acetone-free. The 2-ply design of these pads not only enhances their durability but also increases their effectiveness in removing adhesive residue, ensuring a clean and residue-free skin surface. Ideal for both health care professionals and consumers, these adhesive remover pads are an essential addition to your medical cleaning supplies. Whether you're in a hospital setting or at home, these high-quality adhesive remover pads from Medline offer a convenient and effective solution for adhesive removal. They are not just tools, but safe removers that prioritize your skin's comfort.",D Taylor,Little,Not very big a little hard to hold.Removed bandage residue very easily.,4/8/2024,5.0,Yes,0,0.3231,0.206,0.105,0.689,0.0110198454931378,0.036674864590168,0.0061584957875311,0.0488578788936138,0.8491367697715759,0.0128273116424679,0.0353247821331024,0.3231,0.206,0.105,0.689,0.011019837111234665,0.036674801260232925,0.006158505566418171,0.048858072608709335,0.8491365313529968,0.012827306985855103,0.03532491996884346
394,394,"Medline Adhesive Remover Pads, Acetone-Free, 2-Ply, Box of 100","Experience the superior quality and effectiveness of Medline Adhesive Remover Pads, designed to provide a safe and efficient solution for removing adhesive residue from bandages and medical tapes. These 2-ply adhesive remover pads come in a box of 100. Unlike conventional adhesive removers, these pads are acetone-free. The 2-ply design of these pads not only enhances their durability but also increases their effectiveness in removing adhesive residue, ensuring a clean and residue-free skin surface. Ideal for both health care professionals and consumers, these adhesive remover pads are an essential addition to your medical cleaning supplies. Whether you're in a hospital setting or at home, these high-quality adhesive remover pads from Medline offer a convenient and effective solution for adhesive removal. They are not just tools, but safe removers that prioritize your skin's comfort.",Angela M. Robin,Perfect,Very nice and able to pack for use on the go.  Great product.,3/28/2024,5.0,Yes,0,0.8016,0.395,0.0,0.605,0.00084617146058,0.0006903648609295,0.0005443797563202,0.94959819316864,0.018197976052761,0.0037877229042351,0.026335334405303,0.8016,0.395,0.0,0.605,0.0008461714605800807,0.0006903642206452787,0.0005443800473585725,0.9495981931686401,0.01819799095392227,0.003787728725001216,0.026335345581173897
395,395,"Medline Adhesive Remover Pads, Acetone-Free, 2-Ply, Box of 100","Experience the superior quality and effectiveness of Medline Adhesive Remover Pads, designed to provide a safe and efficient solution for removing adhesive residue from bandages and medical tapes. These 2-ply adhesive remover pads come in a box of 100. Unlike conventional adhesive removers, these pads are acetone-free. The 2-ply design of these pads not only enhances their durability but also increases their effectiveness in removing adhesive residue, ensuring a clean and residue-free skin surface. Ideal for both health care professionals and consumers, these adhesive remover pads are an essential addition to your medical cleaning supplies. Whether you're in a hospital setting or at home, these high-quality adhesive remover pads from Medline offer a convenient and effective solution for adhesive removal. They are not just tools, but safe removers that prioritize your skin's comfort.",Jojo,I used them right off.,They work like I expected. They are like the hospital ones.,3/29/2024,5.0,Yes,0,0.6124,0.385,0.0,0.615,0.0082259364426136,0.0078234346583485,0.0019976065959781,0.0138242021203041,0.7942460775375366,0.0075842081569135,0.166298508644104,0.6124,0.385,0.0,0.615,0.008225936442613602,0.00782343465834856,0.0019976103212684393,0.013824209570884705,0.7942460775375366,0.007584210950881243,0.166298508644104
396,396,"Medline Adhesive Remover Pads, Acetone-Free, 2-Ply, Box of 100","Experience the superior quality and effectiveness of Medline Adhesive Remover Pads, designed to provide a safe and efficient solution for removing adhesive residue from bandages and medical tapes. These 2-ply adhesive remover pads come in a box of 100. Unlike conventional adhesive removers, these pads are acetone-free. The 2-ply design of these pads not only enhances their durability but also increases their effectiveness in removing adhesive residue, ensuring a clean and residue-free skin surface. Ideal for both health care professionals and consumers, these adhesive remover pads are an essential addition to your medical cleaning supplies. Whether you're in a hospital setting or at home, these high-quality adhesive remover pads from Medline offer a convenient and effective solution for adhesive removal. They are not just tools, but safe removers that prioritize your skin's comfort.",George T.,Effectiveness,Works well to remove adhesive from skin!Pads could be a little larger to manipulate easier.,10/25/2023,4.0,Yes,0,0.636,0.302,0.0,0.698,0.0398812554776668,0.0505996458232402,0.010599372908473,0.0387341976165771,0.801089346408844,0.0111777698621153,0.0479183718562126,0.636,0.302,0.0,0.698,0.0398811474442482,0.05059949681162834,0.010599348694086075,0.03873410448431969,0.8010898232460022,0.011177743785083294,0.047918252646923065
397,397,"Medline Adhesive Remover Pads, Acetone-Free, 2-Ply, Box of 100","Experience the superior quality and effectiveness of Medline Adhesive Remover Pads, designed to provide a safe and efficient solution for removing adhesive residue from bandages and medical tapes. These 2-ply adhesive remover pads come in a box of 100. Unlike conventional adhesive removers, these pads are acetone-free. The 2-ply design of these pads not only enhances their durability but also increases their effectiveness in removing adhesive residue, ensuring a clean and residue-free skin surface. Ideal for both health care professionals and consumers, these adhesive remover pads are an essential addition to your medical cleaning supplies. Whether you're in a hospital setting or at home, these high-quality adhesive remover pads from Medline offer a convenient and effective solution for adhesive removal. They are not just tools, but safe removers that prioritize your skin's comfort.",Kindle Customerhhh,Worked great.,Worked great at removing medical adhesive from skin.,4/9/2024,5.0,Yes,0,0.6249,0.369,0.0,0.631,0.0208633635193109,0.275281012058258,0.0289929062128067,0.0112037723883986,0.6340463161468506,0.0204451829195022,0.009167443960905,0.6249,0.369,0.0,0.631,0.020863380283117294,0.2752813994884491,0.028992967680096626,0.011203768663108349,0.6340458393096924,0.02044522762298584,0.009167462587356567
398,398,"Medline Adhesive Remover Pads, Acetone-Free, 2-Ply, Box of 100","Experience the superior quality and effectiveness of Medline Adhesive Remover Pads, designed to provide a safe and efficient solution for removing adhesive residue from bandages and medical tapes. These 2-ply adhesive remover pads come in a box of 100. Unlike conventional adhesive removers, these pads are acetone-free. The 2-ply design of these pads not only enhances their durability but also increases their effectiveness in removing adhesive residue, ensuring a clean and residue-free skin surface. Ideal for both health care professionals and consumers, these adhesive remover pads are an essential addition to your medical cleaning supplies. Whether you're in a hospital setting or at home, these high-quality adhesive remover pads from Medline offer a convenient and effective solution for adhesive removal. They are not just tools, but safe removers that prioritize your skin's comfort.",Sam K.,These are awesome for removing sticky substances!,"Wow, these wipes work better than Goo Gone!  I love them; they work great for anything really (because I tried lol), but I bought them for removing adhesive after wearing patches over my Dexcom and Tandem pump.",1/15/2024,5.0,Yes,0,0.8313,0.246,0.0,0.754,0.0033589384984225,0.0014813469024375,0.0018654753221198,0.0384518168866634,0.0088889459148049,0.0027606985531747,0.943192720413208,0.8313,0.246,0.0,0.754,0.0033589384984225035,0.001481347600929439,0.0018654753221198916,0.038451846688985825,0.008888942189514637,0.002760696690529585,0.943192720413208
399,399,"Medline Adhesive Remover Pads, Acetone-Free, 2-Ply, Box of 100","Experience the superior quality and effectiveness of Medline Adhesive Remover Pads, designed to provide a safe and efficient solution for removing adhesive residue from bandages and medical tapes. These 2-ply adhesive remover pads come in a box of 100. Unlike conventional adhesive removers, these pads are acetone-free. The 2-ply design of these pads not only enhances their durability but also increases their effectiveness in removing adhesive residue, ensuring a clean and residue-free skin surface. Ideal for both health care professionals and consumers, these adhesive remover pads are an essential addition to your medical cleaning supplies. Whether you're in a hospital setting or at home, these high-quality adhesive remover pads from Medline offer a convenient and effective solution for adhesive removal. They are not just tools, but safe removers that prioritize your skin's comfort.",Cindy C.,Works like magic!,I usually wear a nighttime sleep patch which leaves a lot of black adhesive.  They say that it can be easily removed with alcohol - which is NOT true.  These patches removed it like magic.  Worth every penny!,12/16/2023,5.0,Yes,2,0.5803,0.18,0.059,0.761,0.0626250728964805,0.0091611109673976,0.0055588972754776,0.1279366761445999,0.4013137221336365,0.0488069802522659,0.3445975482463836,0.5803,0.18,0.059,0.761,0.06262505799531937,0.009161124937236309,0.005558895878493786,0.12793612480163574,0.4013143479824066,0.048807110637426376,0.34459736943244934
400,400,"Medline Adhesive Remover Pads, Acetone-Free, 2-Ply, Box of 100","Experience the superior quality and effectiveness of Medline Adhesive Remover Pads, designed to provide a safe and efficient solution for removing adhesive residue from bandages and medical tapes. These 2-ply adhesive remover pads come in a box of 100. Unlike conventional adhesive removers, these pads are acetone-free. The 2-ply design of these pads not only enhances their durability but also increases their effectiveness in removing adhesive residue, ensuring a clean and residue-free skin surface. Ideal for both health care professionals and consumers, these adhesive remover pads are an essential addition to your medical cleaning supplies. Whether you're in a hospital setting or at home, these high-quality adhesive remover pads from Medline offer a convenient and effective solution for adhesive removal. They are not just tools, but safe removers that prioritize your skin's comfort.",Kent gh,Good,Just not big enough to take all the adhesive off with one wipe.,9/6/2023,4.0,Yes,0,0.0,0.0,0.0,1.0,0.0085058901458978,0.0766990631818771,0.0043282941915094,0.0023219217546284,0.8537723422050476,0.0242012906819582,0.0301711726933717,0.0,0.0,0.0,1.0,0.008505896665155888,0.07669910043478012,0.004328295588493347,0.0023219233844429255,0.8537721633911133,0.024201344698667526,0.030171243473887444
401,401,"Medline Adhesive Remover Pads, Acetone-Free, 2-Ply, Box of 100","Experience the superior quality and effectiveness of Medline Adhesive Remover Pads, designed to provide a safe and efficient solution for removing adhesive residue from bandages and medical tapes. These 2-ply adhesive remover pads come in a box of 100. Unlike conventional adhesive removers, these pads are acetone-free. The 2-ply design of these pads not only enhances their durability but also increases their effectiveness in removing adhesive residue, ensuring a clean and residue-free skin surface. Ideal for both health care professionals and consumers, these adhesive remover pads are an essential addition to your medical cleaning supplies. Whether you're in a hospital setting or at home, these high-quality adhesive remover pads from Medline offer a convenient and effective solution for adhesive removal. They are not just tools, but safe removers that prioritize your skin's comfort.",Kindle Customer,Works on k tape!,Looked somewhat dry when I opened the packets but the k tape quickly and gently detached as I rubbed at the edge with slight pulling. No rash,1/8/2024,5.0,Yes,0,-0.4767,0.125,0.252,0.623,0.0548610687255859,0.3619971573352813,0.0224783346056938,0.0067887469194829,0.4596738815307617,0.0480550415813922,0.046145737171173,-0.4767,0.125,0.252,0.623,0.054860904812812805,0.36199623346328735,0.02247830480337143,0.006788757164031267,0.45967504382133484,0.0480550192296505,0.04614577442407608
402,402,"Medline Adhesive Remover Pads, Acetone-Free, 2-Ply, Box of 100","Experience the superior quality and effectiveness of Medline Adhesive Remover Pads, designed to provide a safe and efficient solution for removing adhesive residue from bandages and medical tapes. These 2-ply adhesive remover pads come in a box of 100. Unlike conventional adhesive removers, these pads are acetone-free. The 2-ply design of these pads not only enhances their durability but also increases their effectiveness in removing adhesive residue, ensuring a clean and residue-free skin surface. Ideal for both health care professionals and consumers, these adhesive remover pads are an essential addition to your medical cleaning supplies. Whether you're in a hospital setting or at home, these high-quality adhesive remover pads from Medline offer a convenient and effective solution for adhesive removal. They are not just tools, but safe removers that prioritize your skin's comfort.",Mar,Wipe Off the Stickyness,"My sister told me about these, I tested it out at her house, I LOVED them! I used them on everyday household products to get the sticky labels off as well as myself after my frequent visits to the Dr's. It's so hard to get all that gunk off the adhesives.",9/10/2023,5.0,Yes,2,0.7318,0.13,0.035,0.835,0.0174146704375743,0.0979694873094558,0.0030414287466555,0.5778050422668457,0.233134850859642,0.0172425471246242,0.0533919110894203,0.7318,0.13,0.035,0.835,0.017414653673768044,0.0979694202542305,0.0030414280481636524,0.5778055191040039,0.23313450813293457,0.017242535948753357,0.053391940891742706
403,403,"Medline Adhesive Remover Pads, Acetone-Free, 2-Ply, Box of 100","Experience the superior quality and effectiveness of Medline Adhesive Remover Pads, designed to provide a safe and efficient solution for removing adhesive residue from bandages and medical tapes. These 2-ply adhesive remover pads come in a box of 100. Unlike conventional adhesive removers, these pads are acetone-free. The 2-ply design of these pads not only enhances their durability but also increases their effectiveness in removing adhesive residue, ensuring a clean and residue-free skin surface. Ideal for both health care professionals and consumers, these adhesive remover pads are an essential addition to your medical cleaning supplies. Whether you're in a hospital setting or at home, these high-quality adhesive remover pads from Medline offer a convenient and effective solution for adhesive removal. They are not just tools, but safe removers that prioritize your skin's comfort.",Marisol Ramirez,Life Saver,"Came home from a couple days stay at the hospital and had lots of tape residue still on my skin. After 3 showers and lots of scrubbing it would just not come off. Ordered this item and used it as soon as it came in, no less than 1 minute later the residue is gone!!! I wish I would have taken pictures beforehand so you could see the difference but I was desperate. Wish I would have had this to try from the beginning.",3/29/2023,5.0,Yes,3,0.4071,0.075,0.054,0.871,0.0640191808342933,0.1299110054969787,0.0928398445248603,0.0087155401706695,0.2073460221290588,0.1104890555143356,0.3866793215274811,0.4071,0.075,0.054,0.871,0.06401922553777695,0.12991110980510712,0.09283976256847382,0.008715539239346981,0.20734623074531555,0.1104889065027237,0.3866792917251587
404,404,"Medline Adhesive Remover Pads, Acetone-Free, 2-Ply, Box of 100","Experience the superior quality and effectiveness of Medline Adhesive Remover Pads, designed to provide a safe and efficient solution for removing adhesive residue from bandages and medical tapes. These 2-ply adhesive remover pads come in a box of 100. Unlike conventional adhesive removers, these pads are acetone-free. The 2-ply design of these pads not only enhances their durability but also increases their effectiveness in removing adhesive residue, ensuring a clean and residue-free skin surface. Ideal for both health care professionals and consumers, these adhesive remover pads are an essential addition to your medical cleaning supplies. Whether you're in a hospital setting or at home, these high-quality adhesive remover pads from Medline offer a convenient and effective solution for adhesive removal. They are not just tools, but safe removers that prioritize your skin's comfort.",SJRD,"Gets the job done, saves my skin","Removes stubborn bandaids, tegaderm, or transdermal patches easily and softens the skin underneath. Only note is, if you need to reapply anything sticky to the exact same area, wipe it down with an alcohol wipe first, as it does leave a slight residue on the skin.I got them because I've used them in the hospital for stubborn IV dressings on patients with delicate skin, and it always works. For home use, it gets bandages off of dog fur and peels off transdermal patches from humans without damaging the skin.",2/11/2023,5.0,Yes,2,-0.0767,0.066,0.07,0.864,0.0196425281465053,0.2031284570693969,0.0083872284740209,0.0030018398538231,0.7473863363265991,0.0117967799305915,0.0066568180918693,-0.0767,0.066,0.07,0.864,0.019642511382699013,0.20312832295894623,0.008387231267988682,0.0030018407851457596,0.7473865151405334,0.011796778999269009,0.006656826473772526
405,405,"Medline Adhesive Remover Pads, Acetone-Free, 2-Ply, Box of 100","Experience the superior quality and effectiveness of Medline Adhesive Remover Pads, designed to provide a safe and efficient solution for removing adhesive residue from bandages and medical tapes. These 2-ply adhesive remover pads come in a box of 100. Unlike conventional adhesive removers, these pads are acetone-free. The 2-ply design of these pads not only enhances their durability but also increases their effectiveness in removing adhesive residue, ensuring a clean and residue-free skin surface. Ideal for both health care professionals and consumers, these adhesive remover pads are an essential addition to your medical cleaning supplies. Whether you're in a hospital setting or at home, these high-quality adhesive remover pads from Medline offer a convenient and effective solution for adhesive removal. They are not just tools, but safe removers that prioritize your skin's comfort.",Katrina,Works like a charm!,"Purchased to help remove the adhesive stuck to my skin after surgery. These wipes removed all the gunk without any harsh scrubbing needed.I had 5 different areas that had leftover adhesive from surgery bandages and all areas were easily cleaned with these wipes. Highly recommend to anyone that is having surgery.Also was able to give some to my aunt, who loves them! She has a Dexcom and was able to use this to help remove any leftover adhesive.",2/27/2023,5.0,Yes,3,0.9324,0.193,0.023,0.784,0.0139175904914736,0.0495987348258495,0.0017040953971445,0.0340545810759067,0.8723874092102051,0.0127477757632732,0.0155897485092282,0.9324,0.193,0.023,0.784,0.01391757931560278,0.04959870129823685,0.0017040955135598779,0.03405458480119705,0.8723875284194946,0.012747765518724918,0.015589741989970207
406,406,"Medline Adhesive Remover Pads, Acetone-Free, 2-Ply, Box of 100","Experience the superior quality and effectiveness of Medline Adhesive Remover Pads, designed to provide a safe and efficient solution for removing adhesive residue from bandages and medical tapes. These 2-ply adhesive remover pads come in a box of 100. Unlike conventional adhesive removers, these pads are acetone-free. The 2-ply design of these pads not only enhances their durability but also increases their effectiveness in removing adhesive residue, ensuring a clean and residue-free skin surface. Ideal for both health care professionals and consumers, these adhesive remover pads are an essential addition to your medical cleaning supplies. Whether you're in a hospital setting or at home, these high-quality adhesive remover pads from Medline offer a convenient and effective solution for adhesive removal. They are not just tools, but safe removers that prioritize your skin's comfort.",Steve Kreiner,Works,Does what's it's supposed to do,9/18/2023,4.0,Yes,0,0.0,0.0,0.0,1.0,0.0316074602305889,0.0236010681837797,0.0105294063687324,0.0019548065029084,0.8601329326629639,0.0190114676952362,0.0531629249453544,0.0,0.0,0.0,1.0,0.031607456505298615,0.023601066321134567,0.010529386810958385,0.001954804640263319,0.8601329922676086,0.019011447206139565,0.05316278338432312
407,407,"Medline Adhesive Remover Pads, Acetone-Free, 2-Ply, Box of 100","Experience the superior quality and effectiveness of Medline Adhesive Remover Pads, designed to provide a safe and efficient solution for removing adhesive residue from bandages and medical tapes. These 2-ply adhesive remover pads come in a box of 100. Unlike conventional adhesive removers, these pads are acetone-free. The 2-ply design of these pads not only enhances their durability but also increases their effectiveness in removing adhesive residue, ensuring a clean and residue-free skin surface. Ideal for both health care professionals and consumers, these adhesive remover pads are an essential addition to your medical cleaning supplies. Whether you're in a hospital setting or at home, these high-quality adhesive remover pads from Medline offer a convenient and effective solution for adhesive removal. They are not just tools, but safe removers that prioritize your skin's comfort.",one800,"Small, but gets the job done","While these adhesive removal pads are smaller & feel thinner than other brands, they get the job done. Best part is they don’t leave an oily film on one’s skin after use.",6/1/2023,4.0,Yes,0,0.6124,0.122,0.035,0.843,0.0108252316713333,0.2836231887340545,0.0054479991085827,0.0472107119858264,0.5611939430236816,0.082321248948574,0.0093776183202862,0.6124,0.122,0.035,0.843,0.010825233533978462,0.2836230993270874,0.005447987001389265,0.04721064493060112,0.5611942410469055,0.0823211595416069,0.00937761552631855
408,408,"Medline Adhesive Remover Pads, Acetone-Free, 2-Ply, Box of 100","Experience the superior quality and effectiveness of Medline Adhesive Remover Pads, designed to provide a safe and efficient solution for removing adhesive residue from bandages and medical tapes. These 2-ply adhesive remover pads come in a box of 100. Unlike conventional adhesive removers, these pads are acetone-free. The 2-ply design of these pads not only enhances their durability but also increases their effectiveness in removing adhesive residue, ensuring a clean and residue-free skin surface. Ideal for both health care professionals and consumers, these adhesive remover pads are an essential addition to your medical cleaning supplies. Whether you're in a hospital setting or at home, these high-quality adhesive remover pads from Medline offer a convenient and effective solution for adhesive removal. They are not just tools, but safe removers that prioritize your skin's comfort.",Soap & Salt Co,These pads work great!,They remove label residue perfectly in seconds.,2/16/2024,5.0,Yes,0,0.6369,0.412,0.0,0.588,0.0176658239215612,0.0116000995039939,0.0015593019779771,0.0119564952328801,0.9349480271339417,0.0020958115346729,0.0201744437217712,0.6369,0.412,0.0,0.588,0.017665810883045197,0.01160009391605854,0.0015593019779771566,0.011956495232880116,0.9349480271339417,0.0020958143286406994,0.020174434408545494
409,409,"Medline Adhesive Remover Pads, Acetone-Free, 2-Ply, Box of 100","Experience the superior quality and effectiveness of Medline Adhesive Remover Pads, designed to provide a safe and efficient solution for removing adhesive residue from bandages and medical tapes. These 2-ply adhesive remover pads come in a box of 100. Unlike conventional adhesive removers, these pads are acetone-free. The 2-ply design of these pads not only enhances their durability but also increases their effectiveness in removing adhesive residue, ensuring a clean and residue-free skin surface. Ideal for both health care professionals and consumers, these adhesive remover pads are an essential addition to your medical cleaning supplies. Whether you're in a hospital setting or at home, these high-quality adhesive remover pads from Medline offer a convenient and effective solution for adhesive removal. They are not just tools, but safe removers that prioritize your skin's comfort.",J Davis,Works well,"I’ve tried several brands and this one is not the best at removing adhesives. But it’s my favorite anyway. It may take longer but it doesn’t irritate my skin, doesn’t have a horrible smell, and is reasonably priced.",10/26/2023,5.0,Yes,4,-0.7673,0.084,0.223,0.693,0.0154470289126038,0.7477321624755859,0.0111272064968943,0.0331905931234359,0.1789434403181076,0.0116620128974318,0.0018976508872583,-0.7673,0.084,0.223,0.693,0.015447014011442661,0.7477322816848755,0.011127213947474957,0.033190544694662094,0.17894329130649567,0.011662010103464127,0.0018976512365043163
410,410,Safe n' Simple Adhesive Remover Wipes - 50 Large No-Sting Skin Prep Wipes Medical Skin Adhesive Remover - Adhesive Removing Wipes for Skin - Non-Alcohol,,John C. Roth,Didn't work,Didn't remove glue from my V GO patch which I change every day.,10/29/2024,1.0,Yes,0,0.0,0.0,0.0,1.0,0.0228233337402343,0.0301582515239715,0.0053926883265376,0.0022327494807541,0.8967774510383606,0.0231707226485013,0.0194448567926883,0.0,0.0,0.0,1.0,0.022823333740234375,0.030158236622810364,0.005392685066908598,0.002232747385278344,0.8967774510383606,0.023170707747340202,0.019444825127720833
411,411,Safe n' Simple Adhesive Remover Wipes - 50 Large No-Sting Skin Prep Wipes Medical Skin Adhesive Remover - Adhesive Removing Wipes for Skin - Non-Alcohol,,Debbie Retz-Hoar,Very soft,It's very soft to touch. It might be great for people with appliances that have to be changed and may have irritated skin. I don't use wipes for that type skin applications.I have patches that are changed every 2 days. I'm irritated by adhesives and have problems taking off the patches. They itch my skin so I need heavy duty wipes to remove the adhesive from my patches. These wipes don't work well for the adhesive removing I need. I'm sorry. It was probably my fault for getting the wrong type remover.,10/24/2024,3.0,Yes,0,-0.8889,0.04,0.173,0.787,0.4551508128643036,0.0768483653664588,0.0074812555685639,0.0042114965617656,0.1430639922618866,0.2952272593975067,0.0180167537182569,-0.8889,0.04,0.173,0.787,0.45515111088752747,0.07684822380542755,0.0074812499806284904,0.00421149143949151,0.1430637538433075,0.29522743821144104,0.018016748130321503
412,412,Safe n' Simple Adhesive Remover Wipes - 50 Large No-Sting Skin Prep Wipes Medical Skin Adhesive Remover - Adhesive Removing Wipes for Skin - Non-Alcohol,,Shirley Floyd,"The adhesive doesn't come off real easy,","You have to scrub a lot to get  the adhevisive off, can cause irritation",10/25/2024,3.0,Yes,0,-0.5106,0.0,0.216,0.784,0.5512281656265259,0.0512979477643966,0.0136876162141561,0.0045166700147092,0.2141940891742706,0.1454072147607803,0.0196682196110487,-0.5106,0.0,0.216,0.784,0.5512282252311707,0.05129785090684891,0.013687612488865852,0.004516666289418936,0.2141941785812378,0.1454072892665863,0.01966821774840355
413,413,Safe n' Simple Adhesive Remover Wipes - 50 Large No-Sting Skin Prep Wipes Medical Skin Adhesive Remover - Adhesive Removing Wipes for Skin - Non-Alcohol,,Constance K.,Just An OK Product,"The spray version of adhesive remover works much better and faster. But you are going to pay more for the spray.  This product works but I found I had to go over and over the area to remove the adhesive and that can sometimes cause sensitive skin, especially around a soma bag area.",4/21/2024,3.0,Yes,0,0.09,0.038,0.031,0.931,0.0220516361296176,0.1929808109998703,0.0319662876427173,0.0041646561585366,0.677724301815033,0.0531463995575904,0.0179659090936183,0.09,0.038,0.031,0.931,0.022051608189940453,0.1929808408021927,0.03196628764271736,0.004164658021181822,0.677724301815033,0.0531463623046875,0.017965905368328094
414,414,Safe n' Simple Adhesive Remover Wipes - 50 Large No-Sting Skin Prep Wipes Medical Skin Adhesive Remover - Adhesive Removing Wipes for Skin - Non-Alcohol,,Momof2,Not as good as I expected,This product was not as I expected. It took a great deal of rubbing to get the marks off of my hormone patch. I received some samples of another brand but thought I would try this one. It did not do as good of a job as my sample. I don’t think that I’ll but it again!,3/4/2024,3.0,Yes,2,-0.2146,0.046,0.062,0.892,0.0817150101065635,0.1463744342327118,0.0128413122147321,0.01243416685611,0.1754219979047775,0.063629001379013,0.5075840353965759,-0.2146,0.046,0.062,0.892,0.08171509206295013,0.1463746726512909,0.012841295450925827,0.012434160336852074,0.1754218488931656,0.06362909823656082,0.5075838565826416
415,415,Safe n' Simple Adhesive Remover Wipes - 50 Large No-Sting Skin Prep Wipes Medical Skin Adhesive Remover - Adhesive Removing Wipes for Skin - Non-Alcohol,,Alan J. Lofton,They didn't do much,Rubbing alcohol seemed to work better. These didn't do much. Maybe I got a dud pack.,5/6/2024,3.0,Yes,0,0.2263,0.172,0.118,0.71,0.0087844925001263,0.0849164053797721,0.0043219081126153,0.0064949784427881,0.8681648969650269,0.0157684907317161,0.0115487920120358,0.2263,0.172,0.118,0.71,0.00878447201102972,0.08491634577512741,0.0043219043873250484,0.006494960747659206,0.8681650161743164,0.01576847769320011,0.011548788286745548
416,416,Safe n' Simple Adhesive Remover Wipes - 50 Large No-Sting Skin Prep Wipes Medical Skin Adhesive Remover - Adhesive Removing Wipes for Skin - Non-Alcohol,,Shawna A.,Requires multiple wipes to remove adhesive,"I have an ostomy, so I rely on advise adhesive to remove the bags when they need charging.These did work, but slowly and it took a lot of work to get it to the point where the adhesive wasn't sticking to my skin.They were cheaper than a lot of the competition, so while I was without insurance I tried them. Unfortunately they just aren't as strong as my usual brand.",11/11/2023,3.0,Yes,3,-0.7686,0.0,0.097,0.903,0.0057872659526765,0.0134622668847441,0.0103022288531064,0.0061653475277125,0.8781406283378601,0.0579393878579139,0.0282027870416641,-0.7686,0.0,0.097,0.903,0.005787270609289408,0.01346228551119566,0.010302238166332245,0.006165340542793274,0.8781405687332153,0.05793949216604233,0.028202779591083527
417,417,Safe n' Simple Adhesive Remover Wipes - 50 Large No-Sting Skin Prep Wipes Medical Skin Adhesive Remover - Adhesive Removing Wipes for Skin - Non-Alcohol,,michele,Adhesive remover,This didn’t seem to be very strong and would take several wipes instead of just one wipe.,3/31/2024,3.0,Yes,0,0.5563,0.183,0.0,0.817,0.0042969761416316,0.0145053807646036,0.0018500719452276,0.0017596998950466,0.9395848512649536,0.0082934759557247,0.0297096408903598,0.5563,0.183,0.0,0.817,0.004296975675970316,0.014505385421216488,0.0018500726437196136,0.0017597012920305133,0.9395847320556641,0.00829347874969244,0.02970966324210167
418,418,Safe n' Simple Adhesive Remover Wipes - 50 Large No-Sting Skin Prep Wipes Medical Skin Adhesive Remover - Adhesive Removing Wipes for Skin - Non-Alcohol,,David Frank Wasserboehr,Safe n' Simple Adhesive Remover Wipes dont work very well,These wipes take a lot of elbow grease to be effective!,8/30/2024,2.0,Yes,0,0.5255,0.274,0.0,0.726,0.0844834968447685,0.4039136171340942,0.0229658260941505,0.0050766486674547,0.3338230550289154,0.1228823736310005,0.0268550589680671,0.5255,0.274,0.0,0.726,0.0844835489988327,0.4039131999015808,0.022965814918279648,0.005076647736132145,0.33382344245910645,0.12288228422403336,0.026855044066905975
419,419,Safe n' Simple Adhesive Remover Wipes - 50 Large No-Sting Skin Prep Wipes Medical Skin Adhesive Remover - Adhesive Removing Wipes for Skin - Non-Alcohol,,Zudimi,No me despega el pegamento residual,"A pesar que lo pedí sin alcohol pensé que iba a retirar fácilmente el residuo de pegamento, pero no",7/18/2024,2.0,Yes,0,-0.7003,0.0,0.279,0.721,0.1874823421239853,0.4319066405296325,0.1790134012699127,0.0211440175771713,0.1144450679421424,0.0562307424843311,0.0097778085619211,-0.7003,0.0,0.279,0.721,0.18748247623443604,0.4319067597389221,0.1790132075548172,0.02114400453865528,0.11444516479969025,0.05623073875904083,0.00977779645472765
420,420,Safe n' Simple Adhesive Remover Wipes - 50 Large No-Sting Skin Prep Wipes Medical Skin Adhesive Remover - Adhesive Removing Wipes for Skin - Non-Alcohol,,Bonnie Mascari,THIS IS NOT A RESEALABLE PACKAGE!,Product description says the package is resealable but it is not.. It doesn't even have the Safe n Simple logo on the front.  It is a plain white package that had to be cut open.  Who knows where the contents were and how they were handled.  I will be returning them for safety reasons.,10/21/2024,1.0,Yes,0,0.7096,0.13,0.046,0.825,0.016575451940298,0.0201493762433528,0.015313621610403,0.0065881120972335,0.7371134161949158,0.0957930013537406,0.1084670051932334,0.7096,0.13,0.046,0.825,0.016575461253523827,0.020149381831288338,0.015313602052628994,0.006588113959878683,0.7371135950088501,0.09579286724328995,0.1084669902920723
421,421,Safe n' Simple Adhesive Remover Wipes - 50 Large No-Sting Skin Prep Wipes Medical Skin Adhesive Remover - Adhesive Removing Wipes for Skin - Non-Alcohol,,N C Slater,Not as effective as expected,I purchased this to aid in removal of adhesive of ostomy bag. Discovered that it does not work as well as expected and had to used numerous wipes and still ended up removing some skin with the adhesive because it didn't release the adhesive very well.,8/18/2023,3.0,Yes,0,-0.3875,0.0,0.078,0.922,0.0257153883576393,0.2410447001457214,0.0240161418914794,0.0045355395413935,0.4773109853267669,0.1880509555339813,0.0393262952566146,-0.3875,0.0,0.078,0.922,0.025715382769703865,0.24104495346546173,0.024016141891479492,0.004535537213087082,0.47731077671051025,0.18805092573165894,0.03932620957493782
422,422,Safe n' Simple Adhesive Remover Wipes - 50 Large No-Sting Skin Prep Wipes Medical Skin Adhesive Remover - Adhesive Removing Wipes for Skin - Non-Alcohol,,Minnie,Donot Work,There is no smell however they seem dry not moist.Did not remove EKG probes adhesive.Waste of money for us.I did not purchase to use as household sticky labels.Made skin red.,5/14/2024,2.0,Yes,0,-0.296,0.0,0.071,0.929,0.0209037233144044,0.7902668714523315,0.0071176602505147,0.0021212557330727,0.0709469988942146,0.1042803600430488,0.0043630697764456,-0.296,0.0,0.071,0.929,0.02090371958911419,0.7902671694755554,0.007117656525224447,0.0021212527062743902,0.07094685733318329,0.10428023338317871,0.00436306931078434
423,423,Safe n' Simple Adhesive Remover Wipes - 50 Large No-Sting Skin Prep Wipes Medical Skin Adhesive Remover - Adhesive Removing Wipes for Skin - Non-Alcohol,,Shelley Wolfe,They worked okay.,New to the ostomy products but have used a couple other brands that seem to work better than SNS adhesive removers. Will use the product up and move on to another one. Was shipped in a bag which wasn't ideal either. Medical supplies should be shipped in a box.,6/16/2023,3.0,Yes,0,0.048,0.075,0.071,0.854,0.0063375667668879,0.0210149101912975,0.0042323069646954,0.0044337199069559,0.8958761692047119,0.0422868281602859,0.0258185062557458,0.048,0.075,0.071,0.854,0.006337566766887903,0.021014906466007233,0.0042323097586631775,0.004433711525052786,0.8958761692047119,0.042286843061447144,0.025818517431616783
424,424,Safe n' Simple Adhesive Remover Wipes - 50 Large No-Sting Skin Prep Wipes Medical Skin Adhesive Remover - Adhesive Removing Wipes for Skin - Non-Alcohol,,Thomas Heim,Goid for cleaning,Does not remove adhesive very well,11/9/2023,3.0,Yes,0,0.3384,0.324,0.0,0.676,0.013621418736875,0.0692273080348968,0.009654221124947,0.0026766587980091,0.7736104130744934,0.106894850730896,0.0243151728063821,0.3384,0.324,0.0,0.676,0.01362139917910099,0.06922723352909088,0.009654211811721325,0.0026766550727188587,0.7736108303070068,0.10689453780651093,0.02431512251496315
425,425,Safe n' Simple Adhesive Remover Wipes - 50 Large No-Sting Skin Prep Wipes Medical Skin Adhesive Remover - Adhesive Removing Wipes for Skin - Non-Alcohol,,JAYME,"If I could give 0 stars, I would.","This is basically just a wet wipe. It doesn’t help remove adhesive at all. I bought the 75 count pack since I thought it would be a good product (the skin barrier wipes are great). However, I’m throwing these away after the second wipe and buying a better more reliable brand.",9/5/2024,1.0,Yes,0,0.7906,0.163,0.029,0.808,0.012007376179099,0.0848625302314758,0.0031656301580369,0.0042466041631996,0.8760163187980652,0.0144920609891414,0.0052094850689172,0.7906,0.163,0.029,0.808,0.012007365934550762,0.08486242592334747,0.003165627596899867,0.004246608819812536,0.8760164380073547,0.014492056332528591,0.005209476221352816
426,426,Safe n' Simple Adhesive Remover Wipes - 50 Large No-Sting Skin Prep Wipes Medical Skin Adhesive Remover - Adhesive Removing Wipes for Skin - Non-Alcohol,,Sue,Not as good as something that I’ve had,Not as good as some that I’ve had. I don’t think there was enough product on this to really be affective because I ended up using three or four individual cloths just to get the item off and it was not as smooth as others that I have used. I won’t be returning it but I won’t be buying it again either,8/18/2022,3.0,Yes,0,-0.1786,0.0,0.03,0.97,0.010846871882677,0.1040805652737617,0.0067957597784698,0.0098849153146147,0.6775388717651367,0.061052817851305,0.1298002153635025,-0.1786,0.0,0.03,0.97,0.010846859775483608,0.10408042371273041,0.006795755587518215,0.009884928353130817,0.6775391101837158,0.06105280667543411,0.12980012595653534
427,427,Safe n' Simple Adhesive Remover Wipes - 50 Large No-Sting Skin Prep Wipes Medical Skin Adhesive Remover - Adhesive Removing Wipes for Skin - Non-Alcohol,,H. Hicks,Doesn't remove adhesive at all,"This isn't made for my specific use, so take that into consideration.  I'm using it to remove tape adhesive around a gtube stoma.  It doesn't work for that type of adhesive at all.  I'll still use them to clean the stoma so it won't be a total waste, but I'm disappointed that they won't remove the residue from paper tape.",8/11/2022,3.0,Yes,2,-0.3887,0.056,0.066,0.878,0.0228199381381273,0.0621270686388015,0.0063229813240468,0.0058534480631351,0.6225825548171997,0.2423053085803985,0.0379887372255325,-0.3887,0.056,0.066,0.878,0.022819921374320984,0.06212707981467247,0.006322971545159817,0.005853442009538412,0.6225830316543579,0.24230492115020752,0.03798865154385567
428,428,Safe n' Simple Adhesive Remover Wipes - 50 Large No-Sting Skin Prep Wipes Medical Skin Adhesive Remover - Adhesive Removing Wipes for Skin - Non-Alcohol,,Elizabeth N.,Not that great,Used it to remove my diabetic sensor sticker and didn’t work that well. Had to use an alternative method.,10/28/2024,1.0,Yes,0,0.2732,0.104,0.0,0.896,0.0382387042045593,0.0821878537535667,0.0133464885875582,0.00242051621899,0.3515829443931579,0.4848866462707519,0.027336785569787,0.2732,0.104,0.0,0.896,0.038238756358623505,0.08218793570995331,0.013346493244171143,0.0024205162189900875,0.3515828251838684,0.48488664627075195,0.027336761355400085
429,429,Safe n' Simple Adhesive Remover Wipes - 50 Large No-Sting Skin Prep Wipes Medical Skin Adhesive Remover - Adhesive Removing Wipes for Skin - Non-Alcohol,,Albert Silva,Product review,The product ordered is intact as they are individually wrapped wipes but the package was destroyed in packaging and arrived loose in envelope.,8/20/2023,3.0,Yes,0,-0.7814,0.049,0.253,0.698,0.164439857006073,0.4305354654788971,0.0057416739873588,0.0022081388160586,0.3514740467071533,0.029780313372612,0.015820512548089,-0.7814,0.049,0.253,0.698,0.16444005072116852,0.43053537607192993,0.005741667002439499,0.0022081383503973484,0.3514738976955414,0.029780343174934387,0.015820512548089027
430,430,Safe n' Simple Adhesive Remover Wipes - 50 Large No-Sting Skin Prep Wipes Medical Skin Adhesive Remover - Adhesive Removing Wipes for Skin - Non-Alcohol,,Rebecca Currence,Your wallet is only thing being wiped,Basically just alcohol free wipes you could but at walmart 8 packages for what you pay for one of these at 13.00 you may think your getting something different that reg wipes but wrong it’s basically same thing,2/28/2023,3.0,Yes,2,-0.5574,0.051,0.137,0.811,0.0233876146376132,0.0141580160707235,0.0020841094665229,0.0031203334219753,0.829587996006012,0.0396132208406925,0.0880487039685249,-0.5574,0.051,0.137,0.811,0.023387644439935684,0.014158030971884727,0.0020841099321842194,0.0031203313264995813,0.8295881748199463,0.03961316496133804,0.08804856985807419
431,431,Safe n' Simple Adhesive Remover Wipes - 50 Large No-Sting Skin Prep Wipes Medical Skin Adhesive Remover - Adhesive Removing Wipes for Skin - Non-Alcohol,,blooker3,weak but they eventually work,Eventually removes adhesive with some rubbing.,9/30/2023,3.0,Yes,0,0.0,0.0,0.0,1.0,0.0487930551171302,0.2374666631221771,0.0095113310962915,0.004820916801691,0.6569002270698547,0.034366425126791,0.0081413406878709,0.0,0.0,0.0,1.0,0.04879305511713028,0.23746706545352936,0.009511326439678669,0.0048209126107394695,0.6568999290466309,0.034366440027952194,0.00814134906977415
432,432,Safe n' Simple Adhesive Remover Wipes - 50 Large No-Sting Skin Prep Wipes Medical Skin Adhesive Remover - Adhesive Removing Wipes for Skin - Non-Alcohol,,Amazon Customer,Do not waste your money,"These wipes do absolutely nothing! They do not wipe off any residue. I would leave the wipe against the residue for 2 minutes to see if it would wipe easily, did not phase it! Rubbing the wipe hard made my skin hurt and sore. Find something else that works better because it is not these!",8/2/2024,1.0,Yes,2,-0.4724,0.086,0.152,0.762,0.083308607339859,0.3175562918186188,0.0146551746875047,0.0058684404939413,0.5089660882949829,0.0359345450997352,0.0337108485400676,-0.4724,0.086,0.152,0.762,0.08330874145030975,0.3175564408302307,0.014655179344117641,0.005868431646376848,0.508965790271759,0.035934556275606155,0.033710867166519165
433,433,Safe n' Simple Adhesive Remover Wipes - 50 Large No-Sting Skin Prep Wipes Medical Skin Adhesive Remover - Adhesive Removing Wipes for Skin - Non-Alcohol,,Ana Gabriel Padilla Castillo,Not For Ostomy Removal,Its not as good as I'd hope. I used this item to remove my husband's ostomy bag. My husband was in pain the entire time I was removing his ostomy bag. Did not work like other brands I've used on him. With other brands just one wipe would have done the job. I used 5 wipes and it was still painful for him.  Don't recommend if you need it to remove an ostomy bag.,7/5/2024,1.0,Yes,0,-0.8371,0.036,0.161,0.803,0.0110222054645419,0.1703004986047744,0.0483308993279933,0.0030775424093008,0.1074787676334381,0.6410052180290222,0.0187848508358001,-0.8371,0.036,0.161,0.803,0.011022205464541912,0.17030039429664612,0.04833089932799339,0.003077547997236252,0.10747890174388885,0.6410052180290222,0.018784863874316216
434,434,Safe n' Simple Adhesive Remover Wipes - 50 Large No-Sting Skin Prep Wipes Medical Skin Adhesive Remover - Adhesive Removing Wipes for Skin - Non-Alcohol,,jessica,Not a good product. Does not work.,"It really didn’t remove any adhesive from my arm. I’ve used adhesive wipes before and they were always slimy, but they were effective. Unfortunately I don’t know where to buy them anymore, so I figured I’d try these. I wear an insulin pump daily and a CGM and a lot of time need to wear additional over patches to keep them on. So there’s lost of annoying residue on my skin. I liked that these weren’t slimy, but am very disappointed that they didn’t remove anything. Nail polish remover honestly works better.",4/12/2023,2.0,Yes,0,0.2716,0.145,0.135,0.72,0.0137294447049498,0.1614921689033508,0.0076616294682025,0.0058926297351717,0.4245383143424988,0.3365114033222198,0.0501743406057357,0.2716,0.145,0.135,0.72,0.013729442842304707,0.16149193048477173,0.007661627605557442,0.005892638117074966,0.4245384931564331,0.33651161193847656,0.050174348056316376
435,435,Safe n' Simple Adhesive Remover Wipes - 50 Large No-Sting Skin Prep Wipes Medical Skin Adhesive Remover - Adhesive Removing Wipes for Skin - Non-Alcohol,,Jarrod,Does not work,"Simply put....these adhesive remover wipes do not remove left over residue.  I normally use Brava adhesive remover wipes and they worked great but my insurance wouldnt pay for both ahesive remover and barrier film wipes so I opted to purchase adhesive remover on my own. These do nothing more than a regular baby wipe would do. Just another case of ""you get what you pay for"".  They let me go through return process, then at the end, they just offer trouble shooting advice.",5/23/2024,1.0,Yes,0,-0.2173,0.063,0.062,0.875,0.012659354135394,0.010394443757832,0.0191622525453567,0.0036709387786686,0.9242374300956726,0.0167262889444828,0.0131492661312222,-0.2173,0.063,0.062,0.875,0.012659343890845776,0.010394444689154625,0.019162246957421303,0.0036709357518702745,0.9242374897003174,0.016726268455386162,0.01314924843609333
436,436,Safe n' Simple Adhesive Remover Wipes - 50 Large No-Sting Skin Prep Wipes Medical Skin Adhesive Remover - Adhesive Removing Wipes for Skin - Non-Alcohol,,Alexkun,It doesn’t take of the glue completely.,The first wipe rubs off the dark glue residue from medical tapes..... BUT IT LEAVES AN EVEN STICKIER CLEAR GLUE after the initial cleaning (reminds me of clear sticky sap). Then I go back with a new wipe and still won’t erase all the glue. It also has a strange unpleasant smell like lighter fluid. To be honest your better off using an alcohol pad 70% proof and it’s much cheaper. This product is tiny like the size of 2 post stamps together side by side.,6/2/2020,3.0,Yes,0,0.9542,0.22,0.062,0.718,0.0058086104691028,0.8122950196266174,0.0105628315359354,0.0025376942940056,0.1477329581975937,0.0126274805516004,0.008435308933258,0.9542,0.22,0.062,0.718,0.005808612331748009,0.8122948408126831,0.010562836192548275,0.002537695225328207,0.14773307740688324,0.012627477757632732,0.008435321040451527
437,437,Safe n' Simple Adhesive Remover Wipes - 50 Large No-Sting Skin Prep Wipes Medical Skin Adhesive Remover - Adhesive Removing Wipes for Skin - Non-Alcohol,,Lexi Schultz,Not effective for me,I don’t think these work very well at all. You really have to scrub and they smell weird. Wouldn’t recommend or purchase again.,9/1/2024,1.0,Yes,0,0.4927,0.191,0.066,0.742,0.0078090638853609,0.933386206626892,0.0216079652309417,0.0009650325519032,0.024063928052783,0.0065181460231542,0.0056497091427445,0.4927,0.191,0.066,0.742,0.007809055969119072,0.9333862066268921,0.021607959643006325,0.000965032959356904,0.024063922464847565,0.006518148817121983,0.0056497203186154366
438,438,Safe n' Simple Adhesive Remover Wipes - 50 Large No-Sting Skin Prep Wipes Medical Skin Adhesive Remover - Adhesive Removing Wipes for Skin - Non-Alcohol,,Kourtney,Doesn’t work,The wipes will only remove adhesive from skin if you scrub it off. Which then makes the skin really red and sore. Get another product if you’re trying to use it for that.,1/4/2024,2.0,Yes,0,-0.4144,0.0,0.079,0.921,0.035442229360342,0.5155117511749268,0.0072604739107191,0.0017793109873309,0.3837378919124603,0.0506350323557853,0.0056333104148507,-0.4144,0.0,0.079,0.921,0.03544225916266441,0.5155117511749268,0.007260479032993317,0.0017793128499761224,0.3837377727031708,0.050635069608688354,0.005633308086544275
439,439,Safe n' Simple Adhesive Remover Wipes - 50 Large No-Sting Skin Prep Wipes Medical Skin Adhesive Remover - Adhesive Removing Wipes for Skin - Non-Alcohol,,Amazon ROCKS!,Did not work!,I came home from the hospital with fifteen or so places where they had put leads from my body to various machines.  I ordered this product in good faith that it would do as it was advertised.  IT DID NOT!  I finally got some finger nail polish remover to get the adhesive off me.  What a waste of money AND false claims!,4/18/2024,1.0,Yes,0,0.5399,0.098,0.044,0.858,0.0740176886320114,0.0363988205790519,0.0075858915224671,0.0144019117578864,0.0210895501077175,0.104338027536869,0.7421681880950928,0.5399,0.098,0.044,0.858,0.07401765137910843,0.03639880567789078,0.007585881277918816,0.014401898719370365,0.02108956128358841,0.10433794558048248,0.7421682476997375
440,440,Safe n' Simple Adhesive Remover Wipes - 50 Large No-Sting Skin Prep Wipes Medical Skin Adhesive Remover - Adhesive Removing Wipes for Skin - Non-Alcohol,,Buys Too Much,Soft but doesn’t dissolve adhesive,"These wipes are soft and they don’t sting even on broken skin! But, they don’t do a great job removing old paste.",11/13/2022,3.0,Yes,0,0.7088,0.22,0.076,0.704,0.3379917442798614,0.4751336872577667,0.0140141546726226,0.0020550766494125,0.1407420635223388,0.0261490847915411,0.0039142328314483,0.7088,0.22,0.076,0.704,0.33799126744270325,0.4751341938972473,0.014014115557074547,0.002055075718089938,0.14074210822582245,0.026149075478315353,0.003914233297109604
441,441,Safe n' Simple Adhesive Remover Wipes - 50 Large No-Sting Skin Prep Wipes Medical Skin Adhesive Remover - Adhesive Removing Wipes for Skin - Non-Alcohol,,Ema Souffrant,Not strong enough for built up adhesive,"Only removed one layer adhesive, and you still have to scrub at it and requires a lot of sheets, does not remove built up old adhesive.",9/4/2022,3.0,Yes,4,0.0,0.0,0.0,1.0,0.0087206875905394,0.0232521947473287,0.0019687255844473,0.0027634068392217,0.929430365562439,0.0092323226854205,0.0246323477476835,0.0,0.0,0.0,1.0,0.008720687590539455,0.023252198472619057,0.001968726282939315,0.0027634052094072104,0.929430365562439,0.009232322685420513,0.024632330983877182
442,442,Safe n' Simple Adhesive Remover Wipes - 50 Large No-Sting Skin Prep Wipes Medical Skin Adhesive Remover - Adhesive Removing Wipes for Skin - Non-Alcohol,,John R.,Didn't work for skin-tac,"One of the reviewers claimed to have used this to remove Skin-tac adhesive. I use Skin-tac to apply Dexcom sensors and this did nothing to remove that for me. Ended up using goo-gone instead. That worked but had to use cotton balls to apply. A wipe is a lot easier, but not if it doesn't do the job.",8/9/2021,3.0,Yes,0,0.5719,0.064,0.0,0.936,0.0128048853948712,0.0497927330434322,0.0025022460613399,0.0030892367940396,0.8864738345146179,0.0301645174622535,0.0151725485920906,0.5719,0.064,0.0,0.936,0.012804919853806496,0.04979290813207626,0.00250225025229156,0.0030892363283783197,0.8864736557006836,0.030164556577801704,0.015172574669122696
443,443,Safe n' Simple Adhesive Remover Wipes - 50 Large No-Sting Skin Prep Wipes Medical Skin Adhesive Remover - Adhesive Removing Wipes for Skin - Non-Alcohol,,Lauren Bryant,Clean but does NOT remove adhesive,"My son recently had his g-tube removed and has had to have a bandage over it as it closes, the tape residue won't come off with soap and water so I bought these to help. It got a tiny bit of adhesive off, but it does not work well at all. I end up having to stop because it wasn't helping, I might as well have used a baby wipe! I'm not impressed with this product for removing adhesive, it did clean well but I could have used a baby wipe if I just needed to clean the site.",9/30/2023,1.0,Yes,3,-0.6671,0.085,0.146,0.769,0.0442472957074642,0.2409786731004715,0.0069642355665564,0.0030498947016894,0.2568950355052948,0.0239198412746191,0.4239450693130493,-0.6671,0.085,0.146,0.769,0.04424729943275452,0.24097846448421478,0.006964223925024271,0.003049892606213689,0.2568943500518799,0.023919790983200073,0.4239460229873657
444,444,Safe n' Simple Adhesive Remover Wipes - 50 Large No-Sting Skin Prep Wipes Medical Skin Adhesive Remover - Adhesive Removing Wipes for Skin - Non-Alcohol,,shannon melgar,"Good for a quick clean up, not so much for adhesive removal",They are very thin and too soft so not so good for removing adhesive residue.  I had to scrub pretty hard to get the good off. Not ideal fir post-op clean up. They are good for a quick clean up but you will still need the little individually wrapped adhesive remover pads if you have used any kind of tape.,6/5/2021,3.0,Yes,0,-0.4263,0.089,0.147,0.764,0.0109686609357595,0.0540855713188648,0.0098935849964618,0.0080004362389445,0.8087213039398193,0.0747369304299354,0.0335935316979885,-0.4263,0.089,0.147,0.764,0.01096866000443697,0.054085589945316315,0.009893598034977913,0.008000439964234829,0.8087212443351746,0.07473699748516083,0.03359355032444
445,445,Safe n' Simple Adhesive Remover Wipes - 50 Large No-Sting Skin Prep Wipes Medical Skin Adhesive Remover - Adhesive Removing Wipes for Skin - Non-Alcohol,,M6339,Not real effective,"After trying this product realized they also sold one that had alcohol in it, probably should have bought that one, Used a bunch of these to remove adhesive from surgical tape and they were mostly ineffective. Will wind up throwing the bulk of the package out. Drag, since I paid for expedited shipping to get immediately.",3/22/2023,2.0,Yes,0,-0.34,0.0,0.061,0.939,0.0488100089132785,0.1299588531255722,0.0050148610025644,0.0047715590335428,0.6124017238616943,0.1754337400197982,0.0236093048006296,-0.34,0.0,0.061,0.939,0.0488099604845047,0.12995867431163788,0.005014860536903143,0.004771544132381678,0.6124021410942078,0.17543354630470276,0.023609232157468796
446,446,Safe n' Simple Adhesive Remover Wipes - 50 Large No-Sting Skin Prep Wipes Medical Skin Adhesive Remover - Adhesive Removing Wipes for Skin - Non-Alcohol,,Anne,Does not remove adhesives,"Colossal waste of money. The name of this product misrepresents its function.  Name says it removes adhesive.  It does NOT remove adhesive.  I purchased it to be an adhesive remover, which was a complete fail.  As well, the sheets are so small (about 5x7) as to be functionally useless for most anything related to cleaning up the mess on the skin when changing a colostomy bag, or when emptying a bag.  I've tried to think of what I might be able to repurpose and use them up and have come up with nothing, so they got tossed in the trash.  If you are looking for adhesive removal or a cleansing cloth don't buy these.",4/25/2023,1.0,Yes,0,-0.8779,0.018,0.113,0.87,0.0270671788603067,0.7119869589805603,0.0094248671084642,0.0019668487366288,0.1962055116891861,0.0436780266463756,0.0096706869080662,-0.8779,0.018,0.113,0.87,0.02706717886030674,0.7119869589805603,0.009424862451851368,0.001966846873983741,0.1962055116891861,0.043678004294633865,0.009670686908066273
447,447,Safe n' Simple Adhesive Remover Wipes - 50 Large No-Sting Skin Prep Wipes Medical Skin Adhesive Remover - Adhesive Removing Wipes for Skin - Non-Alcohol,,Dr. David A. Himes,does not work,Does not remove adhesive very well and is very irritating.  Skin turned red with burning sensation.,7/19/2024,1.0,Yes,0,-0.2263,0.122,0.167,0.711,0.4835798740386963,0.2472224086523056,0.0074948403052985,0.0039851060137152,0.0846670195460319,0.1624810546636581,0.0105697866529226,-0.2263,0.122,0.167,0.711,0.483579158782959,0.24722249805927277,0.007494843099266291,0.003985109273344278,0.08466728776693344,0.16248133778572083,0.01056981086730957
448,448,Safe n' Simple Adhesive Remover Wipes - 50 Large No-Sting Skin Prep Wipes Medical Skin Adhesive Remover - Adhesive Removing Wipes for Skin - Non-Alcohol,,Kindle Up and Running,Removal of Residue.,The size of sheets is good. Needs to be a little more moist for removal of adhesive.,7/28/2022,3.0,Yes,0,0.4404,0.162,0.0,0.838,0.0054786782711744,0.0827084630727768,0.0033721611835062,0.0071798204444348,0.8840423226356506,0.0105392104014754,0.0066792648285627,0.4404,0.162,0.0,0.838,0.005478686653077602,0.082708440721035,0.003372162813320756,0.007179820444434881,0.8840423226356506,0.010539215058088303,0.0066792648285627365
449,449,Safe n' Simple Adhesive Remover Wipes - 50 Large No-Sting Skin Prep Wipes Medical Skin Adhesive Remover - Adhesive Removing Wipes for Skin - Non-Alcohol,,Kristen N,You really have to rub,"I bought these for removing adhesive around my ileostomy. They don’t work that great, it ends up taking a lot of pressure to help get the stuck adhesive off",2/10/2022,3.0,Yes,0,0.5574,0.2,0.124,0.676,0.0436713732779026,0.3212531805038452,0.0153548335656523,0.0035285467747598,0.4869070053100586,0.089294858276844,0.039990197867155,0.5574,0.2,0.124,0.676,0.04367135837674141,0.3212527334690094,0.015354830771684647,0.0035285470075905323,0.4869075119495392,0.08929482847452164,0.03999020904302597
450,450,Safe n' Simple Adhesive Remover Wipes - 50 Large No-Sting Skin Prep Wipes Medical Skin Adhesive Remover - Adhesive Removing Wipes for Skin - Non-Alcohol,,Jonathan,Misleading - Not an adhesive remover,This did absolutely nothing to remove bandage adhesive.,8/4/2024,1.0,Yes,0,0.0,0.0,0.0,1.0,0.0658448860049247,0.3757588267326355,0.0065753785893321,0.0029649254865944,0.5081824064254761,0.0182339772582054,0.0224395357072353,0.0,0.0,0.0,1.0,0.06584487110376358,0.375758558511734,0.006575370207428932,0.0029649250209331512,0.5081828236579895,0.018233930692076683,0.02243954874575138
451,451,Safe n' Simple Adhesive Remover Wipes - 50 Large No-Sting Skin Prep Wipes Medical Skin Adhesive Remover - Adhesive Removing Wipes for Skin - Non-Alcohol,,David,Doesn’t work well,I tried to use this to get athletic tape adhesive off my skin but it doesn’t come off any easier than with a baby wipe,7/16/2024,1.0,Yes,0,0.5719,0.144,0.0,0.856,0.0127745065838098,0.0872471630573272,0.0094136642292141,0.005025734193623,0.6703782677650452,0.1611528247594833,0.0540078356862068,0.5719,0.144,0.0,0.856,0.012774516828358173,0.08724723011255264,0.009413662366569042,0.005025731399655342,0.6703784465789795,0.1611526757478714,0.05400776118040085
452,452,Safe n' Simple Adhesive Remover Wipes - 50 Large No-Sting Skin Prep Wipes Medical Skin Adhesive Remover - Adhesive Removing Wipes for Skin - Non-Alcohol,,ashley chaney,Works for us,Easy,12/24/2022,3.0,Yes,0,0.4404,1.0,0.0,0.0,0.0082247741520404,0.0050572347827255,0.005170164629817,0.0267685372382402,0.9265145659446716,0.0061818249523639,0.0220828466117382,0.4404,1.0,0.0,0.0,0.00822477787733078,0.0050572422333061695,0.005170176271349192,0.026768561452627182,0.9265145659446716,0.00618183147162199,0.022082874551415443
453,453,Safe n' Simple Adhesive Remover Wipes - 50 Large No-Sting Skin Prep Wipes Medical Skin Adhesive Remover - Adhesive Removing Wipes for Skin - Non-Alcohol,,K,Doesn’t remove anything but dirt,"I got these to help remove adhesive from hospital bandages. This didn’t remove anything, it just acted as a baby wipe in that it just cleaned.",8/12/2023,2.0,Yes,0,0.4019,0.105,0.0,0.895,0.0119361467659473,0.1083920821547508,0.0037636312190443,0.0032435324974358,0.8564690351486206,0.0064244484528899,0.0097710480913519,0.4019,0.105,0.0,0.895,0.011936155147850513,0.10839231312274933,0.0037636368069797754,0.003243534592911601,0.8564687967300415,0.0064244624227285385,0.00977106299251318
454,454,Safe n' Simple Adhesive Remover Wipes - 50 Large No-Sting Skin Prep Wipes Medical Skin Adhesive Remover - Adhesive Removing Wipes for Skin - Non-Alcohol,,Mona,DO NOT PURCHASE!!!!,"I ordered these wipes under the impression that they would work better than the small 1.2"" x 1""  wipes. We received them on time, however, they do not work at all! My husband has a wound that has to be bandaged daily, that also leaves adhesive residue. I literally had to scrub excessively to try and remove it, but to no avail. They did not remove a piece of adhesive! I could've vigorously scrubbed with soap and water and removed more. To top it is non-returnable or refundable. What a waste of money!!! DO NOT BUY!",9/14/2023,1.0,Yes,0,-0.4405,0.091,0.066,0.843,0.2889004945755005,0.5007739067077637,0.0104109225794672,0.0020647863857448,0.0580459497869014,0.0489684790372848,0.0908355265855789,-0.4405,0.091,0.066,0.843,0.2889001965522766,0.5007740259170532,0.010410920716822147,0.0020647880155593157,0.05804598703980446,0.048968493938446045,0.09083561599254608
455,455,Safe n' Simple Adhesive Remover Wipes - 50 Large No-Sting Skin Prep Wipes Medical Skin Adhesive Remover - Adhesive Removing Wipes for Skin - Non-Alcohol,,KS,Does not remove tape adhesive left from daily dressing changes,"I do not understand all the 5 star reviews. We have to do daily dressing changes following a surgical procedure. These wipes are like using water - they just don’t work removing tape adhesive from the previous day’s dressing.This product is well sized, soft, moist and non-irritating - but these wipes do not remove adhesive from paper or cloth tape.Maybe my mistake since they seem to cater towards ostemy care, but they don’t work on tape adhesive. (Maybe ostemy adhesive is different than tape adhesive?)",5/23/2023,1.0,Yes,0,0.5423,0.088,0.036,0.877,0.0086325369775295,0.081487126648426,0.003137823427096,0.0022272642236202,0.8671553730964661,0.0078157419338822,0.0295441262423992,0.5423,0.088,0.036,0.877,0.008632536977529526,0.08148718625307083,0.003137824824079871,0.0022272642236202955,0.8671553730964661,0.007815753109753132,0.029544152319431305
456,456,Safe n' Simple Adhesive Remover Wipes - 50 Large No-Sting Skin Prep Wipes Medical Skin Adhesive Remover - Adhesive Removing Wipes for Skin - Non-Alcohol,,shirl cann,It doesn’t remove anything,I was trying to remove the excess left over adhesive and I kept rubbing and it on left irritated skin with adhesive still in tact.,6/30/2024,1.0,Yes,0,-0.4588,0.0,0.12,0.88,0.80406653881073,0.0997525230050087,0.0039545181207358,0.001445798552595,0.0656188875436782,0.0211882088333368,0.0039735343307256,-0.4588,0.0,0.12,0.88,0.80406653881073,0.0997525230050087,0.003954514395445585,0.0014457965735346079,0.06561886519193649,0.021188197657465935,0.003973532002419233
457,457,Safe n' Simple Adhesive Remover Wipes - 50 Large No-Sting Skin Prep Wipes Medical Skin Adhesive Remover - Adhesive Removing Wipes for Skin - Non-Alcohol,,Amanda Miller,There not worth it,Did not get medical grade adhesive off did not get surgical glue off did not remove surgical sticky tape,7/24/2024,1.0,Yes,0,0.0,0.0,0.0,1.0,0.0229772757738828,0.0992536172270774,0.0190898887813091,0.0046092630364,0.7273975014686584,0.0733812525868415,0.0532912202179431,0.0,0.0,0.0,1.0,0.022977281361818314,0.09925365447998047,0.019089916720986366,0.004609264433383942,0.7273973822593689,0.07338125258684158,0.053291238844394684
458,458,Safe n' Simple Adhesive Remover Wipes - 50 Large No-Sting Skin Prep Wipes Medical Skin Adhesive Remover - Adhesive Removing Wipes for Skin - Non-Alcohol,,Amazon Customer,These worked almost as well as water,"I bought these because the adhesive substance from the bandages around my surgical site proved near impossible to remove.  I first tried soap and water, then a wipe from a package (Walmart brand), then alcohol - all with little result.  I was thinking about trying gasoline, but then realized other people go through this.  Surely there is a product,  This advertises itself as that product, but NOOOOO.  Water and a wet rag, even without soap worked better.  What a ripoff.  I wonder how many post surgical patients they have taken advantage of",4/4/2023,1.0,Yes,0,0.6064,0.079,0.035,0.886,0.0147566013038158,0.0795506089925766,0.0096585191786289,0.0038801177870482,0.0258160550147295,0.0321073494851589,0.8342307209968567,0.6064,0.079,0.035,0.886,0.014756577089428902,0.07955040782690048,0.009658509865403175,0.0038801119662821293,0.02581602893769741,0.03210727497935295,0.8342310786247253
459,459,Safe n' Simple Adhesive Remover Wipes - 50 Large No-Sting Skin Prep Wipes Medical Skin Adhesive Remover - Adhesive Removing Wipes for Skin - Non-Alcohol,,T BALES,Did not remove residue from surgical bandages.,No go. Didn’t work,8/19/2024,1.0,Yes,0,-0.296,0.0,0.423,0.577,0.2964850664138794,0.073960356414318,0.0133512858301401,0.0012286036508157,0.0503816306591033,0.5495554208755493,0.0150376809760928,-0.296,0.0,0.423,0.577,0.2964847981929779,0.07396040856838226,0.013351288624107838,0.0012286044657230377,0.0503816194832325,0.5495555400848389,0.015037694945931435
460,460,Safe n' Simple Adhesive Remover Wipes - 50 Large No-Sting Skin Prep Wipes Medical Skin Adhesive Remover - Adhesive Removing Wipes for Skin - Non-Alcohol,,Tawny Hatton,Does not remove adhesive,I bought these to remove adhesive off of my newborn baby. I tried to give it a chance thinking maybe I got a defective wipe or two. It does not remove the adhesive at all unless you want to aggressively wipe at it for an hour. It is comparable to a baby wipe. Font waste your money just go to the store and get some baby wipes instead if you are going to buy these.,7/18/2023,1.0,Yes,0,-0.6908,0.044,0.106,0.85,0.1148280873894691,0.1520051956176757,0.005011879839003,0.0017867546994239,0.7085599899291992,0.0071400902234017,0.0106680402532219,-0.6908,0.044,0.106,0.85,0.1148282140493393,0.15200532972812653,0.005011884495615959,0.001786756212823093,0.7085596323013306,0.007140093948692083,0.010668058879673481
461,461,Safe n' Simple Adhesive Remover Wipes - 50 Large No-Sting Skin Prep Wipes Medical Skin Adhesive Remover - Adhesive Removing Wipes for Skin - Non-Alcohol,,Ashton Cook,Awful and do not work.,I purchased these to use to get my sons oxygen tape off of his face. He is 1 and is constantly moving so we have had incidents where alcohol from the other pads get in his eyes so I decided to give these a try since there was no alcohol. They do not work at all. It’s  almost like a baby wipe. No adhesive comes off with these wipes. Very disappointed and can not get my money back. Will never purchase again and will tell all of my preemie mamas to not purchase as well.,6/23/2023,1.0,Yes,2,-0.7506,0.023,0.099,0.878,0.0249586831778287,0.1031903699040412,0.0043590902350842,0.0025919806212186,0.2375749498605728,0.5965294241905212,0.0307954885065555,-0.7506,0.023,0.099,0.878,0.024958685040473938,0.1031903550028801,0.004359091632068157,0.0025919824838638306,0.23757478594779968,0.5965296626091003,0.030795499682426453
462,462,Safe n' Simple Adhesive Remover Wipes - 50 Large No-Sting Skin Prep Wipes Medical Skin Adhesive Remover - Adhesive Removing Wipes for Skin - Non-Alcohol,,SK92105,Does not remove the condom catheter.,The wipes are only damp so if they do help at all it takes 5 wipes.I am still looking for a way to remove the catheter without pain.,5/18/2023,2.0,Yes,0,0.6599,0.184,0.0,0.816,0.0050042667426168,0.0243547540158033,0.0052764485590159,0.0027055274695158,0.9116321206092834,0.0348973125219345,0.0161296799778938,0.6599,0.184,0.0,0.816,0.005004254635423422,0.024354731664061546,0.0052764457650482655,0.0027055288664996624,0.9116321206092834,0.03489724546670914,0.016129663214087486
463,463,Safe n' Simple Adhesive Remover Wipes - 50 Large No-Sting Skin Prep Wipes Medical Skin Adhesive Remover - Adhesive Removing Wipes for Skin - Non-Alcohol,,Barbara63,Does not remove the adhesive,Thought these would work for cleaning the area of my barrier.  They do not removeadhesive left behind.,6/3/2023,2.0,Yes,0,-0.128,0.0,0.086,0.914,0.0469309985637664,0.0673097223043441,0.0454864427447319,0.025419034063816,0.5770173668861389,0.0620125047862529,0.1758239269256591,-0.128,0.0,0.086,0.914,0.046931006014347076,0.0673096776008606,0.04548643156886101,0.02541903778910637,0.5770174264907837,0.06201247498393059,0.1758238971233368
464,464,Safe n' Simple Adhesive Remover Wipes - 50 Large No-Sting Skin Prep Wipes Medical Skin Adhesive Remover - Adhesive Removing Wipes for Skin - Non-Alcohol,,PB,not very effective,"Not quite as effective as i hoped, I had to use several every time. Not buying it again",6/20/2023,2.0,Yes,0,-0.0413,0.134,0.143,0.723,0.0087163727730512,0.0103589883074164,0.0058954120613634,0.0201350655406713,0.3907455801963806,0.4658481180667877,0.0983004570007324,-0.0413,0.134,0.143,0.723,0.00871638860553503,0.010359007865190506,0.005895416252315044,0.020135072991251945,0.39074620604515076,0.46584707498550415,0.09830082207918167
465,465,Safe n' Simple Adhesive Remover Wipes - 50 Large No-Sting Skin Prep Wipes Medical Skin Adhesive Remover - Adhesive Removing Wipes for Skin - Non-Alcohol,,Eric Fackelman,Poor Adhesive Remover,"We bought this to use to help us remove and clean my son’s ostomy. Unfortunately, this did not help loosen the adhesive and it required us to use additional wipes/another brand of adhesive remover. Because of this, I do not recommend.",9/6/2022,2.0,Yes,0,0.5559,0.17,0.095,0.735,0.0085097355768084,0.0579281635582447,0.0338444411754608,0.0039549386128783,0.4046054184436798,0.4780841469764709,0.0130731407552957,0.5559,0.17,0.095,0.735,0.008509738370776176,0.05792825296521187,0.03384449705481529,0.0039549400098621845,0.40460506081581116,0.4780843257904053,0.0130731500685215
466,466,Safe n' Simple Adhesive Remover Wipes - 50 Large No-Sting Skin Prep Wipes Medical Skin Adhesive Remover - Adhesive Removing Wipes for Skin - Non-Alcohol,,Lara F. Miller,Didn't Work for Me (Dog),"Didn't work for me (used on a dog). I tried to use it to remove transpore medical tape and Torbot skin glue but it was useless. Less greasy than other adhesive removers and much better quality wipes, but I suppose that's pointless if the product doesn't perform it's main purpose. I've been using it to wipe off the greasy residue of another adhesive remover (shrug). Take my review with a grain of salt, your results may be better if you use it on bare skin.",12/16/2020,2.0,Yes,2,0.6124,0.086,0.041,0.872,0.0184974521398544,0.6676511168479919,0.0050800936296582,0.0026865822728723,0.2888617813587188,0.0141322324052453,0.0030907709151506,0.6124,0.086,0.041,0.872,0.018497446551918983,0.6676507592201233,0.0050801001489162445,0.0026865850668400526,0.2888621389865875,0.014132228679955006,0.0030907734762877226
467,467,Safe n' Simple Adhesive Remover Wipes - 50 Large No-Sting Skin Prep Wipes Medical Skin Adhesive Remover - Adhesive Removing Wipes for Skin - Non-Alcohol,,Tiffany,They dont work,They make everything sticky. In other words it makes everything worse. They don't work. No matter how much I try over and over.,3/21/2023,2.0,Yes,0,-0.3151,0.075,0.167,0.758,0.1023406088352203,0.8357422947883606,0.0131908282637596,0.0009563413914293,0.0352656207978725,0.0106787402182817,0.0018256020266562,-0.3151,0.075,0.167,0.758,0.1023406833410263,0.8357421159744263,0.013190831989049911,0.0009563393541611731,0.03526560589671135,0.01067874301224947,0.0018255991162732244
468,468,Safe n' Simple Adhesive Remover Wipes - 50 Large No-Sting Skin Prep Wipes Medical Skin Adhesive Remover - Adhesive Removing Wipes for Skin - Non-Alcohol,,Olivia,Does not remove adhesive!,Have to scrub hard to get adhesive off and then the adhesive basically rolls off the skin. The clothes do not dissolve the adhesive. No better than rubbing with a wet cloth.,4/24/2024,1.0,Yes,3,0.0772,0.084,0.104,0.812,0.027060380205512,0.5640013217926025,0.0091403108090162,0.0030874477233737,0.3669339120388031,0.0230856761336326,0.0066909836605191,0.0772,0.084,0.104,0.812,0.027060365304350853,0.564001739025116,0.009140308946371078,0.003087444230914116,0.36693355441093445,0.023085661232471466,0.00669097900390625
469,469,Safe n' Simple Adhesive Remover Wipes - 50 Large No-Sting Skin Prep Wipes Medical Skin Adhesive Remover - Adhesive Removing Wipes for Skin - Non-Alcohol,,rinoarowan,These suck.,There's barely enough moisture to do anything with. I have to scrub my skin around my stoma and that is painful. I hate these. Waste of money.,11/30/2020,3.0,Yes,2,-0.8555,0.0,0.299,0.701,0.1239282935857772,0.7836140394210815,0.004822788760066,0.001484134234488,0.0176183152943849,0.0660150572657585,0.0025173393078148,-0.8555,0.0,0.299,0.701,0.12392847239971161,0.7836138606071472,0.004822789691388607,0.001484133885242045,0.017618313431739807,0.06601503491401672,0.0025173386093229055
470,470,Safe n' Simple Adhesive Remover Wipes - 50 Large No-Sting Skin Prep Wipes Medical Skin Adhesive Remover - Adhesive Removing Wipes for Skin - Non-Alcohol,,Michelle Adame,Little dry,It takes awhile for the adhesive to come off as wipe is not very moist,10/21/2021,3.0,Yes,0,0.0,0.0,0.0,1.0,0.0186312366276979,0.2215649783611297,0.0111109288409352,0.0055889021605253,0.6871646046638489,0.0322735831141471,0.0236657448112964,0.0,0.0,0.0,1.0,0.018631212413311005,0.22156481444835663,0.011110915802419186,0.005588901694864035,0.687164843082428,0.03227359429001808,0.023665713146328926
471,471,Safe n' Simple Adhesive Remover Wipes - 50 Large No-Sting Skin Prep Wipes Medical Skin Adhesive Remover - Adhesive Removing Wipes for Skin - Non-Alcohol,,Peaches67,Doesn't remove the adhesive from your skin.,If you buy them for the cleansing of the skin and safety of your stoma its good buy. For adhesive remover it sucks. I rather use head and shoulders and a regular washcloth.,12/28/2022,2.0,Yes,0,0.4939,0.157,0.069,0.773,0.0227546077221632,0.7541166543960571,0.0039083226583898,0.0062158731743693,0.1497398167848587,0.0591299533843994,0.0041347569786012,0.4939,0.157,0.069,0.773,0.02275463007390499,0.7541164755821228,0.003908318467438221,0.0062158722430467606,0.14973990619182587,0.05913000553846359,0.004134759772568941
472,472,Safe n' Simple Adhesive Remover Wipes - 50 Large No-Sting Skin Prep Wipes Medical Skin Adhesive Remover - Adhesive Removing Wipes for Skin - Non-Alcohol,,TJack72,Ok,They work ok not as good as adhesive remover spray,5/30/2022,3.0,Yes,0,-0.0531,0.175,0.191,0.635,0.0120994644239544,0.0381771512329578,0.0080794282257556,0.0135490447282791,0.9033903479576112,0.0148064037784934,0.0098981410264968,-0.0531,0.175,0.191,0.635,0.012099439278244972,0.03817712515592575,0.00807939562946558,0.013549022376537323,0.9033905267715454,0.01480636466294527,0.00989813357591629
473,473,Safe n' Simple Adhesive Remover Wipes - 50 Large No-Sting Skin Prep Wipes Medical Skin Adhesive Remover - Adhesive Removing Wipes for Skin - Non-Alcohol,,Katy,Does not remove adhesives!!,"WASTE of money and NO RETURNS!!!. Subscribe as save is a trick, they hope you forget about it.  Price is down now but you still get charged the original price for a product that does not work and has NO RETURN OPTIONS!!!",2/2/2024,1.0,Yes,2,-0.7228,0.134,0.27,0.596,0.110200397670269,0.0667193681001663,0.0090491697192192,0.0077292453497648,0.3378455936908722,0.1471108347177505,0.3213453888893127,-0.7228,0.134,0.27,0.596,0.11020047217607498,0.06671951711177826,0.009049160405993462,0.00772924954071641,0.3378460705280304,0.1471104770898819,0.3213450312614441
474,474,Safe n' Simple Adhesive Remover Wipes - 50 Large No-Sting Skin Prep Wipes Medical Skin Adhesive Remover - Adhesive Removing Wipes for Skin - Non-Alcohol,,Larry Stevenson,Not all-around cleaner,"These work fine for stool cleanup when changing the colostomy bag, but they require a terrible amount of scrubbing to remove the glue or paste left behind.  We are changing to something else for the reason.",2/2/2020,3.0,Yes,0,-0.5789,0.036,0.108,0.856,0.014926359988749,0.8641626834869385,0.072312444448471,0.0012852915097028,0.0321350917220115,0.0094474609941244,0.0057307123206555,-0.5789,0.036,0.108,0.856,0.014926353469491005,0.864162802696228,0.0723123773932457,0.0012852927902713418,0.032135095447301865,0.009447461925446987,0.005730712786316872
475,475,Safe n' Simple Adhesive Remover Wipes - 50 Large No-Sting Skin Prep Wipes Medical Skin Adhesive Remover - Adhesive Removing Wipes for Skin - Non-Alcohol,,Marlen Martinez,Did not remove adhesive well.,Did not work properly.,7/20/2024,1.0,Yes,0,0.0,0.0,0.0,1.0,0.0861558988690376,0.0447701252996921,0.0181680135428905,0.0014931665500625,0.0954523682594299,0.7438556551933289,0.0101048061624169,0.0,0.0,0.0,1.0,0.0861559584736824,0.04477013275027275,0.018168024718761444,0.001493165036663413,0.09545233845710754,0.7438555955886841,0.010104800574481487
476,476,Safe n' Simple Adhesive Remover Wipes - 50 Large No-Sting Skin Prep Wipes Medical Skin Adhesive Remover - Adhesive Removing Wipes for Skin - Non-Alcohol,,Richard  Weinberg  MD,Large? Not large enough . . .,. . . or damp enough to do a good job. Removes adhesive very slowly.,2/16/2023,2.0,Yes,0,0.4404,0.225,0.0,0.775,0.0100521249696612,0.039082184433937,0.022940719500184,0.0036213095299899,0.8819135427474976,0.0195628013461828,0.022827373817563,0.4404,0.225,0.0,0.775,0.010052141733467579,0.039082322269678116,0.022940773516893387,0.0036213069688528776,0.8819133639335632,0.019562819972634315,0.022827398031949997
477,477,Safe n' Simple Adhesive Remover Wipes - 50 Large No-Sting Skin Prep Wipes Medical Skin Adhesive Remover - Adhesive Removing Wipes for Skin - Non-Alcohol,,Bill S,poor quality did not remove skin glue as stated,It woks very poorly,9/5/2023,2.0,Yes,0,0.0,0.0,0.0,1.0,0.0212773270905017,0.1224156245589256,0.0149313239380717,0.0053478903137147,0.7627352476119995,0.0562016032636165,0.017090929672122,0.0,0.0,0.0,1.0,0.021277396008372307,0.12241603434085846,0.014931379817426205,0.005347889848053455,0.7627345323562622,0.056201834231615067,0.017090942710638046
478,478,Safe n' Simple Adhesive Remover Wipes - 50 Large No-Sting Skin Prep Wipes Medical Skin Adhesive Remover - Adhesive Removing Wipes for Skin - Non-Alcohol,,Mary Maher,Does not remove adhesive,"I normally buy the adhesive removers in little individual packets but thought I'd try these instead. They were a bit cheaper and I liked the ""baby wipes"" packaging which is less wasteful. I've used them several times to remove the adhesive that's left from my barrier ring around my stoma. It cleaned the area but never removed the adhesive, not once. I'll be switching back to the packets which worked like a charm",12/27/2022,1.0,Yes,0,0.8674,0.136,0.023,0.841,0.0150925675407052,0.0310557279735803,0.0009089512750506,0.0409951880574226,0.8802459836006165,0.0146519746631383,0.0170496460050344,0.8674,0.136,0.023,0.841,0.015092527493834496,0.03105567954480648,0.0009089497616514564,0.04099506884813309,0.8802461624145508,0.014651934616267681,0.01704961620271206
479,479,Safe n' Simple Adhesive Remover Wipes - 50 Large No-Sting Skin Prep Wipes Medical Skin Adhesive Remover - Adhesive Removing Wipes for Skin - Non-Alcohol,,Dameria Cooper,Does not work to remove adhesive,"This product is specifically supposed to remove adhesive from ostomy bag area and when I tried to use it, the adhesive didn’t come off at all. I had to scrub area hard with wipe but it wasn’t coming off and it made my skin really red.",8/23/2023,1.0,Yes,0,-0.0516,0.0,0.027,0.973,0.0458467863500118,0.7089474201202393,0.008798792026937,0.0015194623265415,0.1577100902795791,0.0580823346972465,0.0190951209515333,-0.0516,0.0,0.027,0.973,0.04584680497646332,0.7089475393295288,0.008798777125775814,0.0015194625593721867,0.1577100157737732,0.058082304894924164,0.01909511536359787
480,480,Safe n' Simple Adhesive Remover Wipes - 50 Large No-Sting Skin Prep Wipes Medical Skin Adhesive Remover - Adhesive Removing Wipes for Skin - Non-Alcohol,,doris58,Product Doesn't Work,"Worthless product.  Does not remove simple adhesives left over from medical tape, medical patches or K tape.  Total waste of money.  Purchased in an attempt to find something without alcohol or other harsh chemicals to remove medical adhesives.  This product simply does not do what it says.  If I could return it I would; and don't start with me about ""Made in China.""",7/14/2023,1.0,Yes,0,-0.8225,0.0,0.131,0.869,0.2190778851509094,0.659589946269989,0.0134352194145321,0.0016628353623673,0.0628316700458526,0.0362317971885204,0.0071705868467688,-0.8225,0.0,0.131,0.869,0.21907798945903778,0.6595898270606995,0.01343520451337099,0.001662833383306861,0.06283165514469147,0.03623180836439133,0.007170583121478558
481,481,Safe n' Simple Adhesive Remover Wipes - 50 Large No-Sting Skin Prep Wipes Medical Skin Adhesive Remover - Adhesive Removing Wipes for Skin - Non-Alcohol,,Etcetera,Much less effective at removing adhesive than Coloplast brand,This product is not effective at removing adhesive.  Stick with brand name Coloplast Brava adhesive wipes - the best!,4/29/2024,1.0,Yes,0,0.4475,0.195,0.111,0.694,0.0280233155936002,0.2294837385416031,0.0136313466355204,0.0083367768675088,0.6260325312614441,0.070076584815979,0.0244156792759895,0.4475,0.195,0.111,0.694,0.02802337519824505,0.22948423027992249,0.013631373643875122,0.00833677127957344,0.6260320544242859,0.07007651776075363,0.024415666237473488
482,482,Safe n' Simple Adhesive Remover Wipes - 50 Large No-Sting Skin Prep Wipes Medical Skin Adhesive Remover - Adhesive Removing Wipes for Skin - Non-Alcohol,,Brittany,They don’t work.,"I ordered this product because I’ve been doing a long term heart monitor and have been struggling with the adhesive properly coming off. I thought this product would work, but I’ve gone through multiple THIN(not thick as advertised) wipes and I can still feel the adhesive on my skin. Do not recommend.",8/14/2023,1.0,Yes,0,-0.5522,0.0,0.09,0.91,0.027362298220396,0.4490543305873871,0.052524346858263,0.0028616429772228,0.3548809587955475,0.0871797874569892,0.0261366069316864,-0.5522,0.0,0.09,0.91,0.027362341061234474,0.4490540325641632,0.05252436175942421,0.002861643675714731,0.3548811078071594,0.08717990666627884,0.02613663673400879
483,483,Safe n' Simple Adhesive Remover Wipes - 50 Large No-Sting Skin Prep Wipes Medical Skin Adhesive Remover - Adhesive Removing Wipes for Skin - Non-Alcohol,,Mrs. P 58,ENTIRELY USELESS,"DO NOT BUY THESE! They are entirely useless. I tried more than one to remove the adhesive from a single patch intended and used to cover my continuous glucose monitor. furthermore, they are not returnable, so I am out the purchase price.",8/3/2023,1.0,Yes,0,-0.5244,0.0,0.082,0.918,0.2497576177120208,0.215734452009201,0.0128094358369708,0.0019655986689031,0.2901724576950073,0.2038809061050415,0.0256794523447752,-0.5244,0.0,0.082,0.918,0.24975743889808655,0.21573412418365479,0.01280943863093853,0.00196560425683856,0.2901726961135864,0.20388121902942657,0.02567947469651699
484,484,Safe n' Simple Adhesive Remover Wipes - 50 Large No-Sting Skin Prep Wipes Medical Skin Adhesive Remover - Adhesive Removing Wipes for Skin - Non-Alcohol,,Willie B.,Poor removal of adhesive material from my skin,Did not work well as an adhesive removal,3/22/2023,2.0,Yes,0,-0.2057,0.0,0.206,0.794,0.0456714071333408,0.0858441740274429,0.031619269400835,0.0051250895485281,0.259991705417633,0.5238538384437561,0.0478944927453994,-0.2057,0.0,0.206,0.794,0.04567137360572815,0.08584420382976532,0.03161931782960892,0.005125090945512056,0.2599920630455017,0.5238534808158875,0.04789445549249649
485,485,Safe n' Simple Adhesive Remover Wipes - 50 Large No-Sting Skin Prep Wipes Medical Skin Adhesive Remover - Adhesive Removing Wipes for Skin - Non-Alcohol,,D B H,Not for everyone!,".After bag was replaced irration around stoma area ,burning and itching.",3/5/2021,3.0,Yes,0,0.0,0.0,0.0,1.0,0.3753538727760315,0.1898363828659057,0.0308908820152282,0.0078159915283322,0.0595963969826698,0.294709175825119,0.0417972430586814,0.0,0.0,0.0,1.0,0.3753536343574524,0.1898363083600998,0.030890868976712227,0.007815990597009659,0.0595964714884758,0.2947094738483429,0.041797228157520294
486,486,Safe n' Simple Adhesive Remover Wipes - 50 Large No-Sting Skin Prep Wipes Medical Skin Adhesive Remover - Adhesive Removing Wipes for Skin - Non-Alcohol,,Amazon Customer,Nearly worthless,"For the good that these do it would be much cheaper to get baby wipes, they would probably do a better job than these things. Should have not been trying to save money. Now I can't return the worthless clothes. And still have to go with the brand that says it is tack away.",7/27/2023,1.0,Yes,0,0.8861,0.192,0.0,0.808,0.0351613201200962,0.0627603307366371,0.0027972911484539,0.0072844075039029,0.8357551097869873,0.0483737140893936,0.0078677348792552,0.8861,0.192,0.0,0.808,0.0351613312959671,0.06276044249534607,0.0027972906827926636,0.007284410297870636,0.8357549905776978,0.04837379977107048,0.007867740467190742
487,487,Safe n' Simple Adhesive Remover Wipes - 50 Large No-Sting Skin Prep Wipes Medical Skin Adhesive Remover - Adhesive Removing Wipes for Skin - Non-Alcohol,,CSKeller,Damaged,They put the shipping label over the pull flap that opens and reseals it. There is no where to ask for a replacement for a damaged product. So I am out the money and these are not cheap.,9/29/2023,1.0,Yes,0,-0.6249,0.0,0.134,0.866,0.0100152427330613,0.0225400887429714,0.0029520606622099,0.0029493772890418,0.8912135362625122,0.0443007722496986,0.0260289665311574,-0.6249,0.0,0.134,0.866,0.01001523993909359,0.022540051490068436,0.0029520585667341948,0.0029493779875338078,0.8912137150764465,0.04430069774389267,0.0260289516299963
488,488,Safe n' Simple Adhesive Remover Wipes - 50 Large No-Sting Skin Prep Wipes Medical Skin Adhesive Remover - Adhesive Removing Wipes for Skin - Non-Alcohol,,dennis ragan,These were too dry,Too dry,4/8/2023,2.0,Yes,0,0.0,0.0,0.0,1.0,0.0351954959332942,0.0833452492952346,0.0070956065319478,0.0060671819373965,0.5365924835205078,0.2965982854366302,0.0351056791841983,0.0,0.0,0.0,1.0,0.035195499658584595,0.08334524184465408,0.007095608860254288,0.0060671851970255375,0.5365924835205078,0.2965983748435974,0.03510565683245659
489,489,Safe n' Simple Adhesive Remover Wipes - 50 Large No-Sting Skin Prep Wipes Medical Skin Adhesive Remover - Adhesive Removing Wipes for Skin - Non-Alcohol,,Molly A.,Doesn't remove adhesive,"Maybe ok for cleaning a little bit of leftover adhesive, but definitely not good for removing stickers/patches.",7/6/2022,2.0,Yes,0,0.2596,0.242,0.146,0.612,0.0125531712546944,0.4073057770729065,0.0059077534824609,0.0113200200721621,0.5243579745292664,0.0340275429189205,0.0045277466997504,0.2596,0.242,0.146,0.612,0.012553161010146141,0.4073065519332886,0.005907753016799688,0.011320014484226704,0.5243571996688843,0.0340275838971138,0.004527746699750423
490,490,Safe n' Simple Adhesive Remover Wipes - 50 Large No-Sting Skin Prep Wipes Medical Skin Adhesive Remover - Adhesive Removing Wipes for Skin - Non-Alcohol,,Amanda Kemper,Doesn't work on certain adhesives,"These may work for some adhesives, but if you apply a barrier film and then use micropore tape, these are not for you! Unfortunately, I found out the hard way with my 4-month old's Nasogastric tube which is taped to her face. These did not easily remove the adhesive without practically SCRUBBING and she was left with red, irritated skin for days. :-(",5/10/2022,1.0,Yes,2,-0.8718,0.036,0.189,0.775,0.276170551776886,0.1824302673339843,0.0077675841748714,0.0028447317890822,0.4023569822311401,0.0816331729292869,0.0467966832220554,-0.8718,0.036,0.189,0.775,0.2761707603931427,0.18243002891540527,0.0077675944194197655,0.0028447331860661507,0.40235698223114014,0.08163323998451233,0.04679675027728081
491,491,Safe n' Simple Adhesive Remover Wipes - 50 Large No-Sting Skin Prep Wipes Medical Skin Adhesive Remover - Adhesive Removing Wipes for Skin - Non-Alcohol,,KeeKee,Did not remove any surgical glue residual,Wirthless,5/20/2024,1.0,Yes,0,0.0,0.0,0.0,1.0,0.0169838834553957,0.1702016144990921,0.3036092519760132,0.0353428684175014,0.3949026763439178,0.0519695617258548,0.0269901920109987,0.0,0.0,0.0,1.0,0.01698385737836361,0.17020194232463837,0.3036099076271057,0.03534278646111488,0.3949017822742462,0.05196959152817726,0.026990113779902458
492,492,Safe n' Simple Adhesive Remover Wipes - 50 Large No-Sting Skin Prep Wipes Medical Skin Adhesive Remover - Adhesive Removing Wipes for Skin - Non-Alcohol,,sue j,Safe & Simple,I bought this last March and they don't work. I tried quite a few times but this doesn't remove the adhesive.,5/28/2022,2.0,Yes,0,0.0,0.0,0.0,1.0,0.0447934977710247,0.0785165652632713,0.0046677505597472,0.0018196853343397,0.2018449455499649,0.6248422861099243,0.043515246361494,0.0,0.0,0.0,1.0,0.0447935089468956,0.07851656526327133,0.00466774869710207,0.0018196861492469907,0.20184476673603058,0.6248425841331482,0.04351518675684929
493,493,Safe n' Simple Adhesive Remover Wipes - 50 Large No-Sting Skin Prep Wipes Medical Skin Adhesive Remover - Adhesive Removing Wipes for Skin - Non-Alcohol,,ebony,Definitely not an adhesive remover,"Not sure what this product is actually good for. Purchased for adhesive remover but does not remove anything nor does it appear to prep skin. More like baby wipes, barely any moisture. I was better off using alcohol because that’s all I had",9/6/2023,1.0,Yes,0,0.8405,0.198,0.031,0.771,0.0097147161141037,0.0875324085354805,0.0077100130729377,0.0043356381356716,0.7866880297660828,0.016270637512207,0.0877485424280166,0.8405,0.198,0.031,0.771,0.009714723564684391,0.08753253519535065,0.007710020057857037,0.004335637204349041,0.7866879105567932,0.016270654276013374,0.08774852752685547
494,494,Safe n' Simple Adhesive Remover Wipes - 50 Large No-Sting Skin Prep Wipes Medical Skin Adhesive Remover - Adhesive Removing Wipes for Skin - Non-Alcohol,,Najwa Sweilem,These Do Not Work Well,I bought these because I was unable to get Adapt quickly enough for my mother. These absolutely do not take off adhesive well. They seem to smear it around an leave a sticky layer. I bought these and am unable to return them.,4/15/2023,1.0,Yes,0,-0.1531,0.05,0.089,0.861,0.0443021990358829,0.6754114627838135,0.0158513858914375,0.0010094171157106,0.196338266134262,0.0579976104199886,0.0090897204354405,-0.1531,0.05,0.089,0.861,0.04430217668414116,0.6754119396209717,0.015851380303502083,0.001009416882880032,0.19633783400058746,0.05799761041998863,0.0090896962210536
495,495,Safe n' Simple Adhesive Remover Wipes - 50 Large No-Sting Skin Prep Wipes Medical Skin Adhesive Remover - Adhesive Removing Wipes for Skin - Non-Alcohol,,deborah maguire,"If I could give no stars, I would",This product did not work.I used 3 packets to help remove adhesive from ostomy.Barely helped.Had to soak with warm water and soap.,3/3/2024,1.0,Yes,0,0.5574,0.195,0.0,0.805,0.057043083012104,0.4743843078613281,0.014225672930479,0.0020656595006585,0.1486692279577255,0.2871332764625549,0.0164787396788597,0.5574,0.195,0.0,0.805,0.05704307556152344,0.47438475489616394,0.014225673861801624,0.0020656574051827192,0.14866913855075836,0.28713303804397583,0.016478732228279114
496,496,Safe n' Simple Adhesive Remover Wipes - 50 Large No-Sting Skin Prep Wipes Medical Skin Adhesive Remover - Adhesive Removing Wipes for Skin - Non-Alcohol,,Packet Roe,Did not work,"I bought these to remove the adhesive left behind from several IV sites on arm skin. They did not work at all - the adhesive stayed put and it just aggravated the skin, which had already had enough. Total waste of money.",3/12/2023,1.0,Yes,0,-0.6908,0.0,0.13,0.87,0.233278214931488,0.6516521573066711,0.0018755878554657,0.0013652116758748,0.078527994453907,0.0251443944871425,0.0081563871353864,-0.6908,0.0,0.13,0.87,0.23327851295471191,0.651651918888092,0.0018755887867882848,0.0013652124907821417,0.07852796465158463,0.025144390761852264,0.008156383410096169
497,497,Safe n' Simple Adhesive Remover Wipes - 50 Large No-Sting Skin Prep Wipes Medical Skin Adhesive Remover - Adhesive Removing Wipes for Skin - Non-Alcohol,,Amazon Customer,Not what I was hoping for,Not exactly what I was hoping for.  cloths smell more like alcholol then citrus for adhesive remover.  The cloths are soft and a great size but they don't really remove the adhesive just kind of spread it around on the arm without removing it.  Wount buy again.,8/12/2019,2.0,Yes,0,0.6538,0.131,0.0,0.869,0.0065120328217744,0.0856982618570327,0.0041798134334385,0.0636777728796005,0.7786216735839844,0.0303303562104702,0.0309800542891025,0.6538,0.131,0.0,0.869,0.006512032821774483,0.08569817990064621,0.0041798134334385395,0.06367789208889008,0.7786216735839844,0.030330335721373558,0.03098006173968315
498,498,Safe n' Simple Adhesive Remover Wipes - 50 Large No-Sting Skin Prep Wipes Medical Skin Adhesive Remover - Adhesive Removing Wipes for Skin - Non-Alcohol,,Sandra L. Quinones,Did not work as advertised,"Bought these for my wife, who has estrogen patches with adhesive .... she did not find this product to work near as well as advertised, nor as well as the ones shes used to using (that actually have alcohol in it).  She has TRIED to get/order the ones she usually uses (via Amazon) .... but due to the alcohol content - they can't/won't be mailed to us :(I saw this and thought maybe it would work ... so I ordered them for her, ... after one use - she deemed it not near as good at all.  Major disappointment.",1/8/2020,1.0,Yes,8,-0.755,0.03,0.074,0.896,0.0130532588809728,0.008620829321444,0.0046713161282241,0.0077678873203694,0.089848019182682,0.7442103028297424,0.1318284571170807,-0.755,0.03,0.074,0.896,0.013053248636424541,0.008620822802186012,0.004671318922191858,0.0077678849920630455,0.08984795957803726,0.744210422039032,0.13182838261127472
499,499,Safe n' Simple Adhesive Remover Wipes - 50 Large No-Sting Skin Prep Wipes Medical Skin Adhesive Remover - Adhesive Removing Wipes for Skin - Non-Alcohol,,BusyGrandma,Doesn’t remove adhesive,"I was so happy to find a no-sting adhesive remover product that I purchased two! These wipes didn’t remove any adhesive around my husband’s stoma.. under his ostomy wafer, waste of money!",8/14/2023,1.0,Yes,0,0.417,0.133,0.081,0.785,0.0017735089641064,0.0013129181461408,0.0002614053082652,0.9762425422668456,0.0053652049973607,0.0015489619690924,0.0134954014793038,0.417,0.133,0.081,0.785,0.001773514086380601,0.0013129207072779536,0.0002614055701997131,0.9762425422668457,0.005365220829844475,0.0015489649958908558,0.013495426625013351
500,500,Safe n' Simple Adhesive Remover Wipes - 50 Large No-Sting Skin Prep Wipes Medical Skin Adhesive Remover - Adhesive Removing Wipes for Skin - Non-Alcohol,,Science Geek,Doesn’t remove adhesive,I bought this product to remove adhesive after peeling off surgical tape on my abdomen.  It literally didn’t remove ANY adhesive at all.  I tried 3 wipes on a small spot and even scrubbed and rubbed to no avail.  If you’re buying this to remove medical adhesive-DONT!!  It does not work at all.  Waste of money for me.  You can’t return it.,8/7/2022,1.0,Yes,0,-0.6792,0.0,0.091,0.909,0.1579905301332473,0.1609472632408142,0.0212257001549005,0.0043582222424447,0.1812752932310104,0.3522331714630127,0.1219698414206504,-0.6792,0.0,0.091,0.909,0.1579907089471817,0.16094735264778137,0.02122570388019085,0.004358220379799604,0.18127508461475372,0.35223302245140076,0.12196984142065048
501,501,Safe n' Simple Adhesive Remover Wipes - 50 Large No-Sting Skin Prep Wipes Medical Skin Adhesive Remover - Adhesive Removing Wipes for Skin - Non-Alcohol,,John R. Dobbins,Useless product,Tried to use it to remove adhesive after removing a diabetic sensor. Did not work at all. Amazon said the wipes could not be returned. A total waste of money. Do not buy!,11/20/2023,1.0,Yes,0,-0.3382,0.05,0.092,0.858,0.4576022028923034,0.2820899188518524,0.009017658419907,0.0021845055744051,0.0418899208307266,0.1660234332084655,0.0411923080682754,-0.3382,0.05,0.092,0.858,0.4576018154621124,0.28209027647972107,0.00901765562593937,0.0021845046430826187,0.04188991338014603,0.16602355241775513,0.04119228199124336
502,502,Safe n' Simple Adhesive Remover Wipes - 50 Large No-Sting Skin Prep Wipes Medical Skin Adhesive Remover - Adhesive Removing Wipes for Skin - Non-Alcohol,,Scott Scowden,Shouldn't adhesive remover wipes NOT stick to the adhesive?,Absolutely worthless. They literally stick to the adhesive I'm trying to remove. Took about 20 wipes to remove 3 sticky spots from a hospital stay and I may have to go back to the hospital cause I rubbed my skin raw getting it off.,2/17/2023,1.0,Yes,0,-0.4927,0.0,0.076,0.924,0.0588850863277912,0.8382002711296082,0.0078726122155785,0.0006881816661916,0.0597266592085361,0.0293473359197378,0.0052798218093812,-0.4927,0.0,0.076,0.924,0.058885060250759125,0.838200569152832,0.007872614078223705,0.000688181899022311,0.059726595878601074,0.029347285628318787,0.005279818549752235
503,503,Safe n' Simple Adhesive Remover Wipes - 50 Large No-Sting Skin Prep Wipes Medical Skin Adhesive Remover - Adhesive Removing Wipes for Skin - Non-Alcohol,,Tara Jensen,Doesn’t work,I bought these hoping they would remove the sticky residue from my estrogen patches better than baby wipes but they don’t work at all. After 5 min of rubbing at the residue nothing changed. Waste of money.,9/17/2023,1.0,Yes,0,0.7048,0.176,0.0,0.824,0.0788708180189132,0.6774205565452576,0.0040579522028565,0.0013823978370055,0.1356526017189026,0.0921979993581771,0.0104176746681332,0.7048,0.176,0.0,0.824,0.07887080311775208,0.677420973777771,0.004057952668517828,0.0013823952758684754,0.13565245270729065,0.09219785779714584,0.010417666286230087
504,504,Safe n' Simple Adhesive Remover Wipes - 50 Large No-Sting Skin Prep Wipes Medical Skin Adhesive Remover - Adhesive Removing Wipes for Skin - Non-Alcohol,,CraigPetersheim,Does not remove adhesive,I was excited to find an alcohol-free product to remove adhesive residue from my daughter’s diabetic devices. These wipes did not remove adhesive AT ALL. They do not qualify for returns so we’re just stuck with the loss.,4/23/2023,1.0,Yes,0,-0.2878,0.059,0.111,0.83,0.0075110746547579,0.0055607822723686,0.0028744328301399,0.4041807949542999,0.4469369649887085,0.0066841207444667,0.1262519061565399,-0.2878,0.059,0.111,0.83,0.007511081639677286,0.005560793448239565,0.002874429104849696,0.4041787385940552,0.4469389021396637,0.006684127263724804,0.12625189125537872
505,505,Safe n' Simple Adhesive Remover Wipes - 50 Large No-Sting Skin Prep Wipes Medical Skin Adhesive Remover - Adhesive Removing Wipes for Skin - Non-Alcohol,,GAIL JARRACH,It did not remove the adhesive,Did not remove the adhesive,10/16/2022,2.0,Yes,0,0.0,0.0,0.0,1.0,0.0398377366364002,0.0983906686305999,0.00934274867177,0.0027472998481243,0.776555061340332,0.0558085367083549,0.0173180047422647,0.0,0.0,0.0,1.0,0.03983775153756142,0.09839053452014923,0.009342753328382969,0.0027472972869873047,0.776555061340332,0.05580857768654823,0.017317984253168106
506,506,Safe n' Simple Adhesive Remover Wipes - 50 Large No-Sting Skin Prep Wipes Medical Skin Adhesive Remover - Adhesive Removing Wipes for Skin - Non-Alcohol,,Tee,They don’t work well,I have two long  scars I am healing and wear tape on and bought these to get the tape adhesive off and it didn’t work any better than a wash cloth… rub and rub and rub skin red and adhesive still there,12/15/2022,1.0,Yes,0,0.4404,0.071,0.0,0.929,0.0455609075725078,0.049689445644617,0.0100220022723078,0.0072433436289429,0.1525799632072448,0.5754284858703613,0.1594758778810501,0.4404,0.071,0.0,0.929,0.04556088149547577,0.04968927055597305,0.010021997615695,0.007243340834975243,0.15257959067821503,0.5754290819168091,0.15947581827640533
507,507,Safe n' Simple Adhesive Remover Wipes - 50 Large No-Sting Skin Prep Wipes Medical Skin Adhesive Remover - Adhesive Removing Wipes for Skin - Non-Alcohol,,LoveDisney,Doesn't remove the adhesive at all,Even with scrubbing these wipes didn't remove any of the adhesive on my abdomen and now I discover they're not eligible for a return so I lost my money. Ugh.,10/24/2023,1.0,Yes,0,-0.6995,0.0,0.188,0.812,0.0096528530120849,0.717287540435791,0.0086130583658814,0.0016790908994153,0.0361296720802784,0.2172817140817642,0.0093561336398124,-0.6995,0.0,0.188,0.812,0.009652848355472088,0.717287540435791,0.008613074198365211,0.0016790899680927396,0.03612968325614929,0.21728171408176422,0.009356137365102768
508,508,Safe n' Simple Adhesive Remover Wipes - 50 Large No-Sting Skin Prep Wipes Medical Skin Adhesive Remover - Adhesive Removing Wipes for Skin - Non-Alcohol,,HolliH,Still burned,My husband had a temporary Ileostomy & we tried to use these but the chemicals still burned him.  Would not recommend for Ostomy care.,12/22/2021,2.0,Yes,0,0.3889,0.159,0.099,0.742,0.1901503801345825,0.0143824657425284,0.0109076704829931,0.0025145921390503,0.0137046845629811,0.7578731179237366,0.0104671046137809,0.3889,0.159,0.099,0.742,0.1901506632566452,0.014382489956915379,0.010907676070928574,0.002514599123969674,0.013704711571335793,0.7578727602958679,0.0104671036824584
509,509,Safe n' Simple Adhesive Remover Wipes - 50 Large No-Sting Skin Prep Wipes Medical Skin Adhesive Remover - Adhesive Removing Wipes for Skin - Non-Alcohol,,Amazon Customer,Expensive baby wipes,"I don't know what adhesive this product removes, but I know it doesn't work for skin tac residue. No better than baby wipes. Disappointed.",1/2/2024,1.0,Yes,0,-0.4767,0.129,0.233,0.638,0.0167657900601625,0.2595373094081878,0.0034765859600156,0.0021865463349968,0.0697903409600257,0.6347245573997498,0.0135188763961195,-0.4767,0.129,0.233,0.638,0.016765829175710678,0.25953778624534607,0.0034765880554914474,0.002186546567827463,0.0697903260588646,0.6347240805625916,0.013518868945538998
510,510,Safe n' Simple Adhesive Remover Wipes - 50 Large No-Sting Skin Prep Wipes Medical Skin Adhesive Remover - Adhesive Removing Wipes for Skin - Non-Alcohol,,Urpicha,Great,1 touch and all the adhesive was gone,10/6/2024,5.0,Yes,0,0.0,0.0,0.0,1.0,0.0391889326274395,0.0254356898367404,0.0053195781074464,0.0079988334327936,0.6500259637832642,0.0445390567183494,0.2274919003248214,0.0,0.0,0.0,1.0,0.03918890282511711,0.025435656309127808,0.005319580901414156,0.007998830638825893,0.6500260233879089,0.044539015740156174,0.22749203443527222
511,511,Safe n' Simple Adhesive Remover Wipes - 50 Large No-Sting Skin Prep Wipes Medical Skin Adhesive Remover - Adhesive Removing Wipes for Skin - Non-Alcohol,,Paulette,Right Adhesive Remover for Hydrocolloid Wafers and Bandages,I have seen a number of reviews critical of this product.  Not all adhesive removers are created equal.  Safe and Simple contains a water-based remover.  It works well on hydrocolloid bandages and wafers where silicone based adhesive removers are much less effective.  It does not leave a residue which is important in getting a fresh pouch or bandage to adhere.  I agree it is less effective on some types of barrier rings and wafers that are not hydrocolloid based.  That is why I keep 3 different kinds of skin adhesive removers around.Safe and simple adhesive remover is also great for removing adhesive tags from surfaces.  I used them to remove the adhesive tags from my unfinished wooden shelving unit from IKEA.  Oil-based or silicone-based removers would have stained the unfinished surface.,9/4/2019,5.0,Yes,10,0.9581,0.186,0.027,0.787,0.0173283945769071,0.0506961829960346,0.0070870695635676,0.0140994507819414,0.8840186595916748,0.0154819833114743,0.0112881958484649,0.9581,0.186,0.027,0.787,0.01732836849987507,0.05069615691900253,0.007087069563567638,0.014099476858973503,0.8840186595916748,0.015481989830732346,0.011288207024335861
512,512,Safe n' Simple Adhesive Remover Wipes - 50 Large No-Sting Skin Prep Wipes Medical Skin Adhesive Remover - Adhesive Removing Wipes for Skin - Non-Alcohol,,F._F._,Works well for basic cleaning and residue removal,The safe way to clean your stoma and remove sticky residue. Wipes are large enough to clean large areas and tough enough to not easily tear. Removes low level residue from ostomy pouch base and helps with removal. Cleans stoma and damaged skin with out burn or stings.,9/22/2024,4.0,Yes,0,0.521,0.183,0.144,0.673,0.0249101147055625,0.437215119600296,0.0076791103929281,0.0060016373172402,0.5072088837623596,0.0133442934602499,0.003640895942226,0.521,0.183,0.144,0.673,0.02491007000207901,0.4372149407863617,0.007679106201976538,0.006001616362482309,0.507209062576294,0.01334428507834673,0.0036408898886293173
513,513,Safe n' Simple Adhesive Remover Wipes - 50 Large No-Sting Skin Prep Wipes Medical Skin Adhesive Remover - Adhesive Removing Wipes for Skin - Non-Alcohol,,agnes rosa,Non abrasive,They work fine but a little small and not enough in package for the price they want for them.,8/29/2024,5.0,Yes,0,0.2144,0.151,0.0,0.849,0.0078358119353652,0.0178662687540054,0.0038879117928445,0.0050715520046651,0.8929120898246765,0.0542404018342494,0.0181859191507101,0.2144,0.151,0.0,0.849,0.007835793308913708,0.01786622405052185,0.003887902246788144,0.005071541760116816,0.8929124474525452,0.05424023047089577,0.01818588189780712
514,514,Safe n' Simple Adhesive Remover Wipes - 50 Large No-Sting Skin Prep Wipes Medical Skin Adhesive Remover - Adhesive Removing Wipes for Skin - Non-Alcohol,,Sue Dave,Removes surgical tape,This was an easy way to remove the tape on my back after surgery.  Worked very well did not irradiate my skin.,10/11/2024,5.0,Yes,0,0.6478,0.209,0.0,0.791,0.0171928144991397,0.0725905820727348,0.0405656173825264,0.1485507041215896,0.6579126119613647,0.0208578836172819,0.0423297807574272,0.6478,0.209,0.0,0.791,0.01719278283417225,0.07259044796228409,0.0405656173825264,0.1485508233308792,0.6579126715660095,0.02085789665579796,0.042329806834459305
515,515,Safe n' Simple Adhesive Remover Wipes - 50 Large No-Sting Skin Prep Wipes Medical Skin Adhesive Remover - Adhesive Removing Wipes for Skin - Non-Alcohol,,Derwin Henry,Clean,It clean the area well,10/30/2024,5.0,Yes,0,0.5859,0.615,0.0,0.385,0.0124429892748594,0.0100104724988341,0.0019295822130516,0.1288744062185287,0.8110405802726746,0.0150519469752907,0.0206499341875314,0.5859,0.615,0.0,0.385,0.01244298368692398,0.010010468773543835,0.0019295812817290425,0.12887443602085114,0.8110406398773193,0.015051948837935925,0.020649906247854233
516,516,Safe n' Simple Adhesive Remover Wipes - 50 Large No-Sting Skin Prep Wipes Medical Skin Adhesive Remover - Adhesive Removing Wipes for Skin - Non-Alcohol,,Rick Bussey,Does the job it was supposed to.,Does a good job of cleaning and an adequate job of cleaning the adhesive.,10/1/2024,4.0,Yes,0,0.5859,0.304,0.0,0.696,0.0072726141661405,0.0632977858185768,0.0020524621941149,0.0394516922533512,0.8723123073577881,0.0094656823202967,0.0061474330723285,0.5859,0.304,0.0,0.696,0.00727261183783412,0.06329779326915741,0.0020524635910987854,0.03945164009928703,0.8723124265670776,0.009465673938393593,0.006147427950054407
517,517,Safe n' Simple Adhesive Remover Wipes - 50 Large No-Sting Skin Prep Wipes Medical Skin Adhesive Remover - Adhesive Removing Wipes for Skin - Non-Alcohol,,J. Pilot,Love it,I have an Ostomy and use this all the time for general cleanup and removing adhesive residue around my stoma sight. I’m pretty liberal with it and the bag will last upwards of 4-5 changes.,10/9/2024,5.0,Yes,0,0.4939,0.088,0.0,0.912,0.0114046754315495,0.0644371062517166,0.0036870341282337,0.0036787770222872,0.9019286036491394,0.0066570895723998,0.0082066999748349,0.4939,0.088,0.0,0.912,0.01140462514013052,0.06443681567907333,0.003687014803290367,0.0036787698045372963,0.9019290208816528,0.006657066754996777,0.008206669241189957
518,518,Safe n' Simple Adhesive Remover Wipes - 50 Large No-Sting Skin Prep Wipes Medical Skin Adhesive Remover - Adhesive Removing Wipes for Skin - Non-Alcohol,,Tammy Shelton,Ok in a pinch,If alc wipes are not available these work good on the go,7/14/2024,4.0,Yes,0,0.4404,0.209,0.0,0.791,0.0058531817048788,0.007911673747003,0.0025107329711318,0.006430878303945,0.933765470981598,0.0353635102510452,0.0081645073369145,0.4404,0.209,0.0,0.791,0.005853187292814255,0.007911681197583675,0.0025107350666075945,0.006430896930396557,0.9337654709815979,0.03536355867981911,0.008164525963366032
519,519,Safe n' Simple Adhesive Remover Wipes - 50 Large No-Sting Skin Prep Wipes Medical Skin Adhesive Remover - Adhesive Removing Wipes for Skin - Non-Alcohol,,Shannon R. Henly,They work ok.,They work okay. Nothing to write home about.,7/11/2024,4.0,Yes,0,0.2263,0.213,0.0,0.787,0.0169132985174655,0.0224660951644182,0.0027942149899899,0.0340126380324363,0.9128161668777466,0.006367010064423,0.0046305526047945,0.2263,0.213,0.0,0.787,0.016913264989852905,0.022466059774160385,0.002794209634885192,0.034012600779533386,0.9128162860870361,0.0063670044764876366,0.004630555398762226
520,520,Safe n' Simple Adhesive Remover Wipes - 50 Large No-Sting Skin Prep Wipes Medical Skin Adhesive Remover - Adhesive Removing Wipes for Skin - Non-Alcohol,,Nic B,Good but small,"Wipes work well,  but vert small for my needs. Gets the job done.",6/30/2024,4.0,Yes,0,0.1406,0.114,0.0,0.886,0.0056769829243421,0.003278762102127,0.0048288856633007,0.1035874485969543,0.2916780114173889,0.4973512589931488,0.0935986936092376,0.1406,0.114,0.0,0.886,0.005676981061697006,0.003278760937973857,0.004828893579542637,0.10358737409114838,0.2916782796382904,0.4973510801792145,0.09359866380691528
521,521,Safe n' Simple Adhesive Remover Wipes - 50 Large No-Sting Skin Prep Wipes Medical Skin Adhesive Remover - Adhesive Removing Wipes for Skin - Non-Alcohol,,Catherine  Macke,Works Well,I like the larger size wipes so that we can use it on our hands for to remove the sticky tac and still have enough room to wipe the sticky tac off the old site of the sensor.,5/1/2024,4.0,Yes,0,0.3612,0.065,0.0,0.935,0.0109455846250057,0.0777314975857734,0.0019472674466669,0.1154063120484352,0.7752161622047424,0.0105040995404124,0.0082490444183349,0.3612,0.065,0.0,0.935,0.01094556599855423,0.07773132622241974,0.0019472661660984159,0.11540593206882477,0.7752167582511902,0.010504086501896381,0.008249047212302685
522,522,Safe n' Simple Adhesive Remover Wipes - 50 Large No-Sting Skin Prep Wipes Medical Skin Adhesive Remover - Adhesive Removing Wipes for Skin - Non-Alcohol,,Julia Banks,My Order Arrived,This is my second order of this product and both orders arrived quickly.  The product works very well to help remove adhesive on your skin.,8/21/2024,5.0,Yes,0,0.6549,0.189,0.0,0.811,0.0068388893269002,0.0030618151649832,0.0033394310157746,0.3802807927131653,0.4880603849887848,0.0083200307562947,0.110098622739315,0.6549,0.189,0.0,0.811,0.006838894449174404,0.0030618244782090187,0.003339432878419757,0.38028109073638916,0.48806044459342957,0.008320043794810772,0.11009827256202698
523,523,Safe n' Simple Adhesive Remover Wipes - 50 Large No-Sting Skin Prep Wipes Medical Skin Adhesive Remover - Adhesive Removing Wipes for Skin - Non-Alcohol,,Amy Banks,A MUST HAVE!,"I just 'celebrated' one year with my colostomy. I'm very uneven due to a hernia and have to use stomahesive to fill in (and recently found barrier rings from safe n simple, another game changer! More on that in different review) I would have to use alcohol and/or adhesive remover with alcohol to remove residue etc. Alcohol can burn if you have irritation & make it worse, baby wipes are helpful, but I would use multiples as well as they leave an oily residue due to lotion that I would then have to wash off with something else. Then I found these.When I first opened them they looked small and not quite as thick as I had pictured, but good things come in small packages!First, peeling down the tape from the barrier, as you find a corner to start with, start wiping underneath it on the exposed skin and rub along the edges that are stuck on your skin as you gently pull. It comes off much easier, as well as removes the left over adhesive on your skin at the same time.Once barrier is off, I use the same one to make my first cleaning swipe. Even the stoma, gently of course. Toss it in the toilet because it's flushable!I use a second to remove the extra adhesive left from the paste or ring. If it is stubborn I gently rub across the area a few times until it is gone.It dries in seconds leaving no oily residue so you are ready to apply your new appliance.I've never written a review as lengthy as this, but I am impressed and hope someone else will take that chance to make this process a little quicker and easier.I wish I would've tried them sooner.",8/4/2021,5.0,Yes,25,0.9858,0.149,0.065,0.787,0.141865387558937,0.1518730670213699,0.0041700452566146,0.0085560716688632,0.6052025556564331,0.0157760176807642,0.0725568234920501,0.9858,0.149,0.065,0.787,0.1418653130531311,0.1518734246492386,0.004170048516243696,0.00855607446283102,0.6052024960517883,0.01577604189515114,0.07255666702985764
524,524,Safe n' Simple Adhesive Remover Wipes - 50 Large No-Sting Skin Prep Wipes Medical Skin Adhesive Remover - Adhesive Removing Wipes for Skin - Non-Alcohol,,Gigi in Massachusetts,Reliable Brand,"I decided to try this product because I needed a reliable skin prep product in my ostomy travel kit. I chose this item because I recognized the brand and I have used other products.The things I liked: no heavy scent or fragrance. No soapy feeling after use. No stinging and no alcohol burn.  Didn't disintegrate during use.The only thing I disliked: The wipes were a little dry for the intended use.Would I recommend? Yes. It's a great product line. It's the portable version of the plastic packed wipes used by many ostomates. Be aware, it's slightly drier than you may be accustomed to using.",8/11/2023,4.0,Yes,0,0.4767,0.126,0.106,0.768,0.0150168733671307,0.5516940355300903,0.004209573380649,0.0322709791362285,0.3622309863567352,0.0276540406048297,0.0069235754199326,0.4767,0.126,0.106,0.768,0.015016855672001839,0.551693856716156,0.004209571983665228,0.03227100148797035,0.3622311055660248,0.027654007077217102,0.006923573557287455
525,525,Safe n' Simple Adhesive Remover Wipes - 50 Large No-Sting Skin Prep Wipes Medical Skin Adhesive Remover - Adhesive Removing Wipes for Skin - Non-Alcohol,,Steve Lineberry,These wipes are a must-have in your medical care routine.,"These Adhesive Remover Wipes are fantastic! They're gentle on the skin and effectively remove medical adhesives without any stinging or irritation. The large size of the wipes ensures thorough coverage, making the removal process quick and easy. Plus, the non-alcohol formula is gentle and suitable for sensitive skin, providing peace of mind with every use. Whether you're dealing with bandages, tapes, or ostomy appliances, these wipes are a must-have in your medical care routine. Highly recommended for anyone looking for a hassle-free adhesive removal experience!",4/21/2024,5.0,Yes,2,0.9651,0.241,0.032,0.726,0.0258886460214853,0.0389896146953105,0.0036655508447438,0.1499267071485519,0.7669024467468262,0.008135856129229,0.0064912494271993,0.9651,0.241,0.032,0.726,0.025888701900839806,0.038989629596471786,0.0036655550356954336,0.14992713928222656,0.7669017910957336,0.008135859854519367,0.006491260603070259
526,526,Safe n' Simple Adhesive Remover Wipes - 50 Large No-Sting Skin Prep Wipes Medical Skin Adhesive Remover - Adhesive Removing Wipes for Skin - Non-Alcohol,,Candi Prado,Good Product,"I have ordered these more than once and product is always good. However, packaging is not as good. It has a peel opening and if you peel too hard it could rip the package. Then product could dry out faster.",7/13/2024,5.0,Yes,0,0.6597,0.137,0.033,0.829,0.0125668700784444,0.0331101007759571,0.0031815019901841,0.0048391073942184,0.8962866067886353,0.033046543598175,0.0169693864881992,0.6597,0.137,0.033,0.829,0.012566852383315563,0.033110037446022034,0.003181495936587453,0.004839112050831318,0.8962866067886353,0.03304652124643326,0.01696937158703804
527,527,Safe n' Simple Adhesive Remover Wipes - 50 Large No-Sting Skin Prep Wipes Medical Skin Adhesive Remover - Adhesive Removing Wipes for Skin - Non-Alcohol,,Denise Como,Works pretty well,"I bought this tape to remove kinesiology tape adhesive from my leg. It works pretty well, but you really have to rub away at it to get it to come off. I expected it to come off easier but it does eventually remove the adhesive.",12/29/2023,4.0,Yes,0,0.7469,0.155,0.0,0.845,0.0227778125554323,0.0348801650106906,0.0073307566344738,0.0116223488003015,0.6602329611778259,0.0667283609509468,0.1964276731014251,0.7469,0.155,0.0,0.845,0.022777864709496498,0.03488025814294815,0.007330772932618856,0.01162234228104353,0.6602322459220886,0.06672859191894531,0.19642794132232666
528,528,Safe n' Simple Adhesive Remover Wipes - 50 Large No-Sting Skin Prep Wipes Medical Skin Adhesive Remover - Adhesive Removing Wipes for Skin - Non-Alcohol,,PPD,last one I bought,Dried out before I used them all.,8/21/2024,5.0,Yes,0,0.0,0.0,0.0,1.0,0.0194777436554431,0.0359202250838279,0.0084568047896027,0.0040429877117276,0.8923575282096863,0.0185135342180728,0.0212311409413814,0.0,0.0,0.0,1.0,0.01947770081460476,0.03592013940215111,0.008456798270344734,0.004042983986437321,0.8923577070236206,0.018513498827815056,0.021231140941381454
529,529,Safe n' Simple Adhesive Remover Wipes - 50 Large No-Sting Skin Prep Wipes Medical Skin Adhesive Remover - Adhesive Removing Wipes for Skin - Non-Alcohol,,Deb Mom,Greatest product!,I have to periodically purchase these because my ostomy supply company (if I don’t call them to check beforehand) sends tiny wipes that are 1 inch by 1 once square!I have used these wipes since 2014 and absolutely love them! My ileostomy stoma is difficult to clean due to it’s shape and convexity (it is sunken in on one side). So I need the large size of these gentle wipes to get it cleaned for wafer replacement.They clean the whole area really well and it dries very quickly so I can get the new wafer in place before draining begins again.I use them also after toileting when on the go in place of my bidet. They do a much better job for that than any commercial wipes. Granted they are more expensive for that use but it also reduces the number of things to carry while on the go.I love these wipes and highly recommend them!!!!,4/11/2023,5.0,Yes,5,0.9696,0.157,0.011,0.832,0.0349549502134323,0.0194361936300992,0.0050886562094092,0.0526064783334732,0.7873588800430298,0.0131695801392197,0.0873851999640464,0.9696,0.157,0.011,0.832,0.03495490550994873,0.0194361824542284,0.005088648293167353,0.05260641500353813,0.7873591780662537,0.013169579207897186,0.08738512545824051
530,530,Safe n' Simple Adhesive Remover Wipes - 50 Large No-Sting Skin Prep Wipes Medical Skin Adhesive Remover - Adhesive Removing Wipes for Skin - Non-Alcohol,,Marlene,It works very well for fragile skin. Spouse was recently hospitalized. A packet of,Spouse has fragile skin. Doesn't take much to get a skin tear. I used it to slowly pull back tape and wipe away the adhesive. It all came off easily with no pain. I was given a package of this product at the hospital. Used it at home to remove cotton & tape from the IV area. So pleased with the easy way it all came off I immediately ordered a box to have on hand. No,4/16/2024,5.0,Yes,0,0.6115,0.142,0.093,0.765,0.0093083251267671,0.0225319117307662,0.0063388422131538,0.3620137274265289,0.5480169057846069,0.0174119528383016,0.0343783684074878,0.6115,0.142,0.093,0.765,0.009308338165283203,0.022531917318701744,0.00633884547278285,0.36201468110084534,0.5480158925056458,0.017411941662430763,0.034378375858068466
531,531,Safe n' Simple Adhesive Remover Wipes - 50 Large No-Sting Skin Prep Wipes Medical Skin Adhesive Remover - Adhesive Removing Wipes for Skin - Non-Alcohol,,Christa,Work pretty good.,These work pretty good. Sometimes you have to really scrub. But it gets the adhesive off pretty good.,2/18/2024,4.0,Yes,0,0.9042,0.466,0.0,0.534,0.0164897069334983,0.1117871850728988,0.0037232574541121,0.0195054188370704,0.8291528224945068,0.0106983790174126,0.0086433282122015,0.9042,0.466,0.0,0.534,0.01648971252143383,0.11178718507289886,0.003723257454112172,0.019505394622683525,0.8291528224945068,0.010698379017412663,0.008643319830298424
532,532,Safe n' Simple Adhesive Remover Wipes - 50 Large No-Sting Skin Prep Wipes Medical Skin Adhesive Remover - Adhesive Removing Wipes for Skin - Non-Alcohol,,Robin Keefe,Does the job,Product works great but is very expensive,3/20/2024,4.0,Yes,0,0.3716,0.298,0.0,0.702,0.0267822202295064,0.035160593688488,0.004220160190016,0.0135175911709666,0.1439757198095321,0.7618221044540405,0.0145216267555952,0.3716,0.298,0.0,0.702,0.026782246306538582,0.035160619765520096,0.004220166709274054,0.013517560437321663,0.14397527277469635,0.7618224620819092,0.014521614648401737
533,533,Safe n' Simple Adhesive Remover Wipes - 50 Large No-Sting Skin Prep Wipes Medical Skin Adhesive Remover - Adhesive Removing Wipes for Skin - Non-Alcohol,,Maggie M.,Works,Nice size! Work very well!!!! Will buy again,8/2/2024,5.0,Yes,0,0.6083,0.362,0.0,0.638,0.0075824502855539,0.0019473461434245,0.0015240551438182,0.7783504128456116,0.1332149654626846,0.0071577578783035,0.0702230036258697,0.6083,0.362,0.0,0.638,0.007582471240311861,0.001947352895513177,0.0015240567736327648,0.7783500552177429,0.13321524858474731,0.0071577648632228374,0.0702231377363205
534,534,Safe n' Simple Adhesive Remover Wipes - 50 Large No-Sting Skin Prep Wipes Medical Skin Adhesive Remover - Adhesive Removing Wipes for Skin - Non-Alcohol,,Pam Nolte,Best adhesive remover,I wear a libra sensor on my arm and could never get the residual off my arm. Well this product is amazing comes right off. Great for also if you ever had stickers from EKG’s,6/23/2024,5.0,Yes,0,0.875,0.25,0.0,0.75,0.0047299764119088,0.0045014917850494,0.0043688537552952,0.1719594150781631,0.2187155187129974,0.0042754341848194,0.5914493203163147,0.875,0.25,0.0,0.75,0.004729977808892727,0.004501480143517256,0.004368848633021116,0.1719593107700348,0.21871517598628998,0.004275431390851736,0.5914497971534729
535,535,Safe n' Simple Adhesive Remover Wipes - 50 Large No-Sting Skin Prep Wipes Medical Skin Adhesive Remover - Adhesive Removing Wipes for Skin - Non-Alcohol,,Nancy Ochoa,Ok,These are ok,2/29/2024,4.0,Yes,0,0.296,0.524,0.0,0.476,0.0326637364923954,0.0422599799931049,0.0097457431256771,0.0479184910655021,0.8524613380432129,0.0114288888871669,0.0035218729171901,0.296,0.524,0.0,0.476,0.03266380354762077,0.04226004332304001,0.009745747782289982,0.04791863635182381,0.8524609804153442,0.011428895406425,0.0035218698903918266
536,536,Safe n' Simple Adhesive Remover Wipes - 50 Large No-Sting Skin Prep Wipes Medical Skin Adhesive Remover - Adhesive Removing Wipes for Skin - Non-Alcohol,,Kindle Customer,Easy to use!,Easy to clean around stoma...easy to use..will buy again!,7/14/2024,5.0,Yes,0,0.7088,0.457,0.0,0.543,0.0043998104520142,0.0012714025797322,0.000900390848983,0.7100944519042969,0.0780975222587585,0.0219138152897357,0.1833225488662719,0.7088,0.457,0.0,0.543,0.00439981184899807,0.0012714017648249865,0.0009003906743600965,0.7100946307182312,0.07809745520353317,0.021913820877671242,0.183322474360466
537,537,Safe n' Simple Adhesive Remover Wipes - 50 Large No-Sting Skin Prep Wipes Medical Skin Adhesive Remover - Adhesive Removing Wipes for Skin - Non-Alcohol,,Mom of 3,Pretty good,"It did help more than soap and water but I still had some sticky residue from my IV patch, which took a few days to come off without irritating the skin too much.",10/5/2023,4.0,Yes,0,0.6212,0.149,0.0,0.851,0.0169436838477849,0.850555419921875,0.008497673086822,0.0017949959728866,0.0925862789154052,0.0266668498516082,0.0029550937470048,0.6212,0.149,0.0,0.851,0.016943680122494698,0.850555419921875,0.008497696369886398,0.001794997719116509,0.09258623421192169,0.026666875928640366,0.0029550937470048666
538,538,Safe n' Simple Adhesive Remover Wipes - 50 Large No-Sting Skin Prep Wipes Medical Skin Adhesive Remover - Adhesive Removing Wipes for Skin - Non-Alcohol,,geneva lang,Adhesive remover,These work great but we received a box today that was ripped open and torn badly. I was not happy that someone else went through the box.,10/19/2023,4.0,Yes,0,-0.8441,0.075,0.311,0.614,0.019875569269061,0.0136993238702416,0.0013171327300369,0.0073081506416201,0.0160264875739812,0.8485485315322876,0.093224823474884,-0.8441,0.075,0.311,0.614,0.019875548779964447,0.013699308037757874,0.0013171305181458592,0.007308133877813816,0.016026455909013748,0.8485486507415771,0.09322470426559448
539,539,Safe n' Simple Adhesive Remover Wipes - 50 Large No-Sting Skin Prep Wipes Medical Skin Adhesive Remover - Adhesive Removing Wipes for Skin - Non-Alcohol,,greatful,A good gentle adhesive remover.,I wish it was wetter to help remove adhesive with less rubbing.,12/11/2023,4.0,Yes,0,0.6597,0.375,0.0,0.625,0.0063756820745766,0.0844433456659317,0.0215685293078422,0.0040505183860659,0.2455085664987564,0.5941573977470398,0.0438959337770938,0.6597,0.375,0.0,0.625,0.006375662051141262,0.08444306999444962,0.021568501368165016,0.004050515126436949,0.24550840258598328,0.5941580533981323,0.04389583319425583
540,540,Safe n' Simple Adhesive Remover Wipes - 50 Large No-Sting Skin Prep Wipes Medical Skin Adhesive Remover - Adhesive Removing Wipes for Skin - Non-Alcohol,,Diane,Gentle on skin,Very good product I recommend it. Gentle on skin and natural.,6/24/2024,5.0,Yes,0,0.8849,0.654,0.0,0.346,0.0083806477487087,0.1849231719970703,0.0034711146727204,0.3358000516891479,0.4495410621166229,0.0142280552536249,0.0036560010630637,0.8849,0.654,0.0,0.346,0.008380644023418427,0.18492348492145538,0.0034711176995187998,0.33579981327056885,0.44954097270965576,0.014228048734366894,0.0036559952422976494
541,541,Safe n' Simple Adhesive Remover Wipes - 50 Large No-Sting Skin Prep Wipes Medical Skin Adhesive Remover - Adhesive Removing Wipes for Skin - Non-Alcohol,,MidwestMom,"Less money, good results",I like the Safe n' Simple products as they are generally a good value for money.  The peristomal wipes clean without stinging and I only need to use a couple per bag change.  Would recommend.,4/2/2024,5.0,Yes,0,0.9313,0.389,0.0,0.611,0.0076662870123982,0.0427617393434047,0.0033729993738234,0.7538078427314758,0.174249842762947,0.0144923906773328,0.0036488177720457,0.9313,0.389,0.0,0.611,0.007666278630495071,0.04276159405708313,0.0033729872666299343,0.7538083791732788,0.17424961924552917,0.014492365531623363,0.003648822195827961
542,542,Safe n' Simple Adhesive Remover Wipes - 50 Large No-Sting Skin Prep Wipes Medical Skin Adhesive Remover - Adhesive Removing Wipes for Skin - Non-Alcohol,,L Thomas,Does not sting,I love this product. My husband has a stoma and his pouch must be changed every 4 to 5 days. To take the old pouch off the items used have an oil. This oil must be cleaned off entirely or the new one does stick. This throughly removes the oil and does not sting like alcohol. It also cuts the time of the process. Can be used to clean open wounds without stinging.,10/22/2023,5.0,Yes,2,0.5559,0.091,0.057,0.853,0.1403203159570694,0.5443459749221802,0.0031732092611491,0.0172322019934654,0.2734433710575104,0.0178483072668313,0.003636542474851,0.5559,0.091,0.057,0.853,0.14032073318958282,0.5443455576896667,0.003173207864165306,0.017232151702046394,0.2734435498714447,0.017848296090960503,0.0036365436390042305
543,543,Safe n' Simple Adhesive Remover Wipes - 50 Large No-Sting Skin Prep Wipes Medical Skin Adhesive Remover - Adhesive Removing Wipes for Skin - Non-Alcohol,,Mike in Iowa,Excellent product!,They do a great job removing adhesive and do not irritate or fall apart.,5/28/2024,5.0,Yes,0,0.753,0.369,0.0,0.631,0.2086158692836761,0.07339758425951,0.0035500819794833,0.0298817344009876,0.6734245419502258,0.0078470520675182,0.0032831577118486,0.753,0.369,0.0,0.631,0.2086160033941269,0.07339759916067123,0.0035500808153301477,0.029881782829761505,0.6734243631362915,0.007847056724131107,0.0032831537537276745
544,544,Safe n' Simple Adhesive Remover Wipes - 50 Large No-Sting Skin Prep Wipes Medical Skin Adhesive Remover - Adhesive Removing Wipes for Skin - Non-Alcohol,,C.P.,better than alcohol wipes.,"get alot less rashes around the wafer, cleans the adhesive off & does not leave a residue",5/5/2024,5.0,Yes,0,0.0382,0.076,0.0,0.924,0.0325078219175338,0.0573895424604415,0.0042271148413419,0.0158937182277441,0.8248710632324219,0.0365453027188777,0.0285653993487358,0.0382,0.076,0.0,0.924,0.032507818192243576,0.0573895238339901,0.004227119497954845,0.015893690288066864,0.8248711228370667,0.0365452915430069,0.02856540121138096
545,545,Safe n' Simple Adhesive Remover Wipes - 50 Large No-Sting Skin Prep Wipes Medical Skin Adhesive Remover - Adhesive Removing Wipes for Skin - Non-Alcohol,,geeting,Wipes,I use it for removal of ostomy bag adhesive. They are somewhat together out of the pkg individually. They do a good job of removal.,3/21/2024,5.0,Yes,0,0.4404,0.116,0.0,0.884,0.005710753146559,0.0206246469169855,0.0016357104759663,0.019215440377593,0.9424371123313904,0.0041833431459963,0.0061929896473884,0.4404,0.116,0.0,0.884,0.00571075826883316,0.020624645054340363,0.0016357102431356907,0.019215460866689682,0.9424369931221008,0.004183345008641481,0.006192998494952917
546,546,Safe n' Simple Adhesive Remover Wipes - 50 Large No-Sting Skin Prep Wipes Medical Skin Adhesive Remover - Adhesive Removing Wipes for Skin - Non-Alcohol,,Mike S,"Works good, but not in individual packs","Works good.  I assumed they were in individual packs, but all 50 are in bulk in 1 pack.  Explains the good price.  If just for me to use every 9 days to change my dexcom, they may dry out way before I can use most of them.  Put in a sealable bag to see if they stay moist.",6/8/2022,4.0,Yes,2,0.7003,0.102,0.0,0.898,0.0049453610554337,0.0075867059640586,0.0019727176986634,0.0204053130000829,0.9179962873458862,0.0100903213024139,0.037003293633461,0.7003,0.102,0.0,0.898,0.0049453675746917725,0.007586718536913395,0.0019727214239537716,0.020405331626534462,0.9179962277412415,0.010090338997542858,0.03700334578752518
547,547,Safe n' Simple Adhesive Remover Wipes - 50 Large No-Sting Skin Prep Wipes Medical Skin Adhesive Remover - Adhesive Removing Wipes for Skin - Non-Alcohol,,Dogsarethebetterthanhumans,Does not remove wafer,"It is expensive, it does not dissolve the adhesive for my wafer, but it works well to clean my stoma before my new bag is applied.  It doesn't have lotions or scents so it's perfect for that.",1/22/2023,4.0,Yes,7,0.913,0.255,0.0,0.745,0.0074293608777225,0.0282966382801532,0.0035832391586154,0.0992731899023056,0.8419733047485352,0.0081168310716748,0.0113274762406945,0.913,0.255,0.0,0.745,0.007429365999996662,0.028296668082475662,0.0035832528956234455,0.09927331656217575,0.841973066329956,0.008116851560771465,0.011327494867146015
548,548,Safe n' Simple Adhesive Remover Wipes - 50 Large No-Sting Skin Prep Wipes Medical Skin Adhesive Remover - Adhesive Removing Wipes for Skin - Non-Alcohol,,Monique D. McMillon,No Scrubbing Needed,"As a nurse I hate only having the small pads that are as small as alcohol wipes used to remove adhesive. You have to scrub the tender skin of kids and may cause break down. I purchase a pack for to patients, with osteomyelitis bags. You wipe off the adhesive very easily wash sight and dry. It and prep to apply the bag. This wipes have made my life easier. I love the softness and yet how effective it is with getting the old paste and adhesive. I just pursed more. This one kid gets agitated easily but sits still while using these wipes. 5 stars!",7/7/2022,5.0,Yes,3,0.6352,0.099,0.041,0.861,0.5539056658744812,0.2706456184387207,0.0161218028515577,0.0033141016028821,0.1423704475164413,0.0081071043387055,0.0055352649651467,0.6352,0.099,0.041,0.861,0.5539060235023499,0.2706458270549774,0.016121756285429,0.0033140897285193205,0.14237001538276672,0.00810709036886692,0.005535255651921034
549,549,Safe n' Simple Adhesive Remover Wipes - 50 Large No-Sting Skin Prep Wipes Medical Skin Adhesive Remover - Adhesive Removing Wipes for Skin - Non-Alcohol,,Arslonga,kinda works.,"Well, for the price, I had hoped it would work better. Might just be the particular adhesive, but we found that simple and inexpensive alcohol wipes worked better with less scrubbing, than these.",5/11/2023,4.0,Yes,0,0.7992,0.246,0.0,0.754,0.0064478414133191,0.0309983417391777,0.00174139381852,0.0135747659951448,0.9228530526161194,0.0064280964434146,0.0179564803838729,0.7992,0.246,0.0,0.754,0.006447838619351387,0.030998315662145615,0.0017413931200280786,0.013574742712080479,0.9228531718254089,0.006428087595850229,0.017956452444195747
550,550,Safe n' Simple Adhesive Remover Wipes - 50 Large No-Sting Skin Prep Wipes Medical Skin Adhesive Remover - Adhesive Removing Wipes for Skin - Non-Alcohol,,A.J. Gutierrez,Easy to use and...,"very easy on the skin. It does a great job in aiding in the removal of a barrier, is large enough to feel very useful and stays moist, as needed.",2/17/2024,5.0,Yes,2,0.8746,0.291,0.042,0.667,0.0040171463042497,0.0173464827239513,0.0006519716116599,0.8144199848175049,0.1489651799201965,0.010557398200035,0.0040418938733637,0.8746,0.291,0.042,0.667,0.004017149098217487,0.017346499487757683,0.0006519723683595657,0.8144198060035706,0.14896529912948608,0.010557400994002819,0.004041895270347595
551,551,Safe n' Simple Adhesive Remover Wipes - 50 Large No-Sting Skin Prep Wipes Medical Skin Adhesive Remover - Adhesive Removing Wipes for Skin - Non-Alcohol,,DKFarley1109,This really makes my colostomy bag stick.,No sting adhesive applier pads.  Never bothers my skin with burning etc.  I think sometimes to much sickiness  and can really be tough to pull off. Helps stop leaks but sticks very hard.,3/2/2023,4.0,Yes,2,-0.368,0.087,0.186,0.728,0.4426610171794891,0.1298211365938186,0.0199799239635467,0.011921196244657,0.0872082486748695,0.2886618673801422,0.0197465755045413,-0.368,0.087,0.186,0.728,0.4426613450050354,0.1298215389251709,0.019979888573288918,0.011921155266463757,0.08720821887254715,0.28866133093833923,0.01974654383957386
552,552,Safe n' Simple Adhesive Remover Wipes - 50 Large No-Sting Skin Prep Wipes Medical Skin Adhesive Remover - Adhesive Removing Wipes for Skin - Non-Alcohol,,Did not order this,Wipes,Does the job very well,5/28/2024,5.0,Yes,0,0.3384,0.374,0.0,0.626,0.004218035377562,0.0046904976479709,0.0026689840015023,0.6372418403625488,0.3196522295475006,0.011709289625287,0.0198190826922655,0.3384,0.374,0.0,0.626,0.004218040965497494,0.004690499510616064,0.0026689860969781876,0.6372423768043518,0.31965166330337524,0.011709299869835377,0.019819078966975212
553,553,Safe n' Simple Adhesive Remover Wipes - 50 Large No-Sting Skin Prep Wipes Medical Skin Adhesive Remover - Adhesive Removing Wipes for Skin - Non-Alcohol,,es,works,wish the price was lower,6/5/2024,5.0,Yes,0,0.128,0.342,0.278,0.38,0.0038337828591465,0.0025607224088162,0.0071548339910805,0.0666440278291702,0.3000757098197937,0.5043172836303711,0.1154136657714843,0.128,0.342,0.278,0.38,0.0038337840232998133,0.002560719847679138,0.007154833525419235,0.06664387136697769,0.3000754714012146,0.5043176412582397,0.1154136210680008
554,554,Safe n' Simple Adhesive Remover Wipes - 50 Large No-Sting Skin Prep Wipes Medical Skin Adhesive Remover - Adhesive Removing Wipes for Skin - Non-Alcohol,,Becky P.,This is useful,This product does work but it does take some elbow grease to get it to work completely. I have use these several times but like I said you do need to do about 10 to 15 of scribing to get all the Adhesive to come off.,9/7/2022,4.0,Yes,0,0.5023,0.07,0.0,0.93,0.008469526655972,0.0403468199074268,0.0030647648964077,0.0032242320012301,0.9262108206748962,0.0092256367206573,0.0094581665471196,0.5023,0.07,0.0,0.93,0.008469530381262302,0.04034682735800743,0.0030647648964077234,0.0032242320012301207,0.9262108206748962,0.009225641377270222,0.009458166547119617
555,555,Safe n' Simple Adhesive Remover Wipes - 50 Large No-Sting Skin Prep Wipes Medical Skin Adhesive Remover - Adhesive Removing Wipes for Skin - Non-Alcohol,,Bonnie Terrill,Perfect for very Tender Skin,"These were recommended by a nurse who worked on a burn unit, she was great to refer these to me, because my husbands skin is very thin and tears easily.  These do not leave any sticky residue, which requires a cotton ball and alcohol to remove, and they have a great selection of sizes to fit any wound. Highly recommend.",10/7/2023,5.0,Yes,0,0.9401,0.273,0.031,0.696,0.0069676949642598,0.0574374124407768,0.0051540806889534,0.0298713222146034,0.889854371547699,0.005194975528866,0.005520093254745,0.9401,0.273,0.031,0.696,0.00696767820045352,0.057437289506196976,0.005154076498001814,0.02987133525311947,0.8898544311523438,0.00519496900960803,0.00552009092643857
556,556,Safe n' Simple Adhesive Remover Wipes - 50 Large No-Sting Skin Prep Wipes Medical Skin Adhesive Remover - Adhesive Removing Wipes for Skin - Non-Alcohol,,Lisa,This product is absolutely good for sensitive skin,This product is absolutely good for sensitive skin,5/8/2024,5.0,Yes,0,0.4927,0.313,0.0,0.687,0.0070651527494192,0.0635420456528663,0.0042166681960225,0.0657159462571144,0.837749719619751,0.0119412513449788,0.0097692292183637,0.4927,0.313,0.0,0.687,0.007065150421112776,0.06354198604822159,0.004216666333377361,0.06571590900421143,0.8377497792243958,0.011941252276301384,0.009769230149686337
557,557,Safe n' Simple Adhesive Remover Wipes - 50 Large No-Sting Skin Prep Wipes Medical Skin Adhesive Remover - Adhesive Removing Wipes for Skin - Non-Alcohol,,Ladonna,it works,keeps from tearing thin skin when removing band aid materials,4/27/2024,5.0,Yes,0,0.0,0.0,0.0,1.0,0.0748943611979484,0.2023288011550903,0.0847999900579452,0.0052880626171827,0.3585879504680633,0.2429961860179901,0.0311046168208122,0.0,0.0,0.0,1.0,0.07489438354969025,0.20232903957366943,0.08479996770620346,0.005288062151521444,0.3585880994796753,0.24299590289592743,0.031104620546102524
558,558,Safe n' Simple Adhesive Remover Wipes - 50 Large No-Sting Skin Prep Wipes Medical Skin Adhesive Remover - Adhesive Removing Wipes for Skin - Non-Alcohol,,Connie hall,Gentle & works great.,Works great around my stoma.  Affordable for when I run out of stoma wipes from Ostomy co.My insurance doesn’t cover enough to get me thru the month.,4/3/2023,4.0,Yes,3,0.6249,0.141,0.0,0.859,0.0072423508390784,0.0035609987098723,0.0265172366052865,0.0699317976832389,0.2806288301944732,0.5394972562789917,0.0726215913891792,0.6249,0.141,0.0,0.859,0.00724234851077199,0.00356099265627563,0.026517240330576897,0.06993167102336884,0.2806273102760315,0.5394988656044006,0.07262156158685684
559,559,Safe n' Simple Adhesive Remover Wipes - 50 Large No-Sting Skin Prep Wipes Medical Skin Adhesive Remover - Adhesive Removing Wipes for Skin - Non-Alcohol,,A. Geyer,Not great for removing adhesive,"It's *okay*, but there are better products out there for removing adhesive residue. However, it's better than just plain soap and water.",5/10/2023,4.0,Yes,2,0.8271,0.278,0.0,0.722,0.0140525819733738,0.381517231464386,0.0069514969363808,0.0190642718225717,0.5497686862945557,0.0163330286741256,0.0123126422986388,0.8271,0.278,0.0,0.722,0.014052570797502995,0.3815165162086487,0.0069514974020421505,0.019064268097281456,0.5497695207595825,0.016333024948835373,0.012312648817896843
560,560,Safe n' Simple Adhesive Remover Wipes - 50 Large No-Sting Skin Prep Wipes Medical Skin Adhesive Remover - Adhesive Removing Wipes for Skin - Non-Alcohol,,Joanne Sumski,Individually wrapped is the best,They won’t dry out like the ones in the “baby wipe” dispenser.  Thick and remove adhesive well.  Good price too !,2/14/2024,5.0,Yes,0,0.7777,0.314,0.0,0.686,0.0076784724369645,0.0215060524642467,0.006689446978271,0.015192687511444,0.8989496231079102,0.029340362176299,0.0206432454288005,0.7777,0.314,0.0,0.686,0.007678476627916098,0.02150603197515011,0.006689444649964571,0.015192658640444279,0.8989497423171997,0.029340403154492378,0.020643234252929688
561,561,Safe n' Simple Adhesive Remover Wipes - 50 Large No-Sting Skin Prep Wipes Medical Skin Adhesive Remover - Adhesive Removing Wipes for Skin - Non-Alcohol,,"Cinderella, Mosley",Works well,Smaller than I thought but good,8/9/2023,4.0,Yes,0,0.5927,0.49,0.0,0.51,0.0058274152688682,0.0205872971564531,0.0202759448438882,0.3339103758335113,0.3532416820526123,0.0243408977985382,0.2418164014816284,0.5927,0.49,0.0,0.51,0.00582740968093276,0.020587310194969177,0.02027595229446888,0.3339105248451233,0.35324156284332275,0.024340910837054253,0.24181635677814484
562,562,Safe n' Simple Adhesive Remover Wipes - 50 Large No-Sting Skin Prep Wipes Medical Skin Adhesive Remover - Adhesive Removing Wipes for Skin - Non-Alcohol,,Wilma Artis,Great for patient.,It's easy method of removing bandages.,8/2/2023,4.0,Yes,0,0.4404,0.367,0.0,0.633,0.0052171465940773,0.0121498126536607,0.0018062754534184,0.0809367895126342,0.8715336322784424,0.0056078913621604,0.0227484442293643,0.4404,0.367,0.0,0.633,0.0052171433344483376,0.0121498117223382,0.0018062787130475044,0.08093684166669846,0.8715335726737976,0.005607890896499157,0.022748447954654694
563,563,Safe n' Simple Adhesive Remover Wipes - 50 Large No-Sting Skin Prep Wipes Medical Skin Adhesive Remover - Adhesive Removing Wipes for Skin - Non-Alcohol,,Caitlin O'Brien,"Works good, smells not so good",Works great to remove the adhesive but smells so incredibly terrible.  Oh and you must wash the area immediately bc it leaves an oily film on your skin.,1/11/2023,4.0,Yes,0,-0.5357,0.076,0.149,0.775,0.0135757466778159,0.6236451864242554,0.2684811055660248,0.0031070141121745,0.0260483622550964,0.0535104274749755,0.01163219101727,-0.5357,0.076,0.149,0.775,0.01357575599104166,0.623645007610321,0.2684813141822815,0.0031070176046341658,0.026048315688967705,0.05351044610142708,0.011632210575044155
564,564,Safe n' Simple Adhesive Remover Wipes - 50 Large No-Sting Skin Prep Wipes Medical Skin Adhesive Remover - Adhesive Removing Wipes for Skin - Non-Alcohol,,m. mitchell,Want products that work and don’t create stress regarding their effectiveness.,The situation is new to me and finding products that are effective is extremely important. These products have worked well.,5/15/2023,4.0,Yes,4,0.7425,0.3,0.0,0.7,0.0058740428648889,0.0048026219010353,0.0016988290008157,0.0797126591205596,0.8931776881217957,0.0031862799078226,0.0115478839725255,0.7425,0.3,0.0,0.7,0.005874035879969597,0.004802613519132137,0.0016988286515697837,0.07971252501010895,0.89317786693573,0.0031862761825323105,0.011547881178557873
565,565,Safe n' Simple Adhesive Remover Wipes - 50 Large No-Sting Skin Prep Wipes Medical Skin Adhesive Remover - Adhesive Removing Wipes for Skin - Non-Alcohol,,Andrea Partridge,These wipes are THE BEST for colostomy patients!,Being new to caring for a colostomy patient I’m very confident using these when changing or emptying their bag.,2/10/2024,5.0,Yes,0,0.7264,0.287,0.069,0.644,0.0100226001814007,0.0173120144754648,0.0188130196183919,0.0837830975651741,0.859168291091919,0.0031906522344797,0.0077103567309677,0.7264,0.287,0.069,0.644,0.010022602044045925,0.01731201633810997,0.018812941387295723,0.08378300070762634,0.8591684699058533,0.003190651535987854,0.007710339967161417
566,566,Safe n' Simple Adhesive Remover Wipes - 50 Large No-Sting Skin Prep Wipes Medical Skin Adhesive Remover - Adhesive Removing Wipes for Skin - Non-Alcohol,,J. Hatcher,They work.,They worked better than the ones the hospital gave us.,3/10/2024,5.0,Yes,0,0.4404,0.244,0.0,0.756,0.0094354525208473,0.0165770333260297,0.0014843845274299,0.0398543998599052,0.8878085017204285,0.012347306124866,0.0324928201735019,0.4404,0.244,0.0,0.756,0.009435460902750492,0.01657705567777157,0.0014843858079984784,0.039854444563388824,0.8878084421157837,0.012347311712801456,0.03249287232756615
567,567,Safe n' Simple Adhesive Remover Wipes - 50 Large No-Sting Skin Prep Wipes Medical Skin Adhesive Remover - Adhesive Removing Wipes for Skin - Non-Alcohol,,Allie,Love them,Honestly these are one of my favorite Ostomy supplies. They make clean up so freakin easy and they’re super gentle on my skin. Ran out today and about to order more!,12/10/2023,5.0,Yes,0,0.9582,0.431,0.0,0.569,0.0257480200380086,0.0639505758881568,0.0095793083310127,0.4426661729812622,0.403441309928894,0.0096302013844251,0.0449844412505626,0.9582,0.431,0.0,0.569,0.025748005136847496,0.0639505609869957,0.009579325094819069,0.44266632199287415,0.4034411609172821,0.009630199521780014,0.04498443379998207
568,568,Safe n' Simple Adhesive Remover Wipes - 50 Large No-Sting Skin Prep Wipes Medical Skin Adhesive Remover - Adhesive Removing Wipes for Skin - Non-Alcohol,,Holly Bradshaw,Wipes,Worked as described.,4/3/2024,5.0,Yes,0,0.0,0.0,0.0,1.0,0.0366219505667686,0.0905247181653976,0.010365187190473,0.0832909196615219,0.6447544693946838,0.1244132071733474,0.0100295692682266,0.0,0.0,0.0,1.0,0.03662199154496193,0.09052475541830063,0.01036520954221487,0.08329124748706818,0.6447534561157227,0.12441373616456985,0.010029591619968414
569,569,Safe n' Simple Adhesive Remover Wipes - 50 Large No-Sting Skin Prep Wipes Medical Skin Adhesive Remover - Adhesive Removing Wipes for Skin - Non-Alcohol,,pat,Works Ok,Not impressed though.,7/8/2023,4.0,Yes,0,-0.3724,0.0,0.561,0.439,0.0193363334983587,0.0491024330258369,0.0013001599581912,0.0029155507218092,0.1301100850105285,0.0058704689145088,0.7913649678230286,-0.3724,0.0,0.561,0.439,0.019336339086294174,0.04910241439938545,0.0013001593761146069,0.0029155509546399117,0.13011004030704498,0.005870463792234659,0.7913650274276733
570,570,Safe n' Simple Adhesive Remover Wipes - 50 Large No-Sting Skin Prep Wipes Medical Skin Adhesive Remover - Adhesive Removing Wipes for Skin - Non-Alcohol,,MBCHKIDSNURSE,Skin adhesive remover,Very gentle on skin and removes with just one pad,2/14/2024,5.0,Yes,0,0.4927,0.262,0.0,0.738,0.0081240478903055,0.0556678920984268,0.0036399119999259,0.0121307102963328,0.8922150731086731,0.0219868253916502,0.0062356125563383,0.4927,0.262,0.0,0.738,0.008124048821628094,0.055667776614427567,0.0036399124655872583,0.01213068701326847,0.8922151923179626,0.021986795589327812,0.006235616281628609
571,571,Safe n' Simple Adhesive Remover Wipes - 50 Large No-Sting Skin Prep Wipes Medical Skin Adhesive Remover - Adhesive Removing Wipes for Skin - Non-Alcohol,,Justin M,Go to wipes,Wouldn't suggest anything else for removing anything with adhesive from your skin.,2/10/2024,5.0,Yes,0,0.0,0.0,0.0,1.0,0.1000930145382881,0.2765730023384094,0.0283462647348642,0.0017333963187411,0.5661316514015198,0.0227275881916284,0.0043950788676738,0.0,0.0,0.0,1.0,0.10009289532899857,0.2765728533267975,0.02834624983370304,0.0017333971336483955,0.5661318898200989,0.02272757701575756,0.004395080730319023
572,572,Safe n' Simple Adhesive Remover Wipes - 50 Large No-Sting Skin Prep Wipes Medical Skin Adhesive Remover - Adhesive Removing Wipes for Skin - Non-Alcohol,,priscilla f hagins,Easy to remove,Size and ample moisture.,3/15/2024,5.0,Yes,0,0.0,0.0,0.0,1.0,0.0135529218241572,0.0249028746038675,0.0043163471855223,0.0140661373734474,0.9131696820259094,0.0178051795810461,0.0121868224814534,0.0,0.0,0.0,1.0,0.01355291623622179,0.02490287460386753,0.004316347185522318,0.01406614389270544,0.9131696820259094,0.01780516840517521,0.012186811305582523
573,573,Safe n' Simple Adhesive Remover Wipes - 50 Large No-Sting Skin Prep Wipes Medical Skin Adhesive Remover - Adhesive Removing Wipes for Skin - Non-Alcohol,,keith d,Works for me,"I’ve been using these for over 10 years. Never had an issue. Always performs as I expected. There are occasions where a little extra effort is required to remove all the residue, but not enough to make me want to find another product.",8/28/2023,5.0,Yes,0,0.1154,0.035,0.0,0.965,0.0103798666968941,0.0098826857283711,0.0030426026787608,0.0055769369937479,0.9058986306190492,0.0170622281730175,0.048156950622797,0.1154,0.035,0.0,0.965,0.010379885323345661,0.009882722981274128,0.0030426091980189085,0.005576947703957558,0.9058985710144043,0.01706228032708168,0.04815707355737686
574,574,Safe n' Simple Adhesive Remover Wipes - 50 Large No-Sting Skin Prep Wipes Medical Skin Adhesive Remover - Adhesive Removing Wipes for Skin - Non-Alcohol,,LEE,Good,Product worked,3/4/2024,5.0,Yes,0,0.0,0.0,0.0,1.0,0.0076507786288857,0.0064915786497294,0.0020249320659786,0.0147303622215986,0.8860395550727844,0.0237624570727348,0.0593003816902637,0.0,0.0,0.0,1.0,0.0076507870107889175,0.006491574924439192,0.0020249320659786463,0.014730325900018215,0.8860395550727844,0.023762470111250877,0.05930038169026375
575,575,Safe n' Simple Adhesive Remover Wipes - 50 Large No-Sting Skin Prep Wipes Medical Skin Adhesive Remover - Adhesive Removing Wipes for Skin - Non-Alcohol,,Peter L Apito Jr,Great product,"Size, function, price",2/29/2024,5.0,Yes,0,0.0,0.0,0.0,1.0,0.0217900872230529,0.0257285982370376,0.0086498111486434,0.003334431676194,0.8858436346054077,0.019081313163042,0.0355722084641456,0.0,0.0,0.0,1.0,0.021790089085698128,0.025728603824973106,0.008649805560708046,0.0033344312105327845,0.8858435750007629,0.019081294536590576,0.03557218611240387
576,576,Safe n' Simple Adhesive Remover Wipes - 50 Large No-Sting Skin Prep Wipes Medical Skin Adhesive Remover - Adhesive Removing Wipes for Skin - Non-Alcohol,,Sharon E. Pappas,Does the job,I use this product to remove the adhesive from wearing a CGM 10 days at a time. Works great!,12/6/2023,5.0,Yes,0,0.6588,0.226,0.0,0.774,0.0128620816394686,0.0169738437980413,0.0032906397245824,0.0722159147262573,0.8783554434776306,0.0048370007425546,0.011465111747384,0.6588,0.226,0.0,0.774,0.012862084433436394,0.016973834484815598,0.0032906357664614916,0.07221608608961105,0.8783552646636963,0.0048370021395385265,0.011465124785900116
577,577,Safe n' Simple Adhesive Remover Wipes - 50 Large No-Sting Skin Prep Wipes Medical Skin Adhesive Remover - Adhesive Removing Wipes for Skin - Non-Alcohol,,Sharon Barraza,It helps keep my son stoma clean,Im not sure if the product is the best value never tried any others but.it takes the stinky smell away but my son response is as if it stings not sure if he is just cautious or pain. Hard to remove the adhesive without elbow grease.,8/22/2021,4.0,Yes,0,-0.792,0.077,0.24,0.683,0.0103350458666682,0.4276596009731293,0.1868007630109787,0.0040710931643843,0.2858182787895202,0.0642420798540115,0.0210731141269207,-0.792,0.077,0.24,0.683,0.010335057973861694,0.4276596009731293,0.1868005394935608,0.004071100614964962,0.28581854701042175,0.06424212455749512,0.02107313834130764
578,578,Safe n' Simple Adhesive Remover Wipes - 50 Large No-Sting Skin Prep Wipes Medical Skin Adhesive Remover - Adhesive Removing Wipes for Skin - Non-Alcohol,,ECon,Removes adhesive residue,I like the resealable package is great.  The wipes do a great job of removing the adhesive residue without irritating the sensitive skin around the stoma.  They are not flushable,9/8/2023,5.0,Yes,0,0.9214,0.354,0.0,0.646,0.00738474028185,0.0365003161132335,0.0018145369831472,0.6605528593063354,0.2757062613964081,0.0091772191226482,0.0088640507310628,0.9214,0.354,0.0,0.646,0.007384749129414558,0.036500345915555954,0.0018145381473004818,0.6605526804924011,0.2757064402103424,0.009177225641906261,0.008864056318998337
579,579,Safe n' Simple Adhesive Remover Wipes - 50 Large No-Sting Skin Prep Wipes Medical Skin Adhesive Remover - Adhesive Removing Wipes for Skin - Non-Alcohol,,Mike Wagner,Adhesive removal,Helps with the adhesive stickiness,2/14/2023,4.0,Yes,0,0.3818,0.394,0.0,0.606,0.0309093277901411,0.1414923220872879,0.029145011678338,0.0039968192577362,0.6715408563613892,0.1103374287486076,0.0125782955437898,0.3818,0.394,0.0,0.606,0.030909284949302673,0.14149209856987,0.02914501540362835,0.003996820189058781,0.6715409755706787,0.11033742129802704,0.012578299269080162
580,580,Safe n' Simple Adhesive Remover Wipes - 50 Large No-Sting Skin Prep Wipes Medical Skin Adhesive Remover - Adhesive Removing Wipes for Skin - Non-Alcohol,,TO,Love!,"I have to have adhesive removed from my skin very often. This stuff has been a lifesaver! I don’t know what I would do without it. If you are in a need for an adhesive remover, this is you go to. Highly recommend this purchase.",2/14/2023,5.0,Yes,4,0.7836,0.153,0.0,0.847,0.0074764024466276,0.0141438795253634,0.0047998488880693,0.0567706637084484,0.8528969287872314,0.0091166961938142,0.0547955371439456,0.7836,0.153,0.0,0.847,0.007476414553821087,0.014143896289169788,0.00479984562844038,0.05677077919244766,0.8528966903686523,0.009116693399846554,0.05479564890265465
581,581,Safe n' Simple Adhesive Remover Wipes - 50 Large No-Sting Skin Prep Wipes Medical Skin Adhesive Remover - Adhesive Removing Wipes for Skin - Non-Alcohol,,Victoria Lewis,Helpful at removing adhesive,These have been a tremendous help at preventing painful hair pulling with removal of condom catheters,11/15/2023,5.0,Yes,0,-0.0772,0.144,0.214,0.642,0.0136865610256791,0.1604621559381485,0.1048827245831489,0.0099379858002066,0.6082749366760254,0.083806999027729,0.018948620185256,-0.0772,0.144,0.214,0.642,0.013686585240066051,0.16046245396137238,0.10488267987966537,0.009937974624335766,0.608274519443512,0.08380712568759918,0.018948649987578392
582,582,Safe n' Simple Adhesive Remover Wipes - 50 Large No-Sting Skin Prep Wipes Medical Skin Adhesive Remover - Adhesive Removing Wipes for Skin - Non-Alcohol,,Kathy,Good product,My husband had a radial cystectomy and now has an illiostomy and has a adhesive bag. This product helps remove the adhesive and clean the skin. It’s the best product that we have used.,2/22/2023,5.0,Yes,0,0.8591,0.247,0.0,0.753,0.0058702290989458,0.068853810429573,0.0028533013537526,0.0901796966791153,0.8036329746246338,0.0144004123285412,0.014209484681487,0.8591,0.247,0.0,0.753,0.005870223976671696,0.06885372847318649,0.0028532990254461765,0.09017974883317947,0.8036330342292786,0.014400427229702473,0.01420948002487421
583,583,Safe n' Simple Adhesive Remover Wipes - 50 Large No-Sting Skin Prep Wipes Medical Skin Adhesive Remover - Adhesive Removing Wipes for Skin - Non-Alcohol,,kim benson,Adhesive,They worked,2/16/2023,4.0,Yes,0,0.0,0.0,0.0,1.0,0.0170629471540451,0.0175702795386314,0.0026621236465871,0.0103740897029638,0.8918874263763428,0.0221476946026086,0.0382953770458698,0.0,0.0,0.0,1.0,0.017062958329916,0.01757029816508293,0.002662121318280697,0.010374095290899277,0.8918874263763428,0.022147685289382935,0.03829539939761162
584,584,Safe n' Simple Adhesive Remover Wipes - 50 Large No-Sting Skin Prep Wipes Medical Skin Adhesive Remover - Adhesive Removing Wipes for Skin - Non-Alcohol,,russell w.,Price,Price,2/17/2023,4.0,Yes,0,0.0,0.0,0.0,1.0,0.0139024714007973,0.019206803292036,0.0047115287743508,0.0066150785423815,0.8960117697715759,0.0264203194528818,0.033132079988718,0.0,0.0,0.0,1.0,0.013902471400797367,0.01920679211616516,0.004711531568318605,0.0066150822676718235,0.8960117697715759,0.02642030268907547,0.033132098615169525
585,585,Safe n' Simple Adhesive Remover Wipes - 50 Large No-Sting Skin Prep Wipes Medical Skin Adhesive Remover - Adhesive Removing Wipes for Skin - Non-Alcohol,,Kindle Customer,It works!,"I use this to clean around my stoma when making a bag change. It's gentle, doesn't sting but does the job.",8/5/2023,5.0,Yes,2,0.4215,0.183,0.0,0.817,0.4440687000751495,0.4888903796672821,0.009216945618391,0.0018037626286968,0.0404028333723545,0.014260871335864,0.0013565316330641,0.4215,0.183,0.0,0.817,0.4440687894821167,0.48889032006263733,0.009216956794261932,0.0018037616973742843,0.040402770042419434,0.014260876923799515,0.001356532797217369
586,586,Safe n' Simple Adhesive Remover Wipes - 50 Large No-Sting Skin Prep Wipes Medical Skin Adhesive Remover - Adhesive Removing Wipes for Skin - Non-Alcohol,,RoAnne Beets,Very Satisfied,Product was as expected. Price seems reasonable for comparable products. Shipping was fast and efficient,6/21/2022,4.0,Yes,0,0.4215,0.167,0.0,0.833,0.0078088114969432,0.0033529610373079,0.0017188071506097,0.1806143820285797,0.7430428862571716,0.0058250590227544,0.0576370768249034,0.4215,0.167,0.0,0.833,0.007808819878846407,0.0033529566135257483,0.0017188064521178603,0.18061447143554688,0.7430426478385925,0.005825065542012453,0.05763722211122513
587,587,Safe n' Simple Adhesive Remover Wipes - 50 Large No-Sting Skin Prep Wipes Medical Skin Adhesive Remover - Adhesive Removing Wipes for Skin - Non-Alcohol,,Mikayla Simpson,Wipes,I l9ve these I have a stoma so they are very gentle on the skin,10/12/2023,5.0,Yes,0,0.4927,0.225,0.0,0.775,0.0064809331670403,0.0608550421893596,0.0120337205007672,0.0639383941888809,0.7905047535896301,0.0574011169373989,0.0087860533967614,0.4927,0.225,0.0,0.775,0.00648092944175005,0.06085490062832832,0.012033703736960888,0.06393826752901077,0.7905051112174988,0.05740107223391533,0.008786054328083992
588,588,Safe n' Simple Adhesive Remover Wipes - 50 Large No-Sting Skin Prep Wipes Medical Skin Adhesive Remover - Adhesive Removing Wipes for Skin - Non-Alcohol,,Lillian Coco,Good quality,Easy to use.,11/26/2023,5.0,Yes,0,0.4404,0.592,0.0,0.408,0.0080292401835322,0.0091070486232638,0.0014052438782528,0.2136619538068771,0.7492372393608093,0.004822087008506,0.0137371635064482,0.4404,0.592,0.0,0.408,0.008029229007661343,0.009107042104005814,0.0014052421320229769,0.21366152167320251,0.7492377161979675,0.004822082817554474,0.013737157918512821
589,589,Safe n' Simple Adhesive Remover Wipes - 50 Large No-Sting Skin Prep Wipes Medical Skin Adhesive Remover - Adhesive Removing Wipes for Skin - Non-Alcohol,,Theresa M Hallahan,Good ostomy product,Product works well with cleaning around the stoma,6/24/2022,4.0,Yes,0,0.2732,0.231,0.0,0.769,0.0094468547031283,0.0472132079303264,0.002888232236728,0.0185711756348609,0.8998534083366394,0.0117556443437933,0.0102715035900473,0.2732,0.231,0.0,0.769,0.009446870535612106,0.047213274985551834,0.002888237126171589,0.018571194261312485,0.8998532295227051,0.01175566017627716,0.010271510109305382
590,590,Safe n' Simple Adhesive Remover Wipes - 50 Large No-Sting Skin Prep Wipes Medical Skin Adhesive Remover - Adhesive Removing Wipes for Skin - Non-Alcohol,,James williams,Life saver,This made cleaning up so much easier I don't know why the hospitals didn't have them,9/15/2023,5.0,Yes,0,0.4728,0.18,0.0,0.82,0.0118771065026521,0.0146927274763584,0.0043991608545184,0.0107245212420821,0.3194245100021362,0.0174524337053298,0.6214295625686646,0.4728,0.18,0.0,0.82,0.01187711488455534,0.014692733064293861,0.0043991669081151485,0.01072453148663044,0.31942445039749146,0.017452454194426537,0.6214295625686646
591,591,Safe n' Simple Adhesive Remover Wipes - 50 Large No-Sting Skin Prep Wipes Medical Skin Adhesive Remover - Adhesive Removing Wipes for Skin - Non-Alcohol,,Ed C,Overall safe and non irritating,Works well and does not irritate the skin,10/27/2023,5.0,Yes,0,0.5318,0.425,0.0,0.575,0.5599146485328674,0.0697562843561172,0.0038198081310838,0.0189140085130929,0.3320707380771637,0.013738103210926,0.0017864655237644,0.5318,0.425,0.0,0.575,0.5599139332771301,0.0697563886642456,0.003819803474470973,0.01891402155160904,0.33207130432128906,0.013738106936216354,0.0017864650581032038
592,592,Safe n' Simple Adhesive Remover Wipes - 50 Large No-Sting Skin Prep Wipes Medical Skin Adhesive Remover - Adhesive Removing Wipes for Skin - Non-Alcohol,,Anastasio,Prevents rashes,I bought these for my relative. She says it prevents rashes around the stoma. They work great!,9/9/2023,5.0,Yes,0,0.69,0.289,0.0,0.711,0.0136416032910346,0.0123255020007491,0.0024126649368554,0.1770965456962585,0.7472911477088928,0.0082092229276895,0.0390233732759952,0.69,0.289,0.0,0.711,0.013641605153679848,0.012325497344136238,0.0024126581847667694,0.17709673941135406,0.7472909092903137,0.008209208957850933,0.039023395627737045
593,593,Safe n' Simple Adhesive Remover Wipes - 50 Large No-Sting Skin Prep Wipes Medical Skin Adhesive Remover - Adhesive Removing Wipes for Skin - Non-Alcohol,,Philip W. Knopp,Works as Advertised,Used this to clean skin around the stoma before replacing ostomy pouch. Does not irritate skin and appears to remove residual adhesive. Satisfied customer here.,4/3/2023,5.0,Yes,2,0.7803,0.263,0.0,0.737,0.2517593801021576,0.1935118287801742,0.0018483559833839,0.1553169190883636,0.3830934762954712,0.0090688988566398,0.0054011442698538,0.7803,0.263,0.0,0.737,0.25175905227661133,0.19351159036159515,0.0018483580788597465,0.15531769394874573,0.3830932080745697,0.009068900719285011,0.005401145666837692
594,594,Safe n' Simple Adhesive Remover Wipes - 50 Large No-Sting Skin Prep Wipes Medical Skin Adhesive Remover - Adhesive Removing Wipes for Skin - Non-Alcohol,,Henry Rowland,Theyt wirk well,I have been úsing these wipes for qúíte awhile nów and they consistently do ai goood job!,9/24/2023,5.0,Yes,0,0.0,0.0,0.0,1.0,0.162708505988121,0.4215365946292877,0.0225636474788188,0.0252765323966741,0.0878031775355339,0.0169387683272361,0.2631727457046509,0.0,0.0,0.0,1.0,0.16270889341831207,0.42153629660606384,0.022563695907592773,0.025276530534029007,0.08780309557914734,0.01693880558013916,0.2631726861000061
595,595,Safe n' Simple Adhesive Remover Wipes - 50 Large No-Sting Skin Prep Wipes Medical Skin Adhesive Remover - Adhesive Removing Wipes for Skin - Non-Alcohol,,Tanya Maggio-Wessells,Best adhesive remover for babies with ostomy bags,"Our 3 month old has an ostomy bag and I found it so hard to use the liquid adhesive remover on him.  We got these as a sample and they were a game changer.  It is so easy to remove his bag with these wipes, which is great when you have a screaming, wiggling newborn.  Highly recommend these if you have a baby with an ostomy bag.",9/15/2021,5.0,Yes,0,0.8002,0.15,0.063,0.788,0.0077114603482186,0.0819727182388305,0.0108103277161717,0.1381754577159881,0.7197846174240112,0.0165868364274501,0.0249586217105388,0.8002,0.15,0.063,0.788,0.007711463142186403,0.08197290450334549,0.010810330510139465,0.13817530870437622,0.7197844982147217,0.01658683829009533,0.024958621710538864
596,596,Safe n' Simple Adhesive Remover Wipes - 50 Large No-Sting Skin Prep Wipes Medical Skin Adhesive Remover - Adhesive Removing Wipes for Skin - Non-Alcohol,,j. rall,The beat beat wipes. No sting,Best wipes. No sting! Gently cleans. Highly recommend.,10/23/2023,5.0,Yes,0,0.8436,0.624,0.133,0.243,0.7809457778930664,0.1472528129816055,0.0019148305291309,0.008069097995758,0.0535608939826488,0.0063873012550175,0.0018692375160753,0.8436,0.624,0.133,0.243,0.7809463143348694,0.14725250005722046,0.0019148261053487659,0.008069072850048542,0.05356074869632721,0.006387293338775635,0.0018692354205995798
597,597,Safe n' Simple Adhesive Remover Wipes - 50 Large No-Sting Skin Prep Wipes Medical Skin Adhesive Remover - Adhesive Removing Wipes for Skin - Non-Alcohol,,Jessica Alford,They're great!,This is an excellent product! Is helpful cleaning my skin when changing my posting bag. Will definitely reorder these wipes.,6/2/2023,5.0,Yes,0,0.8588,0.358,0.0,0.642,0.0110602816566824,0.0560278743505477,0.0035888426937162,0.2558847367763519,0.6486243605613708,0.0080691268667578,0.0167447812855243,0.8588,0.358,0.0,0.642,0.011060277000069618,0.05602788180112839,0.0035888440907001495,0.2558844983577728,0.64862459897995,0.00806913711130619,0.01674477383494377
598,598,Safe n' Simple Adhesive Remover Wipes - 50 Large No-Sting Skin Prep Wipes Medical Skin Adhesive Remover - Adhesive Removing Wipes for Skin - Non-Alcohol,,Marie Herb,These are excellent!,We’ve tried several brands to use for wound care and these are by far the best.  Very good quality at a very good price. Quick delivery. Very pleased we tried them,4/10/2023,5.0,Yes,0,0.9515,0.404,0.0,0.596,0.0013863507192581,0.0007480951608158,0.0005568715860135,0.951333224773407,0.0250631254166364,0.0034774832893162,0.017434848472476,0.9515,0.404,0.0,0.596,0.0013863526983186603,0.0007480951608158648,0.0005568718770518899,0.951333224773407,0.02506314404308796,0.0034774814266711473,0.017434829846024513
599,599,Safe n' Simple Adhesive Remover Wipes - 50 Large No-Sting Skin Prep Wipes Medical Skin Adhesive Remover - Adhesive Removing Wipes for Skin - Non-Alcohol,,Pen,It is not as good as some of the adhesive  removers,It just wasnt quite as good as the other ones I have gotyen,5/13/2022,4.0,Yes,0,-0.3843,0.0,0.192,0.808,0.0036000299733132,0.0040125767700374,0.0053019383922219,0.0206201709806919,0.1191836446523666,0.1089090555906295,0.7383725643157959,-0.3843,0.0,0.192,0.808,0.003600026248022914,0.004012578167021275,0.005301940254867077,0.020620163530111313,0.11918365955352783,0.10890885442495346,0.7383728623390198
600,600,Safe n' Simple Adhesive Remover Wipes - 50 Large No-Sting Skin Prep Wipes Medical Skin Adhesive Remover - Adhesive Removing Wipes for Skin - Non-Alcohol,,Janis Innis,Great product,It does a nice job and doesn’t sting or irritate the skin,9/8/2023,5.0,Yes,0,0.0,0.192,0.192,0.616,0.7561626434326172,0.1073377802968025,0.0041072992607951,0.0211186129599809,0.0998070463538169,0.0102126458659768,0.0012539816088974,0.0,0.192,0.192,0.616,0.7561631202697754,0.10733763128519058,0.004107303451746702,0.02111857198178768,0.09980680048465729,0.010212631896138191,0.0012539798626676202
601,601,Safe n' Simple Adhesive Remover Wipes - 50 Large No-Sting Skin Prep Wipes Medical Skin Adhesive Remover - Adhesive Removing Wipes for Skin - Non-Alcohol,,mamajude,Works like a charm.,These wipes help remove the paste from the skin around the stoma much faster and better than anything else I've found.  It's important to remove the old paste before applying new paste for a secure fit of a new ostomy pouch.,10/18/2022,5.0,Yes,0,0.8834,0.266,0.0,0.734,0.0071407007053494,0.0380216464400291,0.0055831409990787,0.0081509007140994,0.9275634288787842,0.0047877822071313,0.0087525285780429,0.8834,0.266,0.0,0.734,0.00714069651439786,0.038021668791770935,0.0055831377394497395,0.00815088115632534,0.9275633096694946,0.004787779413163662,0.008752523921430111
602,602,Safe n' Simple Adhesive Remover Wipes - 50 Large No-Sting Skin Prep Wipes Medical Skin Adhesive Remover - Adhesive Removing Wipes for Skin - Non-Alcohol,,Emma R. Kehl,Helps the Flange adherence,"I utilize this product to change my loop ileostomy bag. This product works well for taking off all moisturizer or soap residue.Helps sanitize the area, as well.",3/3/2023,5.0,Yes,2,0.4939,0.149,0.0,0.851,0.0147285433486104,0.3036515116691589,0.0089535852894186,0.0157292820513248,0.6188574433326721,0.030353520065546,0.0077260597608983,0.4939,0.149,0.0,0.851,0.01472854521125555,0.3036513924598694,0.00895359180867672,0.015729283913969994,0.6188575029373169,0.030353542417287827,0.007726061157882214
603,603,Safe n' Simple Adhesive Remover Wipes - 50 Large No-Sting Skin Prep Wipes Medical Skin Adhesive Remover - Adhesive Removing Wipes for Skin - Non-Alcohol,,Michael Hafner,the right wipe for the job,I needed to remove a health monitor that had been attached to me for weeks. These wipes enabled me to gently remove it without damage or pain to the skin. They then cleaned off the remaining adhesive. They did exactly what I needed them to do.,5/18/2022,5.0,Yes,0,0.809,0.172,0.0,0.828,0.0116996113210916,0.0597872212529182,0.0065508619882166,0.0087122283875942,0.8854838013648987,0.0189428981393575,0.0088233444839715,0.809,0.172,0.0,0.828,0.011699594557285309,0.05978718027472496,0.006550856400281191,0.008712220937013626,0.8854839205741882,0.01894288696348667,0.0088233333081007
604,604,Safe n' Simple Adhesive Remover Wipes - 50 Large No-Sting Skin Prep Wipes Medical Skin Adhesive Remover - Adhesive Removing Wipes for Skin - Non-Alcohol,,Maryann Radulski,"sensitive skin, this is the best","I have very sensitive skin and the usual adhesive removers are too harsh for me. This works very well, does not irritate and gets all the adhesive off. Will use this forever.",11/24/2022,5.0,Yes,0,0.2083,0.133,0.081,0.786,0.8730578422546387,0.0658588483929634,0.0046396502293646,0.0015602286439388,0.0456686653196811,0.0080045759677886,0.0012102418113499,0.2083,0.133,0.081,0.786,0.8730579614639282,0.06585883349180222,0.004639643710106611,0.0015602302737534046,0.0456685945391655,0.008004561066627502,0.00121024320833385
605,605,Safe n' Simple Adhesive Remover Wipes - 50 Large No-Sting Skin Prep Wipes Medical Skin Adhesive Remover - Adhesive Removing Wipes for Skin - Non-Alcohol,,Amazon Customer,Great adhesive remover for sensitive skin.,"I use this for for a client, that I’m a caregiver when dealing with colostomy care.  So far the skin has stayed healthy.",2/17/2023,5.0,Yes,3,0.7096,0.247,0.0,0.753,0.0095322402194142,0.0316654369235038,0.0226147603243589,0.0352276600897312,0.881721019744873,0.0113309621810913,0.0079078758135437,0.7096,0.247,0.0,0.753,0.009532240219414234,0.031665436923503876,0.022614751011133194,0.03522764891386032,0.881721019744873,0.011330955661833286,0.007907879538834095
606,606,Safe n' Simple Adhesive Remover Wipes - 50 Large No-Sting Skin Prep Wipes Medical Skin Adhesive Remover - Adhesive Removing Wipes for Skin - Non-Alcohol,,lisa heuring,Only wipes I use!,"I feel comfortable using these to clean my stoma. I have never had any irritation, etc. I feel clean after. They are definitely soft. They also remove the adhesion from the prior appliance. Best wipes! Will not use anything else!",7/20/2022,5.0,Yes,0,0.9577,0.379,0.0,0.621,0.0339251570403575,0.0621829554438591,0.0024860848207026,0.3537773191928863,0.5303202867507935,0.0122328456491231,0.0050753476098179,0.9577,0.379,0.0,0.621,0.033925145864486694,0.06218283995985985,0.0024860799312591553,0.35377752780914307,0.5303202271461487,0.012232833541929722,0.005075345281511545
607,607,Safe n' Simple Adhesive Remover Wipes - 50 Large No-Sting Skin Prep Wipes Medical Skin Adhesive Remover - Adhesive Removing Wipes for Skin - Non-Alcohol,,David B Deaton,As described,As described,11/23/2023,5.0,Yes,0,0.0,0.0,0.0,1.0,0.0185144059360027,0.0176082421094179,0.0147275784984231,0.0131957167759537,0.8585855960845947,0.0310229174792766,0.0463455058634281,0.0,0.0,0.0,1.0,0.01851440966129303,0.017608249559998512,0.014727583155035973,0.013195703737437725,0.85858553647995,0.03102293610572815,0.04634559899568558
608,608,Safe n' Simple Adhesive Remover Wipes - 50 Large No-Sting Skin Prep Wipes Medical Skin Adhesive Remover - Adhesive Removing Wipes for Skin - Non-Alcohol,,Amazon Customer,Excellent product,Product was as described and arrived early. Very pleased,10/3/2023,5.0,Yes,0,0.4927,0.285,0.0,0.715,0.0023899616207927,0.000959868193604,0.00049246562412,0.9275447726249696,0.0296254288405179,0.0030177549924701,0.0359698347747325,0.4927,0.285,0.0,0.715,0.002389958593994379,0.0009598677279427648,0.0004924651584587991,0.9275447726249695,0.029625436291098595,0.0030177535954862833,0.03596978262066841
609,609,Safe n' Simple Adhesive Remover Wipes - 50 Large No-Sting Skin Prep Wipes Medical Skin Adhesive Remover - Adhesive Removing Wipes for Skin - Non-Alcohol,,Kenneth J. Goodman Sr.,Does it's job,I use this product all the timeIt works well and its Moderately priced. Wish it b came in a bundle price package.,12/21/2022,5.0,Yes,0,0.5859,0.22,0.0,0.78,0.0030075435061007,0.0012032721424475,0.00208899541758,0.3323726952075958,0.3508992791175842,0.0376176983118057,0.2728104889392853,0.5859,0.22,0.0,0.78,0.0030075444374233484,0.0012032719096168876,0.002088994951918721,0.33237266540527344,0.3508990406990051,0.03761769086122513,0.27281075716018677
610,610,"Uni Solve 402300 Adhesive Remover Wipe, Pack of 50","Uni Solve Adhesive Remover Wipes, 50 Each. Precautions:Use only as directed. For external use only. Avoid contact with eyes. Vapour may be harmful - use with adequate ventilation. Flammable. Do not use near heat, sparks or open flame. Keep out of reach of children. Avoid contact with painted/finished surfaces. Do not apply to open wounds or mucous membranes.Indications:Indicated for the removal of adhesive devices. Indicated for the removal of adhesive residue from skin.Softens adhesive on tapes, films and appliances thereby minimizing trauma caused by adhesive removal.INSTRUCTIONS FOR USE:Step 1:Apply UNI-SOLVE Adhesive Remover with cotton applicator, or gauze to edge of tape or appliance.Squeeze gently so fluid flows between skin and adhesive.Step 2:Wash skin with soap and water, rinse, and pat dry.",Prince,Work great but cancerogenic!,"I've been using these for a few years now until I found out they are toxic. The ingredients listed on the box are ""C10-11 Isoparaffin, Isopropyl Alcohol, Dipropylene Glycol Methyl Ether, Aloe Extract, Fragrance"". While none of these are cancerogenic, the box has a pictogram of a ""Health Hazard"" in addition to ""Flame"" and ""Acute Toxicity"".If you look hard enough, you'll see that the product page has California’s Proposition 65 warning on it. it states the product contains ""benzene"", which is a well-known carcinogen that has been linked to leukemia and other cancers when humans are exposed to it over time. I'm not sure why this isn't directly written on the box. Benzene is commonly found as a contaminant in petroleum-based products or solvents used during the manufacturing process of various chemical ingredients. Although not directly listed, its presence might be in trace amounts in isoparaffins or isopropyl alcohol used in the wipes. This explains the strong odor other reviews have mentioned. DO NOT INHALE IT. As the warnings on the box state, use in a ventilated area.For now, I'm switching to another product that doesn't have a pictogram or Prop 65 warning. The lack of warning doesn't necessarily mean the product isn't exposed to benzene but it's best to avoid that do have warnings.",9/21/2024,3.0,Yes,0,-0.4554,0.036,0.086,0.878,0.0262726321816444,0.7994111180305481,0.0379105247557163,0.0010970555013045,0.1107285693287849,0.0210757069289684,0.0035044809337705,-0.4554,0.036,0.086,0.878,0.0262726042419672,0.7994111180305481,0.03791051357984543,0.0010970555013045669,0.11072856932878494,0.02107570692896843,0.0035044809337705374
611,611,"Uni Solve 402300 Adhesive Remover Wipe, Pack of 51","Uni Solve Adhesive Remover Wipes, 50 Each. Precautions:Use only as directed. For external use only. Avoid contact with eyes. Vapour may be harmful - use with adequate ventilation. Flammable. Do not use near heat, sparks or open flame. Keep out of reach of children. Avoid contact with painted/finished surfaces. Do not apply to open wounds or mucous membranes.Indications:Indicated for the removal of adhesive devices. Indicated for the removal of adhesive residue from skin.Softens adhesive on tapes, films and appliances thereby minimizing trauma caused by adhesive removal.INSTRUCTIONS FOR USE:Step 1:Apply UNI-SOLVE Adhesive Remover with cotton applicator, or gauze to edge of tape or appliance.Squeeze gently so fluid flows between skin and adhesive.Step 2:Wash skin with soap and water, rinse, and pat dry.",Lawanda B.,Not 100% removal...,"I thought it was working at first, but after the area dried there was still sticky residue from medical tape. I used 5 wipes, over & over to remove adhesive from medical tape. Was still sticky after going over the area again & again. It did remove some, but was disappointed that I couldn't get all of the adhesive off.The smell didn't bother me, but I was concerned that there is alcohol in the product. I could have used rubbing alcohol which would have been cheaper. But I thought these wipes would do a better job. Also, I was concerned that the alcohol would dry out my skin and/or my incision area.",7/3/2024,3.0,Yes,0,0.308,0.059,0.038,0.903,0.0263203233480453,0.7069661021232605,0.0397727824747562,0.0034522002097219,0.1622851490974426,0.048388835042715,0.012814462184906,0.308,0.059,0.038,0.903,0.02632029354572296,0.7069666385650635,0.03977266326546669,0.003452199511229992,0.16228488087654114,0.04838883876800537,0.012814446352422237
612,612,"Uni Solve 402300 Adhesive Remover Wipe, Pack of 52","Uni Solve Adhesive Remover Wipes, 50 Each. Precautions:Use only as directed. For external use only. Avoid contact with eyes. Vapour may be harmful - use with adequate ventilation. Flammable. Do not use near heat, sparks or open flame. Keep out of reach of children. Avoid contact with painted/finished surfaces. Do not apply to open wounds or mucous membranes.Indications:Indicated for the removal of adhesive devices. Indicated for the removal of adhesive residue from skin.Softens adhesive on tapes, films and appliances thereby minimizing trauma caused by adhesive removal.INSTRUCTIONS FOR USE:Step 1:Apply UNI-SOLVE Adhesive Remover with cotton applicator, or gauze to edge of tape or appliance.Squeeze gently so fluid flows between skin and adhesive.Step 2:Wash skin with soap and water, rinse, and pat dry.",Slacek,They smell like alcohol wipes,My son who is a type 1 diabetic hates the alcohol smell. I thought id give this a try. Unfortunately they smell like them so i wasted my money ! So if your vhild doesnt like that smell  dont waste your money.,7/1/2024,3.0,Yes,0,-0.4124,0.158,0.196,0.646,0.0334807597100734,0.068094328045845,0.0057127149775624,0.0142534989863634,0.04889552667737,0.8030576705932617,0.0265055168420076,-0.4124,0.158,0.196,0.646,0.03348081558942795,0.06809448450803757,0.005712718237191439,0.014253459870815277,0.048895519226789474,0.8030573725700378,0.02650553546845913
613,613,"Uni Solve 402300 Adhesive Remover Wipe, Pack of 53","Uni Solve Adhesive Remover Wipes, 50 Each. Precautions:Use only as directed. For external use only. Avoid contact with eyes. Vapour may be harmful - use with adequate ventilation. Flammable. Do not use near heat, sparks or open flame. Keep out of reach of children. Avoid contact with painted/finished surfaces. Do not apply to open wounds or mucous membranes.Indications:Indicated for the removal of adhesive devices. Indicated for the removal of adhesive residue from skin.Softens adhesive on tapes, films and appliances thereby minimizing trauma caused by adhesive removal.INSTRUCTIONS FOR USE:Step 1:Apply UNI-SOLVE Adhesive Remover with cotton applicator, or gauze to edge of tape or appliance.Squeeze gently so fluid flows between skin and adhesive.Step 2:Wash skin with soap and water, rinse, and pat dry.",Doe Pierre,Doesn’t help much on our cat’s Freestyle Libre 2 sensor removal,"I got this specifically to help remove the expired Freestyle Libre 2 sensors from our elderly cat, reading about someone using it similarly in the reviews before purchase. As far as I can tell on 2 attempts, it doesn’t seem to do anything really for this purpose and smells a little unpleasant. (Maybe the other review was talking about removing just the glue residue remaining on the cat from an already removed sensor, dunno.)The vet techs are glueing the sensors on, and the sticker part is apparently waterproof, or so I read elsewhere. I had been using a butter knife dipped in olive oil around the edges and waiting until the sticker lifted some and then repeating the process again and again, an undesirably long and tedious process, so I wanted a glue remover to get the sensor/sticker off in one attempt to be done with it. This product didn’t achieve that. It didn’t even seem to free up the plastic sensor much from the sticker itself, whereas with the olive oil and a day or so later, I could at least take the plastic sensor off enabling me to better and more thoroughly get the olive oil under parts of the remaining sticker that were loosened.I was just trying this product again and went back to the olive oil. I don’t know if using this product not in pad/wipe form but in straight liquid form would yield better results. I don’t know if using it on a younger cat or a cat whose shaved fur at the sensor placement might grow in faster would yield better results, but on our cat, the sticker is glued to skin where very little fur grows out in the 2 weeks the sensor lasts before it needs removing.If you have a cat who, like our cat, doesn’t mess with the sensor or who can wear the sensor without issue for 2 weeks, I would suggest you have them use less glue… and also not glue the very edge of the perimeter so you can get some oil or your choice of pet-safe solvent under the sticker to help in getting it back off when the time comes. Our cat is only on his 3rd sensor, and he literally would have 3 on him right now if I didn’t keep at this project of trying to remove the expired ones. (Thanks also to my husband who came up with the brilliant idea of using a permanent marker to put a mark on the expired one when the new one is put on so you can make sure you’re on the right sensor for both readings and removal attempts.)",8/23/2023,1.0,Yes,0,0.978,0.073,0.012,0.916,0.0116274943575263,0.7095144987106323,0.0095316031947731,0.002034627366811,0.2358630746603012,0.0252054538577795,0.0062233074568212,0.978,0.073,0.012,0.916,0.011627496220171452,0.709514319896698,0.009531605988740921,0.0020346269011497498,0.23586328327655792,0.025205478072166443,0.006223299540579319
614,614,"Uni Solve 402300 Adhesive Remover Wipe, Pack of 54","Uni Solve Adhesive Remover Wipes, 50 Each. Precautions:Use only as directed. For external use only. Avoid contact with eyes. Vapour may be harmful - use with adequate ventilation. Flammable. Do not use near heat, sparks or open flame. Keep out of reach of children. Avoid contact with painted/finished surfaces. Do not apply to open wounds or mucous membranes.Indications:Indicated for the removal of adhesive devices. Indicated for the removal of adhesive residue from skin.Softens adhesive on tapes, films and appliances thereby minimizing trauma caused by adhesive removal.INSTRUCTIONS FOR USE:Step 1:Apply UNI-SOLVE Adhesive Remover with cotton applicator, or gauze to edge of tape or appliance.Squeeze gently so fluid flows between skin and adhesive.Step 2:Wash skin with soap and water, rinse, and pat dry.",R. Baker,"Works well when wet, over 50% dried out","These work well when they are still wet, but out of the first six I opened, only one was wet. They don't do anything when dry. The next three were wet, the next two were dry and the next one was wet. I will keep using, but there seem to be many that have dried out. Not really a good price if less than 50% percent work.",3/5/2024,3.0,Yes,0,-0.4375,0.023,0.051,0.926,0.0071562938392162,0.0259871762245893,0.0030021243728697,0.0043313913047313,0.8647591471672058,0.0472545810043811,0.0475092343986034,-0.4375,0.023,0.051,0.926,0.007156299892812967,0.02598719485104084,0.003002127632498741,0.004331395495682955,0.8647591471672058,0.04725462570786476,0.04750925302505493
615,615,"Uni Solve 402300 Adhesive Remover Wipe, Pack of 55","Uni Solve Adhesive Remover Wipes, 50 Each. Precautions:Use only as directed. For external use only. Avoid contact with eyes. Vapour may be harmful - use with adequate ventilation. Flammable. Do not use near heat, sparks or open flame. Keep out of reach of children. Avoid contact with painted/finished surfaces. Do not apply to open wounds or mucous membranes.Indications:Indicated for the removal of adhesive devices. Indicated for the removal of adhesive residue from skin.Softens adhesive on tapes, films and appliances thereby minimizing trauma caused by adhesive removal.INSTRUCTIONS FOR USE:Step 1:Apply UNI-SOLVE Adhesive Remover with cotton applicator, or gauze to edge of tape or appliance.Squeeze gently so fluid flows between skin and adhesive.Step 2:Wash skin with soap and water, rinse, and pat dry.",Camping Fan,So so,"45 seconds and the cgm glue was gone. No skin irratition., a week or twos later still have a red mark or rash from the adhesive. So it did not completely remove the adhesive.",1/28/2024,3.0,Yes,0,-0.5994,0.0,0.14,0.86,0.0264588519930839,0.0901071280241012,0.0126163363456726,0.0047104973345994,0.8053898215293884,0.0277558341622352,0.0329615846276283,-0.5994,0.0,0.14,0.86,0.02645883709192276,0.09010720252990723,0.01261634100228548,0.0047105057165026665,0.8053897619247437,0.027755843475461006,0.03296155855059624
616,616,"Uni Solve 402300 Adhesive Remover Wipe, Pack of 56","Uni Solve Adhesive Remover Wipes, 50 Each. Precautions:Use only as directed. For external use only. Avoid contact with eyes. Vapour may be harmful - use with adequate ventilation. Flammable. Do not use near heat, sparks or open flame. Keep out of reach of children. Avoid contact with painted/finished surfaces. Do not apply to open wounds or mucous membranes.Indications:Indicated for the removal of adhesive devices. Indicated for the removal of adhesive residue from skin.Softens adhesive on tapes, films and appliances thereby minimizing trauma caused by adhesive removal.INSTRUCTIONS FOR USE:Step 1:Apply UNI-SOLVE Adhesive Remover with cotton applicator, or gauze to edge of tape or appliance.Squeeze gently so fluid flows between skin and adhesive.Step 2:Wash skin with soap and water, rinse, and pat dry.",Happy,Time Consuming,Good product but had to wait weeks to get them.,4/15/2024,3.0,Yes,0,0.2382,0.178,0.0,0.822,0.0031580885406583,0.0099880555644631,0.0030149610247462,0.0215928144752979,0.0802806988358497,0.8706833124160767,0.0112820966169238,0.2382,0.178,0.0,0.822,0.003158087143674493,0.009988057427108288,0.0030149598605930805,0.021592779085040092,0.08028101921081543,0.870682954788208,0.011282103136181831
617,617,"Uni Solve 402300 Adhesive Remover Wipe, Pack of 57","Uni Solve Adhesive Remover Wipes, 50 Each. Precautions:Use only as directed. For external use only. Avoid contact with eyes. Vapour may be harmful - use with adequate ventilation. Flammable. Do not use near heat, sparks or open flame. Keep out of reach of children. Avoid contact with painted/finished surfaces. Do not apply to open wounds or mucous membranes.Indications:Indicated for the removal of adhesive devices. Indicated for the removal of adhesive residue from skin.Softens adhesive on tapes, films and appliances thereby minimizing trauma caused by adhesive removal.INSTRUCTIONS FOR USE:Step 1:Apply UNI-SOLVE Adhesive Remover with cotton applicator, or gauze to edge of tape or appliance.Squeeze gently so fluid flows between skin and adhesive.Step 2:Wash skin with soap and water, rinse, and pat dry.",Amazon Customer,Scent of the product is most important to me abd it is a bit noxious,"I did not like the scent put off from this product.  I ordered it because of individual packs and several reviews, but quite frankly it did not do an adequate job of removing CGM sensor glue.  Had to use 2 wipes to remove sensor and the product kind of melted the glue pad causing more difficulty in removing it.  It still left glue residue and some slight skin irritation.  Baby oil still works better.Sorry, can not recommend",3/23/2024,2.0,Yes,0,-0.9218,0.0,0.171,0.829,0.1095167621970176,0.1284728348255157,0.0068600494414567,0.0093627385795116,0.1878242045640945,0.5350622534751892,0.0229011382907629,-0.9218,0.0,0.171,0.829,0.1095167025923729,0.1284727305173874,0.00686004338786006,0.009362748824059963,0.1878240555524826,0.5350626111030579,0.022901127114892006
618,618,"Uni Solve 402300 Adhesive Remover Wipe, Pack of 58","Uni Solve Adhesive Remover Wipes, 50 Each. Precautions:Use only as directed. For external use only. Avoid contact with eyes. Vapour may be harmful - use with adequate ventilation. Flammable. Do not use near heat, sparks or open flame. Keep out of reach of children. Avoid contact with painted/finished surfaces. Do not apply to open wounds or mucous membranes.Indications:Indicated for the removal of adhesive devices. Indicated for the removal of adhesive residue from skin.Softens adhesive on tapes, films and appliances thereby minimizing trauma caused by adhesive removal.INSTRUCTIONS FOR USE:Step 1:Apply UNI-SOLVE Adhesive Remover with cotton applicator, or gauze to edge of tape or appliance.Squeeze gently so fluid flows between skin and adhesive.Step 2:Wash skin with soap and water, rinse, and pat dry.",Ann Vanderslice,Left my skin irritated. Made it harder to remove Dexcom.,"I bought this because I have a hard time taking off my Dexcom G7 sensors. I soaked the overpatch with it, and it was even harder to take off. I had to wash my hands to get both the residue from the adhesive and the stink from the wipe off. It left my skin an angry red, so maybe don't use this if you have VERY sensitive skin and/or skin conditions. I'll use this to take the excess gunk off after removal, but very gently.",6/16/2023,3.0,Yes,0,0.3048,0.052,0.061,0.887,0.6907806396484375,0.2406924962997436,0.0036696316674351,0.0012979444582015,0.052139226347208,0.0087939985096454,0.0026260840240865,0.3048,0.052,0.061,0.887,0.6907804608345032,0.24069266021251678,0.0036696307361125946,0.0012979446910321712,0.05213921517133713,0.008794000372290611,0.002626084489747882
619,619,"Uni Solve 402300 Adhesive Remover Wipe, Pack of 59","Uni Solve Adhesive Remover Wipes, 50 Each. Precautions:Use only as directed. For external use only. Avoid contact with eyes. Vapour may be harmful - use with adequate ventilation. Flammable. Do not use near heat, sparks or open flame. Keep out of reach of children. Avoid contact with painted/finished surfaces. Do not apply to open wounds or mucous membranes.Indications:Indicated for the removal of adhesive devices. Indicated for the removal of adhesive residue from skin.Softens adhesive on tapes, films and appliances thereby minimizing trauma caused by adhesive removal.INSTRUCTIONS FOR USE:Step 1:Apply UNI-SOLVE Adhesive Remover with cotton applicator, or gauze to edge of tape or appliance.Squeeze gently so fluid flows between skin and adhesive.Step 2:Wash skin with soap and water, rinse, and pat dry.",Ms. Price,Not what I thought it would be...,"I got this wipes based on there reviews and was real excited to use them and thought this would be a great purchase considering I have a dexcom 7 that I have to replace on a regular...However, I was completely wrong...1st. They don't have a aloe vera smell as they stated. It had more of a car tire smell to it.2nd. The wipes were very sticky and stuck to my arm while the meter was still attached.3rd. It took several of those wipes to even remove the meter..Also, it was very painful to remove causing that area of my arm to have a bruise.4th. After all that...You still could see the tape residue on my arm.5th. As stated in number 1, it had a funny car tire smell to them and even after washing my hands several times...the smell stayed on my hands. By the 3rd day the smell was completely gone.Again I wanted to really like this product, but it was not worth the purchase. I will go back to using baby oil to remove my meter.At least with that it wasn't painful and it came off faster..",3/5/2024,1.0,Yes,2,-0.4157,0.05,0.054,0.896,0.0121187046170234,0.8718119859695435,0.0092338332906365,0.0022482534404844,0.0552522838115692,0.0353205241262912,0.0140143809840083,-0.4157,0.05,0.054,0.896,0.012118704617023468,0.8718119859695435,0.009233820252120495,0.0022482567001134157,0.05525226891040802,0.035320550203323364,0.014014380984008312
620,620,"Uni Solve 402300 Adhesive Remover Wipe, Pack of 60","Uni Solve Adhesive Remover Wipes, 50 Each. Precautions:Use only as directed. For external use only. Avoid contact with eyes. Vapour may be harmful - use with adequate ventilation. Flammable. Do not use near heat, sparks or open flame. Keep out of reach of children. Avoid contact with painted/finished surfaces. Do not apply to open wounds or mucous membranes.Indications:Indicated for the removal of adhesive devices. Indicated for the removal of adhesive residue from skin.Softens adhesive on tapes, films and appliances thereby minimizing trauma caused by adhesive removal.INSTRUCTIONS FOR USE:Step 1:Apply UNI-SOLVE Adhesive Remover with cotton applicator, or gauze to edge of tape or appliance.Squeeze gently so fluid flows between skin and adhesive.Step 2:Wash skin with soap and water, rinse, and pat dry.",Conner Dotson,Stunk,These smelled SO bad and barely took off the sticky for my sons heart monitor,7/31/2024,2.0,Yes,0,-0.6732,0.0,0.244,0.756,0.0083786714822053,0.94196754693985,0.0102324029430747,0.0007229463662952,0.0214889328926801,0.0132861509919166,0.0039232755079865,-0.6732,0.0,0.244,0.756,0.008378654718399048,0.9419678449630737,0.010232391767203808,0.0007229446200653911,0.021488884463906288,0.013286130502820015,0.003923273179680109
621,621,"Uni Solve 402300 Adhesive Remover Wipe, Pack of 61","Uni Solve Adhesive Remover Wipes, 50 Each. Precautions:Use only as directed. For external use only. Avoid contact with eyes. Vapour may be harmful - use with adequate ventilation. Flammable. Do not use near heat, sparks or open flame. Keep out of reach of children. Avoid contact with painted/finished surfaces. Do not apply to open wounds or mucous membranes.Indications:Indicated for the removal of adhesive devices. Indicated for the removal of adhesive residue from skin.Softens adhesive on tapes, films and appliances thereby minimizing trauma caused by adhesive removal.INSTRUCTIONS FOR USE:Step 1:Apply UNI-SOLVE Adhesive Remover with cotton applicator, or gauze to edge of tape or appliance.Squeeze gently so fluid flows between skin and adhesive.Step 2:Wash skin with soap and water, rinse, and pat dry.",StarbuckUnited,These things quite dry.,I opened a packet or two and they were really dry! That's zero comfort. And still making hard to remove the adhesive that's stuck on my chest and tummy from ambulance tabs and hospital heart monitors. It kinda works just enough but justify the money spent on it.,9/4/2023,3.0,Yes,0,0.088,0.037,0.063,0.901,0.0862103328108787,0.6647536158561707,0.0071929795667529,0.0032216380350291,0.0975507870316505,0.0252902209758758,0.1157805025577545,0.088,0.037,0.063,0.901,0.08621019124984741,0.6647536158561707,0.0071929702535271645,0.0032216382678598166,0.0975506603717804,0.025290198624134064,0.11578068137168884
622,622,"Uni Solve 402300 Adhesive Remover Wipe, Pack of 62","Uni Solve Adhesive Remover Wipes, 50 Each. Precautions:Use only as directed. For external use only. Avoid contact with eyes. Vapour may be harmful - use with adequate ventilation. Flammable. Do not use near heat, sparks or open flame. Keep out of reach of children. Avoid contact with painted/finished surfaces. Do not apply to open wounds or mucous membranes.Indications:Indicated for the removal of adhesive devices. Indicated for the removal of adhesive residue from skin.Softens adhesive on tapes, films and appliances thereby minimizing trauma caused by adhesive removal.INSTRUCTIONS FOR USE:Step 1:Apply UNI-SOLVE Adhesive Remover with cotton applicator, or gauze to edge of tape or appliance.Squeeze gently so fluid flows between skin and adhesive.Step 2:Wash skin with soap and water, rinse, and pat dry.",TC,Too small,I do not like these at all. They are the size of an alcohol pad. They are very thin. If you have ever removed an ostomy bag then you know they could at least be a little bit bigger...maybe the size of a 2 ply piece of tissue.,10/12/2024,1.0,Yes,0,-0.2755,0.0,0.047,0.953,0.0144121032208204,0.8781339526176453,0.0045971670188009,0.0010963277891278,0.0857298001646995,0.0072443871758878,0.008786205202341,-0.2755,0.0,0.047,0.953,0.014412106946110725,0.8781341314315796,0.004597156774252653,0.001096326974220574,0.0857296884059906,0.007244378328323364,0.008786186575889587
623,623,"Uni Solve 402300 Adhesive Remover Wipe, Pack of 63","Uni Solve Adhesive Remover Wipes, 50 Each. Precautions:Use only as directed. For external use only. Avoid contact with eyes. Vapour may be harmful - use with adequate ventilation. Flammable. Do not use near heat, sparks or open flame. Keep out of reach of children. Avoid contact with painted/finished surfaces. Do not apply to open wounds or mucous membranes.Indications:Indicated for the removal of adhesive devices. Indicated for the removal of adhesive residue from skin.Softens adhesive on tapes, films and appliances thereby minimizing trauma caused by adhesive removal.INSTRUCTIONS FOR USE:Step 1:Apply UNI-SOLVE Adhesive Remover with cotton applicator, or gauze to edge of tape or appliance.Squeeze gently so fluid flows between skin and adhesive.Step 2:Wash skin with soap and water, rinse, and pat dry.",Steven Barrette,Very Average in cleaning glue residue!,Will no buy this again as it no better than a cotton pad and acetone / nail polish remover,12/27/2023,3.0,Yes,0,-0.128,0.136,0.207,0.657,0.0552370883524417,0.1972237825393676,0.0077723250724375,0.0075490283779799,0.5294390320777893,0.1658342480659485,0.0369445718824863,-0.128,0.136,0.207,0.657,0.05523720383644104,0.19722402095794678,0.007772346027195454,0.0075490279123187065,0.5294384956359863,0.16583439707756042,0.03694455698132515
624,624,"Uni Solve 402300 Adhesive Remover Wipe, Pack of 64","Uni Solve Adhesive Remover Wipes, 50 Each. Precautions:Use only as directed. For external use only. Avoid contact with eyes. Vapour may be harmful - use with adequate ventilation. Flammable. Do not use near heat, sparks or open flame. Keep out of reach of children. Avoid contact with painted/finished surfaces. Do not apply to open wounds or mucous membranes.Indications:Indicated for the removal of adhesive devices. Indicated for the removal of adhesive residue from skin.Softens adhesive on tapes, films and appliances thereby minimizing trauma caused by adhesive removal.INSTRUCTIONS FOR USE:Step 1:Apply UNI-SOLVE Adhesive Remover with cotton applicator, or gauze to edge of tape or appliance.Squeeze gently so fluid flows between skin and adhesive.Step 2:Wash skin with soap and water, rinse, and pat dry.",JustCallMeNorma,"Boy, Does This STINK!",The smell of this stuff will burn your sinuses and offend your tastebuds. Do you have to eat it? No—but you can taste it through the air like an old lady who bathed in that 25 year old KMart perfume that’s been sitting in the window.It removes adhesive well. So does citrus oil.Geez.,6/25/2023,3.0,Yes,3,0.34,0.081,0.039,0.88,0.1982269585132599,0.7617697715759277,0.0046716216020286,0.0008145157480612,0.0225720200687646,0.0086659472435712,0.0032792598940432,0.34,0.081,0.039,0.88,0.19822682440280914,0.7617698907852173,0.004671622067689896,0.0008145158644765615,0.02257201261818409,0.00866594910621643,0.003279259195551276
625,625,"Uni Solve 402300 Adhesive Remover Wipe, Pack of 65","Uni Solve Adhesive Remover Wipes, 50 Each. Precautions:Use only as directed. For external use only. Avoid contact with eyes. Vapour may be harmful - use with adequate ventilation. Flammable. Do not use near heat, sparks or open flame. Keep out of reach of children. Avoid contact with painted/finished surfaces. Do not apply to open wounds or mucous membranes.Indications:Indicated for the removal of adhesive devices. Indicated for the removal of adhesive residue from skin.Softens adhesive on tapes, films and appliances thereby minimizing trauma caused by adhesive removal.INSTRUCTIONS FOR USE:Step 1:Apply UNI-SOLVE Adhesive Remover with cotton applicator, or gauze to edge of tape or appliance.Squeeze gently so fluid flows between skin and adhesive.Step 2:Wash skin with soap and water, rinse, and pat dry.",Penny Knight,Misleading product,"Item was misleading, ordered for cleaning dentures, definitely would not use on dentures like it said.",6/23/2024,2.0,Yes,0,0.3612,0.249,0.129,0.622,0.0798178315162658,0.1991522908210754,0.0189885664731264,0.0014390230644494,0.6482954621315002,0.0394140258431434,0.0128927826881408,0.3612,0.249,0.129,0.622,0.07981779426336288,0.1991526186466217,0.018988551571965218,0.0014390225987881422,0.6482952237129211,0.039413996040821075,0.012892781756818295
626,626,"Uni Solve 402300 Adhesive Remover Wipe, Pack of 66","Uni Solve Adhesive Remover Wipes, 50 Each. Precautions:Use only as directed. For external use only. Avoid contact with eyes. Vapour may be harmful - use with adequate ventilation. Flammable. Do not use near heat, sparks or open flame. Keep out of reach of children. Avoid contact with painted/finished surfaces. Do not apply to open wounds or mucous membranes.Indications:Indicated for the removal of adhesive devices. Indicated for the removal of adhesive residue from skin.Softens adhesive on tapes, films and appliances thereby minimizing trauma caused by adhesive removal.INSTRUCTIONS FOR USE:Step 1:Apply UNI-SOLVE Adhesive Remover with cotton applicator, or gauze to edge of tape or appliance.Squeeze gently so fluid flows between skin and adhesive.Step 2:Wash skin with soap and water, rinse, and pat dry.",Joe Collette,SLOW prime shipping brings product review down.,"Nice product, but speedy shipping is why I buy stuff on Prime, and if Amazon isn't offering 2 day shipping with a prime membership anymore, then all of my reviews on great products will be mediocre because of the speed factor. Amazon, fix your mess up or face the consequences. Vendors - see these reviews and put some pressure on Amazon to fix their mess-up. Great product, sub-par fulfillment from Amazon. Faster shipping for the same product elsewhere.",2/15/2023,3.0,Yes,0,0.9366,0.231,0.065,0.703,0.1382735520601272,0.0420801416039466,0.0036327696871012,0.0127882147207856,0.7513338327407837,0.0385861583054065,0.0133053390309214,0.9366,0.231,0.065,0.703,0.1382729709148407,0.04208005592226982,0.0036327519919723272,0.012788214720785618,0.7513346076011658,0.0385860949754715,0.013305339962244034
627,627,"Uni Solve 402300 Adhesive Remover Wipe, Pack of 67","Uni Solve Adhesive Remover Wipes, 50 Each. Precautions:Use only as directed. For external use only. Avoid contact with eyes. Vapour may be harmful - use with adequate ventilation. Flammable. Do not use near heat, sparks or open flame. Keep out of reach of children. Avoid contact with painted/finished surfaces. Do not apply to open wounds or mucous membranes.Indications:Indicated for the removal of adhesive devices. Indicated for the removal of adhesive residue from skin.Softens adhesive on tapes, films and appliances thereby minimizing trauma caused by adhesive removal.INSTRUCTIONS FOR USE:Step 1:Apply UNI-SOLVE Adhesive Remover with cotton applicator, or gauze to edge of tape or appliance.Squeeze gently so fluid flows between skin and adhesive.Step 2:Wash skin with soap and water, rinse, and pat dry.",Sheree Morrison,Review,Good adhesive removal,12/15/2023,3.0,Yes,0,0.4404,0.592,0.0,0.408,0.0138059332966804,0.0446363948285579,0.0036054602824151,0.0129731791093945,0.903105854988098,0.0124245174229145,0.0094486940652132,0.4404,0.592,0.0,0.408,0.013805920258164406,0.04463634267449379,0.0036054602824151516,0.01297317910939455,0.9031058549880981,0.012424511834979057,0.00944868940860033
628,628,"Uni Solve 402300 Adhesive Remover Wipe, Pack of 68","Uni Solve Adhesive Remover Wipes, 50 Each. Precautions:Use only as directed. For external use only. Avoid contact with eyes. Vapour may be harmful - use with adequate ventilation. Flammable. Do not use near heat, sparks or open flame. Keep out of reach of children. Avoid contact with painted/finished surfaces. Do not apply to open wounds or mucous membranes.Indications:Indicated for the removal of adhesive devices. Indicated for the removal of adhesive residue from skin.Softens adhesive on tapes, films and appliances thereby minimizing trauma caused by adhesive removal.INSTRUCTIONS FOR USE:Step 1:Apply UNI-SOLVE Adhesive Remover with cotton applicator, or gauze to edge of tape or appliance.Squeeze gently so fluid flows between skin and adhesive.Step 2:Wash skin with soap and water, rinse, and pat dry.",seashells,Drys out to quickly.,Used to remove extra seal to keep cgm on. Had to use 6 + wipes to remove adhesive. I am going to try a spray.,5/7/2024,2.0,Yes,0,0.0,0.0,0.0,1.0,0.0395199954509735,0.1893952488899231,0.0148451654240489,0.0062866574153304,0.6648515462875366,0.0720109269022941,0.0130904633551836,0.0,0.0,0.0,1.0,0.03952006623148918,0.18939566612243652,0.01484518963843584,0.006286655552685261,0.6648510098457336,0.07201094180345535,0.013090473599731922
629,629,"Uni Solve 402300 Adhesive Remover Wipe, Pack of 69","Uni Solve Adhesive Remover Wipes, 50 Each. Precautions:Use only as directed. For external use only. Avoid contact with eyes. Vapour may be harmful - use with adequate ventilation. Flammable. Do not use near heat, sparks or open flame. Keep out of reach of children. Avoid contact with painted/finished surfaces. Do not apply to open wounds or mucous membranes.Indications:Indicated for the removal of adhesive devices. Indicated for the removal of adhesive residue from skin.Softens adhesive on tapes, films and appliances thereby minimizing trauma caused by adhesive removal.INSTRUCTIONS FOR USE:Step 1:Apply UNI-SOLVE Adhesive Remover with cotton applicator, or gauze to edge of tape or appliance.Squeeze gently so fluid flows between skin and adhesive.Step 2:Wash skin with soap and water, rinse, and pat dry.",Charm Carm,Will Stip Paint,This stuff is very strong. It stripped off my nail polish. Not very sanitary to use around any wounds. But it will strip and clean things.,8/21/2023,3.0,Yes,0,0.7047,0.196,0.0,0.804,0.0138920610770583,0.9046369791030884,0.007614167407155,0.0011157747358083,0.0578026548027992,0.011643867008388,0.0032947000581771,0.7047,0.196,0.0,0.804,0.013892062939703465,0.9046370387077332,0.0076141683384776115,0.0011157727567479014,0.0578024797141552,0.011643863283097744,0.0032946986611932516
630,630,"Uni Solve 402300 Adhesive Remover Wipe, Pack of 70","Uni Solve Adhesive Remover Wipes, 50 Each. Precautions:Use only as directed. For external use only. Avoid contact with eyes. Vapour may be harmful - use with adequate ventilation. Flammable. Do not use near heat, sparks or open flame. Keep out of reach of children. Avoid contact with painted/finished surfaces. Do not apply to open wounds or mucous membranes.Indications:Indicated for the removal of adhesive devices. Indicated for the removal of adhesive residue from skin.Softens adhesive on tapes, films and appliances thereby minimizing trauma caused by adhesive removal.INSTRUCTIONS FOR USE:Step 1:Apply UNI-SOLVE Adhesive Remover with cotton applicator, or gauze to edge of tape or appliance.Squeeze gently so fluid flows between skin and adhesive.Step 2:Wash skin with soap and water, rinse, and pat dry.",Amanda,"Work great, smell awful!",If I were reviewing for how well they work only… I’d give 10/10. I have some tac away wipes that I used before these and they were not anywhere near as good! These are excellent. They fully saturate and help the adhesive lift off of the skin almost instantly. I love them for that. However.. I just can’t get past the SMELL! It’s awful!!!!! And it just lingers and gets in everything. I hope they improve the smelling ancient because they product is excellent but that smell makes me want to throw up. So much so that I’d rather continue using the crappier product with a better smell.,6/22/2022,3.0,Yes,0,0.9584,0.202,0.0,0.798,0.0080677149817347,0.935557782649994,0.0164521466940641,0.0011643576435744,0.0250541120767593,0.0084658022969961,0.0052379579283297,0.9584,0.202,0.0,0.798,0.0080677205696702,0.9355577826499939,0.016452154144644737,0.0011643576435744762,0.025054123252630234,0.008465806022286415,0.00523796072229743
631,631,"Uni Solve 402300 Adhesive Remover Wipe, Pack of 71","Uni Solve Adhesive Remover Wipes, 50 Each. Precautions:Use only as directed. For external use only. Avoid contact with eyes. Vapour may be harmful - use with adequate ventilation. Flammable. Do not use near heat, sparks or open flame. Keep out of reach of children. Avoid contact with painted/finished surfaces. Do not apply to open wounds or mucous membranes.Indications:Indicated for the removal of adhesive devices. Indicated for the removal of adhesive residue from skin.Softens adhesive on tapes, films and appliances thereby minimizing trauma caused by adhesive removal.INSTRUCTIONS FOR USE:Step 1:Apply UNI-SOLVE Adhesive Remover with cotton applicator, or gauze to edge of tape or appliance.Squeeze gently so fluid flows between skin and adhesive.Step 2:Wash skin with soap and water, rinse, and pat dry.",Debbie,Smells awful.,Works pretty well but can’t stand the smell. Can’t use it.,10/20/2023,3.0,Yes,0,0.3919,0.289,0.0,0.711,0.0242008063942194,0.899380087852478,0.0067235175520181,0.0013000563485547,0.0379070714116096,0.0287792887538671,0.001709260395728,0.3919,0.289,0.0,0.711,0.024200810119509697,0.8993799686431885,0.0067235263995826244,0.0013000579783692956,0.03790709748864174,0.028779320418834686,0.0017092617927119136
632,632,"Uni Solve 402300 Adhesive Remover Wipe, Pack of 72","Uni Solve Adhesive Remover Wipes, 50 Each. Precautions:Use only as directed. For external use only. Avoid contact with eyes. Vapour may be harmful - use with adequate ventilation. Flammable. Do not use near heat, sparks or open flame. Keep out of reach of children. Avoid contact with painted/finished surfaces. Do not apply to open wounds or mucous membranes.Indications:Indicated for the removal of adhesive devices. Indicated for the removal of adhesive residue from skin.Softens adhesive on tapes, films and appliances thereby minimizing trauma caused by adhesive removal.INSTRUCTIONS FOR USE:Step 1:Apply UNI-SOLVE Adhesive Remover with cotton applicator, or gauze to edge of tape or appliance.Squeeze gently so fluid flows between skin and adhesive.Step 2:Wash skin with soap and water, rinse, and pat dry.",YOUR #1 FAN,No comment,Works well,11/13/2023,3.0,Yes,0,0.2732,0.677,0.0,0.323,0.0076204347424209,0.0056093139573931,0.0018988093361258,0.1056566908955574,0.8538667559623718,0.0110513316467404,0.0142966089770197,0.2732,0.677,0.0,0.323,0.007620439399033785,0.00560931209474802,0.001898810500279069,0.1056566834449768,0.8538668155670166,0.011051338165998459,0.014296604320406914
633,633,"Uni Solve 402300 Adhesive Remover Wipe, Pack of 73","Uni Solve Adhesive Remover Wipes, 50 Each. Precautions:Use only as directed. For external use only. Avoid contact with eyes. Vapour may be harmful - use with adequate ventilation. Flammable. Do not use near heat, sparks or open flame. Keep out of reach of children. Avoid contact with painted/finished surfaces. Do not apply to open wounds or mucous membranes.Indications:Indicated for the removal of adhesive devices. Indicated for the removal of adhesive residue from skin.Softens adhesive on tapes, films and appliances thereby minimizing trauma caused by adhesive removal.INSTRUCTIONS FOR USE:Step 1:Apply UNI-SOLVE Adhesive Remover with cotton applicator, or gauze to edge of tape or appliance.Squeeze gently so fluid flows between skin and adhesive.Step 2:Wash skin with soap and water, rinse, and pat dry.",Cassandra,Adhesive Remover wipes,the smell is very overpowering and leaves a very oily residue on your skin that you have to use an Alcohol swab to remove the oily residue left on your skini do like that it does take off the residue,7/17/2023,3.0,Yes,0,0.3612,0.062,0.0,0.938,0.0380550026893615,0.8602180480957031,0.0340269319713115,0.0059054712764918,0.0160992946475744,0.037399910390377,0.0082952538505196,0.3612,0.062,0.0,0.938,0.0380549281835556,0.8602182269096375,0.034026872366666794,0.005905478727072477,0.016099289059638977,0.037399888038635254,0.008295243605971336
634,634,"Uni Solve 402300 Adhesive Remover Wipe, Pack of 74","Uni Solve Adhesive Remover Wipes, 50 Each. Precautions:Use only as directed. For external use only. Avoid contact with eyes. Vapour may be harmful - use with adequate ventilation. Flammable. Do not use near heat, sparks or open flame. Keep out of reach of children. Avoid contact with painted/finished surfaces. Do not apply to open wounds or mucous membranes.Indications:Indicated for the removal of adhesive devices. Indicated for the removal of adhesive residue from skin.Softens adhesive on tapes, films and appliances thereby minimizing trauma caused by adhesive removal.INSTRUCTIONS FOR USE:Step 1:Apply UNI-SOLVE Adhesive Remover with cotton applicator, or gauze to edge of tape or appliance.Squeeze gently so fluid flows between skin and adhesive.Step 2:Wash skin with soap and water, rinse, and pat dry.",MzLaLa,FYI: Sticky!,After using about 5 of these I can not review and say that they work. When you open the pack be ready as they are very juicy and you can pour the liquid on the actual adhesive (Dexcom sensor)They are oil based! So when you pull off the adhesive it will be EXTREMELY sticky and gunky. The stickiness will not just come off with alcohol it gets worse. Be ready for soap and water and it still get a little gunky.I’m looking into another option as I do not like the time being spent on feeling sticky and the smell of the oil that these pads give off. Reminds me of motor oil.,2/26/2023,2.0,Yes,0,0.1486,0.059,0.045,0.897,0.0201004222035408,0.9203336238861084,0.005946924444288,0.0010133144678547,0.0411007106304168,0.0074718543328344,0.0040331515483558,0.1486,0.059,0.045,0.897,0.020100416615605354,0.9203336834907532,0.005946916528046131,0.0010133131872862577,0.04110068082809448,0.007471848279237747,0.004033152014017105
635,635,"Uni Solve 402300 Adhesive Remover Wipe, Pack of 75","Uni Solve Adhesive Remover Wipes, 50 Each. Precautions:Use only as directed. For external use only. Avoid contact with eyes. Vapour may be harmful - use with adequate ventilation. Flammable. Do not use near heat, sparks or open flame. Keep out of reach of children. Avoid contact with painted/finished surfaces. Do not apply to open wounds or mucous membranes.Indications:Indicated for the removal of adhesive devices. Indicated for the removal of adhesive residue from skin.Softens adhesive on tapes, films and appliances thereby minimizing trauma caused by adhesive removal.INSTRUCTIONS FOR USE:Step 1:Apply UNI-SOLVE Adhesive Remover with cotton applicator, or gauze to edge of tape or appliance.Squeeze gently so fluid flows between skin and adhesive.Step 2:Wash skin with soap and water, rinse, and pat dry.",Jerry Clemens,Works ok. Lingering odor.,"This works ok. I have used other products before. This has less skin irritation, less of a residue by comparison. None of them smell good. Perhaps they do that to encourage you to wash off area used as soon as possible. (Using with Dexcon G6 sensors patchs, sometimes a plastic adhesive overlay to supplement the tape on sensor)",7/13/2022,3.0,Yes,0,0.6573,0.135,0.048,0.817,0.0321368426084518,0.2153929620981216,0.004315863829106,0.0085462257266044,0.7244153618812561,0.010588651522994,0.0046040886081755,0.6573,0.135,0.048,0.817,0.03213683143258095,0.21539272367954254,0.004315865226089954,0.008546224795281887,0.7244156002998352,0.01058864500373602,0.004604085814207792
636,636,"Uni Solve 402300 Adhesive Remover Wipe, Pack of 76","Uni Solve Adhesive Remover Wipes, 50 Each. Precautions:Use only as directed. For external use only. Avoid contact with eyes. Vapour may be harmful - use with adequate ventilation. Flammable. Do not use near heat, sparks or open flame. Keep out of reach of children. Avoid contact with painted/finished surfaces. Do not apply to open wounds or mucous membranes.Indications:Indicated for the removal of adhesive devices. Indicated for the removal of adhesive residue from skin.Softens adhesive on tapes, films and appliances thereby minimizing trauma caused by adhesive removal.INSTRUCTIONS FOR USE:Step 1:Apply UNI-SOLVE Adhesive Remover with cotton applicator, or gauze to edge of tape or appliance.Squeeze gently so fluid flows between skin and adhesive.Step 2:Wash skin with soap and water, rinse, and pat dry.",G. Plant,"Works, stinky","The product works as advertised, however it has a very strong odor my wife and I found unpleasant. The clinic gave us a sample of the product they use (PDI) and it works as well without the odor.",5/11/2023,3.0,Yes,0,0.3804,0.14,0.076,0.784,0.0031810877844691,0.9600280523300172,0.0044594490900635,0.0016018137102946,0.0225425343960523,0.0072615905664861,0.0009254868491552,0.3804,0.14,0.076,0.784,0.0031810838263481855,0.9600281715393066,0.00445944769307971,0.001601810217835009,0.02254246547818184,0.007261588238179684,0.0009254847536794841
637,637,"Uni Solve 402300 Adhesive Remover Wipe, Pack of 77","Uni Solve Adhesive Remover Wipes, 50 Each. Precautions:Use only as directed. For external use only. Avoid contact with eyes. Vapour may be harmful - use with adequate ventilation. Flammable. Do not use near heat, sparks or open flame. Keep out of reach of children. Avoid contact with painted/finished surfaces. Do not apply to open wounds or mucous membranes.Indications:Indicated for the removal of adhesive devices. Indicated for the removal of adhesive residue from skin.Softens adhesive on tapes, films and appliances thereby minimizing trauma caused by adhesive removal.INSTRUCTIONS FOR USE:Step 1:Apply UNI-SOLVE Adhesive Remover with cotton applicator, or gauze to edge of tape or appliance.Squeeze gently so fluid flows between skin and adhesive.Step 2:Wash skin with soap and water, rinse, and pat dry.",Amazon Customer,Does not work like the bottled liquid.,"Apparently Johnson  & Nephew have run out or discontinued the liquid, bottled version of this adhesive remover, at least I have not been able to find it anywhere, I hope to find it again real soon because nothing works as well. Without it I will be experiencing a lot of unnecessary pain when removing my bandages. NOT GOOD!!!  I hope Amazon will investigate this and somehow find a way to supply us with Johnson & nephew  Adhesive remover. It is the bet, I have found nothing that is near as good as Johnson & nephews liquid in the 8 oz bottle. I am 70 years old and I do not work for Johnson & nephew or anyone affiliated with them. This is one of very ew reviews I have ever written anywhere.",1/7/2024,1.0,Yes,4,0.249,0.067,0.081,0.852,0.0100382417440414,0.0179529767483472,0.0133977103978395,0.0066087613813579,0.4130826890468597,0.4037496149539947,0.1351700127124786,0.249,0.067,0.081,0.852,0.010038257576525211,0.01795295812189579,0.013397695496678352,0.006608758121728897,0.4130822718143463,0.4037497937679291,0.13517026603221893
638,638,"Uni Solve 402300 Adhesive Remover Wipe, Pack of 78","Uni Solve Adhesive Remover Wipes, 50 Each. Precautions:Use only as directed. For external use only. Avoid contact with eyes. Vapour may be harmful - use with adequate ventilation. Flammable. Do not use near heat, sparks or open flame. Keep out of reach of children. Avoid contact with painted/finished surfaces. Do not apply to open wounds or mucous membranes.Indications:Indicated for the removal of adhesive devices. Indicated for the removal of adhesive residue from skin.Softens adhesive on tapes, films and appliances thereby minimizing trauma caused by adhesive removal.INSTRUCTIONS FOR USE:Step 1:Apply UNI-SOLVE Adhesive Remover with cotton applicator, or gauze to edge of tape or appliance.Squeeze gently so fluid flows between skin and adhesive.Step 2:Wash skin with soap and water, rinse, and pat dry.",Alexa Scott,Effective but damaged,The envelope was fine but the product inside was crushed. These adhesive removers work great (I've used them before) but I definitely wouldn't buy from this seller again. One of the main ingredients is Isopropyl Alcohol which most people have in their cabinets. It's probably just as effective to use a cotton swab with rubbing alcohol to gently remove adhesive.,6/24/2022,3.0,Yes,0,0.9437,0.252,0.05,0.698,0.0506363548338413,0.3012213110923767,0.0139545183628797,0.0045929905027151,0.6013863682746887,0.0209918059408664,0.0072167012840509,0.9437,0.252,0.05,0.698,0.05063646659255028,0.3012216091156006,0.013954540714621544,0.0045929825864732265,0.6013858318328857,0.02099183201789856,0.00721670500934124
639,639,"Uni Solve 402300 Adhesive Remover Wipe, Pack of 79","Uni Solve Adhesive Remover Wipes, 50 Each. Precautions:Use only as directed. For external use only. Avoid contact with eyes. Vapour may be harmful - use with adequate ventilation. Flammable. Do not use near heat, sparks or open flame. Keep out of reach of children. Avoid contact with painted/finished surfaces. Do not apply to open wounds or mucous membranes.Indications:Indicated for the removal of adhesive devices. Indicated for the removal of adhesive residue from skin.Softens adhesive on tapes, films and appliances thereby minimizing trauma caused by adhesive removal.INSTRUCTIONS FOR USE:Step 1:Apply UNI-SOLVE Adhesive Remover with cotton applicator, or gauze to edge of tape or appliance.Squeeze gently so fluid flows between skin and adhesive.Step 2:Wash skin with soap and water, rinse, and pat dry.",thescarletterosedc,Dries up almost instantly,"Loves that it comes with individally packaged wipes so I don't have to use my own wipes for removing tear mender fabric glue. However, within minutes of opening they already dried up. This is my first time using unisolve so not sure if it's supposed to be like this as compared to its counterparts (non-wipes). Also, wish the wipes were bigger. Lastly, the product has a weird smell to it but maybe I am just not used to it.",5/9/2022,3.0,Yes,0,0.4552,0.074,0.037,0.888,0.0090300338342785,0.5786529183387756,0.0224080793559551,0.0025307959876954,0.2831490635871887,0.0124925216659903,0.0917366817593574,0.4552,0.074,0.037,0.888,0.009030034765601158,0.5786535143852234,0.02240808494389057,0.002530791563913226,0.28314849734306335,0.012492498382925987,0.09173662215471268
640,640,"Uni Solve 402300 Adhesive Remover Wipe, Pack of 80","Uni Solve Adhesive Remover Wipes, 50 Each. Precautions:Use only as directed. For external use only. Avoid contact with eyes. Vapour may be harmful - use with adequate ventilation. Flammable. Do not use near heat, sparks or open flame. Keep out of reach of children. Avoid contact with painted/finished surfaces. Do not apply to open wounds or mucous membranes.Indications:Indicated for the removal of adhesive devices. Indicated for the removal of adhesive residue from skin.Softens adhesive on tapes, films and appliances thereby minimizing trauma caused by adhesive removal.INSTRUCTIONS FOR USE:Step 1:Apply UNI-SOLVE Adhesive Remover with cotton applicator, or gauze to edge of tape or appliance.Squeeze gently so fluid flows between skin and adhesive.Step 2:Wash skin with soap and water, rinse, and pat dry.",DeAnna,Horrible odor-do not use on face,"The only reason I gave a three star review is because the smell of this product is horrible! It wouldn’t be so bad if I wasn’t using it on my infants face to remove tape holding his feeding tube in his nose. This takes his breath away and the smell lingers for hours after use. If you are using it for any other part of the body, great! But if it’s being used on the face I would not recommend.",1/10/2022,3.0,Yes,5,-0.6902,0.031,0.1,0.87,0.0090276077389717,0.9415146112442015,0.0304585974663496,0.0006408966146409,0.0118801025673747,0.0043236562050879,0.0021546683274209,-0.6902,0.031,0.1,0.87,0.009027603082358837,0.9415146112442017,0.030458586290478706,0.0006408962653949857,0.011880097910761833,0.004323651548475027,0.002154666231945157
641,641,"Uni Solve 402300 Adhesive Remover Wipe, Pack of 81","Uni Solve Adhesive Remover Wipes, 50 Each. Precautions:Use only as directed. For external use only. Avoid contact with eyes. Vapour may be harmful - use with adequate ventilation. Flammable. Do not use near heat, sparks or open flame. Keep out of reach of children. Avoid contact with painted/finished surfaces. Do not apply to open wounds or mucous membranes.Indications:Indicated for the removal of adhesive devices. Indicated for the removal of adhesive residue from skin.Softens adhesive on tapes, films and appliances thereby minimizing trauma caused by adhesive removal.INSTRUCTIONS FOR USE:Step 1:Apply UNI-SOLVE Adhesive Remover with cotton applicator, or gauze to edge of tape or appliance.Squeeze gently so fluid flows between skin and adhesive.Step 2:Wash skin with soap and water, rinse, and pat dry.",j.,Oily product,This works ok but leaves the skin feeling oily and takes a bit more rubbing to get all the adhesive off.,3/14/2023,3.0,Yes,0,0.3291,0.157,0.0,0.843,0.0151517465710639,0.644226610660553,0.0075054527260363,0.0050950339064002,0.1687124669551849,0.154403880238533,0.0049048797227442,0.3291,0.157,0.0,0.843,0.015151707455515862,0.6442267298698425,0.007505443878471851,0.005095037631690502,0.16871246695518494,0.15440379083156586,0.004904875997453928
642,642,"Uni Solve 402300 Adhesive Remover Wipe, Pack of 82","Uni Solve Adhesive Remover Wipes, 50 Each. Precautions:Use only as directed. For external use only. Avoid contact with eyes. Vapour may be harmful - use with adequate ventilation. Flammable. Do not use near heat, sparks or open flame. Keep out of reach of children. Avoid contact with painted/finished surfaces. Do not apply to open wounds or mucous membranes.Indications:Indicated for the removal of adhesive devices. Indicated for the removal of adhesive residue from skin.Softens adhesive on tapes, films and appliances thereby minimizing trauma caused by adhesive removal.INSTRUCTIONS FOR USE:Step 1:Apply UNI-SOLVE Adhesive Remover with cotton applicator, or gauze to edge of tape or appliance.Squeeze gently so fluid flows between skin and adhesive.Step 2:Wash skin with soap and water, rinse, and pat dry.",David M,"It works, but has a lingering unpleasant scent.","The remover itself works great, but it seems like the manufacturer has added an unpleasant (to us) fragrance that lingers for more than a day, and is hard to wash off of hands. Other products' scents go away as soon as the solvents evaporate, which is far preferable to us. We're unable to use this product due to that scent.",8/31/2023,2.0,Yes,0,0.0129,0.087,0.086,0.826,0.0071472031995654,0.8651771545410156,0.0093911448493599,0.0021975846029818,0.0760374441742897,0.0380986221134662,0.0019508048426359,0.0129,0.087,0.086,0.826,0.007147200871258974,0.8651772141456604,0.009391150437295437,0.0021975869312882423,0.07603738456964493,0.038098618388175964,0.00195080426055938
643,643,"Uni Solve 402300 Adhesive Remover Wipe, Pack of 83","Uni Solve Adhesive Remover Wipes, 50 Each. Precautions:Use only as directed. For external use only. Avoid contact with eyes. Vapour may be harmful - use with adequate ventilation. Flammable. Do not use near heat, sparks or open flame. Keep out of reach of children. Avoid contact with painted/finished surfaces. Do not apply to open wounds or mucous membranes.Indications:Indicated for the removal of adhesive devices. Indicated for the removal of adhesive residue from skin.Softens adhesive on tapes, films and appliances thereby minimizing trauma caused by adhesive removal.INSTRUCTIONS FOR USE:Step 1:Apply UNI-SOLVE Adhesive Remover with cotton applicator, or gauze to edge of tape or appliance.Squeeze gently so fluid flows between skin and adhesive.Step 2:Wash skin with soap and water, rinse, and pat dry.",Mahina,Not quite for us,My daughter has a NG tube and we had the adhesive spray but I wanted to try this. This particular brand has a very strong smell. It’s also very oily. After removing the tape on my daughters face I need to wipe it down just to remove the oil. I will still use it because it was $10 and I don’t have anything else but I will probably go with another brand when I’m out.,9/1/2021,3.0,Yes,0,0.7086,0.068,0.0,0.932,0.0089768907055258,0.8986865282058716,0.0109829306602478,0.001340287621133,0.0643025338649749,0.0132856974378228,0.00242500170134,0.7086,0.068,0.0,0.932,0.008976897224783897,0.8986864686012268,0.01098295021802187,0.0013402882032096386,0.06430258601903915,0.013285701163113117,0.002425003796815872
644,644,"Uni Solve 402300 Adhesive Remover Wipe, Pack of 84","Uni Solve Adhesive Remover Wipes, 50 Each. Precautions:Use only as directed. For external use only. Avoid contact with eyes. Vapour may be harmful - use with adequate ventilation. Flammable. Do not use near heat, sparks or open flame. Keep out of reach of children. Avoid contact with painted/finished surfaces. Do not apply to open wounds or mucous membranes.Indications:Indicated for the removal of adhesive devices. Indicated for the removal of adhesive residue from skin.Softens adhesive on tapes, films and appliances thereby minimizing trauma caused by adhesive removal.INSTRUCTIONS FOR USE:Step 1:Apply UNI-SOLVE Adhesive Remover with cotton applicator, or gauze to edge of tape or appliance.Squeeze gently so fluid flows between skin and adhesive.Step 2:Wash skin with soap and water, rinse, and pat dry.",Nurse Anne,Great for most but not for some plastics,"These are generally helpful and easier to carry with me at work than a bottle of goo gone.  I donate prescription & over-the-counter med bottles to my favorite charity, Matthew 25 ministries.  These did not remove my prescription labels well.  It left a sticky residue that I can’t remove and caused an opacity of the plastic’s appearance.  I am glad they are gentle on the skin, although I never use them on the skin without having soap and water handy for removal of any trace of residual product.",9/27/2020,3.0,Yes,0,0.9545,0.208,0.0,0.792,0.0042662103660404,0.0225994512438774,0.0024403820279985,0.7862272262573242,0.1679127961397171,0.0114096188917756,0.0051444228738546,0.9545,0.208,0.0,0.792,0.004266211297363043,0.022599443793296814,0.0024403792340308428,0.7862273454666138,0.1679125875234604,0.011409604921936989,0.005144421476870775
645,645,"Uni Solve 402300 Adhesive Remover Wipe, Pack of 85","Uni Solve Adhesive Remover Wipes, 50 Each. Precautions:Use only as directed. For external use only. Avoid contact with eyes. Vapour may be harmful - use with adequate ventilation. Flammable. Do not use near heat, sparks or open flame. Keep out of reach of children. Avoid contact with painted/finished surfaces. Do not apply to open wounds or mucous membranes.Indications:Indicated for the removal of adhesive devices. Indicated for the removal of adhesive residue from skin.Softens adhesive on tapes, films and appliances thereby minimizing trauma caused by adhesive removal.INSTRUCTIONS FOR USE:Step 1:Apply UNI-SOLVE Adhesive Remover with cotton applicator, or gauze to edge of tape or appliance.Squeeze gently so fluid flows between skin and adhesive.Step 2:Wash skin with soap and water, rinse, and pat dry.",Cindy,It didn't work for us!,"This although it removed the tender grips for the  oxygen cannula that my son uses, it left behind a sticky residue and made my son's cheeck look so dirty and unable to place a new tender grip since the residue left behind attract dirt and stuff. I would not recommend it to someone that uses tender grips or hypafix tape. Apart from that it has a strong alcohol smell to it that made my son (11month old) fight it off. I guess it works on adults and for some kind of other scenarios but not for our needs. Will have to buy a different brand, the one  that i have tried that actually works. I thought of saving a few bucks with this but instead now i just wasted it on a useless product.",2/4/2021,2.0,Yes,6,-0.8892,0.029,0.115,0.856,0.0080451471731066,0.9350325465202332,0.0034932664129883,0.0009868703782558,0.0368097499012947,0.0139527851715683,0.0016795116243883,-0.8892,0.029,0.115,0.856,0.008045150898396969,0.9350325465202332,0.003493264550343156,0.0009868694469332695,0.03680973872542381,0.013952772133052349,0.001679510110989213
646,646,"Uni Solve 402300 Adhesive Remover Wipe, Pack of 86","Uni Solve Adhesive Remover Wipes, 50 Each. Precautions:Use only as directed. For external use only. Avoid contact with eyes. Vapour may be harmful - use with adequate ventilation. Flammable. Do not use near heat, sparks or open flame. Keep out of reach of children. Avoid contact with painted/finished surfaces. Do not apply to open wounds or mucous membranes.Indications:Indicated for the removal of adhesive devices. Indicated for the removal of adhesive residue from skin.Softens adhesive on tapes, films and appliances thereby minimizing trauma caused by adhesive removal.INSTRUCTIONS FOR USE:Step 1:Apply UNI-SOLVE Adhesive Remover with cotton applicator, or gauze to edge of tape or appliance.Squeeze gently so fluid flows between skin and adhesive.Step 2:Wash skin with soap and water, rinse, and pat dry.",Motherof10,Product is Good,In all fairness the product works well. Had to toss the box and buy elsewhere because the envelope it was shipped in was full of what looked like coffee and was still wet and when I ripped it open it was all wet. This was not the fault of the manufacturer. Was a very strange situation. To be clear this product removes the adhesive from skin and works well.,5/4/2021,3.0,Yes,0,0.8159,0.155,0.028,0.817,0.0117056760936975,0.0730721279978752,0.0100148580968379,0.0062968716956675,0.8086284399032593,0.0050855940207839,0.0851964652538299,0.8159,0.155,0.028,0.817,0.011705680750310421,0.07307210564613342,0.010014861822128296,0.006296877283602953,0.8086284399032593,0.0050855837762355804,0.08519646525382996
647,647,"Uni Solve 402300 Adhesive Remover Wipe, Pack of 87","Uni Solve Adhesive Remover Wipes, 50 Each. Precautions:Use only as directed. For external use only. Avoid contact with eyes. Vapour may be harmful - use with adequate ventilation. Flammable. Do not use near heat, sparks or open flame. Keep out of reach of children. Avoid contact with painted/finished surfaces. Do not apply to open wounds or mucous membranes.Indications:Indicated for the removal of adhesive devices. Indicated for the removal of adhesive residue from skin.Softens adhesive on tapes, films and appliances thereby minimizing trauma caused by adhesive removal.INSTRUCTIONS FOR USE:Step 1:Apply UNI-SOLVE Adhesive Remover with cotton applicator, or gauze to edge of tape or appliance.Squeeze gently so fluid flows between skin and adhesive.Step 2:Wash skin with soap and water, rinse, and pat dry.",mike ross,Will not allow me to return,I bought this product hoping it would help remove a sticky adhesive off my skin. Turns out i am allergic to the adhesive so i won’t be needing the remover. The item says it’s returnable but everytime i try to return it i get directed to a solution instead of just letting me return it. BTW this is on a unopened package.,3/21/2024,1.0,Yes,0,0.6249,0.115,0.027,0.858,0.0360136702656745,0.0378908365964889,0.007533358875662,0.0039401100948452,0.5946053862571716,0.1503635495901107,0.1696530729532241,0.6249,0.115,0.027,0.858,0.03601372241973877,0.03789086267352104,0.007533363066613674,0.003940119873732328,0.5946052074432373,0.15036389231681824,0.16965284943580627
648,648,"Uni Solve 402300 Adhesive Remover Wipe, Pack of 88","Uni Solve Adhesive Remover Wipes, 50 Each. Precautions:Use only as directed. For external use only. Avoid contact with eyes. Vapour may be harmful - use with adequate ventilation. Flammable. Do not use near heat, sparks or open flame. Keep out of reach of children. Avoid contact with painted/finished surfaces. Do not apply to open wounds or mucous membranes.Indications:Indicated for the removal of adhesive devices. Indicated for the removal of adhesive residue from skin.Softens adhesive on tapes, films and appliances thereby minimizing trauma caused by adhesive removal.INSTRUCTIONS FOR USE:Step 1:Apply UNI-SOLVE Adhesive Remover with cotton applicator, or gauze to edge of tape or appliance.Squeeze gently so fluid flows between skin and adhesive.Step 2:Wash skin with soap and water, rinse, and pat dry.",Lindsey Ghost,I was allergic to them.,"These worked very well at removing surgical adhesive a few weeks post op. However, I developed a rash where I used them and realized that I was probably allergic to something in them.",8/17/2022,3.0,Yes,0,-0.3626,0.074,0.152,0.774,0.0283570624887943,0.3923943340778351,0.1075433492660522,0.0061384569853544,0.4044593274593353,0.0394685268402099,0.0216389596462249,-0.3626,0.074,0.152,0.774,0.028357094153761864,0.39239445328712463,0.10754352062940598,0.006138458847999573,0.4044589102268219,0.03946856036782265,0.021638981997966766
649,649,"Uni Solve 402300 Adhesive Remover Wipe, Pack of 89","Uni Solve Adhesive Remover Wipes, 50 Each. Precautions:Use only as directed. For external use only. Avoid contact with eyes. Vapour may be harmful - use with adequate ventilation. Flammable. Do not use near heat, sparks or open flame. Keep out of reach of children. Avoid contact with painted/finished surfaces. Do not apply to open wounds or mucous membranes.Indications:Indicated for the removal of adhesive devices. Indicated for the removal of adhesive residue from skin.Softens adhesive on tapes, films and appliances thereby minimizing trauma caused by adhesive removal.INSTRUCTIONS FOR USE:Step 1:Apply UNI-SOLVE Adhesive Remover with cotton applicator, or gauze to edge of tape or appliance.Squeeze gently so fluid flows between skin and adhesive.Step 2:Wash skin with soap and water, rinse, and pat dry.",KIM,Smells like gasoline,Very very toxic,11/1/2024,1.0,Yes,0,0.0,0.0,0.0,1.0,0.0143922381103038,0.9134994745254515,0.020358856767416,0.0013106017140671,0.0273334793746471,0.0201546158641576,0.0029507135041058,0.0,0.0,0.0,1.0,0.014392238110303879,0.9134994745254517,0.020358866080641747,0.001310601714067161,0.027333471924066544,0.020154615864157677,0.0029507135041058064
650,650,"Uni Solve 402300 Adhesive Remover Wipe, Pack of 90","Uni Solve Adhesive Remover Wipes, 50 Each. Precautions:Use only as directed. For external use only. Avoid contact with eyes. Vapour may be harmful - use with adequate ventilation. Flammable. Do not use near heat, sparks or open flame. Keep out of reach of children. Avoid contact with painted/finished surfaces. Do not apply to open wounds or mucous membranes.Indications:Indicated for the removal of adhesive devices. Indicated for the removal of adhesive residue from skin.Softens adhesive on tapes, films and appliances thereby minimizing trauma caused by adhesive removal.INSTRUCTIONS FOR USE:Step 1:Apply UNI-SOLVE Adhesive Remover with cotton applicator, or gauze to edge of tape or appliance.Squeeze gently so fluid flows between skin and adhesive.Step 2:Wash skin with soap and water, rinse, and pat dry.",Felicia,Nope,The product works great but the scent is horrible and. long-laasting.,10/14/2024,1.0,Yes,0,-0.4939,0.156,0.291,0.552,0.0111850192770361,0.8308303952217102,0.1274608522653579,0.0022417418658733,0.0056725987233221,0.0204386822879314,0.0021707811392843,-0.4939,0.156,0.291,0.552,0.011185036040842533,0.8308299779891968,0.1274610310792923,0.0022417427971959114,0.005672612227499485,0.02043871209025383,0.00217078416608274
651,651,"Uni Solve 402300 Adhesive Remover Wipe, Pack of 91","Uni Solve Adhesive Remover Wipes, 50 Each. Precautions:Use only as directed. For external use only. Avoid contact with eyes. Vapour may be harmful - use with adequate ventilation. Flammable. Do not use near heat, sparks or open flame. Keep out of reach of children. Avoid contact with painted/finished surfaces. Do not apply to open wounds or mucous membranes.Indications:Indicated for the removal of adhesive devices. Indicated for the removal of adhesive residue from skin.Softens adhesive on tapes, films and appliances thereby minimizing trauma caused by adhesive removal.INSTRUCTIONS FOR USE:Step 1:Apply UNI-SOLVE Adhesive Remover with cotton applicator, or gauze to edge of tape or appliance.Squeeze gently so fluid flows between skin and adhesive.Step 2:Wash skin with soap and water, rinse, and pat dry.",Jason,Horrible smell and burns my skin,"I purchased these wipes to help remove medical tape from my face (which I use with my CPAP device). As soon as I tore one open I got hit with a ridiculously strong ""cinnamon"" smell. I'm not sure why it smelled that way, but it smelled like some sort f candy. I tried using it to remove the tape from the side of my face and wow did it burn my skin. I immediately went to the bathroom to try to stop the burning and it was just a very uncomfortable experience because I still had the tape attached to me and my skin suddenly felt like it was on fire. I though maybe I had an allergic reaction to the wipes, but on testing them out they only affect the skin on my face. My hands, arms, etc don't burn when applying the solvent but my face does! The only reason I got it was to try to make the process of pulling my face mask off in the morning less painful. Doesn't seem to do the trick and the residue also hangs around for a while with that awful cinnamon smell. Would definitely not recommend this product in any situation except for... Nevermind I just wouldn't recommend this product.",2/28/2019,1.0,Yes,0,-0.8318,0.084,0.132,0.784,0.0154348351061344,0.7721883058547974,0.116408959031105,0.0015815235674381,0.0188748482614755,0.0154597610235214,0.0600518248975276,-0.8318,0.084,0.132,0.784,0.015434822998940945,0.7721883058547974,0.1164088100194931,0.0015815228689461946,0.018874866887927055,0.015459763817489147,0.060051869601011276
652,652,"Uni Solve 402300 Adhesive Remover Wipe, Pack of 92","Uni Solve Adhesive Remover Wipes, 50 Each. Precautions:Use only as directed. For external use only. Avoid contact with eyes. Vapour may be harmful - use with adequate ventilation. Flammable. Do not use near heat, sparks or open flame. Keep out of reach of children. Avoid contact with painted/finished surfaces. Do not apply to open wounds or mucous membranes.Indications:Indicated for the removal of adhesive devices. Indicated for the removal of adhesive residue from skin.Softens adhesive on tapes, films and appliances thereby minimizing trauma caused by adhesive removal.INSTRUCTIONS FOR USE:Step 1:Apply UNI-SOLVE Adhesive Remover with cotton applicator, or gauze to edge of tape or appliance.Squeeze gently so fluid flows between skin and adhesive.Step 2:Wash skin with soap and water, rinse, and pat dry.",Kristy,Not great,"I had hoped this solvent would soak through the large adhesive bandage, but the little wipes don't hold enough to saturate, even if I use 2 or 3. A spray would probably be better. Even so, this doesn't work any better than oil to remove the sticky residue.",8/21/2021,3.0,Yes,0,0.8591,0.188,0.0,0.812,0.0261828247457742,0.4850468039512634,0.0073570543900132,0.003086416516453,0.4348424077033996,0.0356947891414165,0.0077896774746477,0.8591,0.188,0.0,0.812,0.02618282474577427,0.485046923160553,0.0073570492677390575,0.0030864172149449587,0.4348423480987549,0.035694751888513565,0.007789671886712313
653,653,"Uni Solve 402300 Adhesive Remover Wipe, Pack of 93","Uni Solve Adhesive Remover Wipes, 50 Each. Precautions:Use only as directed. For external use only. Avoid contact with eyes. Vapour may be harmful - use with adequate ventilation. Flammable. Do not use near heat, sparks or open flame. Keep out of reach of children. Avoid contact with painted/finished surfaces. Do not apply to open wounds or mucous membranes.Indications:Indicated for the removal of adhesive devices. Indicated for the removal of adhesive residue from skin.Softens adhesive on tapes, films and appliances thereby minimizing trauma caused by adhesive removal.INSTRUCTIONS FOR USE:Step 1:Apply UNI-SOLVE Adhesive Remover with cotton applicator, or gauze to edge of tape or appliance.Squeeze gently so fluid flows between skin and adhesive.Step 2:Wash skin with soap and water, rinse, and pat dry.",Kris H. Freyermuth,Really not worth it...,I bought this hoping it would help remove the adhesive stuck to the bottom of my wife's foot after removing a very sticky felt pad the doctor attached. It worked no better than alcohol swabs and cost 5x as much.,10/24/2021,3.0,Yes,0,0.6369,0.184,0.092,0.724,0.0247245524078607,0.3557131290435791,0.004705935716629,0.0146232675760984,0.5715515613555908,0.0173442587256431,0.011337243951857,0.6369,0.184,0.092,0.724,0.024724552407860756,0.35571372509002686,0.0047059315256774426,0.014623233117163181,0.5715510845184326,0.01734425500035286,0.011337232775986195
654,654,"Uni Solve 402300 Adhesive Remover Wipe, Pack of 94","Uni Solve Adhesive Remover Wipes, 50 Each. Precautions:Use only as directed. For external use only. Avoid contact with eyes. Vapour may be harmful - use with adequate ventilation. Flammable. Do not use near heat, sparks or open flame. Keep out of reach of children. Avoid contact with painted/finished surfaces. Do not apply to open wounds or mucous membranes.Indications:Indicated for the removal of adhesive devices. Indicated for the removal of adhesive residue from skin.Softens adhesive on tapes, films and appliances thereby minimizing trauma caused by adhesive removal.INSTRUCTIONS FOR USE:Step 1:Apply UNI-SOLVE Adhesive Remover with cotton applicator, or gauze to edge of tape or appliance.Squeeze gently so fluid flows between skin and adhesive.Step 2:Wash skin with soap and water, rinse, and pat dry.",Catilyn Harrigan,Eh,The bottle of it is so much better I bought these for my emergency kit in case a cgm sensor needed to be changed.,10/13/2023,2.0,Yes,0,0.1477,0.123,0.101,0.776,0.0041128103621304,0.0036168182268738,0.0028342688456177,0.0210242178291082,0.9313595294952391,0.0061557749286293,0.0308966301381587,0.1477,0.123,0.101,0.776,0.004112804774194956,0.0036168149672448635,0.002834264887496829,0.02102419175207615,0.9313595294952393,0.0061557660810649395,0.030896609649062157
655,655,"Uni Solve 402300 Adhesive Remover Wipe, Pack of 95","Uni Solve Adhesive Remover Wipes, 50 Each. Precautions:Use only as directed. For external use only. Avoid contact with eyes. Vapour may be harmful - use with adequate ventilation. Flammable. Do not use near heat, sparks or open flame. Keep out of reach of children. Avoid contact with painted/finished surfaces. Do not apply to open wounds or mucous membranes.Indications:Indicated for the removal of adhesive devices. Indicated for the removal of adhesive residue from skin.Softens adhesive on tapes, films and appliances thereby minimizing trauma caused by adhesive removal.INSTRUCTIONS FOR USE:Step 1:Apply UNI-SOLVE Adhesive Remover with cotton applicator, or gauze to edge of tape or appliance.Squeeze gently so fluid flows between skin and adhesive.Step 2:Wash skin with soap and water, rinse, and pat dry.",D. R. Berger,Work but leave residue,"They helped remove the tape around my ostomy bag (hurray) - but they left a lot of the glue residue on my body, which was a drag (boo). I wound up switching products to Hollister, and have found that I don't need these to get the Hollister tape off of me. If you're finding it necessary to use these, you might want to experiment with different bag manufacturers to see if a different product will suit you better, as that worked for me (tried several different bags from Convatec, then Coloplast, and finally had good luck with Hollister).",1/18/2016,3.0,Yes,7,0.8957,0.128,0.023,0.849,0.0092680715024471,0.0476632378995418,0.0022472068667411,0.0110596576705574,0.875820517539978,0.0332056805491447,0.0207355972379446,0.8957,0.128,0.023,0.849,0.009268063120543957,0.04766323044896126,0.002247205702587962,0.0110596539452672,0.8758205771446228,0.033205676823854446,0.02073558419942856
656,656,"Uni Solve 402300 Adhesive Remover Wipe, Pack of 96","Uni Solve Adhesive Remover Wipes, 50 Each. Precautions:Use only as directed. For external use only. Avoid contact with eyes. Vapour may be harmful - use with adequate ventilation. Flammable. Do not use near heat, sparks or open flame. Keep out of reach of children. Avoid contact with painted/finished surfaces. Do not apply to open wounds or mucous membranes.Indications:Indicated for the removal of adhesive devices. Indicated for the removal of adhesive residue from skin.Softens adhesive on tapes, films and appliances thereby minimizing trauma caused by adhesive removal.INSTRUCTIONS FOR USE:Step 1:Apply UNI-SOLVE Adhesive Remover with cotton applicator, or gauze to edge of tape or appliance.Squeeze gently so fluid flows between skin and adhesive.Step 2:Wash skin with soap and water, rinse, and pat dry.",Randy L.,Fair to good product.,"I'm giving this a 3-Star, because they work, but not well for me.They work as advertised. They do remove any gummy tape residue easily and quickly. But if you have any problem with alcohol, they aren't for you. If you have any kind of cut, scratch or abrasion, it will burn like crazy. Also the alcohol dries the skin which is already stressed from the dressing that was on it and it's removal. And I find that that stings nearly as bad, as well as it weakening the skin by drying it.",6/2/2016,3.0,Yes,3,-0.9511,0.072,0.223,0.705,0.0778072029352188,0.3987689614295959,0.0115614468231797,0.0020778856705874,0.4623843431472778,0.0392331220209598,0.0081669483333826,-0.9511,0.072,0.223,0.705,0.07780715078115463,0.3987690210342407,0.011561458930373192,0.0020778877660632133,0.46238434314727783,0.03923313319683075,0.00816694088280201
657,657,"Uni Solve 402300 Adhesive Remover Wipe, Pack of 97","Uni Solve Adhesive Remover Wipes, 50 Each. Precautions:Use only as directed. For external use only. Avoid contact with eyes. Vapour may be harmful - use with adequate ventilation. Flammable. Do not use near heat, sparks or open flame. Keep out of reach of children. Avoid contact with painted/finished surfaces. Do not apply to open wounds or mucous membranes.Indications:Indicated for the removal of adhesive devices. Indicated for the removal of adhesive residue from skin.Softens adhesive on tapes, films and appliances thereby minimizing trauma caused by adhesive removal.INSTRUCTIONS FOR USE:Step 1:Apply UNI-SOLVE Adhesive Remover with cotton applicator, or gauze to edge of tape or appliance.Squeeze gently so fluid flows between skin and adhesive.Step 2:Wash skin with soap and water, rinse, and pat dry.",Rita,Just alcohol wipes,"My physician recently RX'ed one the blood sugar monitors to keep track of my glucose levels. The sensor leaves a residue when I take it off my arm. So I bought these thinking they would, as marketed, remove the adhesive. Wrong! It's mostly just alcohol so I would've done better simply using the alcohol wipes I already had.",8/7/2020,3.0,Yes,0,0.0915,0.06,0.054,0.886,0.1379631012678146,0.2673974335193634,0.0088698957115411,0.0030942668672651,0.5286077260971069,0.0296500660479068,0.0244175232946872,0.0915,0.06,0.054,0.886,0.1379631757736206,0.2673972249031067,0.008869890123605728,0.0030942619778215885,0.5286079049110413,0.029650064185261726,0.02441749908030033
658,658,"Uni Solve 402300 Adhesive Remover Wipe, Pack of 98","Uni Solve Adhesive Remover Wipes, 50 Each. Precautions:Use only as directed. For external use only. Avoid contact with eyes. Vapour may be harmful - use with adequate ventilation. Flammable. Do not use near heat, sparks or open flame. Keep out of reach of children. Avoid contact with painted/finished surfaces. Do not apply to open wounds or mucous membranes.Indications:Indicated for the removal of adhesive devices. Indicated for the removal of adhesive residue from skin.Softens adhesive on tapes, films and appliances thereby minimizing trauma caused by adhesive removal.INSTRUCTIONS FOR USE:Step 1:Apply UNI-SOLVE Adhesive Remover with cotton applicator, or gauze to edge of tape or appliance.Squeeze gently so fluid flows between skin and adhesive.Step 2:Wash skin with soap and water, rinse, and pat dry.",Lynne D,Works as Intended,It works like it's suppose to but it's very messy,12/16/2023,2.0,Yes,0,-0.4478,0.13,0.275,0.595,0.0121103618294,0.3109403550624847,0.0130587201565504,0.0135802440345287,0.4226198196411133,0.2107467949390411,0.0169437136501073,-0.4478,0.13,0.275,0.595,0.012110358104109764,0.31094029545783997,0.01305870246142149,0.013580230064690113,0.42262008786201477,0.21074657142162323,0.016943732276558876
659,659,"Uni Solve 402300 Adhesive Remover Wipe, Pack of 99","Uni Solve Adhesive Remover Wipes, 50 Each. Precautions:Use only as directed. For external use only. Avoid contact with eyes. Vapour may be harmful - use with adequate ventilation. Flammable. Do not use near heat, sparks or open flame. Keep out of reach of children. Avoid contact with painted/finished surfaces. Do not apply to open wounds or mucous membranes.Indications:Indicated for the removal of adhesive devices. Indicated for the removal of adhesive residue from skin.Softens adhesive on tapes, films and appliances thereby minimizing trauma caused by adhesive removal.INSTRUCTIONS FOR USE:Step 1:Apply UNI-SOLVE Adhesive Remover with cotton applicator, or gauze to edge of tape or appliance.Squeeze gently so fluid flows between skin and adhesive.Step 2:Wash skin with soap and water, rinse, and pat dry.",Chen,Don't use if you have latex allergies,I developed a rash after using the uni solve.  Don't use if you have latex allergies.  I must say though that they work really well at removing the adhesive.  I am donating the rest of mine to the diabetes education center that i go to for them to give out for people to try.,2/14/2020,3.0,Yes,0,0.1263,0.079,0.051,0.87,0.0428704060614109,0.0369292125105857,0.0833652690052986,0.0351672768592834,0.6295357942581177,0.1337288171052932,0.0384031645953655,0.1263,0.079,0.051,0.87,0.04287034645676613,0.036929212510585785,0.08336538076400757,0.03516732156276703,0.6295357942581177,0.1337287575006485,0.03840317577123642
660,660,"Uni Solve 402300 Adhesive Remover Wipe, Pack of 100","Uni Solve Adhesive Remover Wipes, 50 Each. Precautions:Use only as directed. For external use only. Avoid contact with eyes. Vapour may be harmful - use with adequate ventilation. Flammable. Do not use near heat, sparks or open flame. Keep out of reach of children. Avoid contact with painted/finished surfaces. Do not apply to open wounds or mucous membranes.Indications:Indicated for the removal of adhesive devices. Indicated for the removal of adhesive residue from skin.Softens adhesive on tapes, films and appliances thereby minimizing trauma caused by adhesive removal.INSTRUCTIONS FOR USE:Step 1:Apply UNI-SOLVE Adhesive Remover with cotton applicator, or gauze to edge of tape or appliance.Squeeze gently so fluid flows between skin and adhesive.Step 2:Wash skin with soap and water, rinse, and pat dry.",Amazon Review,Works well for CGM adhesives!,"I use a Continuous glucose monitor with a purpose built adhesive bandage & some sticky wipes to aid adhesion, replacing it (them) every two weeks. The adhesive on both work well, so the CGM works well but removing the CGM & residue was difficult. This remover pad has enough product to easily break the bond with skin & clean up any residue remaining.  These products should be standard kit for CGM’s. Also great on the dirt around bandages.",8/31/2024,5.0,Yes,8,0.8422,0.178,0.073,0.749,0.0133613916113972,0.0523722469806671,0.0078027658164501,0.0084180515259504,0.8990073800086975,0.008751762099564,0.0102864783257246,0.8422,0.178,0.073,0.749,0.013361397199332714,0.05237226188182831,0.007802762556821108,0.008418051525950432,0.8990073800086975,0.00875175278633833,0.010286469012498856
661,661,"Uni Solve 402300 Adhesive Remover Wipe, Pack of 101","Uni Solve Adhesive Remover Wipes, 50 Each. Precautions:Use only as directed. For external use only. Avoid contact with eyes. Vapour may be harmful - use with adequate ventilation. Flammable. Do not use near heat, sparks or open flame. Keep out of reach of children. Avoid contact with painted/finished surfaces. Do not apply to open wounds or mucous membranes.Indications:Indicated for the removal of adhesive devices. Indicated for the removal of adhesive residue from skin.Softens adhesive on tapes, films and appliances thereby minimizing trauma caused by adhesive removal.INSTRUCTIONS FOR USE:Step 1:Apply UNI-SOLVE Adhesive Remover with cotton applicator, or gauze to edge of tape or appliance.Squeeze gently so fluid flows between skin and adhesive.Step 2:Wash skin with soap and water, rinse, and pat dry.",Christina Swann,Impressed,Wow does this stuff work great!  I use a glucose monitor on my arm so the adhesive is really strong.  I rubbed my arm raw with rubbing alcohol for long chunks of time to get the sticky stuff off.  I was skeptical with these wipes but it only took a few swipes and the residue was gone!  I was so impressed i stopped and wrote this review.  Amazing,10/13/2024,5.0,Yes,2,0.9442,0.241,0.057,0.702,0.0034484157804399,0.003091272432357,0.0032800447661429,0.0073966314084827,0.0094710821285843,0.0015160496113821,0.9717965126037598,0.9442,0.241,0.057,0.702,0.0034484125208109617,0.003091269638389349,0.0032800398766994476,0.007396619766950607,0.009471073746681213,0.0015160482143983245,0.9717965126037598
662,662,"Uni Solve 402300 Adhesive Remover Wipe, Pack of 102","Uni Solve Adhesive Remover Wipes, 50 Each. Precautions:Use only as directed. For external use only. Avoid contact with eyes. Vapour may be harmful - use with adequate ventilation. Flammable. Do not use near heat, sparks or open flame. Keep out of reach of children. Avoid contact with painted/finished surfaces. Do not apply to open wounds or mucous membranes.Indications:Indicated for the removal of adhesive devices. Indicated for the removal of adhesive residue from skin.Softens adhesive on tapes, films and appliances thereby minimizing trauma caused by adhesive removal.INSTRUCTIONS FOR USE:Step 1:Apply UNI-SOLVE Adhesive Remover with cotton applicator, or gauze to edge of tape or appliance.Squeeze gently so fluid flows between skin and adhesive.Step 2:Wash skin with soap and water, rinse, and pat dry.",DBMc,"Great product, gentle on skin",Gentle on skin.  Useful on all kinds of adhesives,10/20/2024,5.0,Yes,0,0.7003,0.453,0.0,0.547,0.0150302965193986,0.1837328225374221,0.002662738552317,0.3430108428001404,0.4109117388725281,0.0377862900495529,0.0068652620539069,0.7003,0.453,0.0,0.547,0.015030276030302048,0.18373239040374756,0.002662740182131529,0.3430109918117523,0.4109119772911072,0.0377863273024559,0.0068652695044875145
663,663,"Uni Solve 402300 Adhesive Remover Wipe, Pack of 103","Uni Solve Adhesive Remover Wipes, 50 Each. Precautions:Use only as directed. For external use only. Avoid contact with eyes. Vapour may be harmful - use with adequate ventilation. Flammable. Do not use near heat, sparks or open flame. Keep out of reach of children. Avoid contact with painted/finished surfaces. Do not apply to open wounds or mucous membranes.Indications:Indicated for the removal of adhesive devices. Indicated for the removal of adhesive residue from skin.Softens adhesive on tapes, films and appliances thereby minimizing trauma caused by adhesive removal.INSTRUCTIONS FOR USE:Step 1:Apply UNI-SOLVE Adhesive Remover with cotton applicator, or gauze to edge of tape or appliance.Squeeze gently so fluid flows between skin and adhesive.Step 2:Wash skin with soap and water, rinse, and pat dry.",Lina,Works great!,These remove adhesive effortlessly. My skin thanks you! I use a CGM and have quite a bit of sticky left when I change them out. My skin doesn't get irritated and I can just wipe off the leftover adhesive. I even used them to wipe off some adhesive on a plastic bottle and that worked too 😂,9/21/2024,5.0,Yes,0,0.688,0.108,0.0,0.892,0.5923258662223816,0.0639177560806274,0.0009905585320666,0.0225650891661643,0.3041219711303711,0.0083893537521362,0.0076894126832485,0.688,0.108,0.0,0.892,0.5923258662223816,0.06391777843236923,0.0009905577171593904,0.022565113380551338,0.30412188172340393,0.008389346301555634,0.007689420133829117
664,664,"Uni Solve 402300 Adhesive Remover Wipe, Pack of 104","Uni Solve Adhesive Remover Wipes, 50 Each. Precautions:Use only as directed. For external use only. Avoid contact with eyes. Vapour may be harmful - use with adequate ventilation. Flammable. Do not use near heat, sparks or open flame. Keep out of reach of children. Avoid contact with painted/finished surfaces. Do not apply to open wounds or mucous membranes.Indications:Indicated for the removal of adhesive devices. Indicated for the removal of adhesive residue from skin.Softens adhesive on tapes, films and appliances thereby minimizing trauma caused by adhesive removal.INSTRUCTIONS FOR USE:Step 1:Apply UNI-SOLVE Adhesive Remover with cotton applicator, or gauze to edge of tape or appliance.Squeeze gently so fluid flows between skin and adhesive.Step 2:Wash skin with soap and water, rinse, and pat dry.",Kris Rudin,"Works great, but funny smell","I was really impressed at how well this works! Super fast and easy. But the smell is…odd. Not exactly bad, but not a good smell, and it lingers forever. I’d give it 5 stars if it smelled better!",7/22/2024,4.0,Yes,0,0.9051,0.345,0.066,0.59,0.0244918204843997,0.6276871562004089,0.0082807699218392,0.0072244540788233,0.1142622083425521,0.0165319833904504,0.201521635055542,0.9051,0.345,0.066,0.59,0.024491779506206512,0.6276878118515015,0.008280766196548939,0.0072244517505168915,0.11426206678152084,0.01653197407722473,0.20152108371257782
665,665,"Uni Solve 402300 Adhesive Remover Wipe, Pack of 105","Uni Solve Adhesive Remover Wipes, 50 Each. Precautions:Use only as directed. For external use only. Avoid contact with eyes. Vapour may be harmful - use with adequate ventilation. Flammable. Do not use near heat, sparks or open flame. Keep out of reach of children. Avoid contact with painted/finished surfaces. Do not apply to open wounds or mucous membranes.Indications:Indicated for the removal of adhesive devices. Indicated for the removal of adhesive residue from skin.Softens adhesive on tapes, films and appliances thereby minimizing trauma caused by adhesive removal.INSTRUCTIONS FOR USE:Step 1:Apply UNI-SOLVE Adhesive Remover with cotton applicator, or gauze to edge of tape or appliance.Squeeze gently so fluid flows between skin and adhesive.Step 2:Wash skin with soap and water, rinse, and pat dry.",John 2022,Works on any residue.,I’ve used this on bandages and anything they leave behind.  Just gently rub the area and it comes right off.  Also works on tape on other surfaces.  Recommend.,10/7/2024,5.0,Yes,0,0.6486,0.174,0.038,0.789,0.0247259028255939,0.0634917244315147,0.032411616295576,0.0073329261504113,0.8230839967727661,0.0260631367564201,0.0228907410055398,0.6486,0.174,0.038,0.789,0.02472589537501335,0.06349175423383713,0.0324116013944149,0.007332919165492058,0.8230839371681213,0.0260631013661623,0.022890713065862656
666,666,"Uni Solve 402300 Adhesive Remover Wipe, Pack of 106","Uni Solve Adhesive Remover Wipes, 50 Each. Precautions:Use only as directed. For external use only. Avoid contact with eyes. Vapour may be harmful - use with adequate ventilation. Flammable. Do not use near heat, sparks or open flame. Keep out of reach of children. Avoid contact with painted/finished surfaces. Do not apply to open wounds or mucous membranes.Indications:Indicated for the removal of adhesive devices. Indicated for the removal of adhesive residue from skin.Softens adhesive on tapes, films and appliances thereby minimizing trauma caused by adhesive removal.INSTRUCTIONS FOR USE:Step 1:Apply UNI-SOLVE Adhesive Remover with cotton applicator, or gauze to edge of tape or appliance.Squeeze gently so fluid flows between skin and adhesive.Step 2:Wash skin with soap and water, rinse, and pat dry.",durham,great product,works well and helps keep skin irritation down when replacing a cgm or insulin pump,10/24/2024,5.0,Yes,0,0.1027,0.247,0.174,0.579,0.3771264851093292,0.0354648008942604,0.0070049199275672,0.0220650099217891,0.5110989212989807,0.0355023480951786,0.0117374956607818,0.1027,0.247,0.174,0.579,0.3771260976791382,0.035464804619550705,0.0070049213245511055,0.022065062075853348,0.5110992193222046,0.035502348095178604,0.011737500317394733
667,667,"Uni Solve 402300 Adhesive Remover Wipe, Pack of 107","Uni Solve Adhesive Remover Wipes, 50 Each. Precautions:Use only as directed. For external use only. Avoid contact with eyes. Vapour may be harmful - use with adequate ventilation. Flammable. Do not use near heat, sparks or open flame. Keep out of reach of children. Avoid contact with painted/finished surfaces. Do not apply to open wounds or mucous membranes.Indications:Indicated for the removal of adhesive devices. Indicated for the removal of adhesive residue from skin.Softens adhesive on tapes, films and appliances thereby minimizing trauma caused by adhesive removal.INSTRUCTIONS FOR USE:Step 1:Apply UNI-SOLVE Adhesive Remover with cotton applicator, or gauze to edge of tape or appliance.Squeeze gently so fluid flows between skin and adhesive.Step 2:Wash skin with soap and water, rinse, and pat dry.",Patrick J.,Good product,This is a great product for removing adhesive on skin.,9/30/2024,5.0,Yes,0,0.6249,0.339,0.0,0.661,0.0080602718517184,0.1385106295347213,0.0044421409256756,0.3023505508899688,0.5257669687271118,0.0086800754070281,0.0121893547475337,0.6249,0.339,0.0,0.661,0.008060270920395851,0.13851036131381989,0.004442137666046619,0.30235064029693604,0.5257671475410461,0.008680078200995922,0.01218936126679182
668,668,"Uni Solve 402300 Adhesive Remover Wipe, Pack of 108","Uni Solve Adhesive Remover Wipes, 50 Each. Precautions:Use only as directed. For external use only. Avoid contact with eyes. Vapour may be harmful - use with adequate ventilation. Flammable. Do not use near heat, sparks or open flame. Keep out of reach of children. Avoid contact with painted/finished surfaces. Do not apply to open wounds or mucous membranes.Indications:Indicated for the removal of adhesive devices. Indicated for the removal of adhesive residue from skin.Softens adhesive on tapes, films and appliances thereby minimizing trauma caused by adhesive removal.INSTRUCTIONS FOR USE:Step 1:Apply UNI-SOLVE Adhesive Remover with cotton applicator, or gauze to edge of tape or appliance.Squeeze gently so fluid flows between skin and adhesive.Step 2:Wash skin with soap and water, rinse, and pat dry.",David Howard,Product Did Exactly What It Was Supposed To Do,I used this to remove my Dexcom G7 Sensor and Adhesive Overpatch from my arm. Worked extremely well to remove the adhesive overpatch and allowing me to remove the Dexcom G7 Sensor at the end of it's 10 day cycle,10/28/2024,5.0,Yes,0,0.3384,0.059,0.0,0.941,0.0322698503732681,0.0319257266819477,0.0160893406718969,0.0334985516965389,0.8087162375450134,0.0364237911999225,0.0410765185952186,0.3384,0.059,0.0,0.941,0.03226986154913902,0.03192571550607681,0.016089357435703278,0.0334986075758934,0.8087160587310791,0.03642381727695465,0.04107654094696045
669,669,"Uni Solve 402300 Adhesive Remover Wipe, Pack of 109","Uni Solve Adhesive Remover Wipes, 50 Each. Precautions:Use only as directed. For external use only. Avoid contact with eyes. Vapour may be harmful - use with adequate ventilation. Flammable. Do not use near heat, sparks or open flame. Keep out of reach of children. Avoid contact with painted/finished surfaces. Do not apply to open wounds or mucous membranes.Indications:Indicated for the removal of adhesive devices. Indicated for the removal of adhesive residue from skin.Softens adhesive on tapes, films and appliances thereby minimizing trauma caused by adhesive removal.INSTRUCTIONS FOR USE:Step 1:Apply UNI-SOLVE Adhesive Remover with cotton applicator, or gauze to edge of tape or appliance.Squeeze gently so fluid flows between skin and adhesive.Step 2:Wash skin with soap and water, rinse, and pat dry.",S. Jackson,A must-have if you're going to use SkinTac,"I added SkinTac and overpatches when my wife's G7s kept falling out. Without this Uni Solve, the SkinTac would have held everything in place for six months. The Uni Solve helps ""change day"" go a lot better than it would otherwise. That SkinTac is STRONG!",10/22/2024,5.0,Yes,0,0.793,0.19,0.093,0.717,0.1763761937618255,0.0391481779515743,0.0033766473643481,0.070080354809761,0.6614169478416443,0.0051331762224435,0.0444685593247413,0.793,0.19,0.093,0.717,0.17637652158737183,0.0391482412815094,0.003376651555299759,0.07008034735918045,0.6614165902137756,0.005133173428475857,0.04446854814887047
670,670,"Uni Solve 402300 Adhesive Remover Wipe, Pack of 110","Uni Solve Adhesive Remover Wipes, 50 Each. Precautions:Use only as directed. For external use only. Avoid contact with eyes. Vapour may be harmful - use with adequate ventilation. Flammable. Do not use near heat, sparks or open flame. Keep out of reach of children. Avoid contact with painted/finished surfaces. Do not apply to open wounds or mucous membranes.Indications:Indicated for the removal of adhesive devices. Indicated for the removal of adhesive residue from skin.Softens adhesive on tapes, films and appliances thereby minimizing trauma caused by adhesive removal.INSTRUCTIONS FOR USE:Step 1:Apply UNI-SOLVE Adhesive Remover with cotton applicator, or gauze to edge of tape or appliance.Squeeze gently so fluid flows between skin and adhesive.Step 2:Wash skin with soap and water, rinse, and pat dry.",Laura McDaniels,Love these wipes,These wipes works wonders to get ride of the adhesive on my CGM and off my arm. If anyone needs to get some wipes to remove adhesive i would recommend these wipes because they work.,10/18/2024,5.0,Yes,0,0.3612,0.07,0.0,0.93,0.0052671791054308,0.0398667193949222,0.0055162045173347,0.0440289787948131,0.8735235929489136,0.0160519387573003,0.0157452728599309,0.3612,0.07,0.0,0.93,0.005267178639769554,0.039866793900728226,0.00551620963960886,0.04402898624539375,0.8735235333442688,0.01605195552110672,0.015745263546705246
671,671,"Uni Solve 402300 Adhesive Remover Wipe, Pack of 111","Uni Solve Adhesive Remover Wipes, 50 Each. Precautions:Use only as directed. For external use only. Avoid contact with eyes. Vapour may be harmful - use with adequate ventilation. Flammable. Do not use near heat, sparks or open flame. Keep out of reach of children. Avoid contact with painted/finished surfaces. Do not apply to open wounds or mucous membranes.Indications:Indicated for the removal of adhesive devices. Indicated for the removal of adhesive residue from skin.Softens adhesive on tapes, films and appliances thereby minimizing trauma caused by adhesive removal.INSTRUCTIONS FOR USE:Step 1:Apply UNI-SOLVE Adhesive Remover with cotton applicator, or gauze to edge of tape or appliance.Squeeze gently so fluid flows between skin and adhesive.Step 2:Wash skin with soap and water, rinse, and pat dry.",Austenite,Very effective,"Using It makes a big difference in pain levels during a wound change, I ordered it although nurses thought alcohol pads are good enough but they don't feel my pain",10/12/2024,5.0,Yes,0,-0.6858,0.06,0.203,0.737,0.0191004630178213,0.0951455906033515,0.0313419923186302,0.0050065121613442,0.2813556492328644,0.5361917018890381,0.0318580493330955,-0.6858,0.06,0.203,0.737,0.019100485369563103,0.09514570236206055,0.03134199604392052,0.005006514489650726,0.28135544061660767,0.5361917614936829,0.03185806795954704
672,672,"Uni Solve 402300 Adhesive Remover Wipe, Pack of 112","Uni Solve Adhesive Remover Wipes, 50 Each. Precautions:Use only as directed. For external use only. Avoid contact with eyes. Vapour may be harmful - use with adequate ventilation. Flammable. Do not use near heat, sparks or open flame. Keep out of reach of children. Avoid contact with painted/finished surfaces. Do not apply to open wounds or mucous membranes.Indications:Indicated for the removal of adhesive devices. Indicated for the removal of adhesive residue from skin.Softens adhesive on tapes, films and appliances thereby minimizing trauma caused by adhesive removal.INSTRUCTIONS FOR USE:Step 1:Apply UNI-SOLVE Adhesive Remover with cotton applicator, or gauze to edge of tape or appliance.Squeeze gently so fluid flows between skin and adhesive.Step 2:Wash skin with soap and water, rinse, and pat dry.",Amy May,I can't believe how well this works!,"I saw someone in a video use these to easily dissolve the adhesive and remove a glucose monitor sensor from their small child. I struggled to clean off adhesive for years and after 1 try of these little remover pads, I am hooked!!! They completely removed the adhesive without harsh scrubbing! Yay!",9/29/2024,5.0,Yes,0,0.542,0.158,0.094,0.747,0.1627140790224075,0.3485223948955536,0.0064323348924517,0.0304402373731136,0.1279715150594711,0.015340706333518,0.308578759431839,0.542,0.158,0.094,0.747,0.16271384060382843,0.34852227568626404,0.006432333029806614,0.030440179631114006,0.1279716193675995,0.015340722166001797,0.3085790276527405
673,673,"Uni Solve 402300 Adhesive Remover Wipe, Pack of 113","Uni Solve Adhesive Remover Wipes, 50 Each. Precautions:Use only as directed. For external use only. Avoid contact with eyes. Vapour may be harmful - use with adequate ventilation. Flammable. Do not use near heat, sparks or open flame. Keep out of reach of children. Avoid contact with painted/finished surfaces. Do not apply to open wounds or mucous membranes.Indications:Indicated for the removal of adhesive devices. Indicated for the removal of adhesive residue from skin.Softens adhesive on tapes, films and appliances thereby minimizing trauma caused by adhesive removal.INSTRUCTIONS FOR USE:Step 1:Apply UNI-SOLVE Adhesive Remover with cotton applicator, or gauze to edge of tape or appliance.Squeeze gently so fluid flows between skin and adhesive.Step 2:Wash skin with soap and water, rinse, and pat dry.",Avid Reader,Helpful,These wipes were helpful for my parents when they need to take off tape and bandaids.,10/12/2024,4.0,Yes,0,0.4215,0.157,0.0,0.843,0.0113426009193062,0.1256911307573318,0.0207619182765483,0.0087278429418802,0.7928268909454346,0.0309137366712093,0.0097358236089348,0.4215,0.157,0.0,0.843,0.011342602781951427,0.12569135427474976,0.02076193504035473,0.008727850392460823,0.792826771736145,0.030913786962628365,0.009735831059515476
674,674,"Uni Solve 402300 Adhesive Remover Wipe, Pack of 114","Uni Solve Adhesive Remover Wipes, 50 Each. Precautions:Use only as directed. For external use only. Avoid contact with eyes. Vapour may be harmful - use with adequate ventilation. Flammable. Do not use near heat, sparks or open flame. Keep out of reach of children. Avoid contact with painted/finished surfaces. Do not apply to open wounds or mucous membranes.Indications:Indicated for the removal of adhesive devices. Indicated for the removal of adhesive residue from skin.Softens adhesive on tapes, films and appliances thereby minimizing trauma caused by adhesive removal.INSTRUCTIONS FOR USE:Step 1:Apply UNI-SOLVE Adhesive Remover with cotton applicator, or gauze to edge of tape or appliance.Squeeze gently so fluid flows between skin and adhesive.Step 2:Wash skin with soap and water, rinse, and pat dry.",gurgy,It is nice to have some skin left.,My husband is a cardiac patient. One of his doctors uses this to remove EKG pads. They leave skin attached to your body. Slowly dissolving the adhesive while removing the pad is so much better than the alternative. I keep some in our go bags for the hospital. It may take a few tries over a couple days to figure out if all of the adhesive is gone.,9/4/2024,5.0,Yes,0,0.4549,0.048,0.018,0.934,0.0070288144052028,0.0852786377072334,0.0140062496066093,0.0046412586234509,0.8617035150527954,0.0144388293847441,0.0129026705399155,0.4549,0.048,0.018,0.934,0.007028808817267418,0.08527855575084686,0.014006230048835278,0.00464125769212842,0.861703634262085,0.0144388098269701,0.01290265191346407
675,675,"Uni Solve 402300 Adhesive Remover Wipe, Pack of 115","Uni Solve Adhesive Remover Wipes, 50 Each. Precautions:Use only as directed. For external use only. Avoid contact with eyes. Vapour may be harmful - use with adequate ventilation. Flammable. Do not use near heat, sparks or open flame. Keep out of reach of children. Avoid contact with painted/finished surfaces. Do not apply to open wounds or mucous membranes.Indications:Indicated for the removal of adhesive devices. Indicated for the removal of adhesive residue from skin.Softens adhesive on tapes, films and appliances thereby minimizing trauma caused by adhesive removal.INSTRUCTIONS FOR USE:Step 1:Apply UNI-SOLVE Adhesive Remover with cotton applicator, or gauze to edge of tape or appliance.Squeeze gently so fluid flows between skin and adhesive.Step 2:Wash skin with soap and water, rinse, and pat dry.",DG’s Reviews,Helps to Remove Most Medical Tape,I prep my thin skin (which can tear easily) with Skin Prep before applying medical tape. I then use Unisolve when it’s time to remove the tape. I have found that it helps make it easier to remove most kinds of medical tape.,9/12/2024,5.0,Yes,0,0.6597,0.124,0.0,0.876,0.0152683034539222,0.0612589977681636,0.0339799560606479,0.0068657454103231,0.8590670228004456,0.0130681749433279,0.0104919141158461,0.6597,0.124,0.0,0.876,0.01526830904185772,0.06125903129577637,0.033979952335357666,0.006865754257887602,0.859066903591156,0.013068179599940777,0.010491923429071903
676,676,"Uni Solve 402300 Adhesive Remover Wipe, Pack of 116","Uni Solve Adhesive Remover Wipes, 50 Each. Precautions:Use only as directed. For external use only. Avoid contact with eyes. Vapour may be harmful - use with adequate ventilation. Flammable. Do not use near heat, sparks or open flame. Keep out of reach of children. Avoid contact with painted/finished surfaces. Do not apply to open wounds or mucous membranes.Indications:Indicated for the removal of adhesive devices. Indicated for the removal of adhesive residue from skin.Softens adhesive on tapes, films and appliances thereby minimizing trauma caused by adhesive removal.INSTRUCTIONS FOR USE:Step 1:Apply UNI-SOLVE Adhesive Remover with cotton applicator, or gauze to edge of tape or appliance.Squeeze gently so fluid flows between skin and adhesive.Step 2:Wash skin with soap and water, rinse, and pat dry.",Farmgals Twisted Fiber,works great,We use it to remove my husband's skin barriers for his ostomy .Works good.,9/27/2024,5.0,Yes,0,0.4404,0.182,0.0,0.818,0.0115948086604475,0.0294081643223762,0.0028273861389607,0.0740570724010467,0.861430823802948,0.0084388628602027,0.0122429206967353,0.4404,0.182,0.0,0.818,0.01159481517970562,0.029408123344182968,0.0028273863717913628,0.0740569531917572,0.8614308834075928,0.008438855409622192,0.012242910452187061
677,677,"Uni Solve 402300 Adhesive Remover Wipe, Pack of 117","Uni Solve Adhesive Remover Wipes, 50 Each. Precautions:Use only as directed. For external use only. Avoid contact with eyes. Vapour may be harmful - use with adequate ventilation. Flammable. Do not use near heat, sparks or open flame. Keep out of reach of children. Avoid contact with painted/finished surfaces. Do not apply to open wounds or mucous membranes.Indications:Indicated for the removal of adhesive devices. Indicated for the removal of adhesive residue from skin.Softens adhesive on tapes, films and appliances thereby minimizing trauma caused by adhesive removal.INSTRUCTIONS FOR USE:Step 1:Apply UNI-SOLVE Adhesive Remover with cotton applicator, or gauze to edge of tape or appliance.Squeeze gently so fluid flows between skin and adhesive.Step 2:Wash skin with soap and water, rinse, and pat dry.",Julie Zerlaut,Awesome!,"Previously tried to remove residue with baby wipes, witch hazel, rubbing alcohol, etc & would get raw skin where I would gently scratch off remaining residue outline. No more! These wipes work GREAT! No sticky residue remnants after just a few, gentle swipes!",9/5/2024,5.0,Yes,0,0.7723,0.221,0.131,0.648,0.0301604531705379,0.6508798003196716,0.0156915429979562,0.0220205374062061,0.2567525506019592,0.0146762449294328,0.0098188668489456,0.7723,0.221,0.131,0.648,0.03016047179698944,0.6508802175521851,0.01569153182208538,0.02202051505446434,0.2567521929740906,0.014676247723400593,0.009818858467042446
678,678,"Uni Solve 402300 Adhesive Remover Wipe, Pack of 118","Uni Solve Adhesive Remover Wipes, 50 Each. Precautions:Use only as directed. For external use only. Avoid contact with eyes. Vapour may be harmful - use with adequate ventilation. Flammable. Do not use near heat, sparks or open flame. Keep out of reach of children. Avoid contact with painted/finished surfaces. Do not apply to open wounds or mucous membranes.Indications:Indicated for the removal of adhesive devices. Indicated for the removal of adhesive residue from skin.Softens adhesive on tapes, films and appliances thereby minimizing trauma caused by adhesive removal.INSTRUCTIONS FOR USE:Step 1:Apply UNI-SOLVE Adhesive Remover with cotton applicator, or gauze to edge of tape or appliance.Squeeze gently so fluid flows between skin and adhesive.Step 2:Wash skin with soap and water, rinse, and pat dry.",Bob McMac,It really really works well!,The best product to remove adhesive tape residue from your skin!,9/27/2024,5.0,Yes,2,0.6696,0.31,0.0,0.69,0.0246620662510395,0.2330982238054275,0.0070543782785534,0.0490406714379787,0.6487753987312317,0.0080053340643644,0.0293639302253723,0.6696,0.31,0.0,0.69,0.024662084877490997,0.23309803009033203,0.007054383400827646,0.04904070496559143,0.6487755179405212,0.008005323819816113,0.029363935813307762
679,679,"Uni Solve 402300 Adhesive Remover Wipe, Pack of 119","Uni Solve Adhesive Remover Wipes, 50 Each. Precautions:Use only as directed. For external use only. Avoid contact with eyes. Vapour may be harmful - use with adequate ventilation. Flammable. Do not use near heat, sparks or open flame. Keep out of reach of children. Avoid contact with painted/finished surfaces. Do not apply to open wounds or mucous membranes.Indications:Indicated for the removal of adhesive devices. Indicated for the removal of adhesive residue from skin.Softens adhesive on tapes, films and appliances thereby minimizing trauma caused by adhesive removal.INSTRUCTIONS FOR USE:Step 1:Apply UNI-SOLVE Adhesive Remover with cotton applicator, or gauze to edge of tape or appliance.Squeeze gently so fluid flows between skin and adhesive.Step 2:Wash skin with soap and water, rinse, and pat dry.",Connie,works good to removed left over glue.,It was easy to use and wide enough to clean left over glue.  Loved it.,9/21/2024,5.0,Yes,0,0.8591,0.442,0.0,0.558,0.0040635662153363,0.0061075049452483,0.0009042068268172,0.5999877452850342,0.3474056720733642,0.0082909325137734,0.0332403592765331,0.8591,0.442,0.0,0.558,0.004063564818352461,0.00610750587657094,0.0009042075835168362,0.5999875664710999,0.34740591049194336,0.008290937170386314,0.03324034437537193
680,680,"Uni Solve 402300 Adhesive Remover Wipe, Pack of 120","Uni Solve Adhesive Remover Wipes, 50 Each. Precautions:Use only as directed. For external use only. Avoid contact with eyes. Vapour may be harmful - use with adequate ventilation. Flammable. Do not use near heat, sparks or open flame. Keep out of reach of children. Avoid contact with painted/finished surfaces. Do not apply to open wounds or mucous membranes.Indications:Indicated for the removal of adhesive devices. Indicated for the removal of adhesive residue from skin.Softens adhesive on tapes, films and appliances thereby minimizing trauma caused by adhesive removal.INSTRUCTIONS FOR USE:Step 1:Apply UNI-SOLVE Adhesive Remover with cotton applicator, or gauze to edge of tape or appliance.Squeeze gently so fluid flows between skin and adhesive.Step 2:Wash skin with soap and water, rinse, and pat dry.",serpas97,Removes the glue,I use these to remove the glue left behind by medical patches. They are the perfect size and work very well! I recommend and continue to purchase.,9/8/2024,5.0,Yes,0,0.8467,0.294,0.0,0.706,0.0111746927723288,0.0089038023725152,0.0014725408982485,0.1365570276975631,0.8201910257339478,0.0038389444816857,0.0178620014339685,0.8467,0.294,0.0,0.706,0.011174690909683704,0.008903808891773224,0.0014725398505106568,0.13655713200569153,0.8201909065246582,0.003838945645838976,0.017861997708678246
681,681,"Uni Solve 402300 Adhesive Remover Wipe, Pack of 121","Uni Solve Adhesive Remover Wipes, 50 Each. Precautions:Use only as directed. For external use only. Avoid contact with eyes. Vapour may be harmful - use with adequate ventilation. Flammable. Do not use near heat, sparks or open flame. Keep out of reach of children. Avoid contact with painted/finished surfaces. Do not apply to open wounds or mucous membranes.Indications:Indicated for the removal of adhesive devices. Indicated for the removal of adhesive residue from skin.Softens adhesive on tapes, films and appliances thereby minimizing trauma caused by adhesive removal.INSTRUCTIONS FOR USE:Step 1:Apply UNI-SOLVE Adhesive Remover with cotton applicator, or gauze to edge of tape or appliance.Squeeze gently so fluid flows between skin and adhesive.Step 2:Wash skin with soap and water, rinse, and pat dry.",Sen,Useful for getting rid of KT tape residue,"KT tape is great but it leaves residue from the edges of the adhesive, this wipes it away effortlessly.",9/11/2024,5.0,Yes,0,0.3716,0.124,0.0,0.876,0.0119260028004646,0.0421029403805732,0.0032301966566592,0.034053836017847,0.8925828337669373,0.005155483726412,0.0109486645087599,0.3716,0.124,0.0,0.876,0.01192600280046463,0.04210294038057327,0.003230190370231867,0.03405385464429855,0.8925828337669373,0.005155476275831461,0.010948648676276207
682,682,"Uni Solve 402300 Adhesive Remover Wipe, Pack of 122","Uni Solve Adhesive Remover Wipes, 50 Each. Precautions:Use only as directed. For external use only. Avoid contact with eyes. Vapour may be harmful - use with adequate ventilation. Flammable. Do not use near heat, sparks or open flame. Keep out of reach of children. Avoid contact with painted/finished surfaces. Do not apply to open wounds or mucous membranes.Indications:Indicated for the removal of adhesive devices. Indicated for the removal of adhesive residue from skin.Softens adhesive on tapes, films and appliances thereby minimizing trauma caused by adhesive removal.INSTRUCTIONS FOR USE:Step 1:Apply UNI-SOLVE Adhesive Remover with cotton applicator, or gauze to edge of tape or appliance.Squeeze gently so fluid flows between skin and adhesive.Step 2:Wash skin with soap and water, rinse, and pat dry.",Chip,No scouring,Removed adhesive residue from my chest (ECG electrodes) with minimal rubbing. No red marks. A-plus!,9/12/2024,5.0,Yes,0,-0.3595,0.0,0.151,0.849,0.0665109753608703,0.2155836224555969,0.0057596680708229,0.0329562798142433,0.617540717124939,0.0259424615651369,0.0357062481343746,-0.3595,0.0,0.151,0.849,0.06651095300912857,0.2155836969614029,0.005759662948548794,0.032956287264823914,0.6175408363342285,0.025942429900169373,0.03570621460676193
683,683,"Uni Solve 402300 Adhesive Remover Wipe, Pack of 123","Uni Solve Adhesive Remover Wipes, 50 Each. Precautions:Use only as directed. For external use only. Avoid contact with eyes. Vapour may be harmful - use with adequate ventilation. Flammable. Do not use near heat, sparks or open flame. Keep out of reach of children. Avoid contact with painted/finished surfaces. Do not apply to open wounds or mucous membranes.Indications:Indicated for the removal of adhesive devices. Indicated for the removal of adhesive residue from skin.Softens adhesive on tapes, films and appliances thereby minimizing trauma caused by adhesive removal.INSTRUCTIONS FOR USE:Step 1:Apply UNI-SOLVE Adhesive Remover with cotton applicator, or gauze to edge of tape or appliance.Squeeze gently so fluid flows between skin and adhesive.Step 2:Wash skin with soap and water, rinse, and pat dry.",Sandy Crenshaw,Work fantastic,These wipes remove adhesive so easily from your skin or other surfaces.  Totally impressed with how well they work.,9/7/2024,5.0,Yes,0,0.8229,0.35,0.0,0.65,0.005240514408797,0.0073352325707674,0.0013108366401866,0.0057569979690015,0.0851593017578125,0.0047457902692258,0.8904513120651245,0.8229,0.35,0.0,0.65,0.005240526050329208,0.007335246074944735,0.0013108376879245043,0.00575700867921114,0.08515938371419907,0.004745792597532272,0.8904512524604797
684,684,"Uni Solve 402300 Adhesive Remover Wipe, Pack of 124","Uni Solve Adhesive Remover Wipes, 50 Each. Precautions:Use only as directed. For external use only. Avoid contact with eyes. Vapour may be harmful - use with adequate ventilation. Flammable. Do not use near heat, sparks or open flame. Keep out of reach of children. Avoid contact with painted/finished surfaces. Do not apply to open wounds or mucous membranes.Indications:Indicated for the removal of adhesive devices. Indicated for the removal of adhesive residue from skin.Softens adhesive on tapes, films and appliances thereby minimizing trauma caused by adhesive removal.INSTRUCTIONS FOR USE:Step 1:Apply UNI-SOLVE Adhesive Remover with cotton applicator, or gauze to edge of tape or appliance.Squeeze gently so fluid flows between skin and adhesive.Step 2:Wash skin with soap and water, rinse, and pat dry.",Daryl Dehmer,It works well to remove CGM adhesive.,It works well to remove CGM adhesive.It removed months old adhesive residue in seconds from my skin.,9/9/2024,5.0,Yes,0,0.2732,0.116,0.0,0.884,0.0163372196257114,0.0661222338676452,0.003684221766889,0.0355511978268623,0.8579907417297363,0.0113447187468409,0.008969641290605,0.2732,0.116,0.0,0.884,0.016337210312485695,0.06612224131822586,0.0036842154804617167,0.03555116802453995,0.8579908013343811,0.011344715021550655,0.00896963756531477
685,685,"Uni Solve 402300 Adhesive Remover Wipe, Pack of 125","Uni Solve Adhesive Remover Wipes, 50 Each. Precautions:Use only as directed. For external use only. Avoid contact with eyes. Vapour may be harmful - use with adequate ventilation. Flammable. Do not use near heat, sparks or open flame. Keep out of reach of children. Avoid contact with painted/finished surfaces. Do not apply to open wounds or mucous membranes.Indications:Indicated for the removal of adhesive devices. Indicated for the removal of adhesive residue from skin.Softens adhesive on tapes, films and appliances thereby minimizing trauma caused by adhesive removal.INSTRUCTIONS FOR USE:Step 1:Apply UNI-SOLVE Adhesive Remover with cotton applicator, or gauze to edge of tape or appliance.Squeeze gently so fluid flows between skin and adhesive.Step 2:Wash skin with soap and water, rinse, and pat dry.",Raub Ritter,Works better than GooGone or alcohol,My only complaint is the very small size of the patches.  Folds out to appx 11/2 inch square.I had abdominal surgery with open drain.  Dressing is changed every day for last 4 weeks so skin is very tender.  These work so much better than alcohol patches or my old stand by - GooGone.  Does not burn the skin and works wonders on removing the adhesive.  Wish the hospital would use these.HIGHLY RECOMMEND,8/8/2024,5.0,Yes,4,0.7852,0.118,0.028,0.854,0.013542360626161,0.0122919538989663,0.0113486284390091,0.0586126931011676,0.3504747748374939,0.3683706223964691,0.1853589862585067,0.7852,0.118,0.028,0.854,0.013542355969548225,0.012291978113353252,0.011348622851073742,0.058612775057554245,0.35047534108161926,0.3683696389198303,0.1853591948747635
686,686,"Uni Solve 402300 Adhesive Remover Wipe, Pack of 126","Uni Solve Adhesive Remover Wipes, 50 Each. Precautions:Use only as directed. For external use only. Avoid contact with eyes. Vapour may be harmful - use with adequate ventilation. Flammable. Do not use near heat, sparks or open flame. Keep out of reach of children. Avoid contact with painted/finished surfaces. Do not apply to open wounds or mucous membranes.Indications:Indicated for the removal of adhesive devices. Indicated for the removal of adhesive residue from skin.Softens adhesive on tapes, films and appliances thereby minimizing trauma caused by adhesive removal.INSTRUCTIONS FOR USE:Step 1:Apply UNI-SOLVE Adhesive Remover with cotton applicator, or gauze to edge of tape or appliance.Squeeze gently so fluid flows between skin and adhesive.Step 2:Wash skin with soap and water, rinse, and pat dry.",Candy,They work,After struggling for years to remove dexcom adhesive. These pads remove it in a couple of swipes.,9/4/2024,5.0,Yes,0,-0.4215,0.0,0.157,0.843,0.0117182834073901,0.023340493440628,0.0035278897266834,0.0034930205438286,0.9243768453598022,0.0186381340026855,0.0149052878841757,-0.4215,0.0,0.157,0.843,0.01171828806400299,0.023340493440628052,0.0035278929863125086,0.0034930172841995955,0.9243768453598022,0.018638139590620995,0.014905272983014584
687,687,"Uni Solve 402300 Adhesive Remover Wipe, Pack of 127","Uni Solve Adhesive Remover Wipes, 50 Each. Precautions:Use only as directed. For external use only. Avoid contact with eyes. Vapour may be harmful - use with adequate ventilation. Flammable. Do not use near heat, sparks or open flame. Keep out of reach of children. Avoid contact with painted/finished surfaces. Do not apply to open wounds or mucous membranes.Indications:Indicated for the removal of adhesive devices. Indicated for the removal of adhesive residue from skin.Softens adhesive on tapes, films and appliances thereby minimizing trauma caused by adhesive removal.INSTRUCTIONS FOR USE:Step 1:Apply UNI-SOLVE Adhesive Remover with cotton applicator, or gauze to edge of tape or appliance.Squeeze gently so fluid flows between skin and adhesive.Step 2:Wash skin with soap and water, rinse, and pat dry.",LizardMetal,Magical!,"I was reluctant to try this, as I thought they would not be, truly, medical quality. These remove adhesive residue from wearing a medical adhesive patch like nothing I’ve ever seen! I just rubbed it lightly on stuck residue for 15-20 seconds and it removed every bit of it. I’m VERY impressed!",8/13/2024,5.0,Yes,0,0.4222,0.127,0.113,0.76,0.0087471054866909,0.0283611342310905,0.0092016914859414,0.0065035028383135,0.2017029672861099,0.0026900579687207,0.7427935004234314,0.4222,0.127,0.113,0.76,0.008747120387852192,0.02836114913225174,0.009201675653457642,0.00650352006778121,0.2017027884721756,0.002690058434382081,0.7427936792373657
688,688,"Uni Solve 402300 Adhesive Remover Wipe, Pack of 128","Uni Solve Adhesive Remover Wipes, 50 Each. Precautions:Use only as directed. For external use only. Avoid contact with eyes. Vapour may be harmful - use with adequate ventilation. Flammable. Do not use near heat, sparks or open flame. Keep out of reach of children. Avoid contact with painted/finished surfaces. Do not apply to open wounds or mucous membranes.Indications:Indicated for the removal of adhesive devices. Indicated for the removal of adhesive residue from skin.Softens adhesive on tapes, films and appliances thereby minimizing trauma caused by adhesive removal.INSTRUCTIONS FOR USE:Step 1:Apply UNI-SOLVE Adhesive Remover with cotton applicator, or gauze to edge of tape or appliance.Squeeze gently so fluid flows between skin and adhesive.Step 2:Wash skin with soap and water, rinse, and pat dry.",Kindle Customer,Works well,Works great for removing the adhesive so I can take off the water proof patches I use with my cgm,9/2/2024,5.0,Yes,0,0.6249,0.194,0.0,0.806,0.0227122697979211,0.0360090248286724,0.0100897792726755,0.0371825024485588,0.8507177829742432,0.0166736431419849,0.0266149956732988,0.6249,0.194,0.0,0.806,0.022712280973792076,0.03600901737809181,0.010089784860610962,0.0371825136244297,0.8507177829742432,0.016673650592565536,0.026614995673298836
689,689,"Uni Solve 402300 Adhesive Remover Wipe, Pack of 129","Uni Solve Adhesive Remover Wipes, 50 Each. Precautions:Use only as directed. For external use only. Avoid contact with eyes. Vapour may be harmful - use with adequate ventilation. Flammable. Do not use near heat, sparks or open flame. Keep out of reach of children. Avoid contact with painted/finished surfaces. Do not apply to open wounds or mucous membranes.Indications:Indicated for the removal of adhesive devices. Indicated for the removal of adhesive residue from skin.Softens adhesive on tapes, films and appliances thereby minimizing trauma caused by adhesive removal.INSTRUCTIONS FOR USE:Step 1:Apply UNI-SOLVE Adhesive Remover with cotton applicator, or gauze to edge of tape or appliance.Squeeze gently so fluid flows between skin and adhesive.Step 2:Wash skin with soap and water, rinse, and pat dry.",CRW,A very good product,The wipes work very well in removing the adhesive however the odor is a little bit strong but other than that they perfect,8/30/2024,5.0,Yes,0,0.8297,0.315,0.0,0.685,0.0127455564215779,0.5158871412277222,0.0074874167330563,0.0435317121446132,0.3997571170330047,0.0163820199668407,0.0042089535854756,0.8297,0.315,0.0,0.685,0.012745551764965057,0.5158869624137878,0.0074874176643788815,0.04353178292512894,0.3997572362422943,0.0163820069283247,0.004208958242088556
690,690,"Uni Solve 402300 Adhesive Remover Wipe, Pack of 130","Uni Solve Adhesive Remover Wipes, 50 Each. Precautions:Use only as directed. For external use only. Avoid contact with eyes. Vapour may be harmful - use with adequate ventilation. Flammable. Do not use near heat, sparks or open flame. Keep out of reach of children. Avoid contact with painted/finished surfaces. Do not apply to open wounds or mucous membranes.Indications:Indicated for the removal of adhesive devices. Indicated for the removal of adhesive residue from skin.Softens adhesive on tapes, films and appliances thereby minimizing trauma caused by adhesive removal.INSTRUCTIONS FOR USE:Step 1:Apply UNI-SOLVE Adhesive Remover with cotton applicator, or gauze to edge of tape or appliance.Squeeze gently so fluid flows between skin and adhesive.Step 2:Wash skin with soap and water, rinse, and pat dry.",Annette Knitig,guality is no.1,works perfect to remove tape gook,8/17/2024,4.0,Yes,0,0.5719,0.425,0.0,0.575,0.0101995589211583,0.0069001852534711,0.0020034450571984,0.0601023882627487,0.8507162928581238,0.0070714051835238,0.0630066767334938,0.5719,0.425,0.0,0.575,0.010199565440416336,0.006900192238390446,0.0020034494809806347,0.060102272778749466,0.8507164120674133,0.007071405649185181,0.06300671398639679
691,691,"Uni Solve 402300 Adhesive Remover Wipe, Pack of 131","Uni Solve Adhesive Remover Wipes, 50 Each. Precautions:Use only as directed. For external use only. Avoid contact with eyes. Vapour may be harmful - use with adequate ventilation. Flammable. Do not use near heat, sparks or open flame. Keep out of reach of children. Avoid contact with painted/finished surfaces. Do not apply to open wounds or mucous membranes.Indications:Indicated for the removal of adhesive devices. Indicated for the removal of adhesive residue from skin.Softens adhesive on tapes, films and appliances thereby minimizing trauma caused by adhesive removal.INSTRUCTIONS FOR USE:Step 1:Apply UNI-SOLVE Adhesive Remover with cotton applicator, or gauze to edge of tape or appliance.Squeeze gently so fluid flows between skin and adhesive.Step 2:Wash skin with soap and water, rinse, and pat dry.",KSluss,Does the trick!,I've started using prescription patches for some of the medication I take and found the sticky residue it leaves behind after I remove the patch to be almost impossible to get rid of. Soap and water weren't enough. These small wipes do the trick quickly and easily and they don't irritate my skin.,8/6/2024,5.0,Yes,0,0.5472,0.088,0.022,0.89,0.3830138146877289,0.2559267282485962,0.0054146382026374,0.0044065788388252,0.3356091976165771,0.0102631440386176,0.0053658494725823,0.5472,0.088,0.022,0.89,0.38301369547843933,0.25592681765556335,0.005414644256234169,0.0044065858237445354,0.33560922741889954,0.010263144038617611,0.005365850403904915
692,692,"Uni Solve 402300 Adhesive Remover Wipe, Pack of 132","Uni Solve Adhesive Remover Wipes, 50 Each. Precautions:Use only as directed. For external use only. Avoid contact with eyes. Vapour may be harmful - use with adequate ventilation. Flammable. Do not use near heat, sparks or open flame. Keep out of reach of children. Avoid contact with painted/finished surfaces. Do not apply to open wounds or mucous membranes.Indications:Indicated for the removal of adhesive devices. Indicated for the removal of adhesive residue from skin.Softens adhesive on tapes, films and appliances thereby minimizing trauma caused by adhesive removal.INSTRUCTIONS FOR USE:Step 1:Apply UNI-SOLVE Adhesive Remover with cotton applicator, or gauze to edge of tape or appliance.Squeeze gently so fluid flows between skin and adhesive.Step 2:Wash skin with soap and water, rinse, and pat dry.",Patricia Caito,Works great,Works great.. just as promised.. use all the time,8/26/2024,5.0,Yes,0,0.0,0.0,0.0,1.0,0.0055230227299034,0.0019914363510906,0.0011061604600399,0.4188383817672729,0.3470702767372131,0.0267127603292465,0.198757916688919,0.0,0.0,0.0,1.0,0.00552302785217762,0.001991437515243888,0.0011061615077778697,0.4188379943370819,0.3470706641674042,0.02671279013156891,0.19875802099704742
693,693,"Uni Solve 402300 Adhesive Remover Wipe, Pack of 133","Uni Solve Adhesive Remover Wipes, 50 Each. Precautions:Use only as directed. For external use only. Avoid contact with eyes. Vapour may be harmful - use with adequate ventilation. Flammable. Do not use near heat, sparks or open flame. Keep out of reach of children. Avoid contact with painted/finished surfaces. Do not apply to open wounds or mucous membranes.Indications:Indicated for the removal of adhesive devices. Indicated for the removal of adhesive residue from skin.Softens adhesive on tapes, films and appliances thereby minimizing trauma caused by adhesive removal.INSTRUCTIONS FOR USE:Step 1:Apply UNI-SOLVE Adhesive Remover with cotton applicator, or gauze to edge of tape or appliance.Squeeze gently so fluid flows between skin and adhesive.Step 2:Wash skin with soap and water, rinse, and pat dry.",Kathleen,These are more economical than the bottle of Unisolve,"I have been using Uni-Solve Liquid Adhesive Remover for years.  I was pleased with it and I must admit, I tend to stick with a product that is serving my purposes rather than trying other products.  Initially, of course, I tried many products but found the Uni-Solve product to work best at removing adhesive without making my ridiculously sensitive skin hurt. When I needed a new bottle of the Liquid, however, it was not available and I was forced to buy these Uni-Solve Adhesive Remover Wipes.  Imagine my surprise when I discovered that I can use one Wipe for up to three times, as long as I seal the package up by folding it over!  Dollar for dollar, I am saving money and the wipes works as well for me as the liquid did.  Now I don't have to buy as many cotton balls!  I notice the liquid is still not available so perhaps it's been discontinued.  I'll continue to use the Wipes instead of the liquid because I don't have to use a large quantity of it when I use it.  Others who have to swab a larger area may not find the Wipes as economical as I do, so this is my opinion, only.",2/12/2024,5.0,Yes,4,0.7899,0.086,0.042,0.872,0.0303000006824731,0.0163023341447114,0.0165517423301935,0.0304389707744121,0.1069494783878326,0.1727824062108993,0.6266750693321228,0.7899,0.086,0.042,0.872,0.030299987643957138,0.016302339732646942,0.01655171439051628,0.030438978224992752,0.10694963485002518,0.17278268933296204,0.6266746520996094
694,694,"Uni Solve 402300 Adhesive Remover Wipe, Pack of 134","Uni Solve Adhesive Remover Wipes, 50 Each. Precautions:Use only as directed. For external use only. Avoid contact with eyes. Vapour may be harmful - use with adequate ventilation. Flammable. Do not use near heat, sparks or open flame. Keep out of reach of children. Avoid contact with painted/finished surfaces. Do not apply to open wounds or mucous membranes.Indications:Indicated for the removal of adhesive devices. Indicated for the removal of adhesive residue from skin.Softens adhesive on tapes, films and appliances thereby minimizing trauma caused by adhesive removal.INSTRUCTIONS FOR USE:Step 1:Apply UNI-SOLVE Adhesive Remover with cotton applicator, or gauze to edge of tape or appliance.Squeeze gently so fluid flows between skin and adhesive.Step 2:Wash skin with soap and water, rinse, and pat dry.",Amazon Customer,Unisolve Adhesive Remover Wipe,"I have been using Unisolve for a couple of decades in the ICU and ER. I purchased the product to remove the Dexcom 7 patches that adhere to the skin and will not come off without great effort. Apply Unisolve to the edges of the tape and work towards the center of the wound site. Depending upon the size of the tape, it should not take more than one or two removers for the tape to come off completely.  Skin remains intact.",7/4/2024,5.0,Yes,2,-0.3028,0.025,0.04,0.934,0.0112567143514752,0.0358901433646678,0.0063535147346556,0.0033059804700315,0.9097384214401244,0.0211638584733009,0.0122912693768739,-0.3028,0.025,0.04,0.934,0.011256719008088112,0.035890135914087296,0.006353511940687895,0.003305983729660511,0.9097384214401245,0.021163858473300934,0.012291263788938522
695,695,"Uni Solve 402300 Adhesive Remover Wipe, Pack of 135","Uni Solve Adhesive Remover Wipes, 50 Each. Precautions:Use only as directed. For external use only. Avoid contact with eyes. Vapour may be harmful - use with adequate ventilation. Flammable. Do not use near heat, sparks or open flame. Keep out of reach of children. Avoid contact with painted/finished surfaces. Do not apply to open wounds or mucous membranes.Indications:Indicated for the removal of adhesive devices. Indicated for the removal of adhesive residue from skin.Softens adhesive on tapes, films and appliances thereby minimizing trauma caused by adhesive removal.INSTRUCTIONS FOR USE:Step 1:Apply UNI-SOLVE Adhesive Remover with cotton applicator, or gauze to edge of tape or appliance.Squeeze gently so fluid flows between skin and adhesive.Step 2:Wash skin with soap and water, rinse, and pat dry.",haley m.,A must for dexcom users,This the only thing that makes my dexcom stay on my arm . These things are awesome,8/20/2024,5.0,Yes,0,0.6249,0.215,0.0,0.785,0.0049960729666054,0.0040277643129229,0.0022776473779231,0.7243306636810303,0.1705197542905807,0.0053776623681187,0.088470384478569,0.6249,0.215,0.0,0.785,0.00499607203528285,0.004027759190648794,0.002277648076415062,0.7243309020996094,0.1705196052789688,0.005377664230763912,0.08847036212682724
696,696,"Uni Solve 402300 Adhesive Remover Wipe, Pack of 136","Uni Solve Adhesive Remover Wipes, 50 Each. Precautions:Use only as directed. For external use only. Avoid contact with eyes. Vapour may be harmful - use with adequate ventilation. Flammable. Do not use near heat, sparks or open flame. Keep out of reach of children. Avoid contact with painted/finished surfaces. Do not apply to open wounds or mucous membranes.Indications:Indicated for the removal of adhesive devices. Indicated for the removal of adhesive residue from skin.Softens adhesive on tapes, films and appliances thereby minimizing trauma caused by adhesive removal.INSTRUCTIONS FOR USE:Step 1:Apply UNI-SOLVE Adhesive Remover with cotton applicator, or gauze to edge of tape or appliance.Squeeze gently so fluid flows between skin and adhesive.Step 2:Wash skin with soap and water, rinse, and pat dry.",PJ55,Works Great!,"This product makes removing Dexcom Sensors, OmniPods, and their overlay patches easier, without pain, leaving your skin intact.Great product!",8/19/2024,5.0,Yes,2,0.6998,0.254,0.0,0.746,0.0115554090589284,0.0190305765718221,0.0024461408611387,0.5108966827392578,0.4238112568855285,0.0115568097680807,0.0207031425088644,0.6998,0.254,0.0,0.746,0.01155541930347681,0.019030587747693062,0.002446142490953207,0.5108965039253235,0.4238113760948181,0.011556830257177353,0.020703120157122612
697,697,"Uni Solve 402300 Adhesive Remover Wipe, Pack of 137","Uni Solve Adhesive Remover Wipes, 50 Each. Precautions:Use only as directed. For external use only. Avoid contact with eyes. Vapour may be harmful - use with adequate ventilation. Flammable. Do not use near heat, sparks or open flame. Keep out of reach of children. Avoid contact with painted/finished surfaces. Do not apply to open wounds or mucous membranes.Indications:Indicated for the removal of adhesive devices. Indicated for the removal of adhesive residue from skin.Softens adhesive on tapes, films and appliances thereby minimizing trauma caused by adhesive removal.INSTRUCTIONS FOR USE:Step 1:Apply UNI-SOLVE Adhesive Remover with cotton applicator, or gauze to edge of tape or appliance.Squeeze gently so fluid flows between skin and adhesive.Step 2:Wash skin with soap and water, rinse, and pat dry.",Amazon Customer,Wow,Works great,8/30/2024,5.0,Yes,0,0.6249,0.804,0.0,0.196,0.007438467349857,0.005539137404412,0.0028843306936323,0.4350278973579407,0.5087843537330627,0.0091635258868336,0.0311622694134712,0.6249,0.804,0.0,0.196,0.007438464090228081,0.005539140198379755,0.00288433488458395,0.4350276291370392,0.5087845921516418,0.00916353054344654,0.031162291765213013
698,698,"Uni Solve 402300 Adhesive Remover Wipe, Pack of 138","Uni Solve Adhesive Remover Wipes, 50 Each. Precautions:Use only as directed. For external use only. Avoid contact with eyes. Vapour may be harmful - use with adequate ventilation. Flammable. Do not use near heat, sparks or open flame. Keep out of reach of children. Avoid contact with painted/finished surfaces. Do not apply to open wounds or mucous membranes.Indications:Indicated for the removal of adhesive devices. Indicated for the removal of adhesive residue from skin.Softens adhesive on tapes, films and appliances thereby minimizing trauma caused by adhesive removal.INSTRUCTIONS FOR USE:Step 1:Apply UNI-SOLVE Adhesive Remover with cotton applicator, or gauze to edge of tape or appliance.Squeeze gently so fluid flows between skin and adhesive.Step 2:Wash skin with soap and water, rinse, and pat dry.",Stephen Ferg,You really want this product if you wear a CGM,"The adhesive that holds the CGM sensor on your body is good and strong, which is an advantage when you want to keep the CGM sensor on your body, and a disadvantage when you want to take it off.  When it comes time to take it off, this stuff is a real godsend.  You squeeze a little on the area around the CGM and then give it time to work... maybe 30 seconds.  It seeps its way under the edge of the patch and dissolves the adhesive, making it much, much easier to remove the patch and the old sensor.  And afterward you can use it to clean up any adhesive that is still left stuck to your skin.  I highly recommend this product (or something similar) if you use a CGM.",5/5/2024,5.0,Yes,20,0.9441,0.159,0.033,0.807,0.0082909986376762,0.0254869814962148,0.0043145730160176,0.0261743180453777,0.92127126455307,0.004699345678091,0.0097624687477946,0.9441,0.159,0.033,0.807,0.00829099491238594,0.025486955419182777,0.0043145716190338135,0.026174278929829597,0.9212713837623596,0.004699339158833027,0.009762469679117203
699,699,"Uni Solve 402300 Adhesive Remover Wipe, Pack of 139","Uni Solve Adhesive Remover Wipes, 50 Each. Precautions:Use only as directed. For external use only. Avoid contact with eyes. Vapour may be harmful - use with adequate ventilation. Flammable. Do not use near heat, sparks or open flame. Keep out of reach of children. Avoid contact with painted/finished surfaces. Do not apply to open wounds or mucous membranes.Indications:Indicated for the removal of adhesive devices. Indicated for the removal of adhesive residue from skin.Softens adhesive on tapes, films and appliances thereby minimizing trauma caused by adhesive removal.INSTRUCTIONS FOR USE:Step 1:Apply UNI-SOLVE Adhesive Remover with cotton applicator, or gauze to edge of tape or appliance.Squeeze gently so fluid flows between skin and adhesive.Step 2:Wash skin with soap and water, rinse, and pat dry.",Ashley,Love these wipes,These wipes exceeded my expectations. They are exactly what I needed to get the sticky residue off my husband's PD catheter as he loves to use tape to adhere it to his stomach. I use one practically every couple of days. I definitely will purchase again.,7/25/2024,5.0,Yes,0,0.7506,0.135,0.0,0.865,0.0246096272021532,0.1954887807369232,0.0038801347836852,0.009125699289143,0.7473106384277344,0.0071967188268899,0.01238832809031,0.7506,0.135,0.0,0.865,0.024609623476862907,0.19548895955085754,0.003880143165588379,0.009125679731369019,0.7473104596138,0.007196721155196428,0.01238831877708435
700,700,"Uni Solve 402300 Adhesive Remover Wipe, Pack of 140","Uni Solve Adhesive Remover Wipes, 50 Each. Precautions:Use only as directed. For external use only. Avoid contact with eyes. Vapour may be harmful - use with adequate ventilation. Flammable. Do not use near heat, sparks or open flame. Keep out of reach of children. Avoid contact with painted/finished surfaces. Do not apply to open wounds or mucous membranes.Indications:Indicated for the removal of adhesive devices. Indicated for the removal of adhesive residue from skin.Softens adhesive on tapes, films and appliances thereby minimizing trauma caused by adhesive removal.INSTRUCTIONS FOR USE:Step 1:Apply UNI-SOLVE Adhesive Remover with cotton applicator, or gauze to edge of tape or appliance.Squeeze gently so fluid flows between skin and adhesive.Step 2:Wash skin with soap and water, rinse, and pat dry.",Becky,GREAT,"There is nothing more painful than having bandages removed.  Those days are over, just use one of these pads and you don't need to worry about the pain because it will be taken away.  You should always have some of these bandage removable pads in every First Aid box and medicine cabinet. THESE ARE THAT GREAT!!!",7/15/2024,5.0,Yes,0,0.8145,0.163,0.05,0.787,0.0140147693455219,0.0298907179385423,0.0873830467462539,0.0554726012051105,0.5436389446258545,0.1940473169088363,0.0755525380373001,0.8145,0.163,0.05,0.787,0.014014759100973606,0.029890701174736023,0.08738286048173904,0.05547261983156204,0.5436395406723022,0.19404694437980652,0.0755525529384613
701,701,"Uni Solve 402300 Adhesive Remover Wipe, Pack of 141","Uni Solve Adhesive Remover Wipes, 50 Each. Precautions:Use only as directed. For external use only. Avoid contact with eyes. Vapour may be harmful - use with adequate ventilation. Flammable. Do not use near heat, sparks or open flame. Keep out of reach of children. Avoid contact with painted/finished surfaces. Do not apply to open wounds or mucous membranes.Indications:Indicated for the removal of adhesive devices. Indicated for the removal of adhesive residue from skin.Softens adhesive on tapes, films and appliances thereby minimizing trauma caused by adhesive removal.INSTRUCTIONS FOR USE:Step 1:Apply UNI-SOLVE Adhesive Remover with cotton applicator, or gauze to edge of tape or appliance.Squeeze gently so fluid flows between skin and adhesive.Step 2:Wash skin with soap and water, rinse, and pat dry.",Joey,Strong cleaner,Make sure to wash it off,7/16/2024,4.0,Yes,0,0.3182,0.315,0.0,0.685,0.005494512617588,0.0158178359270095,0.0056316819973289,0.0063918945379555,0.9437140226364136,0.0143820578232407,0.0085679711773991,0.3182,0.315,0.0,0.685,0.005494512617588043,0.01581784337759018,0.005631689447909594,0.006391891278326511,0.9437140226364136,0.014382057823240757,0.00856796745210886
702,702,"Uni Solve 402300 Adhesive Remover Wipe, Pack of 142","Uni Solve Adhesive Remover Wipes, 50 Each. Precautions:Use only as directed. For external use only. Avoid contact with eyes. Vapour may be harmful - use with adequate ventilation. Flammable. Do not use near heat, sparks or open flame. Keep out of reach of children. Avoid contact with painted/finished surfaces. Do not apply to open wounds or mucous membranes.Indications:Indicated for the removal of adhesive devices. Indicated for the removal of adhesive residue from skin.Softens adhesive on tapes, films and appliances thereby minimizing trauma caused by adhesive removal.INSTRUCTIONS FOR USE:Step 1:Apply UNI-SOLVE Adhesive Remover with cotton applicator, or gauze to edge of tape or appliance.Squeeze gently so fluid flows between skin and adhesive.Step 2:Wash skin with soap and water, rinse, and pat dry.",Mike,Adhesive Remover from Skin,This is another adhesive remover I tried after surgery.  It works very well and comes in individual packs.,8/10/2024,5.0,Yes,0,0.3384,0.13,0.0,0.87,0.0051046297885477,0.0062788948416709,0.0027847352903336,0.0949456617236137,0.8425926566123962,0.006924198474735,0.0413692779839038,0.3384,0.13,0.0,0.87,0.005104639567434788,0.006278912536799908,0.002784735057502985,0.0949457660317421,0.8425925374031067,0.006924194749444723,0.04136925935745239
703,703,"Uni Solve 402300 Adhesive Remover Wipe, Pack of 143","Uni Solve Adhesive Remover Wipes, 50 Each. Precautions:Use only as directed. For external use only. Avoid contact with eyes. Vapour may be harmful - use with adequate ventilation. Flammable. Do not use near heat, sparks or open flame. Keep out of reach of children. Avoid contact with painted/finished surfaces. Do not apply to open wounds or mucous membranes.Indications:Indicated for the removal of adhesive devices. Indicated for the removal of adhesive residue from skin.Softens adhesive on tapes, films and appliances thereby minimizing trauma caused by adhesive removal.INSTRUCTIONS FOR USE:Step 1:Apply UNI-SOLVE Adhesive Remover with cotton applicator, or gauze to edge of tape or appliance.Squeeze gently so fluid flows between skin and adhesive.Step 2:Wash skin with soap and water, rinse, and pat dry.",kennyk,Uni Solve Review,I have used this product for years and like it a lot. I can t rate my latest attempt at delivery through Amazon because I never received the product. But would recommend the product !,5/30/2024,4.0,Yes,0,0.685,0.203,0.0,0.797,0.0495215766131877,0.0112996874377131,0.0088940300047397,0.1908412277698516,0.6063516736030579,0.0663817301392555,0.0667101368308067,0.685,0.203,0.0,0.797,0.049521658569574356,0.01129968836903572,0.008894027210772038,0.190840944647789,0.6063514947891235,0.06638193130493164,0.06671027094125748
704,704,"Uni Solve 402300 Adhesive Remover Wipe, Pack of 144","Uni Solve Adhesive Remover Wipes, 50 Each. Precautions:Use only as directed. For external use only. Avoid contact with eyes. Vapour may be harmful - use with adequate ventilation. Flammable. Do not use near heat, sparks or open flame. Keep out of reach of children. Avoid contact with painted/finished surfaces. Do not apply to open wounds or mucous membranes.Indications:Indicated for the removal of adhesive devices. Indicated for the removal of adhesive residue from skin.Softens adhesive on tapes, films and appliances thereby minimizing trauma caused by adhesive removal.INSTRUCTIONS FOR USE:Step 1:Apply UNI-SOLVE Adhesive Remover with cotton applicator, or gauze to edge of tape or appliance.Squeeze gently so fluid flows between skin and adhesive.Step 2:Wash skin with soap and water, rinse, and pat dry.",frost,Juicy,Removes skin tac and other adhesives really well.,8/13/2024,5.0,Yes,0,0.3384,0.255,0.0,0.745,0.0261884499341249,0.0790222957730293,0.0062569738365709,0.0068656918592751,0.8422923684120178,0.0260114818811416,0.0133627820760011,0.3384,0.255,0.0,0.745,0.026188399642705917,0.0790223479270935,0.0062569682486355305,0.006865679286420345,0.8422923684120178,0.026011450216174126,0.013362748548388481
705,705,"Uni Solve 402300 Adhesive Remover Wipe, Pack of 145","Uni Solve Adhesive Remover Wipes, 50 Each. Precautions:Use only as directed. For external use only. Avoid contact with eyes. Vapour may be harmful - use with adequate ventilation. Flammable. Do not use near heat, sparks or open flame. Keep out of reach of children. Avoid contact with painted/finished surfaces. Do not apply to open wounds or mucous membranes.Indications:Indicated for the removal of adhesive devices. Indicated for the removal of adhesive residue from skin.Softens adhesive on tapes, films and appliances thereby minimizing trauma caused by adhesive removal.INSTRUCTIONS FOR USE:Step 1:Apply UNI-SOLVE Adhesive Remover with cotton applicator, or gauze to edge of tape or appliance.Squeeze gently so fluid flows between skin and adhesive.Step 2:Wash skin with soap and water, rinse, and pat dry.",Christine A in KY,No more welts or scabs from removing my G7!,"My sensitive skin just can't take the abuse of removing Dexcom G7 patches with their strong adhesive. Thank goodness I read several comments in a dexcom user group about how good this at making patch removal painless. It's definitely a lifesaver. The solvent has a bit of a lighter fluid scent to it, but that's oar for the course, I imagine, as it has to contain an effective ingredient. It also contains aloe. I find it to be very soothing, no irritations after using this. The square pad is well saturated with the liquid and doesn't dry out before doing the job. I'm so glad to have these. I'm a fan for life!",4/5/2024,5.0,Yes,2,0.9743,0.263,0.052,0.685,0.0049171815626323,0.0195752047002315,0.0007671535713598,0.9099750518798828,0.0534432493150234,0.0068326536566019,0.0044894069433212,0.9743,0.263,0.052,0.685,0.00491718016564846,0.019575174897909164,0.0007671525818295777,0.9099751710891724,0.053443148732185364,0.006832651328295469,0.0044894032180309296
706,706,"Uni Solve 402300 Adhesive Remover Wipe, Pack of 146","Uni Solve Adhesive Remover Wipes, 50 Each. Precautions:Use only as directed. For external use only. Avoid contact with eyes. Vapour may be harmful - use with adequate ventilation. Flammable. Do not use near heat, sparks or open flame. Keep out of reach of children. Avoid contact with painted/finished surfaces. Do not apply to open wounds or mucous membranes.Indications:Indicated for the removal of adhesive devices. Indicated for the removal of adhesive residue from skin.Softens adhesive on tapes, films and appliances thereby minimizing trauma caused by adhesive removal.INSTRUCTIONS FOR USE:Step 1:Apply UNI-SOLVE Adhesive Remover with cotton applicator, or gauze to edge of tape or appliance.Squeeze gently so fluid flows between skin and adhesive.Step 2:Wash skin with soap and water, rinse, and pat dry.",lovebliss,work well,They smell awful and do take off some adhesive with alot of work.,7/30/2024,5.0,Yes,0,-0.4588,0.0,0.2,0.8,0.004520904738456,0.9608091115951538,0.0187087766826152,0.0005368757992982,0.0063018640503287,0.0074165035039186,0.0017060900572687,-0.4588,0.0,0.2,0.8,0.004520908463746309,0.9608089923858643,0.01870880275964737,0.0005368762649595737,0.006301865912973881,0.007416509557515383,0.0017060915706679225
707,707,"Uni Solve 402300 Adhesive Remover Wipe, Pack of 147","Uni Solve Adhesive Remover Wipes, 50 Each. Precautions:Use only as directed. For external use only. Avoid contact with eyes. Vapour may be harmful - use with adequate ventilation. Flammable. Do not use near heat, sparks or open flame. Keep out of reach of children. Avoid contact with painted/finished surfaces. Do not apply to open wounds or mucous membranes.Indications:Indicated for the removal of adhesive devices. Indicated for the removal of adhesive residue from skin.Softens adhesive on tapes, films and appliances thereby minimizing trauma caused by adhesive removal.INSTRUCTIONS FOR USE:Step 1:Apply UNI-SOLVE Adhesive Remover with cotton applicator, or gauze to edge of tape or appliance.Squeeze gently so fluid flows between skin and adhesive.Step 2:Wash skin with soap and water, rinse, and pat dry.",Thorne,Works great,Smaller than I expected but they work magnificent for stubborn label adhesive,7/31/2024,5.0,Yes,0,0.4215,0.299,0.198,0.503,0.0111318286508321,0.0154498182237148,0.0072944983839988,0.0446978546679019,0.7775868773460388,0.0048193852417171,0.1390197575092315,0.4215,0.299,0.198,0.503,0.011131863109767437,0.01544986478984356,0.007294521667063236,0.044697802513837814,0.7775864601135254,0.004819401074200869,0.1390201300382614
708,708,"Uni Solve 402300 Adhesive Remover Wipe, Pack of 148","Uni Solve Adhesive Remover Wipes, 50 Each. Precautions:Use only as directed. For external use only. Avoid contact with eyes. Vapour may be harmful - use with adequate ventilation. Flammable. Do not use near heat, sparks or open flame. Keep out of reach of children. Avoid contact with painted/finished surfaces. Do not apply to open wounds or mucous membranes.Indications:Indicated for the removal of adhesive devices. Indicated for the removal of adhesive residue from skin.Softens adhesive on tapes, films and appliances thereby minimizing trauma caused by adhesive removal.INSTRUCTIONS FOR USE:Step 1:Apply UNI-SOLVE Adhesive Remover with cotton applicator, or gauze to edge of tape or appliance.Squeeze gently so fluid flows between skin and adhesive.Step 2:Wash skin with soap and water, rinse, and pat dry.",E. Graham,These really work!,"These adhesive remover pads are the first of their kind I’ve found that really do what they say they’ll do. I tried another brand first….scrubbed and wiped, and finally got a small amount of the adhesive removed, but the surface was still very sticky. Then, once over with one of these tiny pads removed it instantly with no rubbing at all. Fantastic product!",6/3/2024,5.0,Yes,0,0.68,0.108,0.041,0.851,0.0346817784011364,0.0823283642530441,0.0054398085922002,0.1012580171227455,0.6404436826705933,0.0110407313331961,0.1248076185584068,0.68,0.108,0.041,0.851,0.03468180075287819,0.08232849836349487,0.005439812783151865,0.10125797986984253,0.6404436230659485,0.011040747165679932,0.12480749189853668
709,709,"Uni Solve 402300 Adhesive Remover Wipe, Pack of 149","Uni Solve Adhesive Remover Wipes, 50 Each. Precautions:Use only as directed. For external use only. Avoid contact with eyes. Vapour may be harmful - use with adequate ventilation. Flammable. Do not use near heat, sparks or open flame. Keep out of reach of children. Avoid contact with painted/finished surfaces. Do not apply to open wounds or mucous membranes.Indications:Indicated for the removal of adhesive devices. Indicated for the removal of adhesive residue from skin.Softens adhesive on tapes, films and appliances thereby minimizing trauma caused by adhesive removal.INSTRUCTIONS FOR USE:Step 1:Apply UNI-SOLVE Adhesive Remover with cotton applicator, or gauze to edge of tape or appliance.Squeeze gently so fluid flows between skin and adhesive.Step 2:Wash skin with soap and water, rinse, and pat dry.",Tara Koos,They Work,"I read the good and the bad reviews on these and wanted to try them for myself. I was pleasantly impressed with how quickly they removed the adhesive left behind from my husband’s blood sugar monitor and my own bandage residue.They are slightly larger than an alcohol pad and have a strong smell to them from the chemicals. If you’re not used to that, hold them away from your nose. They are a more textured pad/wipe than a typical alcohol wipe as well which made taking the adhesive residue off that much easier.I would recommend these for anyone struggling with adhesive leftovers from bandages and whatnot.",4/3/2024,5.0,Yes,8,0.8658,0.146,0.054,0.8,0.0105784377083182,0.1605927646160125,0.0073497015982866,0.0103257885202765,0.5394659638404846,0.0059120170772075,0.2657753229141235,0.8658,0.146,0.054,0.8,0.010578441433608532,0.1605927050113678,0.007349700666964054,0.010325794108211994,0.5394659042358398,0.005912010092288256,0.2657754123210907
710,710,"Uni Solve 402300 Adhesive Remover Wipe, Pack of 150","Uni Solve Adhesive Remover Wipes, 50 Each. Precautions:Use only as directed. For external use only. Avoid contact with eyes. Vapour may be harmful - use with adequate ventilation. Flammable. Do not use near heat, sparks or open flame. Keep out of reach of children. Avoid contact with painted/finished surfaces. Do not apply to open wounds or mucous membranes.Indications:Indicated for the removal of adhesive devices. Indicated for the removal of adhesive residue from skin.Softens adhesive on tapes, films and appliances thereby minimizing trauma caused by adhesive removal.INSTRUCTIONS FOR USE:Step 1:Apply UNI-SOLVE Adhesive Remover with cotton applicator, or gauze to edge of tape or appliance.Squeeze gently so fluid flows between skin and adhesive.Step 2:Wash skin with soap and water, rinse, and pat dry.",Not Happy,Works!!,Bought to remove adhesive on puppy ears. Worked well and easy. Washed ears after using with no harm done to ears.  A lot of extra pads but nice to have around for Future use.,7/7/2024,5.0,Yes,0,0.5187,0.184,0.099,0.717,0.007022398058325,0.0199564825743436,0.005410507787019,0.1586163341999054,0.6356095671653748,0.1251629143953323,0.0482218340039253,0.5187,0.184,0.099,0.717,0.007022390142083168,0.019956495612859726,0.0054105119779706,0.1586165428161621,0.6356091499328613,0.12516306340694427,0.04822184517979622
711,711,"Uni Solve 402300 Adhesive Remover Wipe, Pack of 151","Uni Solve Adhesive Remover Wipes, 50 Each. Precautions:Use only as directed. For external use only. Avoid contact with eyes. Vapour may be harmful - use with adequate ventilation. Flammable. Do not use near heat, sparks or open flame. Keep out of reach of children. Avoid contact with painted/finished surfaces. Do not apply to open wounds or mucous membranes.Indications:Indicated for the removal of adhesive devices. Indicated for the removal of adhesive residue from skin.Softens adhesive on tapes, films and appliances thereby minimizing trauma caused by adhesive removal.INSTRUCTIONS FOR USE:Step 1:Apply UNI-SOLVE Adhesive Remover with cotton applicator, or gauze to edge of tape or appliance.Squeeze gently so fluid flows between skin and adhesive.Step 2:Wash skin with soap and water, rinse, and pat dry.",ALAN,Great product,"Very effective. Although the swabs were a bit small, a little goes a long way. There is a slight chemical odor but it’s not offensive or overwhelming in any way. This product works so well to easily remove bandages, left over EKG electrodes and anything with adhesive.",6/26/2024,5.0,Yes,3,0.9104,0.243,0.0,0.757,0.012979538179934,0.9170070290565492,0.0035035933833569,0.009662109427154,0.0530758276581764,0.0028426630888134,0.0009293017792515,0.9104,0.243,0.0,0.757,0.012979556806385517,0.9170069098472595,0.0035035929176956415,0.00966210849583149,0.05307580903172493,0.002842662623152137,0.000929300847928971
712,712,"Uni Solve 402300 Adhesive Remover Wipe, Pack of 152","Uni Solve Adhesive Remover Wipes, 50 Each. Precautions:Use only as directed. For external use only. Avoid contact with eyes. Vapour may be harmful - use with adequate ventilation. Flammable. Do not use near heat, sparks or open flame. Keep out of reach of children. Avoid contact with painted/finished surfaces. Do not apply to open wounds or mucous membranes.Indications:Indicated for the removal of adhesive devices. Indicated for the removal of adhesive residue from skin.Softens adhesive on tapes, films and appliances thereby minimizing trauma caused by adhesive removal.INSTRUCTIONS FOR USE:Step 1:Apply UNI-SOLVE Adhesive Remover with cotton applicator, or gauze to edge of tape or appliance.Squeeze gently so fluid flows between skin and adhesive.Step 2:Wash skin with soap and water, rinse, and pat dry.",Tony Cicirello,Very Effective Adhesive Remover,I use these to clean my glucose monitor transmitter case. It works well in removing the adhesive residue. The amount of remover in each pad is sufficient to clean the entire transmitter. The price is reasonable.,7/2/2024,5.0,Yes,0,0.7579,0.19,0.0,0.81,0.0148347485810518,0.0663326382637023,0.0022967210970818,0.0217566210776567,0.8811060190200806,0.0068434346467256,0.0068299062550067,0.7579,0.19,0.0,0.81,0.01483476534485817,0.06633275002241135,0.002296722261235118,0.021756639704108238,0.8811057806015015,0.006843445356935263,0.006829916965216398
713,713,"Uni Solve 402300 Adhesive Remover Wipe, Pack of 153","Uni Solve Adhesive Remover Wipes, 50 Each. Precautions:Use only as directed. For external use only. Avoid contact with eyes. Vapour may be harmful - use with adequate ventilation. Flammable. Do not use near heat, sparks or open flame. Keep out of reach of children. Avoid contact with painted/finished surfaces. Do not apply to open wounds or mucous membranes.Indications:Indicated for the removal of adhesive devices. Indicated for the removal of adhesive residue from skin.Softens adhesive on tapes, films and appliances thereby minimizing trauma caused by adhesive removal.INSTRUCTIONS FOR USE:Step 1:Apply UNI-SOLVE Adhesive Remover with cotton applicator, or gauze to edge of tape or appliance.Squeeze gently so fluid flows between skin and adhesive.Step 2:Wash skin with soap and water, rinse, and pat dry.",Att8728,Great,Great adhesive remover. Sometimes I have to use 2 wipes to remove the adhesive from my Dexcom. Other then that it’s great,7/20/2024,5.0,Yes,0,0.8481,0.313,0.0,0.687,0.0066715567372739,0.0443230792880058,0.0026805149391293,0.0996007248759269,0.8158096075057983,0.0104283299297094,0.0204861629754304,0.8481,0.313,0.0,0.687,0.006671554408967495,0.044323064386844635,0.002680512610822916,0.09960068017244339,0.8158096671104431,0.010428321547806263,0.020486144348978996
714,714,"Uni Solve 402300 Adhesive Remover Wipe, Pack of 154","Uni Solve Adhesive Remover Wipes, 50 Each. Precautions:Use only as directed. For external use only. Avoid contact with eyes. Vapour may be harmful - use with adequate ventilation. Flammable. Do not use near heat, sparks or open flame. Keep out of reach of children. Avoid contact with painted/finished surfaces. Do not apply to open wounds or mucous membranes.Indications:Indicated for the removal of adhesive devices. Indicated for the removal of adhesive residue from skin.Softens adhesive on tapes, films and appliances thereby minimizing trauma caused by adhesive removal.INSTRUCTIONS FOR USE:Step 1:Apply UNI-SOLVE Adhesive Remover with cotton applicator, or gauze to edge of tape or appliance.Squeeze gently so fluid flows between skin and adhesive.Step 2:Wash skin with soap and water, rinse, and pat dry.",Jay Joyce,Works Perfectly on Athletic Tape Residue,This product works perfectly on strong and sticky athletic tape residue! Plus sticky bandaids and surgical tape. Great product that actually works! A+,7/18/2024,5.0,Yes,0,0.9214,0.379,0.0,0.621,0.0531971231102943,0.1852567195892334,0.0037104485090821,0.1900453567504882,0.5143306255340576,0.0070224269293248,0.0464373119175434,0.9214,0.379,0.0,0.621,0.053197093307971954,0.18525686860084534,0.003710444550961256,0.19004526734352112,0.5143305659294128,0.007022433448582888,0.046437300741672516
715,715,"Uni Solve 402300 Adhesive Remover Wipe, Pack of 155","Uni Solve Adhesive Remover Wipes, 50 Each. Precautions:Use only as directed. For external use only. Avoid contact with eyes. Vapour may be harmful - use with adequate ventilation. Flammable. Do not use near heat, sparks or open flame. Keep out of reach of children. Avoid contact with painted/finished surfaces. Do not apply to open wounds or mucous membranes.Indications:Indicated for the removal of adhesive devices. Indicated for the removal of adhesive residue from skin.Softens adhesive on tapes, films and appliances thereby minimizing trauma caused by adhesive removal.INSTRUCTIONS FOR USE:Step 1:Apply UNI-SOLVE Adhesive Remover with cotton applicator, or gauze to edge of tape or appliance.Squeeze gently so fluid flows between skin and adhesive.Step 2:Wash skin with soap and water, rinse, and pat dry.",A. Brown,SPOT ON,A little small in size but they serve it's purpose.,8/3/2024,5.0,Yes,0,0.0,0.0,0.0,1.0,0.0140111176297068,0.0484557524323463,0.0020734292920678,0.0390345193445682,0.8784272074699402,0.0096596591174602,0.0083383098244667,0.0,0.0,0.0,1.0,0.014011149294674397,0.048455867916345596,0.0020734306890517473,0.03903455659747124,0.8784269690513611,0.009659665636718273,0.0083383210003376
716,716,"Uni Solve 402300 Adhesive Remover Wipe, Pack of 156","Uni Solve Adhesive Remover Wipes, 50 Each. Precautions:Use only as directed. For external use only. Avoid contact with eyes. Vapour may be harmful - use with adequate ventilation. Flammable. Do not use near heat, sparks or open flame. Keep out of reach of children. Avoid contact with painted/finished surfaces. Do not apply to open wounds or mucous membranes.Indications:Indicated for the removal of adhesive devices. Indicated for the removal of adhesive residue from skin.Softens adhesive on tapes, films and appliances thereby minimizing trauma caused by adhesive removal.INSTRUCTIONS FOR USE:Step 1:Apply UNI-SOLVE Adhesive Remover with cotton applicator, or gauze to edge of tape or appliance.Squeeze gently so fluid flows between skin and adhesive.Step 2:Wash skin with soap and water, rinse, and pat dry.",Momof6kiddos,These work great!,"I was a little skeptical when I bought these, because We had not found anything that worked before. These work great! These remove the sticky tackiness from the CGM adhesive itself, and any other over patches that you may use.",6/26/2024,5.0,Yes,0,0.5244,0.106,0.048,0.845,0.0108939157798886,0.018469450995326,0.0668897926807403,0.0114478096365928,0.7803210616111755,0.0033481444697827,0.1086298748850822,0.5244,0.106,0.048,0.845,0.01089391577988863,0.018469426780939102,0.06688980013132095,0.011447777040302753,0.780321478843689,0.003348141210153699,0.108629509806633
717,717,"Uni Solve 402300 Adhesive Remover Wipe, Pack of 157","Uni Solve Adhesive Remover Wipes, 50 Each. Precautions:Use only as directed. For external use only. Avoid contact with eyes. Vapour may be harmful - use with adequate ventilation. Flammable. Do not use near heat, sparks or open flame. Keep out of reach of children. Avoid contact with painted/finished surfaces. Do not apply to open wounds or mucous membranes.Indications:Indicated for the removal of adhesive devices. Indicated for the removal of adhesive residue from skin.Softens adhesive on tapes, films and appliances thereby minimizing trauma caused by adhesive removal.INSTRUCTIONS FOR USE:Step 1:Apply UNI-SOLVE Adhesive Remover with cotton applicator, or gauze to edge of tape or appliance.Squeeze gently so fluid flows between skin and adhesive.Step 2:Wash skin with soap and water, rinse, and pat dry.",Ashley Merchant,Perfect for diabetes pump adhesive,Works like a charm. It really gets every bit off. Light orange scent.,7/24/2024,5.0,Yes,2,0.6369,0.342,0.0,0.658,0.0067255198955535,0.0497163794934749,0.0013175458880141,0.4660187065601349,0.4598731100559234,0.0093226488679647,0.0070260404609143,0.6369,0.342,0.0,0.658,0.006725515704602003,0.0497162826359272,0.001317544374614954,0.4660188555717468,0.4598732590675354,0.009322641417384148,0.0070260358043015
718,718,"Uni Solve 402300 Adhesive Remover Wipe, Pack of 158","Uni Solve Adhesive Remover Wipes, 50 Each. Precautions:Use only as directed. For external use only. Avoid contact with eyes. Vapour may be harmful - use with adequate ventilation. Flammable. Do not use near heat, sparks or open flame. Keep out of reach of children. Avoid contact with painted/finished surfaces. Do not apply to open wounds or mucous membranes.Indications:Indicated for the removal of adhesive devices. Indicated for the removal of adhesive residue from skin.Softens adhesive on tapes, films and appliances thereby minimizing trauma caused by adhesive removal.INSTRUCTIONS FOR USE:Step 1:Apply UNI-SOLVE Adhesive Remover with cotton applicator, or gauze to edge of tape or appliance.Squeeze gently so fluid flows between skin and adhesive.Step 2:Wash skin with soap and water, rinse, and pat dry.",Kimberly H.,Where has this been my whole life???,"I am an avid crafter & I am no stranger to cleaning adhesive off of my scissors & my supplies. I have NEVER found ANYTHING that works this fast & completely removes the adhesive. I am talking seconds, compared to minutes. I highly recommend this product & I will be keeping this in stock!",5/23/2024,5.0,Yes,2,0.474,0.109,0.045,0.846,0.0321267843246459,0.0083683254197239,0.0031612936872988,0.1186868622899055,0.659747302532196,0.005396562628448,0.1725128293037414,0.474,0.109,0.045,0.846,0.032126761972904205,0.00836831796914339,0.0031612904276698828,0.11868700385093689,0.659747302532196,0.005396565422415733,0.1725127398967743
719,719,"Uni Solve 402300 Adhesive Remover Wipe, Pack of 159","Uni Solve Adhesive Remover Wipes, 50 Each. Precautions:Use only as directed. For external use only. Avoid contact with eyes. Vapour may be harmful - use with adequate ventilation. Flammable. Do not use near heat, sparks or open flame. Keep out of reach of children. Avoid contact with painted/finished surfaces. Do not apply to open wounds or mucous membranes.Indications:Indicated for the removal of adhesive devices. Indicated for the removal of adhesive residue from skin.Softens adhesive on tapes, films and appliances thereby minimizing trauma caused by adhesive removal.INSTRUCTIONS FOR USE:Step 1:Apply UNI-SOLVE Adhesive Remover with cotton applicator, or gauze to edge of tape or appliance.Squeeze gently so fluid flows between skin and adhesive.Step 2:Wash skin with soap and water, rinse, and pat dry.",DJ Zeratul,The benefits far outweigh the smell!,"I use insulin pump infusion sets and I have to change them every 3 days to prevent infection. Lets say that's a ""recommendation"" and sometimes this extends to 4 or 5 days... I am a busy man, what can I say. Anyhow, during this time, the adhesive on the sets sometimes gets very sticky and messy, and attracts dirt like a jar of honey to a hungry bear. It is like a dust and dirt magnet, forming a disgusting ring of black mess around the outside when you peel the set off... not to mention that the peeling the set off part is a painful mess of an encounter (I am a part middle-eastern man, with middle-eastern hair on my middle-eastern stomach, which can sometimes make the removal process a painful experience. Yes, I know, probably not as bad as a Brazilian, but come on... this is happening every few days here!)When I read about these wipes I was intrigued, because for all the time I have been using an insulin pump I was just told to use baby oil to remove the adhesive... which works to an extent, but can also be a messy experience (especially on hair.) Enter these wipes. A quick swab around the outside of the infusion set is enough to unseat it from its death grip on your skin, and makes it easy to peel a side of it off... then continuing to wipe as you peel it unlocks it from your skin without any pain whatsoever. Any hairs in the way stay rooted and the entire thing just comes off without any mess. Then a quick swab around the circumference of where the set was removes any built up gunk and/or dust and dirt that was shellacked to your skin only moments ago. It is extremely gentle and does not burn or sting, and I was able to wipe over top of the open hole where the cannula was without any pain or discomfort.These things are awesome. They smell strange, but its not nearly as bad as everyone is making it out to be. It's a sort of sweet chemically smell, almost akin to antifreeze. Not that bad when you consider how magical these things really are... I am noticing much less irritation around previous infusion set locations and am noticing much less pain when inserting new infusion sets over areas where the adhesive had to be scrubbed off in the shower previously.If you are hesitant about buying these for any reason, do yourself a favor and try a box. It will change your perspective on removing infusion sets. Looking back after trying these things, I have been to the hospital a couple times needing IV fluids and I cannot believe they don't use these at hospitals. They are so inexpensive and it would make removing IV dressings so much less painful! I might even keep some in my wallet just in case I get into an accident or something.",4/3/2012,5.0,Yes,191,0.8148,0.102,0.089,0.809,0.0070576895959675,0.9337614178657532,0.0176503658294677,0.0007534550968557,0.0300164837390184,0.0071625486016273,0.0035981240216642,0.8148,0.102,0.089,0.809,0.0070576854050159454,0.9337614178657532,0.017650345340371132,0.0007534554461017251,0.03001645766198635,0.007162530906498432,0.0035981221590191126
720,720,"Uni Solve 402300 Adhesive Remover Wipe, Pack of 160","Uni Solve Adhesive Remover Wipes, 50 Each. Precautions:Use only as directed. For external use only. Avoid contact with eyes. Vapour may be harmful - use with adequate ventilation. Flammable. Do not use near heat, sparks or open flame. Keep out of reach of children. Avoid contact with painted/finished surfaces. Do not apply to open wounds or mucous membranes.Indications:Indicated for the removal of adhesive devices. Indicated for the removal of adhesive residue from skin.Softens adhesive on tapes, films and appliances thereby minimizing trauma caused by adhesive removal.INSTRUCTIONS FOR USE:Step 1:Apply UNI-SOLVE Adhesive Remover with cotton applicator, or gauze to edge of tape or appliance.Squeeze gently so fluid flows between skin and adhesive.Step 2:Wash skin with soap and water, rinse, and pat dry.",Bob Montgomery,This is great stuff for soft skin,"We have a 11 year old Down Syndrome daughter who has diabetes. She wears a Omnipod pump and a Dexcom CGM. Those products have some good adhesive and removal of a pump or glucose monitor not only cause pain, but is a bit traumatic for a DS kid. All kids dread pulling off a bandages. All you gotta do is apply to whatever needs removed and give it just a few short moments. It peels off somewhat quickly and very easily. It makes the process much better in our situation.This is a highly recommended product for anyone who has soft tender skin. The bandages or adhesive can be removed with less effort and damage to the skin. We always use Isopropyl alcohol on a paper towel to remove this product from the skin after the adhesive is removed. A lot of the time, the skin isn’t red or irritated when complet.",11/15/2023,5.0,Yes,9,-0.729,0.085,0.105,0.81,0.0142802558839321,0.0586196817457675,0.5897385478019714,0.0044333329424262,0.2877309620380401,0.0323573611676692,0.0128398844972252,-0.729,0.085,0.105,0.81,0.014280271716415882,0.058619771152734756,0.5897380709648132,0.0044333371333777905,0.2877312898635864,0.03235737234354019,0.012839874252676964
721,721,"Uni Solve 402300 Adhesive Remover Wipe, Pack of 161","Uni Solve Adhesive Remover Wipes, 50 Each. Precautions:Use only as directed. For external use only. Avoid contact with eyes. Vapour may be harmful - use with adequate ventilation. Flammable. Do not use near heat, sparks or open flame. Keep out of reach of children. Avoid contact with painted/finished surfaces. Do not apply to open wounds or mucous membranes.Indications:Indicated for the removal of adhesive devices. Indicated for the removal of adhesive residue from skin.Softens adhesive on tapes, films and appliances thereby minimizing trauma caused by adhesive removal.INSTRUCTIONS FOR USE:Step 1:Apply UNI-SOLVE Adhesive Remover with cotton applicator, or gauze to edge of tape or appliance.Squeeze gently so fluid flows between skin and adhesive.Step 2:Wash skin with soap and water, rinse, and pat dry.",Amazon Customer,Worked,"Much better than alcohol for removing g7 pad, these guys are tough.",7/10/2024,5.0,Yes,0,0.34,0.201,0.104,0.694,0.0099067809060215,0.1543082594871521,0.0072385817766189,0.0113682746887207,0.7974234819412231,0.0121402936056256,0.0076142898760735,0.34,0.201,0.104,0.694,0.009906771592795849,0.1543082445859909,0.0072385692037642,0.011368286795914173,0.7974235415458679,0.012140288949012756,0.007614287547767162
722,722,"Uni Solve 402300 Adhesive Remover Wipe, Pack of 162","Uni Solve Adhesive Remover Wipes, 50 Each. Precautions:Use only as directed. For external use only. Avoid contact with eyes. Vapour may be harmful - use with adequate ventilation. Flammable. Do not use near heat, sparks or open flame. Keep out of reach of children. Avoid contact with painted/finished surfaces. Do not apply to open wounds or mucous membranes.Indications:Indicated for the removal of adhesive devices. Indicated for the removal of adhesive residue from skin.Softens adhesive on tapes, films and appliances thereby minimizing trauma caused by adhesive removal.INSTRUCTIONS FOR USE:Step 1:Apply UNI-SOLVE Adhesive Remover with cotton applicator, or gauze to edge of tape or appliance.Squeeze gently so fluid flows between skin and adhesive.Step 2:Wash skin with soap and water, rinse, and pat dry.",Andrea Danielle,These work wonders.,I started using patches over my sensors and I was having trouble getting them off without ripping my skin off. These are easy to use and work so well. Highly recommended.,6/6/2024,5.0,Yes,0,0.6483,0.224,0.076,0.7,0.0101850889623165,0.0133103439584374,0.0128250923007726,0.0808918997645378,0.8478485941886902,0.0193613395094871,0.0155776431784033,0.6483,0.224,0.076,0.7,0.01018509455025196,0.013310345821082592,0.012825105339288712,0.08089181035757065,0.847848653793335,0.019361333921551704,0.015577622689306736
723,723,"Uni Solve 402300 Adhesive Remover Wipe, Pack of 163","Uni Solve Adhesive Remover Wipes, 50 Each. Precautions:Use only as directed. For external use only. Avoid contact with eyes. Vapour may be harmful - use with adequate ventilation. Flammable. Do not use near heat, sparks or open flame. Keep out of reach of children. Avoid contact with painted/finished surfaces. Do not apply to open wounds or mucous membranes.Indications:Indicated for the removal of adhesive devices. Indicated for the removal of adhesive residue from skin.Softens adhesive on tapes, films and appliances thereby minimizing trauma caused by adhesive removal.INSTRUCTIONS FOR USE:Step 1:Apply UNI-SOLVE Adhesive Remover with cotton applicator, or gauze to edge of tape or appliance.Squeeze gently so fluid flows between skin and adhesive.Step 2:Wash skin with soap and water, rinse, and pat dry.",Tara,Best removal wipes on the market 👌,Perfect wipes to take off adhesives plus they are great for on the go also!,4/27/2024,4.0,Yes,0,0.8439,0.384,0.0,0.616,0.0142112076282501,0.0232376232743263,0.001737093552947,0.4351077377796173,0.494289755821228,0.0063533489592373,0.0250632781535387,0.8439,0.384,0.0,0.616,0.01421119924634695,0.023237600922584534,0.0017370921559631824,0.43510711193084717,0.4942905008792877,0.006353334989398718,0.025063257664442062
724,724,"Uni Solve 402300 Adhesive Remover Wipe, Pack of 164","Uni Solve Adhesive Remover Wipes, 50 Each. Precautions:Use only as directed. For external use only. Avoid contact with eyes. Vapour may be harmful - use with adequate ventilation. Flammable. Do not use near heat, sparks or open flame. Keep out of reach of children. Avoid contact with painted/finished surfaces. Do not apply to open wounds or mucous membranes.Indications:Indicated for the removal of adhesive devices. Indicated for the removal of adhesive residue from skin.Softens adhesive on tapes, films and appliances thereby minimizing trauma caused by adhesive removal.INSTRUCTIONS FOR USE:Step 1:Apply UNI-SOLVE Adhesive Remover with cotton applicator, or gauze to edge of tape or appliance.Squeeze gently so fluid flows between skin and adhesive.Step 2:Wash skin with soap and water, rinse, and pat dry.",Ramona O.,Work well for adhesive removal for diabetics,"These work well for use with my diabetic son's CGM and insulin pump sites. You do have to rub a little to get the adhesive completely off, but not too bad. They don't break down the skin. They are a very strong chemical, so if there is a break in the skin (like on my finger when I'm using this on him!) it stings a bit. And, be cautious when you're changing sites that you clean your hands thoroughly after using this, before you handle the sticker on the new site so you won't interfere with it sticking. This is a good-sized box, the first one we bought lasted a good long time. This is only our second box after more than a year.",9/21/2023,4.0,Yes,14,0.9539,0.137,0.012,0.851,0.0165513455867767,0.0976391807198524,0.1519891321659088,0.0036841193214058,0.7016451954841614,0.0171587113291025,0.0113323340192437,0.9539,0.137,0.012,0.851,0.016551343724131584,0.09763920307159424,0.15198937058448792,0.0036841181572526693,0.7016449570655823,0.017158715054392815,0.011332341469824314
725,725,"Uni Solve 402300 Adhesive Remover Wipe, Pack of 165","Uni Solve Adhesive Remover Wipes, 50 Each. Precautions:Use only as directed. For external use only. Avoid contact with eyes. Vapour may be harmful - use with adequate ventilation. Flammable. Do not use near heat, sparks or open flame. Keep out of reach of children. Avoid contact with painted/finished surfaces. Do not apply to open wounds or mucous membranes.Indications:Indicated for the removal of adhesive devices. Indicated for the removal of adhesive residue from skin.Softens adhesive on tapes, films and appliances thereby minimizing trauma caused by adhesive removal.INSTRUCTIONS FOR USE:Step 1:Apply UNI-SOLVE Adhesive Remover with cotton applicator, or gauze to edge of tape or appliance.Squeeze gently so fluid flows between skin and adhesive.Step 2:Wash skin with soap and water, rinse, and pat dry.",Another_Amazon_Customer,Good for removing adhesive from Bard Statlocks,"Because of complications from a prostatectomy, I have an indwelling foley catheter  (sorry if TMI)  that is secured to my leg using a Bard Statlock (FOL0102 to be exact). The adhesive on the Statlock is very aggressive. It takes a good bit of rubbing alcohol to get the Statlock off but the alcohol doesn't remove all of the adhesive. The Uni Solve wipe does an excellent job removing the remaining adhesive. I strongly recommend this product.",3/22/2024,5.0,Yes,0,0.9382,0.206,0.018,0.777,0.2311563342809677,0.3682672381401062,0.0388237908482551,0.0018697676714509,0.3191311061382293,0.033969946205616,0.0067817829549312,0.9382,0.206,0.018,0.777,0.23115792870521545,0.3682667315006256,0.03882375359535217,0.0018697623163461685,0.31913021206855774,0.03396982699632645,0.006781771779060364
726,726,"Uni Solve 402300 Adhesive Remover Wipe, Pack of 166","Uni Solve Adhesive Remover Wipes, 50 Each. Precautions:Use only as directed. For external use only. Avoid contact with eyes. Vapour may be harmful - use with adequate ventilation. Flammable. Do not use near heat, sparks or open flame. Keep out of reach of children. Avoid contact with painted/finished surfaces. Do not apply to open wounds or mucous membranes.Indications:Indicated for the removal of adhesive devices. Indicated for the removal of adhesive residue from skin.Softens adhesive on tapes, films and appliances thereby minimizing trauma caused by adhesive removal.INSTRUCTIONS FOR USE:Step 1:Apply UNI-SOLVE Adhesive Remover with cotton applicator, or gauze to edge of tape or appliance.Squeeze gently so fluid flows between skin and adhesive.Step 2:Wash skin with soap and water, rinse, and pat dry.",N. K.,Works great!,I used these to remove adhesive in the interior of my car when the wood trim came off. It worked GREAT to remove the dried in old adhesive!!! The cleaned piece looks great matte black. The wipes did not ruin my interior. Were gentle on my skin. And did not stink,4/30/2024,5.0,Yes,4,0.9586,0.286,0.0,0.714,0.0211174003779888,0.4703676402568817,0.0057033696211874,0.0474198833107948,0.4228155612945556,0.025093300268054,0.007482879795134,0.9586,0.286,0.0,0.714,0.02111741341650486,0.4703672230243683,0.005703372415155172,0.047419942915439606,0.4228159487247467,0.025093315169215202,0.007482877466827631
727,727,"Uni Solve 402300 Adhesive Remover Wipe, Pack of 167","Uni Solve Adhesive Remover Wipes, 50 Each. Precautions:Use only as directed. For external use only. Avoid contact with eyes. Vapour may be harmful - use with adequate ventilation. Flammable. Do not use near heat, sparks or open flame. Keep out of reach of children. Avoid contact with painted/finished surfaces. Do not apply to open wounds or mucous membranes.Indications:Indicated for the removal of adhesive devices. Indicated for the removal of adhesive residue from skin.Softens adhesive on tapes, films and appliances thereby minimizing trauma caused by adhesive removal.INSTRUCTIONS FOR USE:Step 1:Apply UNI-SOLVE Adhesive Remover with cotton applicator, or gauze to edge of tape or appliance.Squeeze gently so fluid flows between skin and adhesive.Step 2:Wash skin with soap and water, rinse, and pat dry.",ShannaD,not as good as I was hoping,"these wipes are quite small and I have a need for larger ones that cover more area, they work as intended for smaller areas",4/24/2024,4.0,Yes,0,0.0,0.0,0.0,1.0,0.0047396570444107,0.0067960727028548,0.0016374441329389,0.0047311820089817,0.9412198662757874,0.0115646822378039,0.0293110944330692,0.0,0.0,0.0,1.0,0.0047396584413945675,0.006796072702854872,0.001637444132938981,0.004731184337288141,0.9412198662757874,0.011564686894416809,0.029311109334230423
728,728,"Uni Solve 402300 Adhesive Remover Wipe, Pack of 168","Uni Solve Adhesive Remover Wipes, 50 Each. Precautions:Use only as directed. For external use only. Avoid contact with eyes. Vapour may be harmful - use with adequate ventilation. Flammable. Do not use near heat, sparks or open flame. Keep out of reach of children. Avoid contact with painted/finished surfaces. Do not apply to open wounds or mucous membranes.Indications:Indicated for the removal of adhesive devices. Indicated for the removal of adhesive residue from skin.Softens adhesive on tapes, films and appliances thereby minimizing trauma caused by adhesive removal.INSTRUCTIONS FOR USE:Step 1:Apply UNI-SOLVE Adhesive Remover with cotton applicator, or gauze to edge of tape or appliance.Squeeze gently so fluid flows between skin and adhesive.Step 2:Wash skin with soap and water, rinse, and pat dry.",Destiny,A must after plastic surgery,This helped remove bandages after surgery without the pain and sting on sensitive areas. Also they are great at removing the residue glue and ink markings. We use this in the hospital on neonates and I ordered some for my postop bandage changes. Gentle on skin  and no smell.,4/25/2024,5.0,Yes,2,0.8177,0.174,0.039,0.787,0.0443801321089267,0.6772920489311218,0.0048286719247698,0.0111924912780523,0.2455735802650451,0.0136686377227306,0.0030643919017165,0.8177,0.174,0.039,0.787,0.04438016936182976,0.6772919297218323,0.004828671459108591,0.011192498728632927,0.24557368457317352,0.013668635860085487,0.0030643914360553026
729,729,"Uni Solve 402300 Adhesive Remover Wipe, Pack of 169","Uni Solve Adhesive Remover Wipes, 50 Each. Precautions:Use only as directed. For external use only. Avoid contact with eyes. Vapour may be harmful - use with adequate ventilation. Flammable. Do not use near heat, sparks or open flame. Keep out of reach of children. Avoid contact with painted/finished surfaces. Do not apply to open wounds or mucous membranes.Indications:Indicated for the removal of adhesive devices. Indicated for the removal of adhesive residue from skin.Softens adhesive on tapes, films and appliances thereby minimizing trauma caused by adhesive removal.INSTRUCTIONS FOR USE:Step 1:Apply UNI-SOLVE Adhesive Remover with cotton applicator, or gauze to edge of tape or appliance.Squeeze gently so fluid flows between skin and adhesive.Step 2:Wash skin with soap and water, rinse, and pat dry.",Delton day,Great,Great,7/13/2024,5.0,Yes,0,0.6249,1.0,0.0,0.0,0.0376711934804916,0.0294543355703353,0.0110250422731041,0.3769746720790863,0.4801543056964874,0.0230032410472631,0.041717167943716,0.6249,1.0,0.0,0.0,0.0376712866127491,0.02945432811975479,0.011025041341781616,0.37697574496269226,0.4801531732082367,0.023003246635198593,0.04171712324023247
730,730,"Uni Solve 402300 Adhesive Remover Wipe, Pack of 170","Uni Solve Adhesive Remover Wipes, 50 Each. Precautions:Use only as directed. For external use only. Avoid contact with eyes. Vapour may be harmful - use with adequate ventilation. Flammable. Do not use near heat, sparks or open flame. Keep out of reach of children. Avoid contact with painted/finished surfaces. Do not apply to open wounds or mucous membranes.Indications:Indicated for the removal of adhesive devices. Indicated for the removal of adhesive residue from skin.Softens adhesive on tapes, films and appliances thereby minimizing trauma caused by adhesive removal.INSTRUCTIONS FOR USE:Step 1:Apply UNI-SOLVE Adhesive Remover with cotton applicator, or gauze to edge of tape or appliance.Squeeze gently so fluid flows between skin and adhesive.Step 2:Wash skin with soap and water, rinse, and pat dry.",J. Ridge,Works great,I like that this wipe works great to get the adhesive off of athletic tape.,6/22/2024,5.0,Yes,0,0.765,0.355,0.0,0.645,0.0073345992714166,0.0682191401720047,0.0021184287033975,0.6592065095901489,0.242353156208992,0.0111823081970214,0.0095859337598085,0.765,0.355,0.0,0.645,0.007334606721997261,0.06821934133768082,0.002118431031703949,0.659205973148346,0.2423533946275711,0.011182340793311596,0.009585934691131115
731,731,"Uni Solve 402300 Adhesive Remover Wipe, Pack of 171","Uni Solve Adhesive Remover Wipes, 50 Each. Precautions:Use only as directed. For external use only. Avoid contact with eyes. Vapour may be harmful - use with adequate ventilation. Flammable. Do not use near heat, sparks or open flame. Keep out of reach of children. Avoid contact with painted/finished surfaces. Do not apply to open wounds or mucous membranes.Indications:Indicated for the removal of adhesive devices. Indicated for the removal of adhesive residue from skin.Softens adhesive on tapes, films and appliances thereby minimizing trauma caused by adhesive removal.INSTRUCTIONS FOR USE:Step 1:Apply UNI-SOLVE Adhesive Remover with cotton applicator, or gauze to edge of tape or appliance.Squeeze gently so fluid flows between skin and adhesive.Step 2:Wash skin with soap and water, rinse, and pat dry.",nachum zlotnick,Effortless Adhesive Removal,"Uni Solve 402300 Adhesive Remover Wipes are an absolute game-changer! With a pack of 50 convenient wipes, tackling stubborn adhesive residue has never been easier. These wipes effectively dissolve adhesive remnants without leaving behind any sticky residue, making them perfect for medical tape, bandages, or even temporary tattoos. The gentle formula ensures minimal discomfort, while the compact packaging allows for on-the-go convenience. Say goodbye to frustration and hello to hassle-free adhesive removal with Uni Solve Adhesive Remover Wipes.",3/19/2024,5.0,Yes,0,0.3527,0.145,0.118,0.737,0.0335827395319938,0.0466980077326297,0.0055277976207435,0.019263882189989,0.8836446404457092,0.0066900416277348,0.0045928228646516,0.3527,0.145,0.118,0.737,0.03358284384012222,0.046698134392499924,0.005527801346033812,0.019263863563537598,0.8836444020271301,0.006690056994557381,0.004592824261635542
732,732,"Uni Solve 402300 Adhesive Remover Wipe, Pack of 172","Uni Solve Adhesive Remover Wipes, 50 Each. Precautions:Use only as directed. For external use only. Avoid contact with eyes. Vapour may be harmful - use with adequate ventilation. Flammable. Do not use near heat, sparks or open flame. Keep out of reach of children. Avoid contact with painted/finished surfaces. Do not apply to open wounds or mucous membranes.Indications:Indicated for the removal of adhesive devices. Indicated for the removal of adhesive residue from skin.Softens adhesive on tapes, films and appliances thereby minimizing trauma caused by adhesive removal.INSTRUCTIONS FOR USE:Step 1:Apply UNI-SOLVE Adhesive Remover with cotton applicator, or gauze to edge of tape or appliance.Squeeze gently so fluid flows between skin and adhesive.Step 2:Wash skin with soap and water, rinse, and pat dry.",Twilite S,Perfect for removing sticky residue on skin,"This is a great product for removing glue and other sticky substances from skin without irritation or leaving a red mark. Highly recommended if you frequently need to change stick-on items.I used to order the liquid bottle and only needed a drop or two on a cotton ball. As that is difficult to find, the wipes are next best. My only criticism is the wipes are 1-use then dry out, so you can't really reuse them.",3/15/2024,5.0,Yes,0,0.7646,0.153,0.088,0.759,0.064340129494667,0.092530570924282,0.0017575351521372,0.0101023772731423,0.8119598627090454,0.0097549669444561,0.009554517455399,0.7646,0.153,0.088,0.759,0.06434004008769989,0.09253035485744476,0.0017575316596776247,0.010102391242980957,0.8119602203369141,0.009754952974617481,0.009554527699947357
733,733,"Uni Solve 402300 Adhesive Remover Wipe, Pack of 173","Uni Solve Adhesive Remover Wipes, 50 Each. Precautions:Use only as directed. For external use only. Avoid contact with eyes. Vapour may be harmful - use with adequate ventilation. Flammable. Do not use near heat, sparks or open flame. Keep out of reach of children. Avoid contact with painted/finished surfaces. Do not apply to open wounds or mucous membranes.Indications:Indicated for the removal of adhesive devices. Indicated for the removal of adhesive residue from skin.Softens adhesive on tapes, films and appliances thereby minimizing trauma caused by adhesive removal.INSTRUCTIONS FOR USE:Step 1:Apply UNI-SOLVE Adhesive Remover with cotton applicator, or gauze to edge of tape or appliance.Squeeze gently so fluid flows between skin and adhesive.Step 2:Wash skin with soap and water, rinse, and pat dry.",Lynae,So helpful,These wipes do such a good job removing the adhesive for my dexcom site. They also helped my skin to not react so much to the adhesive.,5/31/2024,5.0,Yes,0,0.4404,0.104,0.0,0.896,0.0098143024370074,0.0854059308767318,0.0036743874661624,0.0431630536913871,0.8363996148109436,0.0128720290958881,0.0086706364527344,0.4404,0.104,0.0,0.896,0.009814303368330002,0.08540594577789307,0.003674387698993087,0.04316307231783867,0.8363996744155884,0.012872030027210712,0.008670629933476448
734,734,"Uni Solve 402300 Adhesive Remover Wipe, Pack of 174","Uni Solve Adhesive Remover Wipes, 50 Each. Precautions:Use only as directed. For external use only. Avoid contact with eyes. Vapour may be harmful - use with adequate ventilation. Flammable. Do not use near heat, sparks or open flame. Keep out of reach of children. Avoid contact with painted/finished surfaces. Do not apply to open wounds or mucous membranes.Indications:Indicated for the removal of adhesive devices. Indicated for the removal of adhesive residue from skin.Softens adhesive on tapes, films and appliances thereby minimizing trauma caused by adhesive removal.INSTRUCTIONS FOR USE:Step 1:Apply UNI-SOLVE Adhesive Remover with cotton applicator, or gauze to edge of tape or appliance.Squeeze gently so fluid flows between skin and adhesive.Step 2:Wash skin with soap and water, rinse, and pat dry.",Jana T,Great for removing Adhesive Glue,These little squares are amazing. I had been using the same brand in a bottle with cotton balls. I decided to give the wipes a try. I'm so glad I did! I use them for removing the adhesive on my diabetic sensor and it does a great job. I think I will continue to use the wipes instead of the bottle. Don't need cotton balls the wipe square takes its place and the chance that the bottle might spill. They are the perfect size and amount of solvent on the pad. Highly Recommended!,2/22/2024,5.0,Yes,5,0.9632,0.203,0.0,0.797,0.0085456008091568,0.011989970691502,0.0022267398890107,0.6436130404472351,0.2722660005092621,0.0042813154868781,0.0570774227380752,0.9632,0.203,0.0,0.797,0.008545605465769768,0.011989974416792393,0.0022267389576882124,0.6436133980751038,0.2722656726837158,0.004281317815184593,0.05707733333110809
735,735,"Uni Solve 402300 Adhesive Remover Wipe, Pack of 175","Uni Solve Adhesive Remover Wipes, 50 Each. Precautions:Use only as directed. For external use only. Avoid contact with eyes. Vapour may be harmful - use with adequate ventilation. Flammable. Do not use near heat, sparks or open flame. Keep out of reach of children. Avoid contact with painted/finished surfaces. Do not apply to open wounds or mucous membranes.Indications:Indicated for the removal of adhesive devices. Indicated for the removal of adhesive residue from skin.Softens adhesive on tapes, films and appliances thereby minimizing trauma caused by adhesive removal.INSTRUCTIONS FOR USE:Step 1:Apply UNI-SOLVE Adhesive Remover with cotton applicator, or gauze to edge of tape or appliance.Squeeze gently so fluid flows between skin and adhesive.Step 2:Wash skin with soap and water, rinse, and pat dry.",Olivia Olinger,Works great!,"My husband is a diabetic so we frequently have to change insulin spots, these work great to get the stick off!!",6/14/2024,5.0,Yes,2,0.6892,0.198,0.0,0.802,0.0192696899175643,0.0177072137594223,0.0106132226064801,0.0466535575687885,0.7390825748443604,0.0161787960678339,0.1504950076341629,0.6892,0.198,0.0,0.802,0.019269702956080437,0.017707232385873795,0.01061324030160904,0.04665365815162659,0.7390820384025574,0.016178816556930542,0.15049530565738678
736,736,"Uni Solve 402300 Adhesive Remover Wipe, Pack of 176","Uni Solve Adhesive Remover Wipes, 50 Each. Precautions:Use only as directed. For external use only. Avoid contact with eyes. Vapour may be harmful - use with adequate ventilation. Flammable. Do not use near heat, sparks or open flame. Keep out of reach of children. Avoid contact with painted/finished surfaces. Do not apply to open wounds or mucous membranes.Indications:Indicated for the removal of adhesive devices. Indicated for the removal of adhesive residue from skin.Softens adhesive on tapes, films and appliances thereby minimizing trauma caused by adhesive removal.INSTRUCTIONS FOR USE:Step 1:Apply UNI-SOLVE Adhesive Remover with cotton applicator, or gauze to edge of tape or appliance.Squeeze gently so fluid flows between skin and adhesive.Step 2:Wash skin with soap and water, rinse, and pat dry.",wende k kelsey,It works great on silicone denture adhesive,To remove my Silicone adhesive( Denturfit) from my dentures. Works great.,6/15/2024,5.0,Yes,0,0.6249,0.291,0.0,0.709,0.0135936746373772,0.0545927062630653,0.0099692940711975,0.0411270968616008,0.8422975540161133,0.0166167095303535,0.021802969276905,0.6249,0.291,0.0,0.709,0.013593679293990135,0.05459276959300041,0.009969307109713554,0.041127126663923264,0.8422974348068237,0.01661672070622444,0.021803004667162895
737,737,"Uni Solve 402300 Adhesive Remover Wipe, Pack of 177","Uni Solve Adhesive Remover Wipes, 50 Each. Precautions:Use only as directed. For external use only. Avoid contact with eyes. Vapour may be harmful - use with adequate ventilation. Flammable. Do not use near heat, sparks or open flame. Keep out of reach of children. Avoid contact with painted/finished surfaces. Do not apply to open wounds or mucous membranes.Indications:Indicated for the removal of adhesive devices. Indicated for the removal of adhesive residue from skin.Softens adhesive on tapes, films and appliances thereby minimizing trauma caused by adhesive removal.INSTRUCTIONS FOR USE:Step 1:Apply UNI-SOLVE Adhesive Remover with cotton applicator, or gauze to edge of tape or appliance.Squeeze gently so fluid flows between skin and adhesive.Step 2:Wash skin with soap and water, rinse, and pat dry.",EP,Perfect..!,"These wipes are kinda small, but pack a big punch.  They easily remove the adhesive, with no skin irritation.  Highly recommend!!",6/2/2024,5.0,Yes,0,-0.2604,0.222,0.256,0.522,0.3261490166187286,0.064655914902687,0.0093774255365133,0.1693780720233917,0.3832167387008667,0.0247839577496051,0.0224389340728521,-0.2604,0.222,0.256,0.522,0.3261488378047943,0.06465590745210648,0.009377437643706799,0.16937801241874695,0.3832169771194458,0.024783959612250328,0.022438883781433105
738,738,"Uni Solve 402300 Adhesive Remover Wipe, Pack of 178","Uni Solve Adhesive Remover Wipes, 50 Each. Precautions:Use only as directed. For external use only. Avoid contact with eyes. Vapour may be harmful - use with adequate ventilation. Flammable. Do not use near heat, sparks or open flame. Keep out of reach of children. Avoid contact with painted/finished surfaces. Do not apply to open wounds or mucous membranes.Indications:Indicated for the removal of adhesive devices. Indicated for the removal of adhesive residue from skin.Softens adhesive on tapes, films and appliances thereby minimizing trauma caused by adhesive removal.INSTRUCTIONS FOR USE:Step 1:Apply UNI-SOLVE Adhesive Remover with cotton applicator, or gauze to edge of tape or appliance.Squeeze gently so fluid flows between skin and adhesive.Step 2:Wash skin with soap and water, rinse, and pat dry.",TresMilain,The Most Amazing Adhesive Remover on the Planet!!!,"I have been looking for a product I could keep in my tool bag while working in client's homes as a professional home organizer.  Some of the product used has labels with adhesive that are very hard to remove.  I did not want to use something oily like goo-gone.  Rubbing alcohol did not work and the whole process of getting the label goo off was so frustrating and took too much time. After much research and some reviews here on Amazon, I decided to give Uni-Solve a try.  This product is like MAGIC!  The label residue wiped off of an acrylic container like I was wiping water off of a surface.  Nothing short of miraculous!  God bless the angel that invented this for adhesive removal!  I know it was meant to use on skin but this product works on everything!!",4/26/2023,5.0,Yes,4,0.6586,0.082,0.035,0.883,0.0216031838208436,0.0124123794957995,0.0280893594026565,0.3716985881328583,0.1976930052042007,0.0262108258903026,0.3422926664352417,0.6586,0.082,0.035,0.883,0.021603185683488846,0.012412402778863907,0.028089383617043495,0.3716992437839508,0.19769248366355896,0.02621084824204445,0.34229251742362976
739,739,"Uni Solve 402300 Adhesive Remover Wipe, Pack of 179","Uni Solve Adhesive Remover Wipes, 50 Each. Precautions:Use only as directed. For external use only. Avoid contact with eyes. Vapour may be harmful - use with adequate ventilation. Flammable. Do not use near heat, sparks or open flame. Keep out of reach of children. Avoid contact with painted/finished surfaces. Do not apply to open wounds or mucous membranes.Indications:Indicated for the removal of adhesive devices. Indicated for the removal of adhesive residue from skin.Softens adhesive on tapes, films and appliances thereby minimizing trauma caused by adhesive removal.INSTRUCTIONS FOR USE:Step 1:Apply UNI-SOLVE Adhesive Remover with cotton applicator, or gauze to edge of tape or appliance.Squeeze gently so fluid flows between skin and adhesive.Step 2:Wash skin with soap and water, rinse, and pat dry.",Stephanie McGrew,This product is great!,I live with a feeding tube and have to keep the hole in my stomach protected from outside elements; so having to constantly wear gauze/bandages/medical tape can leave icky residue on your skin that alcohol wipes just do not help. Definitely purchasing again.. right now actually because I ran out,2/29/2024,5.0,Yes,0,-0.2062,0.056,0.111,0.833,0.0293770637363195,0.1136792227625846,0.1118274927139282,0.0057716220617294,0.3898258805274963,0.2903457880020141,0.0591729246079921,-0.2062,0.056,0.111,0.833,0.029377054423093796,0.11367964744567871,0.11182763427495956,0.005771621596068144,0.3898256719112396,0.29034554958343506,0.059172820299863815
740,740,"Uni Solve 402300 Adhesive Remover Wipe, Pack of 180","Uni Solve Adhesive Remover Wipes, 50 Each. Precautions:Use only as directed. For external use only. Avoid contact with eyes. Vapour may be harmful - use with adequate ventilation. Flammable. Do not use near heat, sparks or open flame. Keep out of reach of children. Avoid contact with painted/finished surfaces. Do not apply to open wounds or mucous membranes.Indications:Indicated for the removal of adhesive devices. Indicated for the removal of adhesive residue from skin.Softens adhesive on tapes, films and appliances thereby minimizing trauma caused by adhesive removal.INSTRUCTIONS FOR USE:Step 1:Apply UNI-SOLVE Adhesive Remover with cotton applicator, or gauze to edge of tape or appliance.Squeeze gently so fluid flows between skin and adhesive.Step 2:Wash skin with soap and water, rinse, and pat dry.",Maribel Villicana,Great,Great product. Quick delivery,6/8/2024,5.0,Yes,0,0.6249,0.577,0.0,0.423,0.0038256670814007,0.0031964948866516,0.0012478464050218,0.6937755346298218,0.2615269422531128,0.0054528652690351,0.0309746526181697,0.6249,0.577,0.0,0.423,0.003825664520263672,0.0031964913941919804,0.0012478461721912026,0.6937754154205322,0.26152706146240234,0.005452858749777079,0.030974648892879486
741,741,"Uni Solve 402300 Adhesive Remover Wipe, Pack of 181","Uni Solve Adhesive Remover Wipes, 50 Each. Precautions:Use only as directed. For external use only. Avoid contact with eyes. Vapour may be harmful - use with adequate ventilation. Flammable. Do not use near heat, sparks or open flame. Keep out of reach of children. Avoid contact with painted/finished surfaces. Do not apply to open wounds or mucous membranes.Indications:Indicated for the removal of adhesive devices. Indicated for the removal of adhesive residue from skin.Softens adhesive on tapes, films and appliances thereby minimizing trauma caused by adhesive removal.INSTRUCTIONS FOR USE:Step 1:Apply UNI-SOLVE Adhesive Remover with cotton applicator, or gauze to edge of tape or appliance.Squeeze gently so fluid flows between skin and adhesive.Step 2:Wash skin with soap and water, rinse, and pat dry.",Frank Bruccoleri,as expected,as expected,6/11/2024,5.0,Yes,0,0.0,0.0,0.0,1.0,0.0309700611978769,0.0062785348854959,0.0209149811416864,0.0470762737095356,0.3764905631542206,0.111390396952629,0.4068791568279266,0.0,0.0,0.0,1.0,0.03097006306052208,0.0062785386107862,0.020915012806653976,0.04707629978656769,0.3764907121658325,0.11139056831598282,0.406878799200058
742,742,"Uni Solve 402300 Adhesive Remover Wipe, Pack of 182","Uni Solve Adhesive Remover Wipes, 50 Each. Precautions:Use only as directed. For external use only. Avoid contact with eyes. Vapour may be harmful - use with adequate ventilation. Flammable. Do not use near heat, sparks or open flame. Keep out of reach of children. Avoid contact with painted/finished surfaces. Do not apply to open wounds or mucous membranes.Indications:Indicated for the removal of adhesive devices. Indicated for the removal of adhesive residue from skin.Softens adhesive on tapes, films and appliances thereby minimizing trauma caused by adhesive removal.INSTRUCTIONS FOR USE:Step 1:Apply UNI-SOLVE Adhesive Remover with cotton applicator, or gauze to edge of tape or appliance.Squeeze gently so fluid flows between skin and adhesive.Step 2:Wash skin with soap and water, rinse, and pat dry.",Amazon Customer,Best Adhesive Remover,These little wipes are the best at removing adhesive residue on objects and skin. They leave your  skin feeling soft and not dried out at all. They are used weekly for removing residue from diabetic sensor from my skin and the sensor charger.,3/9/2024,5.0,Yes,0,0.6705,0.122,0.026,0.853,0.0116397235542535,0.3645707070827484,0.0080386688932776,0.0147850839421153,0.4984345734119415,0.0939910188317298,0.0085402848199009,0.6705,0.122,0.026,0.853,0.01163974404335022,0.36457037925720215,0.008038672618567944,0.014785079285502434,0.49843499064445496,0.09399078786373138,0.008540286682546139
743,743,"Uni Solve 402300 Adhesive Remover Wipe, Pack of 183","Uni Solve Adhesive Remover Wipes, 50 Each. Precautions:Use only as directed. For external use only. Avoid contact with eyes. Vapour may be harmful - use with adequate ventilation. Flammable. Do not use near heat, sparks or open flame. Keep out of reach of children. Avoid contact with painted/finished surfaces. Do not apply to open wounds or mucous membranes.Indications:Indicated for the removal of adhesive devices. Indicated for the removal of adhesive residue from skin.Softens adhesive on tapes, films and appliances thereby minimizing trauma caused by adhesive removal.INSTRUCTIONS FOR USE:Step 1:Apply UNI-SOLVE Adhesive Remover with cotton applicator, or gauze to edge of tape or appliance.Squeeze gently so fluid flows between skin and adhesive.Step 2:Wash skin with soap and water, rinse, and pat dry.",Kmatt,So Amazing!!!,Will be ordering again!!! Amazing adhesive removal!!.,5/27/2024,5.0,Yes,0,0.7156,0.453,0.0,0.547,0.0303667448461055,0.0136762168258428,0.005831719841808,0.3493838608264923,0.2070762366056442,0.0196220446377992,0.374043196439743,0.7156,0.453,0.0,0.547,0.030366726219654083,0.013676213100552559,0.005831706803292036,0.3493835926055908,0.20707611739635468,0.01962202414870262,0.37404361367225647
744,744,"Uni Solve 402300 Adhesive Remover Wipe, Pack of 184","Uni Solve Adhesive Remover Wipes, 50 Each. Precautions:Use only as directed. For external use only. Avoid contact with eyes. Vapour may be harmful - use with adequate ventilation. Flammable. Do not use near heat, sparks or open flame. Keep out of reach of children. Avoid contact with painted/finished surfaces. Do not apply to open wounds or mucous membranes.Indications:Indicated for the removal of adhesive devices. Indicated for the removal of adhesive residue from skin.Softens adhesive on tapes, films and appliances thereby minimizing trauma caused by adhesive removal.INSTRUCTIONS FOR USE:Step 1:Apply UNI-SOLVE Adhesive Remover with cotton applicator, or gauze to edge of tape or appliance.Squeeze gently so fluid flows between skin and adhesive.Step 2:Wash skin with soap and water, rinse, and pat dry.",Krystyn,Great product!,These work absolutely wonderful for removing adhesive from bandages. My son had surgery so lots of adhesive to remove sand these were great no pain.,4/18/2024,5.0,Yes,4,0.5563,0.234,0.159,0.607,0.0097275730222463,0.0686093121767044,0.0139967063441872,0.1806084513664245,0.650323212146759,0.04457863047719,0.0321561023592948,0.5563,0.234,0.159,0.607,0.009727568365633488,0.06860930472612381,0.013996711932122707,0.18060827255249023,0.6503235697746277,0.044578567147254944,0.0321560800075531
745,745,"Uni Solve 402300 Adhesive Remover Wipe, Pack of 185","Uni Solve Adhesive Remover Wipes, 50 Each. Precautions:Use only as directed. For external use only. Avoid contact with eyes. Vapour may be harmful - use with adequate ventilation. Flammable. Do not use near heat, sparks or open flame. Keep out of reach of children. Avoid contact with painted/finished surfaces. Do not apply to open wounds or mucous membranes.Indications:Indicated for the removal of adhesive devices. Indicated for the removal of adhesive residue from skin.Softens adhesive on tapes, films and appliances thereby minimizing trauma caused by adhesive removal.INSTRUCTIONS FOR USE:Step 1:Apply UNI-SOLVE Adhesive Remover with cotton applicator, or gauze to edge of tape or appliance.Squeeze gently so fluid flows between skin and adhesive.Step 2:Wash skin with soap and water, rinse, and pat dry.",K Robinson,Best adhesive remover,"The media could not be loaded.If you have to remove something regularly like I do this is so worth it. Today was a new cgm day so I thought I'd share how well these remover wipes work. Regular rubbing alcohol does not work at all. This sensor was still fully adhered to my skin as you can see. Rubbing for a few seconds with the adhesive remover wipe, it just lifts like magic (sometimes it takes longer than this one). Bonus there is no sticky residue left on my skin. I always wipe a few times after it's dry too to make sure I got it all. Makes a complicated life a little easier.",9/13/2023,5.0,Yes,30,0.9447,0.172,0.019,0.81,0.0056433221325278,0.0217715371400117,0.0011691316030919,0.0089490059763193,0.9383112788200378,0.0050817122682929,0.0190740153193473,0.9447,0.172,0.019,0.81,0.005643332377076149,0.021771561354398727,0.001169133116491139,0.008949031122028828,0.9383111596107483,0.005081717390567064,0.01907404139637947
746,746,"Uni Solve 402300 Adhesive Remover Wipe, Pack of 186","Uni Solve Adhesive Remover Wipes, 50 Each. Precautions:Use only as directed. For external use only. Avoid contact with eyes. Vapour may be harmful - use with adequate ventilation. Flammable. Do not use near heat, sparks or open flame. Keep out of reach of children. Avoid contact with painted/finished surfaces. Do not apply to open wounds or mucous membranes.Indications:Indicated for the removal of adhesive devices. Indicated for the removal of adhesive residue from skin.Softens adhesive on tapes, films and appliances thereby minimizing trauma caused by adhesive removal.INSTRUCTIONS FOR USE:Step 1:Apply UNI-SOLVE Adhesive Remover with cotton applicator, or gauze to edge of tape or appliance.Squeeze gently so fluid flows between skin and adhesive.Step 2:Wash skin with soap and water, rinse, and pat dry.",Ashley Sinder,Use these all the time,"We put rhinestones on costumes with e6000 glue and these work wonderfully when you need to move some around and so far they have not hurt any material. It did take the finish off my table though. I didn't realize I dropped a wet one on my wood table, oops.",2/16/2024,5.0,Yes,2,0.7701,0.129,0.0,0.871,0.0049550724215805,0.0147774200886487,0.0027173936832696,0.0051159425638616,0.0476858802139759,0.0106498841196298,0.9140984416007996,0.7701,0.129,0.0,0.871,0.004955072421580553,0.014777405187487602,0.00271739368326962,0.005115947686135769,0.047685835510492325,0.010649872943758965,0.9140984416007996
747,747,"Uni Solve 402300 Adhesive Remover Wipe, Pack of 187","Uni Solve Adhesive Remover Wipes, 50 Each. Precautions:Use only as directed. For external use only. Avoid contact with eyes. Vapour may be harmful - use with adequate ventilation. Flammable. Do not use near heat, sparks or open flame. Keep out of reach of children. Avoid contact with painted/finished surfaces. Do not apply to open wounds or mucous membranes.Indications:Indicated for the removal of adhesive devices. Indicated for the removal of adhesive residue from skin.Softens adhesive on tapes, films and appliances thereby minimizing trauma caused by adhesive removal.INSTRUCTIONS FOR USE:Step 1:Apply UNI-SOLVE Adhesive Remover with cotton applicator, or gauze to edge of tape or appliance.Squeeze gently so fluid flows between skin and adhesive.Step 2:Wash skin with soap and water, rinse, and pat dry.",Wende Ashley,5 Stars for this product!,One little wipe is all it takes to remove tape adhesive! I used to go through so many alcohol wipes to accomplish adhesive removal. This takes 10 seconds. Highly recommend!,4/3/2024,5.0,Yes,0,0.7333,0.186,0.0,0.814,0.012785873375833,0.0099145509302616,0.0022409912198781,0.0813989341259002,0.7654580473899841,0.0098340660333633,0.1183675527572631,0.7333,0.186,0.0,0.814,0.01278587244451046,0.009914546273648739,0.002240989590063691,0.08139900863170624,0.7654579877853394,0.009834060445427895,0.11836755275726318
748,748,"Uni Solve 402300 Adhesive Remover Wipe, Pack of 188","Uni Solve Adhesive Remover Wipes, 50 Each. Precautions:Use only as directed. For external use only. Avoid contact with eyes. Vapour may be harmful - use with adequate ventilation. Flammable. Do not use near heat, sparks or open flame. Keep out of reach of children. Avoid contact with painted/finished surfaces. Do not apply to open wounds or mucous membranes.Indications:Indicated for the removal of adhesive devices. Indicated for the removal of adhesive residue from skin.Softens adhesive on tapes, films and appliances thereby minimizing trauma caused by adhesive removal.INSTRUCTIONS FOR USE:Step 1:Apply UNI-SOLVE Adhesive Remover with cotton applicator, or gauze to edge of tape or appliance.Squeeze gently so fluid flows between skin and adhesive.Step 2:Wash skin with soap and water, rinse, and pat dry.",jodi2672,Works great,I use to remove bandages around granddaughter dexcom and it is so easy I use 2 and and just soak bandage to come off itself,11/9/2023,4.0,Yes,0,0.5777,0.151,0.0,0.849,0.0112094366922974,0.0155176101252436,0.0030267930123955,0.0144431423395872,0.9032471179962158,0.0104477861896157,0.0421081483364105,0.5777,0.151,0.0,0.849,0.011209446005523205,0.015517632476985455,0.0030267946422100067,0.014443129301071167,0.9032471179962158,0.0104477908462286,0.04210813716053963
749,749,"Uni Solve 402300 Adhesive Remover Wipe, Pack of 189","Uni Solve Adhesive Remover Wipes, 50 Each. Precautions:Use only as directed. For external use only. Avoid contact with eyes. Vapour may be harmful - use with adequate ventilation. Flammable. Do not use near heat, sparks or open flame. Keep out of reach of children. Avoid contact with painted/finished surfaces. Do not apply to open wounds or mucous membranes.Indications:Indicated for the removal of adhesive devices. Indicated for the removal of adhesive residue from skin.Softens adhesive on tapes, films and appliances thereby minimizing trauma caused by adhesive removal.INSTRUCTIONS FOR USE:Step 1:Apply UNI-SOLVE Adhesive Remover with cotton applicator, or gauze to edge of tape or appliance.Squeeze gently so fluid flows between skin and adhesive.Step 2:Wash skin with soap and water, rinse, and pat dry.",Amazon Customer,Good product,"excellent product that works well, and without significant side effects. The price is also very good.",4/25/2024,5.0,Yes,0,0.8127,0.398,0.07,0.531,0.0037986340466886,0.0083963619545102,0.0009067292558029,0.8214918375015259,0.1527982503175735,0.0051755183376371,0.0074327792972326,0.8127,0.398,0.07,0.531,0.0037986324168741703,0.008396363817155361,0.0009067297796718776,0.8214920163154602,0.1527981013059616,0.005175519268959761,0.00743278069421649
750,750,"Uni Solve 402300 Adhesive Remover Wipe, Pack of 190","Uni Solve Adhesive Remover Wipes, 50 Each. Precautions:Use only as directed. For external use only. Avoid contact with eyes. Vapour may be harmful - use with adequate ventilation. Flammable. Do not use near heat, sparks or open flame. Keep out of reach of children. Avoid contact with painted/finished surfaces. Do not apply to open wounds or mucous membranes.Indications:Indicated for the removal of adhesive devices. Indicated for the removal of adhesive residue from skin.Softens adhesive on tapes, films and appliances thereby minimizing trauma caused by adhesive removal.INSTRUCTIONS FOR USE:Step 1:Apply UNI-SOLVE Adhesive Remover with cotton applicator, or gauze to edge of tape or appliance.Squeeze gently so fluid flows between skin and adhesive.Step 2:Wash skin with soap and water, rinse, and pat dry.",Lin,Wipes,The product works well,5/9/2024,5.0,Yes,0,0.2732,0.412,0.0,0.588,0.0057276478037238,0.006025378126651,0.0012094633420929,0.2324995249509811,0.7364615797996521,0.0072064776904881,0.0108699323609471,0.2732,0.412,0.0,0.588,0.0057276468724012375,0.006025383248925209,0.0012094642734155059,0.2324996441602707,0.7364614605903625,0.007206483278423548,0.010869930498301983
751,751,"Uni Solve 402300 Adhesive Remover Wipe, Pack of 191","Uni Solve Adhesive Remover Wipes, 50 Each. Precautions:Use only as directed. For external use only. Avoid contact with eyes. Vapour may be harmful - use with adequate ventilation. Flammable. Do not use near heat, sparks or open flame. Keep out of reach of children. Avoid contact with painted/finished surfaces. Do not apply to open wounds or mucous membranes.Indications:Indicated for the removal of adhesive devices. Indicated for the removal of adhesive residue from skin.Softens adhesive on tapes, films and appliances thereby minimizing trauma caused by adhesive removal.INSTRUCTIONS FOR USE:Step 1:Apply UNI-SOLVE Adhesive Remover with cotton applicator, or gauze to edge of tape or appliance.Squeeze gently so fluid flows between skin and adhesive.Step 2:Wash skin with soap and water, rinse, and pat dry.",Places Lisa S,Quality,Good price and of professional quality,5/4/2024,5.0,Yes,0,0.4404,0.367,0.0,0.633,0.0106205269694328,0.0232261810451746,0.0018574384739622,0.0912920981645584,0.8596526384353638,0.0079731894657015,0.0053779445588588,0.4404,0.367,0.0,0.633,0.010620515793561935,0.02322615124285221,0.0018574364949017763,0.09129222482442856,0.8596525192260742,0.00797317735850811,0.005377944093197584
752,752,"Uni Solve 402300 Adhesive Remover Wipe, Pack of 192","Uni Solve Adhesive Remover Wipes, 50 Each. Precautions:Use only as directed. For external use only. Avoid contact with eyes. Vapour may be harmful - use with adequate ventilation. Flammable. Do not use near heat, sparks or open flame. Keep out of reach of children. Avoid contact with painted/finished surfaces. Do not apply to open wounds or mucous membranes.Indications:Indicated for the removal of adhesive devices. Indicated for the removal of adhesive residue from skin.Softens adhesive on tapes, films and appliances thereby minimizing trauma caused by adhesive removal.INSTRUCTIONS FOR USE:Step 1:Apply UNI-SOLVE Adhesive Remover with cotton applicator, or gauze to edge of tape or appliance.Squeeze gently so fluid flows between skin and adhesive.Step 2:Wash skin with soap and water, rinse, and pat dry.",andrea,Works well,I used 10-15 alcohol wipes to try and rub out the adhesive and there was always some left over. So glad I found these. Just one wipe removed all residue in seconds. My skin is not irritated at all. Wish they didn’t have the fragrance but it’s not too bad. They work!,12/15/2023,5.0,Yes,3,0.8318,0.176,0.0,0.824,0.0728285759687423,0.0145591329783201,0.0004283311718609,0.769305408000946,0.1067452132701873,0.0087658986449241,0.0273673180490732,0.8318,0.176,0.0,0.824,0.07282763719558716,0.014559000730514526,0.0004283300368115306,0.7693074941635132,0.10674446076154709,0.008765855804085732,0.02736724726855755
753,753,"Uni Solve 402300 Adhesive Remover Wipe, Pack of 193","Uni Solve Adhesive Remover Wipes, 50 Each. Precautions:Use only as directed. For external use only. Avoid contact with eyes. Vapour may be harmful - use with adequate ventilation. Flammable. Do not use near heat, sparks or open flame. Keep out of reach of children. Avoid contact with painted/finished surfaces. Do not apply to open wounds or mucous membranes.Indications:Indicated for the removal of adhesive devices. Indicated for the removal of adhesive residue from skin.Softens adhesive on tapes, films and appliances thereby minimizing trauma caused by adhesive removal.INSTRUCTIONS FOR USE:Step 1:Apply UNI-SOLVE Adhesive Remover with cotton applicator, or gauze to edge of tape or appliance.Squeeze gently so fluid flows between skin and adhesive.Step 2:Wash skin with soap and water, rinse, and pat dry.",Lori,Works great!,This is the brand I used at my job and it’s the best. Removes stubborn residue from tape easily.,3/20/2024,5.0,Yes,0,0.5994,0.272,0.111,0.617,0.0128620658069849,0.0334915108978748,0.0017303553177043,0.0133559647947549,0.9277514219284058,0.0030118990689516,0.0077967564575374,0.5994,0.272,0.111,0.617,0.012862077914178371,0.03349154815077782,0.0017303553177043796,0.01335594430565834,0.9277514219284058,0.0030118990689516068,0.007796752732247114
754,754,"Uni Solve 402300 Adhesive Remover Wipe, Pack of 194","Uni Solve Adhesive Remover Wipes, 50 Each. Precautions:Use only as directed. For external use only. Avoid contact with eyes. Vapour may be harmful - use with adequate ventilation. Flammable. Do not use near heat, sparks or open flame. Keep out of reach of children. Avoid contact with painted/finished surfaces. Do not apply to open wounds or mucous membranes.Indications:Indicated for the removal of adhesive devices. Indicated for the removal of adhesive residue from skin.Softens adhesive on tapes, films and appliances thereby minimizing trauma caused by adhesive removal.INSTRUCTIONS FOR USE:Step 1:Apply UNI-SOLVE Adhesive Remover with cotton applicator, or gauze to edge of tape or appliance.Squeeze gently so fluid flows between skin and adhesive.Step 2:Wash skin with soap and water, rinse, and pat dry.",MB,Had to get more,These are the best.  Definitely worth it,4/18/2024,5.0,Yes,0,0.8316,0.688,0.0,0.312,0.0022830688394606,0.0022982589434832,0.001088119810447,0.8450909852981567,0.0930738896131515,0.0058327512815594,0.0503328666090965,0.8316,0.688,0.0,0.312,0.002283071866258979,0.0022982610389590263,0.0010881200432777405,0.8450908064842224,0.09307391941547394,0.005832758266478777,0.05033295601606369
755,755,"Uni Solve 402300 Adhesive Remover Wipe, Pack of 195","Uni Solve Adhesive Remover Wipes, 50 Each. Precautions:Use only as directed. For external use only. Avoid contact with eyes. Vapour may be harmful - use with adequate ventilation. Flammable. Do not use near heat, sparks or open flame. Keep out of reach of children. Avoid contact with painted/finished surfaces. Do not apply to open wounds or mucous membranes.Indications:Indicated for the removal of adhesive devices. Indicated for the removal of adhesive residue from skin.Softens adhesive on tapes, films and appliances thereby minimizing trauma caused by adhesive removal.INSTRUCTIONS FOR USE:Step 1:Apply UNI-SOLVE Adhesive Remover with cotton applicator, or gauze to edge of tape or appliance.Squeeze gently so fluid flows between skin and adhesive.Step 2:Wash skin with soap and water, rinse, and pat dry.",AA,They work great for removing the residue from adhesive bandages!,It’s a must if you have had bandages on your skin for any kind or injury or surgery or if you have a CGM.  That sticky residue left on your skin is so hard to remove and these small wipes are the ticket!My son uses 2 each time he changes his CGM (continuous glucose monitor).,1/21/2024,5.0,Yes,0,-0.1427,0.059,0.086,0.854,0.0512678921222686,0.7808660268783569,0.0251900311559438,0.0016465550288558,0.103460319340229,0.0265630166977643,0.0110062062740325,-0.1427,0.059,0.086,0.854,0.05126786604523659,0.7808660268783569,0.025190044194459915,0.001646553399041295,0.10346037149429321,0.026562999933958054,0.011006191372871399
756,756,"Uni Solve 402300 Adhesive Remover Wipe, Pack of 196","Uni Solve Adhesive Remover Wipes, 50 Each. Precautions:Use only as directed. For external use only. Avoid contact with eyes. Vapour may be harmful - use with adequate ventilation. Flammable. Do not use near heat, sparks or open flame. Keep out of reach of children. Avoid contact with painted/finished surfaces. Do not apply to open wounds or mucous membranes.Indications:Indicated for the removal of adhesive devices. Indicated for the removal of adhesive residue from skin.Softens adhesive on tapes, films and appliances thereby minimizing trauma caused by adhesive removal.INSTRUCTIONS FOR USE:Step 1:Apply UNI-SOLVE Adhesive Remover with cotton applicator, or gauze to edge of tape or appliance.Squeeze gently so fluid flows between skin and adhesive.Step 2:Wash skin with soap and water, rinse, and pat dry.",Kevin,Works Great removing leftover residue from Butrans Patch,Works great removing leftover adhesive residue from a Butrans patch.,4/22/2024,5.0,Yes,0,0.6249,0.339,0.0,0.661,0.0175236351788043,0.2425614148378372,0.0053794966079294,0.0277341343462467,0.6851637959480286,0.0138982823118567,0.0077392095699906,0.6249,0.339,0.0,0.661,0.017523638904094696,0.2425609976053238,0.005379488226026297,0.027734147384762764,0.6851642727851868,0.013898276723921299,0.007739207241684198
757,757,"Uni Solve 402300 Adhesive Remover Wipe, Pack of 197","Uni Solve Adhesive Remover Wipes, 50 Each. Precautions:Use only as directed. For external use only. Avoid contact with eyes. Vapour may be harmful - use with adequate ventilation. Flammable. Do not use near heat, sparks or open flame. Keep out of reach of children. Avoid contact with painted/finished surfaces. Do not apply to open wounds or mucous membranes.Indications:Indicated for the removal of adhesive devices. Indicated for the removal of adhesive residue from skin.Softens adhesive on tapes, films and appliances thereby minimizing trauma caused by adhesive removal.INSTRUCTIONS FOR USE:Step 1:Apply UNI-SOLVE Adhesive Remover with cotton applicator, or gauze to edge of tape or appliance.Squeeze gently so fluid flows between skin and adhesive.Step 2:Wash skin with soap and water, rinse, and pat dry.",Jeanne,Cancer Patient Approved for EKG Glue Removal,"Cancer patient here! This product easily removed all my stubborn EKG sticker glue! After a week of scrubbing I still couldn’t get the glue residue off completely...and then I got all new stickers changed out so I had more to worry about during my multiple hospital stays. I kept asking for some kind of remover but the hospital only had small alcohol wipes which didn’t work so I went hunting on amazon. The actual package inside the box was dinged up and I was worried if it was repackaged or not, but I still opened them because I was desperate. These wipes worked like magic! So happy with them. I have sensitive skin too but no problems. It only burned on one area where my skin was previously irritated, it did not burn or sting on any other spots. It does leaves a bit of a residue but drys quickly and leaves skin soft. I recommend using before the shower so you can get all the glue off and not worry about the residue feeling (if your like me, but again it drys quickly and isn’t sticky). It still takes a little scrubbing but these worked very well. Definitely worth buying for the cheap price for 50 wipes. For reference I only used 2 wipes to get about 6 glue patches off so these should last a while.",7/16/2020,5.0,Yes,3,0.661,0.126,0.108,0.766,0.1193755641579628,0.0118282027542591,0.0197246205061674,0.0538633204996585,0.6508179903030396,0.0207800082862377,0.1236102730035781,0.661,0.126,0.108,0.766,0.11937573552131653,0.01182823721319437,0.019724570214748383,0.053863368928432465,0.6508177518844604,0.020780028775334358,0.12361025810241699
758,758,"Uni Solve 402300 Adhesive Remover Wipe, Pack of 198","Uni Solve Adhesive Remover Wipes, 50 Each. Precautions:Use only as directed. For external use only. Avoid contact with eyes. Vapour may be harmful - use with adequate ventilation. Flammable. Do not use near heat, sparks or open flame. Keep out of reach of children. Avoid contact with painted/finished surfaces. Do not apply to open wounds or mucous membranes.Indications:Indicated for the removal of adhesive devices. Indicated for the removal of adhesive residue from skin.Softens adhesive on tapes, films and appliances thereby minimizing trauma caused by adhesive removal.INSTRUCTIONS FOR USE:Step 1:Apply UNI-SOLVE Adhesive Remover with cotton applicator, or gauze to edge of tape or appliance.Squeeze gently so fluid flows between skin and adhesive.Step 2:Wash skin with soap and water, rinse, and pat dry.",John Gaukel,Great product,Easily removes any adhesive without any discomfort or discoloring,4/10/2024,5.0,Yes,2,0.5764,0.403,0.0,0.597,0.014028150588274,0.1710657477378845,0.0223820265382528,0.0069460230879485,0.7625517249107361,0.0204500015825033,0.0025764151941984,0.5764,0.403,0.0,0.597,0.014028148725628853,0.17106588184833527,0.022382020950317383,0.006946018431335688,0.7625516057014465,0.02044997736811638,0.002576414728537202
759,759,"Uni Solve 402300 Adhesive Remover Wipe, Pack of 199","Uni Solve Adhesive Remover Wipes, 50 Each. Precautions:Use only as directed. For external use only. Avoid contact with eyes. Vapour may be harmful - use with adequate ventilation. Flammable. Do not use near heat, sparks or open flame. Keep out of reach of children. Avoid contact with painted/finished surfaces. Do not apply to open wounds or mucous membranes.Indications:Indicated for the removal of adhesive devices. Indicated for the removal of adhesive residue from skin.Softens adhesive on tapes, films and appliances thereby minimizing trauma caused by adhesive removal.INSTRUCTIONS FOR USE:Step 1:Apply UNI-SOLVE Adhesive Remover with cotton applicator, or gauze to edge of tape or appliance.Squeeze gently so fluid flows between skin and adhesive.Step 2:Wash skin with soap and water, rinse, and pat dry.",CanadianPhoenix,OK in a pinch,Product works at helping to remove adhesive bandages but leaves adhesive behind on the skin.  Takes a bit longer to work than other products but it'll do if there's nothing else around.,9/22/2023,4.0,Yes,0,0.1531,0.051,0.0,0.949,0.011997359804809,0.0704073458909988,0.0141278058290481,0.0161520764231681,0.7416113615036011,0.1241545975208282,0.0215494614094495,0.1531,0.051,0.0,0.949,0.011997349560260773,0.07040734589099884,0.014127788133919239,0.016152052208781242,0.7416114807128906,0.12415456771850586,0.021549412980675697
