index,Product Name,Description,Reviewer Name,Review Title,Review,Date,Rating,Verified Purchase,Helpful Votes,compound,positive,negative,neutral_sentiment,anger,disgust,fear,joy,neutral,sadness,surprise
0,"Paula's Choice SKIN PERFECTING 2% BHA Liquid Salicylic Acid Exfoliant-Facial Exfoliant for Blackheads, Enlarged Pores, Wrinkles & Fine Lines",,Amore,Not My Favorite from the Paula's Choice Lineup,"Since menopause, although my skin is still oily in areas and I seem to retain a build-up of dead, dull skin, especially in those oily zones. I have to admit, I was using a facial cleanser from a pricey cosmetic site that was great because you would gently exfoliate your skin, leave it on for a short time, then rinse it off. However, that product was expensive, and inconvenient because I had to pay for shipping, unless I spent a bit more. So, I was looking for a replacement. I chose Paula's Choice Skin Perfecting Exfoliant because I love other products from the company. It has Salicylic Acid, which is good for the skin and, according to other reviews, exfoliates well. The problem is that you wash your face, then apply this product and leave it on. Unfortunately, I find it somewhat oily and can feel it on my skin, which is uncomfortable. Because of that, I use it only at bedtime. So far, it hasn’t worked as well as the previous product. I’m uncertain if this is because it isn’t as effective, or because I don’t use it as much as I should since I don’t like the way it feels. So, for me, it isn’t the right product to fit my needs.",11/1/2024,3.0,Yes,0,0.8885,0.138,0.101,0.761,0.011203762143850327,0.39875394105911255,0.05979032814502716,0.0036225991789251566,0.3429054319858551,0.17468474805355072,0.009039239026606083
1,"Paula's Choice SKIN PERFECTING 2% BHA Liquid Salicylic Acid Exfoliant-Facial Exfoliant for Blackheads, Enlarged Pores, Wrinkles & Fine Lines",,Níco,I think it’s good?,"I’m going to be honest with you I did not look at the size of the bottle before I bought it so when it came as a teeny tiny travel size for like the price of a full size I was a little taken aback but I used it anyway. I have no idea what it does. I can’t tell the difference. I was confused that it was a liquid exfoliate and that you didn’t need water to use it, but I’m not a skin care guru so I have no idea. I did get it in my mouth once and it was disgusting but I keep using it and it’s not doing anything bad so that’s a plus.",10/15/2024,3.0,Yes,3,-0.8725,0.064,0.139,0.797,0.006712846923619509,0.9515804648399353,0.0074296086095273495,0.0005134372040629387,0.011252607218921185,0.0017790081910789013,0.020732056349515915
2,"Paula's Choice SKIN PERFECTING 2% BHA Liquid Salicylic Acid Exfoliant-Facial Exfoliant for Blackheads, Enlarged Pores, Wrinkles & Fine Lines",,Bevin,Does what it says,"This toner is not for sensitive skin. It will do what it promises though and purge those pores. For someone with sensitive skin that meant a a breakout all over my nose for me, in the form of painful cystic acne. This may work for people with less sensitive skin, but it was not for me.",10/31/2024,3.0,Yes,0,-0.0387,0.032,0.035,0.933,0.018618222326040268,0.2804396152496338,0.03856935724616051,0.002708429004997015,0.43056538701057434,0.21634696424007416,0.012752124108374119
3,"Paula's Choice SKIN PERFECTING 2% BHA Liquid Salicylic Acid Exfoliant-Facial Exfoliant for Blackheads, Enlarged Pores, Wrinkles & Fine Lines",,Kim H,Definitely An Exfoliant!,"Bought due to high reviews, but still deciding if I like this product. For sure - use ONLY at night because it is definitely an exfoliant.  You don't want to include this in your day regiment to see skin flaking off as you apply make-up.  I don't exactly agree with their claim of hydrating. It doesn't dry one out but there is no additional hydrating affect that I can tell.  It is just neutral which is nice for an exfoliating product.  I live in AZ so hydration is a major part of skin care for me. This is exfoliating but not hydrating in my opinion.  And when you think on it, exfoliating and hydrating is an oxymoron.  I don't know how it would do with retinal at night as I've read mixed reviews on using this together with a retinoid - some say definitely don't do, others say it's ok. I tend to be more cautious and have not done.  I'm thinking this could be useful one or two nights a week where one doesn't use a retinoid, or during days when not going anywhere.  On the plus plus side, it has no odor, and for the money it is ALOT of product.  I can see this lasting several years.  Age 55, combo skin, occasional acne. As I said, still deciding if I like and/or need this.",5/26/2024,3.0,Yes,43,0.9675,0.129,0.055,0.815,0.008248678408563137,0.03721657767891884,0.035766422748565674,0.012564796954393387,0.8859226107597351,0.013428138568997383,0.006852844730019569
4,"Paula's Choice SKIN PERFECTING 2% BHA Liquid Salicylic Acid Exfoliant-Facial Exfoliant for Blackheads, Enlarged Pores, Wrinkles & Fine Lines",,leo,i think it's not for me,"so many people have good experiences eith this so i think maybe just my skin didn't like it. i have never had sensitive skin. usually things work for me. so when i kept being recommended this, i thought i should give it a go. it didn't do anything for my acne or skin, it didn't tone at all.in fact it made my skin dry out immensely before becoming an oil slick immediately after and it made me break out in hives on my chin, mouth corners, forehead, under eyes/cheeks, and eye brow/eyelid areas.the instructions say not to rinse it off so i didn't but when i noticed that even with just using it once or twice a week (after three months of every other day as it says) it was only making my skin tough and flakey and break out more and caused hives on me. i started to rinse it off but that didn't help either. what helped was completely stopping using it and my skin STILL isn't back to normal.",8/5/2024,3.0,Yes,4,-0.6348,0.02,0.051,0.929,0.16688822209835052,0.0369359515607357,0.02004006691277027,0.022885065525770187,0.15588945150375366,0.4967971742153168,0.10056404769420624
5,"Paula's Choice SKIN PERFECTING 2% BHA Liquid Salicylic Acid Exfoliant-Facial Exfoliant for Blackheads, Enlarged Pores, Wrinkles & Fine Lines",,Nutts,Expensive for the volume,You don't realize how small 1oz is until you see this bottle.,10/16/2024,3.0,Yes,0,0.0,0.0,0.0,1.0,0.00805774424225092,0.00741176400333643,0.002808772725984454,0.0026863336097449064,0.049852922558784485,0.0017700549215078354,0.9274124503135681
6,"Paula's Choice SKIN PERFECTING 2% BHA Liquid Salicylic Acid Exfoliant-Facial Exfoliant for Blackheads, Enlarged Pores, Wrinkles & Fine Lines",,Not for narrow feet,Didn’t see to do anything for me,"I’ve used this for a few months. Cycling with a mild retinol, hydrating moisturizer and vitamin c. I can’t attribute any skin changes to this product specifically. I feel whether I used it or not my skin was the same.The vitamin C (ROC) made the biggest difference in skin texture and pigmentation. I’ll give it another try.Tiny bottle but you don’t need much.",10/2/2024,3.0,Yes,0,0.296,0.055,0.0,0.945,0.00548305781558156,0.12064856290817261,0.004029950127005577,0.01339719071984291,0.8138588070869446,0.0318545401096344,0.01072795782238245
7,"Paula's Choice SKIN PERFECTING 2% BHA Liquid Salicylic Acid Exfoliant-Facial Exfoliant for Blackheads, Enlarged Pores, Wrinkles & Fine Lines",,Cat Pham,Quality,"It doesn't work on my face.my fave is oily skin. While using this product, my face break out more and more. Omg, so terrible! 🥲🥲",9/4/2024,3.0,Yes,0,-0.4045,0.095,0.151,0.754,0.016917794942855835,0.08620797842741013,0.7167719602584839,0.005023868288844824,0.005693579092621803,0.14818637073040009,0.021198425441980362
8,"Paula's Choice SKIN PERFECTING 2% BHA Liquid Salicylic Acid Exfoliant-Facial Exfoliant for Blackheads, Enlarged Pores, Wrinkles & Fine Lines",,Bittersweetie,Not sure,I'm not really sure what this is supposed to do I can't really tell if it is doing anything but so far it's not hurting anything either so I guess I'll keep at it.,8/28/2024,3.0,Yes,0,0.3177,0.084,0.046,0.87,0.011572062037885189,0.04587233066558838,0.00885178241878748,0.003428948577493429,0.8935760855674744,0.02235340140759945,0.01434539258480072
9,"Paula's Choice SKIN PERFECTING 2% BHA Liquid Salicylic Acid Exfoliant-Facial Exfoliant for Blackheads, Enlarged Pores, Wrinkles & Fine Lines",,Amazon Customer,Love BUT,"Loved this product. The first one I ordered I saw great results so I ordered a second. When I opened the cap, it had a weird smell like mildew. I didn’t feel like the product was working so I ordered another thinking maybe I had gotten a bad batch, but the third one came and has the same mildew smell. Extremely weird. I have stopped using it b/c of this. I really wish this wasn’t the case b/c I really liked it.",7/29/2024,3.0,Yes,2,0.8494,0.198,0.1,0.702,0.003803401254117489,0.8894187211990356,0.023530451580882072,0.008303753100335598,0.04440245032310486,0.007843525148928165,0.02269771322607994
10,"Paula's Choice SKIN PERFECTING 2% BHA Liquid Salicylic Acid Exfoliant-Facial Exfoliant for Blackheads, Enlarged Pores, Wrinkles & Fine Lines",,Emily M,I usually use roden and fields…,So my expectations are high. But this is probably my least favorite toner I’ve ever used,10/3/2024,3.0,Yes,0,-0.4973,0.0,0.177,0.823,0.018211547285318375,0.010952667333185673,0.0019931073766201735,0.04632409289479256,0.8418180346488953,0.007417768239974976,0.07328283786773682
11,"Paula's Choice SKIN PERFECTING 2% BHA Liquid Salicylic Acid Exfoliant-Facial Exfoliant for Blackheads, Enlarged Pores, Wrinkles & Fine Lines",,Sam,It works but left my skin very dry,"Maybe it just doesn’t go well with combination skin, it left mine super flaky.",10/10/2024,3.0,Yes,0,0.7184,0.333,0.0,0.667,0.02326017990708351,0.44917070865631104,0.04332299530506134,0.004109916742891073,0.3195992708206177,0.14170219004154205,0.018834693357348442
12,"Paula's Choice SKIN PERFECTING 2% BHA Liquid Salicylic Acid Exfoliant-Facial Exfoliant for Blackheads, Enlarged Pores, Wrinkles & Fine Lines",,Lisbeth Palacios,It didn't work for me,I've been using it for 2 months and I don't see much difference.,10/1/2024,3.0,Yes,3,0.0,0.0,0.0,1.0,0.011447099968791008,0.034050241112709045,0.004105653613805771,0.0045211948454380035,0.6177752017974854,0.02354440465569496,0.3045562505722046
13,"Paula's Choice SKIN PERFECTING 2% BHA Liquid Salicylic Acid Exfoliant-Facial Exfoliant for Blackheads, Enlarged Pores, Wrinkles & Fine Lines",,Nadia,not for me,it causes breakout for me unfortunately.  I searched and found it bring all the stuff from lower layers to the surface and ( purging) and that's the reason for breakouts. if you don't pick maybe still helps after all diets come to surface. I couldn't use because I pick my acnea,8/31/2024,3.0,Yes,0,-0.25,0.051,0.09,0.859,0.028290463611483574,0.02023661881685257,0.03918500989675522,0.010417450219392776,0.3824799358844757,0.3891324996948242,0.1302579939365387
14,"Paula's Choice SKIN PERFECTING 2% BHA Liquid Salicylic Acid Exfoliant-Facial Exfoliant for Blackheads, Enlarged Pores, Wrinkles & Fine Lines",,Lakia,Very strong,"I like the product, but it's strong. I burned my face using this (around my mouth and chin). I used it once a week and maybe the third time of use it burned. It could also be because after I applied it I used a face steamer too. Just be careful.",7/27/2024,3.0,Yes,7,0.7964,0.165,0.0,0.835,0.06036991998553276,0.2997240424156189,0.012663692235946655,0.004199397750198841,0.5666820406913757,0.04945174977183342,0.006909224670380354
15,"Paula's Choice SKIN PERFECTING 2% BHA Liquid Salicylic Acid Exfoliant-Facial Exfoliant for Blackheads, Enlarged Pores, Wrinkles & Fine Lines",,Amazon Customer,"At first I thought this was amazing, but then...","Ugh. I was SO excited to try this based on the rave reviews I read. This is going to be a long review, because I feel I should be specific. I have tried way too many products to count over the last few years, from natural remedies, organic oil cleansing, drugstore products, expensive creams and potions, even Rodan and Fields, and nothing has Worked for me. I was really hoping this would be my miracle. I am in my mid 30's and have been suffering from breakouts for years now, when I never did as a teen. I get a lot of cystic acne and would do anything to fix this awful, humiliating problem. I thought for the longest time that my skin was oily, so for years I have been treating it that way, and drying the hell out of it to the point were it looks dehydrated and dull. On top of that, I get oily, especially in the T zone, BUT also have random dry patches on my nose and in between my eyebrows, and sometimes on the cheeks. I know that hormones and diet are greatly related to skin issues, but I also think the right products for your specific skin type are important and can make a difference.After reading an article on the Paula's Choice website about who BHA's are great for, I seemed to fit the bill 100%. The first night I used it, my hyperpigmented, angry skin looked better already! I was so excited and thought it was gonna be amazing! I used it the next morning and my skin felt too tight during the day, almost likeHow it does after too much sun, so I cut back to using it nightly instead. I do notice it leaves a sort of oily film, and anything oily scares me because it usually means instant breakout. Same thing happens to me with humidity. My skins sucks!!A few days after I used it I started getting random, painful pimples in places I don't normally break out. I know about purging and hoped It was that, but I don't think it is anymore. I started getting one new blemish a day, and most were on either side of my nose (where I never break out) and a few on my cheeks, and the rest scattered around my forehead. I used this for about 2 weeks and then stopped because I can't take it anymore. We had a day of humidity here and that was it- my skin became a mess! So now I'm back to square one...I do think this product could be good for some people, but it is making my specific skin worse :(",5/17/2016,2.0,Yes,996,0.4775,0.09,0.094,0.816,0.04396132379770279,0.34186258912086487,0.15790237486362457,0.011361628770828247,0.07768741250038147,0.231827050447464,0.13539756834506989
16,"Paula's Choice SKIN PERFECTING 2% BHA Liquid Salicylic Acid Exfoliant-Facial Exfoliant for Blackheads, Enlarged Pores, Wrinkles & Fine Lines",,Nicole,Did not workout for my skin,The product left a horrible residue on my skin and it has a slight smell to it that does not smell good.,8/15/2024,3.0,Yes,0,-0.7101,0.0,0.247,0.753,0.003458102699369192,0.9716746211051941,0.014269382692873478,0.0004378834564704448,0.004399305209517479,0.004367800895124674,0.0013929196866229177
17,"Paula's Choice SKIN PERFECTING 2% BHA Liquid Salicylic Acid Exfoliant-Facial Exfoliant for Blackheads, Enlarged Pores, Wrinkles & Fine Lines",,Areli,Not sure about this product,"I purchased this because I struggled with blackheads and white heads as well as enlarged pores. I used this for about a month and I’m not sure if I see a difference. Definitely some of my texture cleared up maybe this is a product I have to use for a longer period of time? I finally ran out today but not sure if I would purchase again. It also has a very odd smell to it, not sure if only mine smelled that way.",6/17/2024,3.0,Yes,0,-0.7818,0.057,0.143,0.799,0.008448139764368534,0.5943048000335693,0.026165200397372246,0.002814482431858778,0.30783170461654663,0.0181504525244236,0.04228515177965164
18,"Paula's Choice SKIN PERFECTING 2% BHA Liquid Salicylic Acid Exfoliant-Facial Exfoliant for Blackheads, Enlarged Pores, Wrinkles & Fine Lines",,Scastella,Was this product packaged in 2010,I am concerned this product was packaged 14 years ago? I can’t get the transparency barcode to work.,7/31/2024,3.0,Yes,5,0.0,0.0,0.0,1.0,0.04934536665678024,0.012453677132725716,0.19030308723449707,0.00238790106959641,0.43095678091049194,0.029050754383206367,0.28550246357917786
19,"Paula's Choice SKIN PERFECTING 2% BHA Liquid Salicylic Acid Exfoliant-Facial Exfoliant for Blackheads, Enlarged Pores, Wrinkles & Fine Lines",,Adriana Alvaron,Not notable,No noticeable change. Sticky texture on skin.,9/2/2024,3.0,Yes,0,-0.296,0.0,0.268,0.732,0.02955605275928974,0.7074629664421082,0.017334571108222008,0.0024468579795211554,0.18315201997756958,0.046358708292245865,0.013688825070858002
20,"Paula's Choice SKIN PERFECTING 2% BHA Liquid Salicylic Acid Exfoliant-Facial Exfoliant for Blackheads, Enlarged Pores, Wrinkles & Fine Lines",,WATER,No difference,Didn't see any difference at all.,8/7/2024,3.0,Yes,0,0.0,0.0,0.0,1.0,0.02877619117498398,0.12042182683944702,0.0036159856244921684,0.0034635518677532673,0.3029829263687134,0.019054649397730827,0.5216848850250244
21,"Paula's Choice SKIN PERFECTING 2% BHA Liquid Salicylic Acid Exfoliant-Facial Exfoliant for Blackheads, Enlarged Pores, Wrinkles & Fine Lines",,shannon wells,Terrible smell…,"I bought my first bottle of this in May of ‘23. Loved it!! Used consistently until I ran out last month. Bought my 2nd bottle in January, but right away I noticed it had the most pungent, terrible smell I could not get past. I tried using it 3 times, but could not stomach the smell. I am not super sensitive to smells, and really thought I got a bad batch. I threw that (full) bottle away, waited a few weeks and ordered another bottle. It had the same smell. I used my first bottle for the better part of the year, so I’m unsure which is normal. The “no smell” of my first bottle, or the terrible odor in my 2nd and 3rd. Regardless, I’ve thrown away two full bottles of this product since the first of the year which is quite a chunk of change. Very disappointing.",2/10/2024,3.0,Yes,16,-0.9734,0.039,0.166,0.795,0.006225101184099913,0.9163293242454529,0.04200451448559761,0.0008375883335247636,0.013664226979017258,0.013249867595732212,0.007689354009926319
22,"Paula's Choice SKIN PERFECTING 2% BHA Liquid Salicylic Acid Exfoliant-Facial Exfoliant for Blackheads, Enlarged Pores, Wrinkles & Fine Lines",,Jessica Hewette,Still Under Review,"Honestly still using it to see what it will do but dang the smell is awful. Will give another update is a few weeks, hopefully with a good update!!",7/25/2024,3.0,Yes,0,0.717,0.27,0.108,0.622,0.005500729661434889,0.9652378559112549,0.01569056138396263,0.0006385258166119456,0.004698772914707661,0.006356032565236092,0.001877620699815452
23,"Paula's Choice SKIN PERFECTING 2% BHA Liquid Salicylic Acid Exfoliant-Facial Exfoliant for Blackheads, Enlarged Pores, Wrinkles & Fine Lines",,Giovanna Heindel,Unsure,"I have used this for a bit now, and while I feel tightness in my skin, I not seen any real noticeable difference. Not likely to purchase again.",7/13/2024,3.0,Yes,0,0.0,0.0,0.0,1.0,0.012162061408162117,0.11351437121629715,0.28264984488487244,0.03658582270145416,0.40509775280952454,0.11788535863161087,0.03210484981536865
24,"Paula's Choice SKIN PERFECTING 2% BHA Liquid Salicylic Acid Exfoliant-Facial Exfoliant for Blackheads, Enlarged Pores, Wrinkles & Fine Lines",,Beronica Larsen,Need to build a tolerance to this product!,I would not recommend this be used daily! It states you can use this twice daily but you need to work up a tolerance to it. If you are on Tretinoin PLEASE use this on nights you are not using Tretinoin as it can be incredibly irritating and damaging to your skin. Had the most awful smell as if you passed a port-a-potty on a summer day and takes a minute for the smell to go away. I use this twice a month as I have noticed my skin can’t quite tolerate it every week. Worked great on helping get rid of my closed comedones but I can attribute that to my Tretinoin use as well. I honestly would not repurchase this product and I cannot get past the smell.,3/1/2024,3.0,Yes,11,0.6967,0.151,0.118,0.731,0.02900286205112934,0.9263898134231567,0.01397159043699503,0.0004914689343422651,0.02017294242978096,0.006697842851281166,0.0032735345885157585
25,"Paula's Choice SKIN PERFECTING 2% BHA Liquid Salicylic Acid Exfoliant-Facial Exfoliant for Blackheads, Enlarged Pores, Wrinkles & Fine Lines",,wendy Kowalski,No difference,"Been using this product for weeks now, and not noticed any change in my skin.",7/31/2024,3.0,Yes,0,0.0,0.0,0.0,1.0,0.043904442340135574,0.2993881404399872,0.029253583401441574,0.009187542833387852,0.3682556450366974,0.1669762134552002,0.0830344706773758
26,"Paula's Choice SKIN PERFECTING 2% BHA Liquid Salicylic Acid Exfoliant-Facial Exfoliant for Blackheads, Enlarged Pores, Wrinkles & Fine Lines",,Caitlin B,"Very oily/ acne prone, Tretinoin user","(TDLR - Not crazy about the greasy texture, despite good results. And a little goes a VERY long way.)For starters, I began using this exfoliant along with Tretinoin .05% with the intent of exfoliating dead skin cells, and reducing blackheads and the size of large pores. I use tret every other night, and apply this product 2-3 times a week on my off days. I have not experienced any irritation, but I also make sure I moisturize the **** out of my skin, and avoid dry/flaky areas when they are present.Initially I HATED the greasy texture of this stuff, and due to my very oily skin I thought for sure it would cause a breakout. It really made my skin feel really oily, slick, and shiny, and after waiting 20 minutes to see it it would sink in (it didn't)  I had to wash it off.I realized that maybe I applied way too much, and so reapplied it using only a very small amount on the cotton pad. The end result was so much better, so you only need a VERY thin to come into contact with your skin. After about 20 mins, most of it will sink in, but a very thin film will remain on top of the skin. Therefore some may prefer to use this at night.ANYWHO, despite the slightly oily texture - I have not had any breakouts, and my pores and skin texture has improved immensely. Don't expect to see results on the first and second use, I didn't notice much change until about 1-2 weeks of application.So far I like the results of this product, and it is gentle and effective enough that it works well in combination with tretinoin. And despite my results and the fact that it hasn't made me break out - I'm still not crazy about the texture of this formula, therefore I'm not sure I will be repurchasing this product when I run out. Especially because at this high price point, it needs to be something that I truly 100% love.",2/27/2021,3.0,Yes,2,0.9871,0.136,0.039,0.826,0.051696013659238815,0.38952186703681946,0.0053736069239676,0.020035091787576675,0.4733986556529999,0.04886128380894661,0.011113425716757774
27,"Paula's Choice SKIN PERFECTING 2% BHA Liquid Salicylic Acid Exfoliant-Facial Exfoliant for Blackheads, Enlarged Pores, Wrinkles & Fine Lines",,Nmorsy,Leaking,The product was leaking and wasnt sealed properly,7/29/2024,3.0,Yes,0,0.0,0.0,0.0,1.0,0.3161561191082001,0.303357869386673,0.018071534112095833,0.0020333738066256046,0.20156320929527283,0.14649054408073425,0.012327327392995358
28,"Paula's Choice SKIN PERFECTING 2% BHA Liquid Salicylic Acid Exfoliant-Facial Exfoliant for Blackheads, Enlarged Pores, Wrinkles & Fine Lines",,Satya,Misguiding expiry date,"The media could not be loaded.I have used this product a few times earlier. It works just fine for me, I usually purchase it in sephora but I didn’t have the time so made an online purchase. The bottle shows an expiry date of 12 months, but the sticker on the packaging shows 12/26 which is 2.5 years from now. This is misleading and creating confusion",5/21/2024,3.0,Yes,13,-0.4854,0.06,0.091,0.848,0.062491949647665024,0.06170918047428131,0.00944545492529869,0.0015675212489441037,0.7594813704490662,0.07501132041215897,0.030293097719550133
29,"Paula's Choice SKIN PERFECTING 2% BHA Liquid Salicylic Acid Exfoliant-Facial Exfoliant for Blackheads, Enlarged Pores, Wrinkles & Fine Lines",,Jay,Exfoliant,Showed no Improvement to my skin,7/14/2024,3.0,Yes,0,0.2023,0.326,0.239,0.435,0.11061926186084747,0.44605064392089844,0.029631640762090683,0.002906275214627385,0.3069704473018646,0.08881185203790665,0.01500975526869297
30,"Paula's Choice SKIN PERFECTING 2% BHA Liquid Salicylic Acid Exfoliant-Facial Exfoliant for Blackheads, Enlarged Pores, Wrinkles & Fine Lines",,Audrey S.,"If you actually understand how to use it, it's amazing.","My skin type:- Very Dry, easily dehydrated- Oily nose- Prone to stubborn acne and closed comedones- Redness on chin and cheeks (not rosacea)I already use a nightly Tretinoin cream (.04% concentration) to help with my acne and premature signs of aging but decided with my derm that incorporating a BHA would be a good idea to help with my seriously stubborn closed comedones and some irritating textural issues. It was between this and the Cerave SA lotion and I ultimately decided on this due to the higher concentration of salicylic acid.It's moisturizing, and feels sticky for the first 5-10 minutes after application but seems to sinks in to something of a satin finish on me and I can no longer feel it on my skin. You just have to be a little patient. My skin feels well hydrated and plump after it settles and looks really smooth and my pores aren't as obvious. It sits just fine under makeup for me but I'm not a new user to chemical exfoliants so I don't have lots of dead skin pilling up or sloughing off when I use it, my skin is, for the most part, already very smooth outside the acne and CCs. Occasionally I'll apply it further down my neck/decolletage than usual and WOW do I old skin just ball up and peel right away - it's so gross but also satisfying. So those that don't exfoliate often or are new to BHA/AHAs will likely have issues with foundation until their skin adjusts (but it will adjust). My advice in those cases is to either use this at night for the first few weeks or just accept going barefaced for a little while if you can.I'd strongly suggest not applying this product over anything that you feel does not dry down fully, the times I've attempted to use it after serums or heavier products it takes forever to sink in and sometimes never fully does. I save all my serums and essences for after this has absorbed and it's far easier to work with it as a result. My steps go like this most days: ACWell Licorice toner --- PC 2% BHA --- 10% Niacinamide serum --- TO Matryxil serum --- Secret Key Black Snail cream or Syn-ake cream w/ 3 drops Stratia Fortify oil --- Sunscreen.It works fairly quickly IMO, on my neck where I typically don't apply my Tret at night I noticed the peeling and balling of dead skin on day one and on my face where I have a patch of really awful CCs I noticed them getting smaller and smoother by around day 3-4. I'm going on about 8 days now and they're barely visible unless I'm right up in the mirror and feel as if they're almost gone when I touch my fingers to that area. I do have some slight peeling of the skin around my mouth and nose but it's not terrible (likely because I already exfoliate the heck out of my skin with the tret).Some tips and things keep in mind:1)DO NOT RINSE IT OFF. I don't understand some of the top reviews advising people to do that, it says on the bottle not to rinse and nearly all chemical exfoliators are meant to be left on until the next cleansing specifically so they can do their job. If you rinse it off you're either going to prevent it from properly exfoliating or end up irritating the hell out of your skin. If you have oily skin and feel this might be heavy on you than you can probably just use this on bare skin and  then sunscreen if you use in the AM or a lightweight lotion/cream and be done with it, but you need to leave it on your skin.2)You have got to use sunscreen while you're using this product! Any BHA or AHA exfoliant causes increased sun sensitivity and you have to address that in your routine. You should already use sunscreen daily but it becomes a must when you incorporate a chemical exfoliator or you risk sun damage.3)Less is more! Don't slop this on your face or soak a cotton pad in it, a little goes a long way and you'll be kicking yourself if you apply way too much and have to wait 20+ minutes for it to sink in. Use a shake or two and add more if needed but go easy.4)Expect some irritation initially. Chemical exfoliants can be harsh and rough even on sturdy skin and you have to give yourself time to adjust. Over-exfoliation is a possibility but sometimes just introducing a BHA or AHA into your routine can cause some sensitivity. Don't panic and just be gentle to your skin. Use ceramides (like Cerave Skin Renewing cream) or fatty oils to soothe your face if needed and try to stay away from any harsh products or acids like Vitamin C right after applying this to avoid really burning your face.",1/9/2020,5.0,Yes,0,-0.9336,0.073,0.085,0.842,0.04003053903579712,0.2847648561000824,0.023597294464707375,0.01985732652246952,0.49625641107559204,0.1063079833984375,0.029185496270656586
31,"Paula's Choice SKIN PERFECTING 2% BHA Liquid Salicylic Acid Exfoliant-Facial Exfoliant for Blackheads, Enlarged Pores, Wrinkles & Fine Lines",,Fate,Best product,"I recently started using a salicylic acid toner, and I’m genuinely impressed with the results. This toner has transformed my skin, leaving it incredibly smooth and significantly reducing both blackheads and whiteheads.The texture is lightweight and absorbs quickly, making it easy to incorporate into my routine. After just a few weeks of use, I've noticed a marked improvement in my skin's clarity and texture. It effectively exfoliates without being overly harsh, which is a huge plus for my sensitive skin.If you're struggling with stubborn blemishes or uneven texture, I highly recommend giving this toner a try. It's become an essential part of my skincare routine!",10/25/2024,5.0,Yes,9,0.9557,0.213,0.047,0.74,0.014609924517571926,0.011611657217144966,0.0019618812948465347,0.006475502159446478,0.044272806495428085,0.002170058200135827,0.9188982248306274
32,"Paula's Choice SKIN PERFECTING 2% BHA Liquid Salicylic Acid Exfoliant-Facial Exfoliant for Blackheads, Enlarged Pores, Wrinkles & Fine Lines",,Mimi,Game-Changer for My Skin!,"I’ve been using the Paula’s Choice SKIN PERFECTING 2% BHA Liquid Exfoliant for a few weeks now, and wow—this stuff is legit! My skin has never looked this smooth. I struggle with blackheads, enlarged pores, and the occasional fine lines, but this exfoliant handles it all.After just a few uses, I noticed my pores looked smaller, and the stubborn blackheads on my nose started to clear up. My skin feels softer and more balanced—no more oily T-zone by midday. Plus, it’s gentle enough that I haven’t experienced any redness or irritation, which is a big win since I have somewhat sensitive skin.I apply it every other night after cleansing, and it absorbs quickly without feeling sticky. A little goes a long way, so the bottle will definitely last! If you’re on the fence, trust me—this product is worth every penny.Pro tip: Follow up with a good moisturizer and sunscreen during the day because this stuff really gets your skin working!",10/12/2024,5.0,Yes,44,0.9692,0.175,0.062,0.763,0.021829189732670784,0.09527748823165894,0.005047131329774857,0.121879443526268,0.54618901014328,0.01359482854604721,0.1961829662322998
33,"Paula's Choice SKIN PERFECTING 2% BHA Liquid Salicylic Acid Exfoliant-Facial Exfoliant for Blackheads, Enlarged Pores, Wrinkles & Fine Lines",,Amazon Customer,Product review,"This product has been a part of my face routine both morning and night for now the 4x I’m buying it. It does exactly what it’s intended to do and better. The 100,000 reviews and 4.5 rating speaks for itself.",10/26/2024,4.0,Yes,9,0.4404,0.071,0.0,0.929,0.005704361479729414,0.003132391255348921,0.0013497855979949236,0.039834488183259964,0.9316814541816711,0.0027902049478143454,0.015507296659052372
34,"Paula's Choice SKIN PERFECTING 2% BHA Liquid Salicylic Acid Exfoliant-Facial Exfoliant for Blackheads, Enlarged Pores, Wrinkles & Fine Lines",,Amazon Customer,The best!!,"I’ve tried everything and nothing can match this.It’s a little oily like others have mentioned but I apply with a cotton round then I rub in with my hands.. this gets it deeper into the skin.  Does not burn and not a terrible smell.  Has reduced pores and reduced reddish tones on my cheeks.  I do not use daily but I do use it 3 times a week., at night.  I wouldn’t Recommend in the morning or using under makeup.  After I apply and rub it in I let it sit for about 30 min then I apply my good nighttime cream. Skip your serums when using this it will just cancele them out especially vit C.  Highly recommend to anyone wanting to shrink pores and even out skin tones/oils!  couldn’t live without it!",10/5/2024,5.0,Yes,18,0.9461,0.123,0.0,0.877,0.026730375364422798,0.37746667861938477,0.19719082117080688,0.011886444874107838,0.12422149628400803,0.23796293139457703,0.024541188031435013
35,"Paula's Choice SKIN PERFECTING 2% BHA Liquid Salicylic Acid Exfoliant-Facial Exfoliant for Blackheads, Enlarged Pores, Wrinkles & Fine Lines",,Brenna,Works like magic! Goodbye large pores!,"The lady that does my hair told me about this product, she did me a great big favor. She told me to put it on my face after I wash it, applying it to where I have large pores, my nose. Within just days the poor started to shrink and now they look wonderful. I highly recommend this and I just bought a second bottle for the downstairs bathroom. I like to use exfoliating facial wipes in the morning to clean my face and then I apply this product with either my finger, q-tip or cotton rounds. So if you have large pores I would suggest you get a bottle of this, it will clean them out and shrink them.",10/16/2024,5.0,Yes,22,0.9524,0.168,0.025,0.808,0.008248229511082172,0.08542907238006592,0.0034729584585875273,0.019868673756718636,0.8610554337501526,0.008303875103592873,0.013621770776808262
36,"Paula's Choice SKIN PERFECTING 2% BHA Liquid Salicylic Acid Exfoliant-Facial Exfoliant for Blackheads, Enlarged Pores, Wrinkles & Fine Lines",,Ashley,Skin feels soft!,I have had enlarged pores my whole life so I wasn’t looking for a miracle to remove them but this product definitely helped make them less visible and just less! And my skin feels so soft! I am 40 and have absolutely no makeup on the photo and you can still see my pores BUT there is a noticeable difference and I’ve been using this product for 3 weeks now! Will buy again!,10/28/2024,5.0,Yes,10,0.5965,0.096,0.044,0.861,0.01616962067782879,0.13696104288101196,0.014547278173267841,0.09272939711809158,0.3145916759967804,0.28318312764167786,0.1418178677558899
37,"Paula's Choice SKIN PERFECTING 2% BHA Liquid Salicylic Acid Exfoliant-Facial Exfoliant for Blackheads, Enlarged Pores, Wrinkles & Fine Lines",,Roxanne,LOVE ! LOVE!! LOVE!!!,"The thing has done wonders for my dull uneven skin, I noticed after a few days of using it my skin felt smoother and after a week my skin visibly looked better. I wish I would’ve taken a dedicated before picture. I’ll definitely be purchasing the bigger size, I started out with the mini should as trial run and now I’m obsessed! 10/10",10/26/2024,5.0,Yes,2,0.8016,0.176,0.067,0.758,0.0097641097381711,0.03131794556975365,0.0051115513779222965,0.25521013140678406,0.3132430911064148,0.2547750174999237,0.1305781900882721
38,"Paula's Choice SKIN PERFECTING 2% BHA Liquid Salicylic Acid Exfoliant-Facial Exfoliant for Blackheads, Enlarged Pores, Wrinkles & Fine Lines",,Amazon Customer,Wow Wow Wow,"I honestly didn't think this stuff would work well, it's hard to tell when a product is reviewed so highly if it'll actually work for you.My skin is very sensitive. It is either very dry or super red but this stuff is a LIFESAVER. My skin has never looked better. It does have a weird smell but this is the price you pay for beauty fellas.",10/24/2024,5.0,Yes,3,0.9131,0.224,0.101,0.674,0.019332828000187874,0.8378504514694214,0.01752668432891369,0.0012172138085588813,0.041982948780059814,0.007989443838596344,0.07410039752721786
39,"Paula's Choice SKIN PERFECTING 2% BHA Liquid Salicylic Acid Exfoliant-Facial Exfoliant for Blackheads, Enlarged Pores, Wrinkles & Fine Lines",,Brittany,Game Changer,This stuff has been a game changer for my skin. After I’d say 7-10 days my skin is totally glowing. It doesn’t burn or tingle but I’m used to acids on my face. It does have a slight odor but to be expected and doesn’t both me at all. I would recommend working up to daily because it can dry your skin out but it’s definitely a staple in my night time routine.,10/17/2024,5.0,Yes,3,0.7783,0.092,0.0,0.908,0.011340584605932236,0.3710016906261444,0.005052589811384678,0.04586765170097351,0.5419929623603821,0.018841521814465523,0.005903026554733515
40,"Paula's Choice SKIN PERFECTING 2% BHA Liquid Salicylic Acid Exfoliant-Facial Exfoliant for Blackheads, Enlarged Pores, Wrinkles & Fine Lines",,Syeda,Awesome product!,I tried the travel size first as I didn’t know if it was for me but after trying the travel size it worked so well on my skin I had to go ahead and get the normal size,10/31/2024,5.0,Yes,0,0.5591,0.096,0.0,0.904,0.008569459430873394,0.00964976754039526,0.01771175116300583,0.022179273888468742,0.6659127473831177,0.0110324053093791,0.2649446129798889
41,"Paula's Choice SKIN PERFECTING 2% BHA Liquid Salicylic Acid Exfoliant-Facial Exfoliant for Blackheads, Enlarged Pores, Wrinkles & Fine Lines",,Petunia  Conejos,Exfoliating but not at all stripping,"This is my favorite exfoliator, it's hard to go wrong with Paula's Choice, though it is a bit pricey for me. However I don't use this daily, more like twice a week so this does last for a while making it a worthwhile investment. I love that this is exfoliating however not at all irritating. I have very oily acne prone skin hat irritates easily, most exfoliators sting my skin, specially when used regularly. This one doesn't sting at all and gets the job donde. Will 100% rebuy.",10/9/2024,5.0,Yes,5,0.8771,0.179,0.075,0.746,0.7373908758163452,0.17296762764453888,0.003645127872005105,0.0030078713316470385,0.06957721710205078,0.011160926893353462,0.002250412479043007
42,"Paula's Choice SKIN PERFECTING 2% BHA Liquid Salicylic Acid Exfoliant-Facial Exfoliant for Blackheads, Enlarged Pores, Wrinkles & Fine Lines",,Shelly,Only buy for sebaceous glands on face,"I bought this and the BHA 9 spot treatment for sebaceous gland bumps on my face. I honestly can't tell if it works. I've been using it for over a year. They aren't getting bigger, but not shrinking. I keep using it since I don't know if this is helping slow down the bumps from getting bigger. I would not waste the money if you're looking for help with blackheads or milias. If it wasn't for the sebaceous glands and hoping it's preventing them from getting larger, I wouldn't waste the money.",10/8/2024,5.0,Yes,4,0.9509,0.188,0.012,0.8,0.013938273303210735,0.02324211783707142,0.0031103233341127634,0.0027736106421798468,0.8772464990615845,0.014712612144649029,0.06497660279273987
43,"Paula's Choice SKIN PERFECTING 2% BHA Liquid Salicylic Acid Exfoliant-Facial Exfoliant for Blackheads, Enlarged Pores, Wrinkles & Fine Lines",,Riley,So far I've only used it twice so I don't have much to say about it yet but I do like it,I've heard that this kind of ingredients are really good for your skin so I spent way more than I normally would but I actually really like it. We'll see how it does on my skin. So far no irritation. You can just strip some on your fingers if you don't want to waste it by putting on it on the cotton ball or a pad. Doesn't take much.,10/15/2024,5.0,Yes,0,-0.1561,0.114,0.122,0.764,0.3642514944076538,0.08757374435663223,0.0015040024882182479,0.032434526830911636,0.4826298654079437,0.019620664417743683,0.01198566798120737
44,"Paula's Choice SKIN PERFECTING 2% BHA Liquid Salicylic Acid Exfoliant-Facial Exfoliant for Blackheads, Enlarged Pores, Wrinkles & Fine Lines",,Komattee,Great product,"Been using this for a while and within days i felt like i was seeing results. It dried my skin after use but i applied face cream to help. I saw some very gentle peeling after some time so i knew it was working, my face just felt and looked more even toned, firm and clean",10/18/2024,4.0,Yes,4,0.9207,0.222,0.0,0.778,0.00490956474095583,0.028002509847283363,0.0012988293310627341,0.8518025875091553,0.0913097932934761,0.01298963837325573,0.009687122888863087
45,"Paula's Choice SKIN PERFECTING 2% BHA Liquid Salicylic Acid Exfoliant-Facial Exfoliant for Blackheads, Enlarged Pores, Wrinkles & Fine Lines",,Emily Heater,This product is life changing!,"This stuff is the real deal. Seriously. My skin is so nice and smooth I keep going over to the mirror to make sure it’s real. I cannot remember the last time my skin was this clear, probably in my pre-pubescent days. I’m not getting white heads anymore on my cheeks like usual. I’m also not getting the continuous stream of blackheads on my cheeks like usual. The texture of my skin is so smooth. For years and years I searched for a solution for my textured cheeks. No matter what I tried, I had bumps along my hairline and covering my cheeks. Could not get rid of these pesky bumps until one day I randomly did a search for “blackhead extraction” and this popped up. It had over 100,000 reviews so I said screw it, I’ll try it.And I can genuinely say, this product has changed my life. By MAJORLY boosting my confidence and FINALLY getting rid of the bumps I had on my cheeks for at least 10 years. I’ve tried so many different serums, creams, gadgets, diet changes, you name it.  And nothing has even come close to what this product has done for me. This product is priceless. I will be a customer for life.",9/15/2024,5.0,Yes,51,0.953,0.116,0.036,0.848,0.012551048770546913,0.03438546508550644,0.003054294502362609,0.027563689276576042,0.8511949777603149,0.0056238928809762,0.06562668830156326
46,"Paula's Choice SKIN PERFECTING 2% BHA Liquid Salicylic Acid Exfoliant-Facial Exfoliant for Blackheads, Enlarged Pores, Wrinkles & Fine Lines",,Kindle Customer,Effective,"Got this to help with dark spots on my face. You’ll notice a difference under a week’s use. So far, I’ve not noticed any negative effect except for the very drying effect. I just follow it with a moisturizer.",10/28/2024,5.0,Yes,4,0.6906,0.147,0.0,0.853,0.011393420398235321,0.15337778627872467,0.008099504746496677,0.0029991939663887024,0.7739155888557434,0.034894682466983795,0.01531978789716959
47,"Paula's Choice SKIN PERFECTING 2% BHA Liquid Salicylic Acid Exfoliant-Facial Exfoliant for Blackheads, Enlarged Pores, Wrinkles & Fine Lines",,Alice Coley,Liquid gold for the skin!,I never write reviews unless they are great and this stuff wow.. it works!!! I never have had bad skin other than the occasional breakout. But found myself struggling with blackheads/ clogged pores. Since I’ve started using this product it’s almost as if all of it has vanished. I’d say I started noticing a difference between 7-10 days. For the first few weeks of using this I was peeling like crazy. But after week 3 that completely stopped. My skin has never looked better and I will continue to buy this forever!!!!,10/4/2024,5.0,Yes,10,-0.7987,0.078,0.139,0.783,0.011247877031564713,0.009312772192060947,0.010434071533381939,0.014167072251439095,0.04459114745259285,0.02157556265592575,0.8886715769767761
48,"Paula's Choice SKIN PERFECTING 2% BHA Liquid Salicylic Acid Exfoliant-Facial Exfoliant for Blackheads, Enlarged Pores, Wrinkles & Fine Lines",,DAR93314,This works wonders!!,This exfoliate is a miracle worker and has helped my skin so much.  I am 75 and needed some help.  It has helped plump my skin as well as smooth it and shrink the size of my pores.  I would highly recommend if you are looking to give your skin a pick me up.  My skin is very sensitive but I was able to go to daily use after only a week.  Try it!!,10/7/2024,5.0,Yes,5,0.7415,0.115,0.0,0.885,0.01279851421713829,0.025163831189274788,0.024952281266450882,0.14408141374588013,0.6989144682884216,0.04594208672642708,0.04814741015434265
49,"Paula's Choice SKIN PERFECTING 2% BHA Liquid Salicylic Acid Exfoliant-Facial Exfoliant for Blackheads, Enlarged Pores, Wrinkles & Fine Lines",,Marissa Honley,I’ve used three bottles of this,This is a product that I buy on repeat I use it after I wash my face in the morning. I play this product because I have really bad blackheads and sebaceous filaments. I have noticed a difference overtime but you have to stay consistent.,10/20/2024,5.0,Yes,0,-0.177,0.043,0.061,0.895,0.02271486073732376,0.3122629225254059,0.005905086640268564,0.002348437439650297,0.6250417828559875,0.014199340716004372,0.017527539283037186
50,"Paula's Choice SKIN PERFECTING 2% BHA Liquid Salicylic Acid Exfoliant-Facial Exfoliant for Blackheads, Enlarged Pores, Wrinkles & Fine Lines",,Rocket525,Immediate results,"I have only used this product 3 times and I have already noticed a difference. My face feels so much softer and smoother. Typically, I have an oily t zone, dry skin on my cheeks and blackheads on my nose. The blackheads have not completely disappeared, but they have started to improve. It works almost as a deep clean even after I use my makeup remover and face wash beforehand. Worth a try for sure and I hope it continues to make a difference.",10/1/2024,5.0,Yes,5,0.9485,0.208,0.0,0.792,0.003567533101886511,0.05598134547472,0.002370527945458889,0.05482959747314453,0.8515812754631042,0.023699713870882988,0.007969900965690613
51,"Paula's Choice SKIN PERFECTING 2% BHA Liquid Salicylic Acid Exfoliant-Facial Exfoliant for Blackheads, Enlarged Pores, Wrinkles & Fine Lines",,Geraldine,Milia,"I got 2 milias (white heads) that couldn’t be removed by regular soap.  I used this brand every other day, just 2x. 1st time, 1 milia cleared or came off. Another day, the other came off. This brand works.",10/21/2024,5.0,Yes,0,0.1027,0.04,0.0,0.96,0.005690998863428831,0.003873820649459958,0.0020813574083149433,0.00901702418923378,0.8868787288665771,0.00782662071287632,0.08463141322135925
52,"Paula's Choice SKIN PERFECTING 2% BHA Liquid Salicylic Acid Exfoliant-Facial Exfoliant for Blackheads, Enlarged Pores, Wrinkles & Fine Lines",,Tasnim Islam,Glowing skin,Have gotten a lot of compliments on my skin since I started using this. A bit pricey but a little goes a long way and I haven’t broke out much since I’ve started. I’m a big fan of the gentle exfoliation it provides.,10/18/2024,5.0,Yes,0,0.6059,0.195,0.083,0.722,0.006497346796095371,0.038281623274087906,0.0018521198071539402,0.2721540629863739,0.648918867111206,0.020562710240483284,0.011733274906873703
53,"Paula's Choice SKIN PERFECTING 2% BHA Liquid Salicylic Acid Exfoliant-Facial Exfoliant for Blackheads, Enlarged Pores, Wrinkles & Fine Lines",,doc holiday,Clears up redness,I bought this and it cleared up the redness on my skin it's for exfoliating and it did a great job,11/1/2024,5.0,Yes,0,0.6705,0.244,0.0,0.756,0.009829328395426273,0.03666387125849724,0.0014784805243834853,0.19462907314300537,0.7332426905632019,0.01090995129197836,0.013246594928205013
54,"Paula's Choice SKIN PERFECTING 2% BHA Liquid Salicylic Acid Exfoliant-Facial Exfoliant for Blackheads, Enlarged Pores, Wrinkles & Fine Lines",,SweetHeart23,WOC FRIENDLY. GREAT FOR DARK SKIN TONES,"I’m writing this review, after going through the entire bottle. Consistency is key when it comes to skincare, and to see the benefits of this product is no different. I’ve been using this for about one month now, one time a day about 4 to 5 times a week. And I must say my skin has never been any trouble, however, I do like the extra glow and smoothness this product has brought out in my skin. I apply this after using my facial cleanser, and I wake up with such a glow. Despite the bottle being small, it last me just under a month, but I did only use this once a day. I’m currently on my second bottle, and we continue to purchase. Because I truly see a difference in the smoothness, brightness An overall appearance of my skin. I have semi sensitive skin, and have had no issues with this product. I am of a deeper Melanated complexion (think lupita) and truly would recommend. A must have staple in my skin care routine.ProsA little goes a long wayImproves that appearance of skinBrightens skin complexionAdds a glow to skinSmooths any imperfectionsNon greasyCons:A little expensive for the amount",9/8/2024,5.0,Yes,41,0.9608,0.121,0.022,0.857,0.005080988630652428,0.01623411662876606,0.002066219924017787,0.26589974761009216,0.6609830260276794,0.03183344379067421,0.0179024375975132
55,"Paula's Choice SKIN PERFECTING 2% BHA Liquid Salicylic Acid Exfoliant-Facial Exfoliant for Blackheads, Enlarged Pores, Wrinkles & Fine Lines",,Just my opinion,Effective exfoliator,"I like this exfoliator.  It is not too strong and does not give me a bad reaction.  It is tightening my pores and smoothing my skin.  I think it is making my face look younger (I’m 50).I recently lost 80 pounds and that released some fat on my face, causing crepey skin, fine lines, and sagging skin.  I haven’t used this product for long but it has shrunk my pores for sure.  I can only wear it in the morning because I wear a Cpap at night and the oil would negatively affect the mask.  I wish I could wear this product to sleep too.  I even wish it had stronger active ingredients.During the day, my skin does not appear to sag as much and my fine lines are not as visible but after I wash my face at night, the sagging and fine lines come back.  I’m hoping that the more I use it that the sagging and fine lines will improve even after I wash the product off my face.Overall, my skin feels smoother and my pores have shrunk.  I have not gotten any blemishes.  My fine lines and sagging skin are less noticeable during the day.  I think this product is worth the money so far and I’m adding it to my skincare regimen.",8/29/2024,5.0,Yes,33,0.9875,0.178,0.015,0.807,0.005341859068721533,0.04038887098431587,0.008058101870119572,0.20267759263515472,0.3554792106151581,0.37566253542900085,0.012391830794513226
56,"Paula's Choice SKIN PERFECTING 2% BHA Liquid Salicylic Acid Exfoliant-Facial Exfoliant for Blackheads, Enlarged Pores, Wrinkles & Fine Lines",,Nadia,Love!,I have been using this for years and it does wonders. It came super quick and has an easy squirt spout. Doesn’t smell bad gets rid of my super noticeable clogged pores on my nose after using 3 times every week.,10/20/2024,5.0,Yes,0,0.802,0.217,0.071,0.711,0.009503277949988842,0.22996753454208374,0.004292170982807875,0.009822835214436054,0.7191652059555054,0.013677049428224564,0.013571915216743946
57,"Paula's Choice SKIN PERFECTING 2% BHA Liquid Salicylic Acid Exfoliant-Facial Exfoliant for Blackheads, Enlarged Pores, Wrinkles & Fine Lines",,Chandra Cissell,So far so good,I've only been using this product for a few weeks but it's been good for my skin so far.,11/2/2024,5.0,Yes,0,0.5927,0.185,0.0,0.815,0.0025208459701389074,0.010320102795958519,0.0014963456196710467,0.7048036456108093,0.2650911509990692,0.006651230156421661,0.009116779081523418
58,"Paula's Choice SKIN PERFECTING 2% BHA Liquid Salicylic Acid Exfoliant-Facial Exfoliant for Blackheads, Enlarged Pores, Wrinkles & Fine Lines",,vbchic,WOW,"Let me start by saying I have congested skin, so I know I need an exfoliant. I have used a large number of scrubs, peels, etc. throughout the years and most were bleh. I had become frustrated recently once again with my skin needing help and I saw this item. I decided to try it, and I have used it two nights in a row.Outcome: I could see a significant difference after just the first night. This morning after the second night/application, I still saw an improvement. I am excited that my skin is looking smoother, clearer, and has smaller pores after just two days. I repeat TWO DAYS. I will keep putting it on every night since it does leave a bit of a residue on the skin that I feel I would not like during the day (but maybe it was because I put a lot of it on). Overall, I will continue to use it. And for it being as effective as it is, I don't think it's going to irritate or make my skin red like some other exfoliants have used. But if anything changes I will update my review. Right now, if I could give this 10 stars I would.Also, I feel like this will only help people who have skin that needs exfoliating. If you have decent skin or skin that doesn't need exfoliating, it may not be that amazing nor effective. But it all depends on what your skin needs, so if you have any needs that this product addresses I think you should give it a go. It at least won't harm or irritate your skin.*Disclaimer: I put on a significant amount of this both nights, probably about a good double dose all over my face and the front of my neck and rubbed it in a bit with the cotton pad. I am certain this sped up the exfoliating process, and as I continue to use it I will probably go down to putting on just one application rather than a double application each night. I may eventually go to every other night, but that remains to be seen. I will just go with the flow and do whatever my skin needs. So far, amazingly effective.UPDATE: After the 3rd double application last night, I am STILL seeing an improvement in my skin. I will go down to a normal nightly application starting tonight since my skin is feeling a bit tight. It isn't inflamed but I can tell it could become irritated if I continue double strength applications daily. And my skin is much improved already, so there is no reason to risk irritation. I will update how the regular single application works. Oh, I am seeing wrinkles diminish as well under and around my eyes!UPDATE #2: After the normal single application last night my skin is still improving. It doesn't feel as tight as yesterday, so it was a good I listened to my skin. Will continue with single layer nightly applications! Still loving it!UPDATE #3: After several more days of using it only at night and an overall single application (with a little extra on certain areas of my face), my skin is still continuing to improve. I am definitely sold on this.UPDATE #4: After almost another week of use it feels like my skin has gotten used to it so I will be using a light coating in the morning with moisturizer afterward, and a heavy application at night also with moisturizer after. I will let the exfoliant fully dry before putting on the moisturizer to make sure it stays where it should. I will report back on how it goes. Fine lines are diminishing and it seems like a few darker spots on my face are slowly lightening. So far, I am still loving it. (I am also putting it on the front of my neck and upper chest and it's helping there as well.) HOWEVER, I am not a person who puts on foundation or much makeup, so I am not sure how using this during the day would affect someone the foundation staying in place or not. Once I am back to my normal work outside the house I may decide to use it only at night, we will see.UPDATE #5: I am still using this daily twice a day and still seeing improvement in my skin. A few darker patches of skin near my temples are lightening, my pores are still getting smaller, and my fine lines are still diminishing. I have set this up on a subscription because it works so well for me. I hope this review helped you!",4/4/2020,5.0,Yes,190,0.9964,0.128,0.048,0.824,0.6440686583518982,0.02355702593922615,0.0022216043435037136,0.013742895796895027,0.27458202838897705,0.015070787630975246,0.026756998151540756
59,"Paula's Choice SKIN PERFECTING 2% BHA Liquid Salicylic Acid Exfoliant-Facial Exfoliant for Blackheads, Enlarged Pores, Wrinkles & Fine Lines",,MSH 1105,Miracle,"Not sure why but this is amazing. Uncovering smooth poreless skin. I will be buying the large one next. I rarely find skin products that make a real difference but this one does. Shrinks pores, revives texture and removes any blackheads.",10/17/2024,5.0,Yes,0,0.845,0.191,0.033,0.776,0.010192343033850193,0.32748642563819885,0.009247399866580963,0.014863735996186733,0.20643436908721924,0.019437676295638084,0.4123380482196808
60,"Paula's Choice SKIN PERFECTING 2% BHA Liquid Salicylic Acid Exfoliant-Facial Exfoliant for Blackheads, Enlarged Pores, Wrinkles & Fine Lines",,gracceed,Great,This a great product it does everything it says it does. Shrinks pores.Leaves skin so smooth &soft.,11/2/2024,5.0,Yes,0,0.6249,0.215,0.0,0.785,0.011559223756194115,0.14913654327392578,0.006333085708320141,0.23081901669502258,0.4836418330669403,0.09122642874717712,0.027283908799290657
61,"Paula's Choice SKIN PERFECTING 2% BHA Liquid Salicylic Acid Exfoliant-Facial Exfoliant for Blackheads, Enlarged Pores, Wrinkles & Fine Lines",,hind ikhlef,Ok,Nothing magic just sticky in my face I try lote of products and I was thinking this one is good but to be honest I don’t see any difference.,10/19/2024,4.0,Yes,0,0.7506,0.211,0.0,0.789,0.027726083993911743,0.13450613617897034,0.007206209935247898,0.012598933652043343,0.6658064126968384,0.009632458910346031,0.14252375066280365
62,"Paula's Choice SKIN PERFECTING 2% BHA Liquid Salicylic Acid Exfoliant-Facial Exfoliant for Blackheads, Enlarged Pores, Wrinkles & Fine Lines",,Taira Jones,Skin brightener!!!!!!!,This gave my skin an extreme glow after one use this is going to be part of my skincare routine every day 💞.,10/28/2024,5.0,Yes,0,0.0,0.0,0.0,1.0,0.03420250862836838,0.14706097543239594,0.017226746305823326,0.09745965152978897,0.673294723033905,0.021040409803390503,0.009715023450553417
63,"Paula's Choice SKIN PERFECTING 2% BHA Liquid Salicylic Acid Exfoliant-Facial Exfoliant for Blackheads, Enlarged Pores, Wrinkles & Fine Lines",,Amazon Customer,Good stuff !,Since i started using this i noticed my dark spots leaving and getting lighter. I used it maybe twice a week and i space it out like every 3 days.,10/24/2024,5.0,Yes,0,0.3612,0.098,0.0,0.902,0.010700330138206482,0.028082357719540596,0.007162317633628845,0.006546575576066971,0.7484942674636841,0.03434591367840767,0.16466818749904633
64,"Paula's Choice SKIN PERFECTING 2% BHA Liquid Salicylic Acid Exfoliant-Facial Exfoliant for Blackheads, Enlarged Pores, Wrinkles & Fine Lines",,Carlos A,Buen producto,Se observa mejoría en pocos días en las lesiones de la piel.,11/1/2024,5.0,Yes,0,0.0,0.0,0.0,1.0,0.014991309493780136,0.8821984529495239,0.014549804851412773,0.012399740517139435,0.05839342251420021,0.013422215357422829,0.004044870845973492
65,"Paula's Choice SKIN PERFECTING 2% BHA Liquid Salicylic Acid Exfoliant-Facial Exfoliant for Blackheads, Enlarged Pores, Wrinkles & Fine Lines",,Happy Momma,Nice,I haven't used it long enough to know if it does what it claims. What i can say is it makes my skin feel nice and look smooth when on. I bought the small size to trial. It comes out as a liquid. You only use a very small amount. I put it on either at night or in the am. I do not wash it off until next face wash (12-24 hours).,9/16/2024,4.0,Yes,10,0.4215,0.041,0.0,0.959,0.004067199770361185,0.02698519267141819,0.001678573782555759,0.14490775763988495,0.8044838905334473,0.00954458024352789,0.008332787081599236
66,"Paula's Choice SKIN PERFECTING 2% BHA Liquid Salicylic Acid Exfoliant-Facial Exfoliant for Blackheads, Enlarged Pores, Wrinkles & Fine Lines",,Nathali Medrano,Exfoliate,No words express love this product so much help to my face so much. I would recommend it and true to everything. It says it does.,10/23/2024,5.0,Yes,0,0.8896,0.365,0.063,0.572,0.006307609844952822,0.015708256512880325,0.0019290163181722164,0.5061472654342651,0.4336166977882385,0.020283279940485954,0.016007861122488976
67,"Paula's Choice SKIN PERFECTING 2% BHA Liquid Salicylic Acid Exfoliant-Facial Exfoliant for Blackheads, Enlarged Pores, Wrinkles & Fine Lines",,Juliet15,WORKS,I can see results after only a few uses.,10/30/2024,5.0,Yes,0,0.0,0.0,0.0,1.0,0.006083685904741287,0.01367611438035965,0.0009904657490551472,0.0054723783396184444,0.9015598893165588,0.004489563405513763,0.06772790104150772
68,"Paula's Choice SKIN PERFECTING 2% BHA Liquid Salicylic Acid Exfoliant-Facial Exfoliant for Blackheads, Enlarged Pores, Wrinkles & Fine Lines",,Patsi K,Clear skin!!,"I love this product! I reviewed it well before purchasing it. It cleans the extra trace of my cleanser off & makes my face feel so smooth. Clear skin when I wake up and more even skin tone. I am 65, and I feel this is a great wrinkle cream. The lines are less notice. Great product!",10/5/2024,5.0,Yes,5,0.9564,0.282,0.0,0.718,0.001796928234398365,0.003789082169532776,0.0005800942308269441,0.9318706393241882,0.05110730975866318,0.0036938500124961138,0.007162022404372692
69,"Paula's Choice SKIN PERFECTING 2% BHA Liquid Salicylic Acid Exfoliant-Facial Exfoliant for Blackheads, Enlarged Pores, Wrinkles & Fine Lines",,Meg,Completely changed my skin,"I don’t know how I stumbled upon this product, but I’m so glad I did. I have struggled with enlarged pores and combination skin for years. And usually by midday, my skin would feel greasy and look shiny. Now I use this fresh out of the shower and wait 5 to 10 minutes for it to dry. My skin feels so soft and tighter. My pores looks so much smaller. My blackheads are almost nonexistent. I barely need any make up at all. Then at night after my cleansing routine, I put it on again. I will never not be without this product. It is a game changer for sure. The longer I use it the more I like it. Don’t use it for a couple days and think it’s because it’s not. I think I’ve been using it for over a month and I never want to be without it. Bonus, it got a very high score on Yuka, which is an app to check the health and safety of skin care products and foods. Nothing bad in this!",9/4/2024,5.0,Yes,35,0.9692,0.145,0.044,0.811,0.008759872056543827,0.22164641320705414,0.003819066332653165,0.21158137917518616,0.4155714511871338,0.12033180892467499,0.01829010620713234
70,"Paula's Choice SKIN PERFECTING 2% BHA Liquid Salicylic Acid Exfoliant-Facial Exfoliant for Blackheads, Enlarged Pores, Wrinkles & Fine Lines",,TB,Skin smoothing,"I have oily skin and large pores. As I’ve gotten older, my skin has become somewhat more unevenly textured and I also have some mild sun spots. I’ve been using this product for a couple months now and I’m impressed with how much better my skin looks. My skin texture is more even, my pores less pronounced and the just overall my skin looks more youthful. I did start using this every other day in the evening but after a few weeks stated using it nightly. I experienced a little dryness the first week or so, but now my skin is accustomed to it and I have no dryness. I will keep using this!",9/14/2024,5.0,Yes,11,0.3157,0.055,0.025,0.919,0.018893476575613022,0.16900992393493652,0.0061570750549435616,0.03874713554978371,0.4474667012691498,0.021318113431334496,0.2984076738357544
71,"Paula's Choice SKIN PERFECTING 2% BHA Liquid Salicylic Acid Exfoliant-Facial Exfoliant for Blackheads, Enlarged Pores, Wrinkles & Fine Lines",,Nicole,Great product,"This product changed my skin for the better . My daughter asked me if I had makeup on , I said no .. it’s the Paula choice product I’ve been using !This is my forever now 💯🔥",10/9/2024,5.0,Yes,0,0.2481,0.088,0.06,0.852,0.03122621960937977,0.01609771139919758,0.020338768139481544,0.1887565702199936,0.6394590139389038,0.027625977993011475,0.0764957070350647
72,"Paula's Choice SKIN PERFECTING 2% BHA Liquid Salicylic Acid Exfoliant-Facial Exfoliant for Blackheads, Enlarged Pores, Wrinkles & Fine Lines",,rb,best for whiteheads,"best used with a cotton pad, apply a bit and it helps with my whiteheads. leaves my skin feeling clean and exfoliated.",10/13/2024,5.0,Yes,2,0.875,0.407,0.0,0.593,0.012998414225876331,0.07251988351345062,0.001313207671046257,0.5167202949523926,0.3231016993522644,0.04926669970154762,0.024079814553260803
73,"Paula's Choice SKIN PERFECTING 2% BHA Liquid Salicylic Acid Exfoliant-Facial Exfoliant for Blackheads, Enlarged Pores, Wrinkles & Fine Lines",,Susan N. Krubl,Blackhead sauce,"I have to admit this worked. At first I was skeptical but after the second week, the blackheads were gone! But beware, they come back so make sure you check and use again! Love it",10/6/2024,5.0,Yes,3,0.8886,0.267,0.039,0.694,0.020281149074435234,0.006052958779036999,0.6831033825874329,0.011321893893182278,0.1958661675453186,0.014043874107301235,0.06933050602674484
74,"Paula's Choice SKIN PERFECTING 2% BHA Liquid Salicylic Acid Exfoliant-Facial Exfoliant for Blackheads, Enlarged Pores, Wrinkles & Fine Lines",,Wendy Duran,Small bottle is plenty for test run,"Photo is from my day one, I’ll update on the effectiveness in a few weeks I just wanted to let anyone who is wondering know that the small bottle is enough for a good month I would say. Little goes a long way for anyone who wants to give it a try a lesser commitment price. I thought my skin might be to sensitive as it is usually but it seems fine. Hasn’t caused any discomfort. I did as the bottle suggested and did every other day for the first week now I’m up to once a day. Hoping to see some results in the coming weeks.",8/15/2024,4.0,Yes,36,0.6059,0.092,0.035,0.873,0.003564413171261549,0.006286597345024347,0.006178956478834152,0.018330043181777,0.9459661245346069,0.0061332713812589645,0.013540571555495262
75,"Paula's Choice SKIN PERFECTING 2% BHA Liquid Salicylic Acid Exfoliant-Facial Exfoliant for Blackheads, Enlarged Pores, Wrinkles & Fine Lines",,charlton,it works good,ive been using it for just a couple of weeks but i feel like its working already,10/20/2024,5.0,Yes,0,0.5023,0.188,0.0,0.812,0.001010673469863832,0.0005333588342182338,0.0004619059036485851,0.9904218912124634,0.001763328560627997,0.0031533841975033283,0.002655403222888708
76,"Paula's Choice SKIN PERFECTING 2% BHA Liquid Salicylic Acid Exfoliant-Facial Exfoliant for Blackheads, Enlarged Pores, Wrinkles & Fine Lines",,Julianna s.,Works,Works wonders clears my fine lines I swear!,10/24/2024,5.0,Yes,0,0.2942,0.395,0.14,0.466,0.0753222182393074,0.017630334943532944,0.004900552798062563,0.4704607129096985,0.3289928734302521,0.006707991473376751,0.09598531574010849
77,"Paula's Choice SKIN PERFECTING 2% BHA Liquid Salicylic Acid Exfoliant-Facial Exfoliant for Blackheads, Enlarged Pores, Wrinkles & Fine Lines",,Beraca,"I really like this liquid exfoliant ,it really works!","I can see the results on my face this is really a good one,highly recommend!",10/22/2024,5.0,Yes,0,0.739,0.362,0.0,0.638,0.003311602398753166,0.0016950032440945506,0.0005345378303900361,0.95052570104599,0.02456890605390072,0.0015610649716109037,0.017803173512220383
78,"Paula's Choice SKIN PERFECTING 2% BHA Liquid Salicylic Acid Exfoliant-Facial Exfoliant for Blackheads, Enlarged Pores, Wrinkles & Fine Lines",,Lindy,Amazing,My skin has never looked better !,10/23/2024,5.0,Yes,0,-0.4015,0.0,0.35,0.65,0.04345593973994255,0.12060587853193283,0.0245421901345253,0.0755247250199318,0.2886655926704407,0.3281520903110504,0.11905362457036972
79,"Paula's Choice SKIN PERFECTING 2% BHA Liquid Salicylic Acid Exfoliant-Facial Exfoliant for Blackheads, Enlarged Pores, Wrinkles & Fine Lines",,Paradise,Let’s talk about this magic water,I have nice skin already and don’t get pimples often and barely blemishes but after using this bottle for 2 months. And then slugging my face with aquaphor every other night. My complexion is everything. To top it off I was drinking celery water and spearmint tea everyday and night your skin will radiant . So find a good regiment before winter have us pale and dry tired skin going on,9/17/2024,5.0,Yes,0,0.8256,0.162,0.05,0.788,0.008108704350888729,0.026162484660744667,0.004030656535178423,0.24526378512382507,0.595076322555542,0.11103538423776627,0.010322608053684235
80,"Paula's Choice SKIN PERFECTING 2% BHA Liquid Salicylic Acid Exfoliant-Facial Exfoliant for Blackheads, Enlarged Pores, Wrinkles & Fine Lines",,Kylie B,Loving the feeling of skin!!!,"I have been using this product for a few weeks now, and I am sold! Will definitely repurchase when I run out. My skin has been feeling much tighter and softer. Only reason I gave it 4/5 stars because I don’t love the smell. It doesn’t stink, just doesn’t smell super clean if that makes sense. However, the smell isn’t bad enough for me to not use it. I started using once a day because I didn’t know how my skin would react but now I use it twice a day! Love this stuff.",8/28/2024,4.0,Yes,6,0.9059,0.172,0.043,0.785,0.02175622247159481,0.6791350841522217,0.005515673663467169,0.033744171261787415,0.22978323698043823,0.022857418283820152,0.007208147551864386
81,"Paula's Choice SKIN PERFECTING 2% BHA Liquid Salicylic Acid Exfoliant-Facial Exfoliant for Blackheads, Enlarged Pores, Wrinkles & Fine Lines",,Alon,i like,i like,10/27/2024,5.0,Yes,0,0.3612,1.0,0.0,0.0,0.03188137710094452,0.0019707526080310345,0.01795838214457035,0.7689540386199951,0.02483203634619713,0.08504530042409897,0.06935808807611465
82,"Paula's Choice SKIN PERFECTING 2% BHA Liquid Salicylic Acid Exfoliant-Facial Exfoliant for Blackheads, Enlarged Pores, Wrinkles & Fine Lines",,II,Best exfoliant,"Helped my skin a lot , second purchase and I use only at night",10/23/2024,5.0,Yes,0,0.0,0.0,0.0,1.0,0.009258050471544266,0.003054664470255375,0.2561717629432678,0.3044302463531494,0.2628110647201538,0.09060516953468323,0.07366900891065598
83,"Paula's Choice SKIN PERFECTING 2% BHA Liquid Salicylic Acid Exfoliant-Facial Exfoliant for Blackheads, Enlarged Pores, Wrinkles & Fine Lines",,Owen pearson,Love this stuff!,"I noticed I had really dull, grey skin that was very rough to the touch so I tried this product and loved it! make sure you apply it with a cotton pad though and i was just rubbing it in with my hands and I dont think it worked as well. My skin looks so much better now. The lads at work started calling me baby face!",9/16/2024,5.0,Yes,0,0.8607,0.189,0.042,0.769,0.017406674101948738,0.09042420238256454,0.009439661167562008,0.05173581466078758,0.17619267106056213,0.3690430223941803,0.28575798869132996
84,"Paula's Choice SKIN PERFECTING 2% BHA Liquid Salicylic Acid Exfoliant-Facial Exfoliant for Blackheads, Enlarged Pores, Wrinkles & Fine Lines",,amy,Smooth,Works well,10/28/2024,5.0,Yes,0,0.2732,0.677,0.0,0.323,0.007620439399033785,0.00560931209474802,0.001898810500279069,0.1056566834449768,0.8538668155670166,0.011051338165998459,0.014296604320406914
85,"Paula's Choice SKIN PERFECTING 2% BHA Liquid Salicylic Acid Exfoliant-Facial Exfoliant for Blackheads, Enlarged Pores, Wrinkles & Fine Lines",,Annabelle,LOVE!,"I love this stuff! It works really well, the only downside is that it takes a little bit to dry. I have used this product for at least a year now and it has been great.",10/10/2024,5.0,Yes,0,0.8746,0.268,0.049,0.683,0.003677994478493929,0.0044424268417060375,0.00039692045538686216,0.9390162825584412,0.042202990502119064,0.003226560540497303,0.007036820985376835
86,"Paula's Choice SKIN PERFECTING 2% BHA Liquid Salicylic Acid Exfoliant-Facial Exfoliant for Blackheads, Enlarged Pores, Wrinkles & Fine Lines",,trevor michael heath,Great product,I am now on my second bottle of this product and I have absolutely loved it! It isn't overly drying and doesn't irritate my sensitive skin!,10/9/2024,5.0,Yes,0,0.7969,0.244,0.0,0.756,0.9574024677276611,0.014278510585427284,0.0009311099420301616,0.009812705218791962,0.013782563619315624,0.0014402669621631503,0.002352433977648616
87,"Paula's Choice SKIN PERFECTING 2% BHA Liquid Salicylic Acid Exfoliant-Facial Exfoliant for Blackheads, Enlarged Pores, Wrinkles & Fine Lines",,Jennifer,Paula’s choice exfoliant/ Paula’s Choice Resist,"Always had a hard time figuring out what I needed for my face with mild rosacea. Now I know I was being cheap. I decided to spend a little more money on an everyday use cleaner for my face. When I think of exfoliant, I think of the tiny balls that are in a liquid. This exfoliant is straight liquid but oh my goodness does it exfoliate my face! I always seem to get dirt off my face no matter how much I think it’s clean. Not to mention, my face is tighter and brighter. This really had me in shock when I noticed what a difference it made on my face. I use it in my face and whole neck, twice a day as much as possible, sometimes just once a day. My routine is wash my face with my glycerin bar, take a cotton pad with Paula’s choice exfoliant, rub circularly as well as I can, all over my whole face, neck, and behind ears, excluding my eyes. I purchased Paula’s choice Resist as is it a sunscreen as well as skin corrector, and apply it after the exfoliant is dried on my face, only in the am.I should mention, the first few weeks of using this duo, my face did glisten a lot. My face was totally dry, just looked oily as my skin was getting used to the new products.Highly recommend Paula’s choice Exfoliant and Paula’s choice Resist!",8/9/2024,5.0,Yes,46,0.9106,0.099,0.043,0.858,0.010019817389547825,0.02453450858592987,0.006439989898353815,0.002510204678401351,0.0218378696590662,0.004079659469425678,0.9305779933929443
88,"Paula's Choice SKIN PERFECTING 2% BHA Liquid Salicylic Acid Exfoliant-Facial Exfoliant for Blackheads, Enlarged Pores, Wrinkles & Fine Lines",,Kai.N,Subtle but Effective Over Time,"I wasn’t sure if this product was doing much at first, but after sticking with it for a while, I’ve noticed some positive changes in my skin. My blackheads seem less noticeable, especially around my nose and chin, and my skin feels smoother overall. It’s a pretty gentle exfoliant, so I didn’t experience any irritation, which is great for my sensitive skin. The liquid absorbs quickly, leaving my face feeling fresh without any sticky feeling. It might not be a miracle worker, but it’s definitely made a difference over time. I’d say it’s worth trying out if you’re looking for a subtle yet effective addition to your skincare routine!",8/16/2024,4.0,Yes,6,0.981,0.276,0.064,0.661,0.013868157751858234,0.12749670445919037,0.0019026780501008034,0.11504390090703964,0.7173859477043152,0.010142527520656586,0.014159954153001308
89,"Paula's Choice SKIN PERFECTING 2% BHA Liquid Salicylic Acid Exfoliant-Facial Exfoliant for Blackheads, Enlarged Pores, Wrinkles & Fine Lines",,pro,smaller than i thought,a little too pricey for skin product that does a little/no better than cheaper competition.,10/9/2024,4.0,Yes,0,0.4404,0.195,0.0,0.805,0.030003435909748077,0.07795137912034988,0.0056717474944889545,0.008598445914685726,0.18670162558555603,0.6550248861312866,0.03604839742183685
90,"Paula's Choice SKIN PERFECTING 2% BHA Liquid Salicylic Acid Exfoliant-Facial Exfoliant for Blackheads, Enlarged Pores, Wrinkles & Fine Lines",,Amazon Customer,The Absolute Best Exfoliator on the Market!,"I am medium brown toned and had been struggling with a very dark mustache shadow for many years.  I had tried all the creams for hyperpigmentation, skin lighters and whiteners and nothing had worked.  My daily routine was applying a thick layer of makeup on my top lip which just barely covered it because it was so dark in contrast to my normal skin tone.  I found Paula's choice 2% thinking a liquid exfoliator might help as the scrub ones had only caused more damage and darkness to this area.  I started seeing improvements immediately.  My skin is thick and a bit oily so started out using it 2-3 times a day.  Applying and massaging it in with my fingers so as not to waste the liquid by soaking application pads with it.  Every week the area has grown lighter and lighter with no soreness or redness.  Today after about a month of using it, I only needed a very thin, very light layer of make up which completely hid the now barely noticeable shadow.  I just purchased the 9% and plan to try it today in hopes that the very last of my what used to be a very painful to deal with very dark shadow will completely disappear. The Best!",8/17/2024,5.0,Yes,34,-0.1857,0.075,0.083,0.843,0.01066930964589119,0.10055597126483917,0.06674449145793915,0.02318018488585949,0.33988282084465027,0.4341360330581665,0.02483118698000908
91,"Paula's Choice SKIN PERFECTING 2% BHA Liquid Salicylic Acid Exfoliant-Facial Exfoliant for Blackheads, Enlarged Pores, Wrinkles & Fine Lines",,Amazon Customer,Love this stuff!,"I was skeptical, but it works amazingly! Cleared up my skin even during times I normally would have gotten a breakout.",10/17/2024,5.0,Yes,0,0.1733,0.117,0.083,0.801,0.020718466490507126,0.008598447777330875,0.44715645909309387,0.04152335599064827,0.19653744995594025,0.0037608896382153034,0.2817048728466034
92,"Paula's Choice SKIN PERFECTING 2% BHA Liquid Salicylic Acid Exfoliant-Facial Exfoliant for Blackheads, Enlarged Pores, Wrinkles & Fine Lines",,Mandy,Wow my face loves this,This is the stuff for me. I was going though a weird phase with my skin and decided to research and find something new. This is it!  I've only used it for 3 days and my skin already looks and feels completely transformed. Amazing product!!,9/30/2024,5.0,Yes,0,0.6433,0.106,0.036,0.857,0.019870316609740257,0.027685269713401794,0.00953170470893383,0.2910681664943695,0.18940797448158264,0.012011517770588398,0.45042499899864197
93,"Paula's Choice SKIN PERFECTING 2% BHA Liquid Salicylic Acid Exfoliant-Facial Exfoliant for Blackheads, Enlarged Pores, Wrinkles & Fine Lines",,Katie,Seems to make a difference,This was recommend to me by my daughter who works in a cosmetic surgery clinic. It definitely draws out that deep gunk and you will probably have to deal with a few pimples after using it for a couple weeks but they’ll clear up and you’ll be super happy with how your complexion looks after. I’ve had a few people tell me I’ve got a glow and ask me if I’ve changed foundations or changed something about my makeup.,9/16/2024,5.0,Yes,4,0.9545,0.201,0.0,0.799,0.006080474704504013,0.022469550371170044,0.00121976004447788,0.23618930578231812,0.702019214630127,0.01876717060804367,0.01325442548841238
94,"Paula's Choice SKIN PERFECTING 2% BHA Liquid Salicylic Acid Exfoliant-Facial Exfoliant for Blackheads, Enlarged Pores, Wrinkles & Fine Lines",,Whitney Dee,Works almost instantly,"Shrunk my pores almost instantly, made my face very smooth",10/18/2024,5.0,Yes,0,0.0,0.0,0.0,1.0,0.02451254241168499,0.17085622251033783,0.09355340898036957,0.03604188933968544,0.5459190607070923,0.040991656482219696,0.08812524378299713
95,"Paula's Choice SKIN PERFECTING 2% BHA Liquid Salicylic Acid Exfoliant-Facial Exfoliant for Blackheads, Enlarged Pores, Wrinkles & Fine Lines",,Dan,"Putrid but it works wonders, updated July 2023","Updated July 2023: This is just going to have to become a core part of my routine. I don’t think my skin has been this soft since I was in like high school. I went on a 2 week trip and didn’t bring this. My skin didn’t break out in any wild acne but my forehead bumps came back a few days in. Upon return home and getting back into using this toner, my skin is back to feeling soft and purified.The smell still bothers me, but beauty is pain, as they say. I’m going to to keep it at 4 stars, but I really can’t deny these results. It’s my least favorite part of my routine but produces the best results of any product I use.Original: I have stubborn bumps on my forehead that just refuse to go away. I had read the reviews on this and figured I would give it a try. I began using once a day as suggested and have since moved to twice a day, AM & PM. My skin texture has improved significantly. I am happy to say that the bumps are almost completely gone. My face has also been much smoother and softer to the touch. I have also seen an overall decrease in acne.I apply it after washing by shaking a few times directly into my hands and then applying to my face and allowing it to set for about 3-5 minutes. I was previously doing a 25% BHA peel once ever few days, but it seems that this diluted BHA is more effective at producing the results I want.The first time I opened it, I sniffed it and  thought it was spoiled. I checked the batch number and saw that it was only manufactured about 6 months ago. I then came back here to the reviews to see if it was supposed to smell like nail polish remover. Others have noted the same thing. It gets worse when you apply it to your face. I am not exaggerating when I say it is the stench of vomit. It is absolutely revolting, like you stuck your head in a late night bar toilet.If you can tolerate the horrific smell, it is truly a godsend. I would gladly pay more money if this had an added fragrance. I never look forward to toning because it smells so foul.However, I am only knocking off one star because the results are great, it is a vegan/cruelty-free product, and climate pledge friendly. The pros definitely outweigh the cons, just prepare your nose.",5/13/2023,4.0,Yes,74,0.9778,0.137,0.087,0.776,0.008215486072003841,0.9171656370162964,0.029035508632659912,0.0015306997811421752,0.034910380840301514,0.007316735573112965,0.0018255442846566439
96,"Paula's Choice SKIN PERFECTING 2% BHA Liquid Salicylic Acid Exfoliant-Facial Exfoliant for Blackheads, Enlarged Pores, Wrinkles & Fine Lines",,kehinde solanke,It works!,I noticed a difference in skin within days!!! My skin feels so smooth and clear…some discoloration also appears to be going away. I’ve been using this product for about two weeks. I was always wary of products that might not be good for my dark skin and cause hyperpigmentation but this is amazing!,9/21/2024,5.0,Yes,3,0.7694,0.114,0.03,0.856,0.007861644960939884,0.029393745586276054,0.21061663329601288,0.11521849781274796,0.21751603484153748,0.005531574133783579,0.41386181116104126
97,"Paula's Choice SKIN PERFECTING 2% BHA Liquid Salicylic Acid Exfoliant-Facial Exfoliant for Blackheads, Enlarged Pores, Wrinkles & Fine Lines",,alver,The best skin care I ever have,I can see the improvement of my see…,10/16/2024,5.0,Yes,0,0.4588,0.333,0.0,0.667,0.02043953724205494,0.022470731288194656,0.005111329257488251,0.12980423867702484,0.5246042013168335,0.03229672461748123,0.2652733027935028
98,"Paula's Choice SKIN PERFECTING 2% BHA Liquid Salicylic Acid Exfoliant-Facial Exfoliant for Blackheads, Enlarged Pores, Wrinkles & Fine Lines",,LaLaLaLaLaLaLaLaLaLaLaLaLaLaLa,love it,"great brand, great product, works well, highly recommended",10/20/2024,5.0,Yes,0,0.908,0.756,0.0,0.244,0.003942080307751894,0.002691773697733879,0.0008413087925873697,0.7860950827598572,0.18076103925704956,0.009208977222442627,0.01645980030298233
99,"Paula's Choice SKIN PERFECTING 2% BHA Liquid Salicylic Acid Exfoliant-Facial Exfoliant for Blackheads, Enlarged Pores, Wrinkles & Fine Lines",,Product tester,Good but small,Good but small,10/3/2024,4.0,Yes,0,0.2382,0.494,0.0,0.506,0.011741425842046738,0.07280924171209335,0.013420283794403076,0.1373278945684433,0.6467244625091553,0.0899457335472107,0.028030937537550926
100,"Paula's Choice SKIN PERFECTING 2% BHA Liquid Salicylic Acid Exfoliant-Facial Exfoliant for Blackheads, Enlarged Pores, Wrinkles & Fine Lines",,DIANE PATTERSON,A GENTLE EXFOLIANT,"I like this product for so many reasons -* It's formulated for delicate skin.* It penetrates deep into my pores.* It removes blackheads.* It's unscented.* It's free of silicones, oils, alcohol, parabens, artificial colors, etc.* EWG gives it a low hazard rating.* It's safe to use!",8/23/2024,4.0,Yes,2,0.7959,0.199,0.041,0.76,0.01808854378759861,0.3020176887512207,0.007581771817058325,0.3331468403339386,0.3174813389778137,0.016330452635884285,0.005353349726647139
101,"Paula's Choice SKIN PERFECTING 2% BHA Liquid Salicylic Acid Exfoliant-Facial Exfoliant for Blackheads, Enlarged Pores, Wrinkles & Fine Lines",,MCHH,Travel size,A good size if you just want to try it out.,9/28/2024,4.0,Yes,0,0.4939,0.344,0.0,0.656,0.004540490917861462,0.010198513977229595,0.002677357057109475,0.05423251911997795,0.9070495963096619,0.006472294218838215,0.014829231426119804
102,"Paula's Choice SKIN PERFECTING 2% BHA Liquid Salicylic Acid Exfoliant-Facial Exfoliant for Blackheads, Enlarged Pores, Wrinkles & Fine Lines",,BM,Great,Works great,10/23/2024,5.0,Yes,0,0.6249,0.804,0.0,0.196,0.007438464090228081,0.005539140198379755,0.00288433488458395,0.4350276291370392,0.5087845921516418,0.00916353054344654,0.031162291765213013
103,"Paula's Choice SKIN PERFECTING 2% BHA Liquid Salicylic Acid Exfoliant-Facial Exfoliant for Blackheads, Enlarged Pores, Wrinkles & Fine Lines",,L*******a,Great Product,My skin has never looked better. My breakouts are very minimal now and my pores are small.,9/19/2024,4.0,Yes,0,-0.3412,0.0,0.131,0.869,0.01990446448326111,0.14428704977035522,0.012863286770880222,0.0319240465760231,0.607824981212616,0.1442471742630005,0.03894900530576706
104,"Paula's Choice SKIN PERFECTING 2% BHA Liquid Salicylic Acid Exfoliant-Facial Exfoliant for Blackheads, Enlarged Pores, Wrinkles & Fine Lines",,Stephanie Blijer,Love this,Gentle exfoliant. Works great.,9/27/2024,4.0,Yes,0,0.7906,0.778,0.0,0.222,0.016757966950535774,0.3989776372909546,0.003032614476978779,0.10806887596845627,0.44154343008995056,0.025444835424423218,0.00617474177852273
105,"Paula's Choice SKIN PERFECTING 2% BHA Liquid Salicylic Acid Exfoliant-Facial Exfoliant for Blackheads, Enlarged Pores, Wrinkles & Fine Lines",,Dinette,This stuff works!,"I went for a facial, and she told me that I should buy a chemical exfoliant instead of using a scrub to clear pores.I took her advice and this stuff is really good. I’ve been using it for about a month now and it has cleared up pores especially around the nose. I bought the small size just for a test and now I will purchase a larger size.",9/10/2024,5.0,Yes,4,0.7346,0.114,0.0,0.886,0.009860438294708729,0.0317150354385376,0.002376170828938484,0.016053132712841034,0.9086678624153137,0.006952299736440182,0.02437511831521988
106,"Paula's Choice SKIN PERFECTING 2% BHA Liquid Salicylic Acid Exfoliant-Facial Exfoliant for Blackheads, Enlarged Pores, Wrinkles & Fine Lines",,Debi L,Great for sensitive skin,"I am following the directions because of my extremely sensitive skin. It’s working beautifully!!  Sensitive people, this is safe!!  And works fantastic!!",9/15/2024,4.0,Yes,2,0.9075,0.387,0.0,0.613,0.02939068339765072,0.03868541121482849,0.08608314394950867,0.6727520823478699,0.11606545001268387,0.017830880358815193,0.039192311465740204
107,"Paula's Choice SKIN PERFECTING 2% BHA Liquid Salicylic Acid Exfoliant-Facial Exfoliant for Blackheads, Enlarged Pores, Wrinkles & Fine Lines",,Unaiza,Exfoliate,The media could not be loaded.It works so good. Makes my skin smoother and shinner and even i use yo have undertone and darker area around my lips and now its almost all gone. It worked like a magic for me.,10/7/2024,4.0,Yes,4,0.7384,0.144,0.0,0.856,0.0047972542233765125,0.027944594621658325,0.006525161676108837,0.3633939027786255,0.31579574942588806,0.24452902376651764,0.03701435402035713
108,"Paula's Choice SKIN PERFECTING 2% BHA Liquid Salicylic Acid Exfoliant-Facial Exfoliant for Blackheads, Enlarged Pores, Wrinkles & Fine Lines",,Samuel,Great,Progress,10/22/2024,5.0,Yes,0,0.4215,1.0,0.0,0.0,0.015321501530706882,0.02159462310373783,0.015601378865540028,0.011414790526032448,0.8799967765808105,0.01705702766776085,0.039013948291540146
109,"Paula's Choice SKIN PERFECTING 2% BHA Liquid Salicylic Acid Exfoliant-Facial Exfoliant for Blackheads, Enlarged Pores, Wrinkles & Fine Lines",,Kim Papachristou Byrne,Great product!,"After a week of using, my skin looks shiny and more smooth!",10/13/2024,5.0,Yes,0,0.0,0.0,0.0,1.0,0.003998120781034231,0.012485993094742298,0.0005739550106227398,0.8813453316688538,0.07399184256792068,0.006053643301129341,0.02155112847685814
110,"Paula's Choice SKIN PERFECTING 2% BHA Liquid Salicylic Acid Exfoliant-Facial Exfoliant for Blackheads, Enlarged Pores, Wrinkles & Fine Lines",,Carrie B.,Less irritating than retinol products,This product does a good job of exfoliating my skin without the irritation I always get from retinol products.  I'm also pleased with how it has helped to even my skin tone and helped with breakouts.  I started using it every other day and use a good moisture to avoid dryness.,9/17/2024,5.0,Yes,0,0.8482,0.205,0.04,0.755,0.04301055893301964,0.024988193064928055,0.0022738128900527954,0.6878236532211304,0.2055988758802414,0.022173592820763588,0.01413132343441248
111,"Paula's Choice SKIN PERFECTING 2% BHA Liquid Salicylic Acid Exfoliant-Facial Exfoliant for Blackheads, Enlarged Pores, Wrinkles & Fine Lines",,j.doe,Good so far,"A week in and no irritation to my very sensitive skin. Nothing dramatic, slowly reducing pore size and hormonal breakouts. Nothing dramatic with wrinkles, hopefully in time.",9/6/2024,4.0,Yes,0,-0.4215,0.087,0.176,0.737,0.061661332845687866,0.01873735897243023,0.009402509778738022,0.013410413637757301,0.7471654415130615,0.07854758203029633,0.07107532024383545
112,"Paula's Choice SKIN PERFECTING 2% BHA Liquid Salicylic Acid Exfoliant-Facial Exfoliant for Blackheads, Enlarged Pores, Wrinkles & Fine Lines",,Pearlgirl-818,Cleans pores gently,"Takes time , but really cleans the pores",9/24/2024,4.0,Yes,0,0.0,0.0,0.0,1.0,0.00856797769665718,0.023007499054074287,0.0021349708549678326,0.02961120754480362,0.8812001943588257,0.030339276418089867,0.025138836354017258
113,"Paula's Choice SKIN PERFECTING 2% BHA Liquid Salicylic Acid Exfoliant-Facial Exfoliant for Blackheads, Enlarged Pores, Wrinkles & Fine Lines",,Amazon Customer,Fantastic Product,This works wonders on my skin.. And my makeup now goes on flawlessly. I use it every other night.,10/4/2024,5.0,Yes,0,0.2023,0.096,0.0,0.904,0.009495455771684647,0.01984514854848385,0.0041924710385501385,0.0521225780248642,0.873113751411438,0.012715044431388378,0.028515605255961418
114,"Paula's Choice SKIN PERFECTING 2% BHA Liquid Salicylic Acid Exfoliant-Facial Exfoliant for Blackheads, Enlarged Pores, Wrinkles & Fine Lines",,Brianna Aguero,"Pricey, but worth it!","This is a little more expensive than I would usually spend on skin care, but the results are worth it! Doesn't make my skin feel gross or oily, & I can see the difference in my skin after just a few uses. Highly recommend!",9/26/2024,5.0,Yes,4,0.5534,0.182,0.087,0.731,0.0045782579109072685,0.9667460322380066,0.00225960579700768,0.0018238355405628681,0.011340330354869366,0.012296335771679878,0.0009555608849041164
115,"Paula's Choice SKIN PERFECTING 2% BHA Liquid Salicylic Acid Exfoliant-Facial Exfoliant for Blackheads, Enlarged Pores, Wrinkles & Fine Lines",,marcog,Must try,"I've been using this exfoliant for a few months, and it has quickly become a staple in my daily skincare routine. As someone with enlarged pores, particularly during the summer, I've always struggled to keep them clean, especially with frequent sunscreen applications. Traditional methods like blackhead strips only irritated my skin, and face cleansers alone didn't do enough.After reading numerous positive reviews, I decided to give Paula's Choice 2% BHA Liquid Exfoliant a try, and I'm so glad I did. I noticed a difference within a few days—my pores stay clean and appear slightly smaller. There's no noticeable smell, and it has significantly helped control my oily skin.I love this product so much that I now carry the travel size version everywhere I go. It’s convenient, effective, and has become one of my favorite skincare products. Paula's Choice has impressed me so much that I'm gradually transitioning to using more of their products.",8/10/2024,5.0,Yes,18,0.9658,0.171,0.056,0.773,0.006491933483630419,0.005389380268752575,0.0004208285245113075,0.9050328135490417,0.06233678013086319,0.004772877786308527,0.015555325895547867
116,"Paula's Choice SKIN PERFECTING 2% BHA Liquid Salicylic Acid Exfoliant-Facial Exfoliant for Blackheads, Enlarged Pores, Wrinkles & Fine Lines",,Tanner,No significant change yet,I did a lot of research before placing the order. I've been using for a few weeks. I haven't tell any change on my face. I do feel a bit needling sensation after applying on my face.,8/16/2024,4.0,Yes,0,0.0,0.0,0.0,1.0,0.05464803799986839,0.056594785302877426,0.24901477992534637,0.004586326889693737,0.11154694110155106,0.5120811462402344,0.011527927592396736
117,"Paula's Choice SKIN PERFECTING 2% BHA Liquid Salicylic Acid Exfoliant-Facial Exfoliant for Blackheads, Enlarged Pores, Wrinkles & Fine Lines",,Rmover,This product is wonderful!!!,I love this product. Does exactly what it’s supposed to do. My face is so smooth and my pores are tighter. Love it! I have used $100 a bottles of salicylic acid products in the past and they work but this is better! I can’t believe the price.,9/18/2024,5.0,Yes,0,0.8636,0.19,0.0,0.81,0.014179158955812454,0.012577773071825504,0.0017029704758897424,0.28447645902633667,0.06303410232067108,0.006736879702657461,0.6172926425933838
118,"Paula's Choice SKIN PERFECTING 2% BHA Liquid Salicylic Acid Exfoliant-Facial Exfoliant for Blackheads, Enlarged Pores, Wrinkles & Fine Lines",,Irulan Musa,My review,It feels amazing on the skin,10/14/2024,5.0,Yes,0,0.5859,0.432,0.0,0.568,0.005148133262991905,0.010197747498750687,0.021084915846586227,0.11650147289037704,0.03738366439938545,0.003945678938180208,0.8057383298873901
119,"Paula's Choice SKIN PERFECTING 2% BHA Liquid Salicylic Acid Exfoliant-Facial Exfoliant for Blackheads, Enlarged Pores, Wrinkles & Fine Lines",,Redhair47,Works!,Works to clean pores and add brightness back to skin.,10/8/2024,5.0,Yes,0,0.6486,0.398,0.0,0.602,0.008582809939980507,0.02685619331896305,0.0012470153160393238,0.022802600637078285,0.917117714881897,0.015736525878310204,0.007657158188521862
120,"Paula's Choice SKIN PERFECTING 2% BHA Liquid Salicylic Acid Exfoliant-Facial Exfoliant for Blackheads, Enlarged Pores, Wrinkles & Fine Lines",,Kindle Customer,First time in over thirty years,"I bought the in December last year.  As usual I broke out .... But hear me out first!  I have very fair sensitive skin.  I would like to say that I've had good skin at one point, but that isn't true.  I've had acne since I was 11 and there has been no reprieve.  I'm in my 40's and my breakouts are still awful, just different awful with more cystic acne an extremely dry skin.  I've spent hundreds of dollars on every product imagined.  The stronger the medicinal content the more drying.  The less drying the more severe the breakouts.  After shelving this product , I stumbled on an article about little known beauty secrets... Believe it or not it recommended aquaphor (yes same stuff used for diaper rashes) as a moisturizer. So I said what the neck I've tried everything else.  It changed everything!!!!  My skin still broke out but the drying aspect totally changed. I could feel and see my skin improving.  It had been a few months since I had tried the pc exfoliation and I began to wonder if it would still break me out, so I tried again.This has changed my life!?!  Within a week my breakouts reduced to half and any breakouts duration was reduced to days instead of weeks. Over the two months I've been using Paula's choice I've added more their products.  I now use cleaner, toner, exfoliant.  I still use aquaphor as my nighttime moisturizer. I use Paula's choice moisturizer with sunscreen with pc boost mixed in for daytime.  I hardly breakout now even during my period.  Guys I'm in tears as I write this.  Honestly to be able to walk outdoors without tons of concealer and full makeup.... There are no words.My skin tone has evened out the redness gone.  If anyone has suffered with this then II want to say there is hope.  Few things 1. If you use the aquaphor the beware it is grease, very greasey. When I use it before bed I try to rub in as much as possible, when I wake up though it is completely absorbed. I used this alone for weeks, I didn't try other products until I realized my skin texture had changed and become more supple. 2. Exfolliator is a chemical and a little goes long way. Personally patting it in with fingertips was best, don't rub or smear on.  Start with once day, I have now worked up to morning and evening usage.  This can burn you. I have been overzealous and used too much because I was excited with results.  When this happened rinsed off face and kept covered with aquaphor and burns healed by morning.I'm know now that my face was in no shape for products because of ph balance and that is why everything exasperated already horrible breakouts.  I'm no doctor or chemist but I can say that right now this is the first time I can walk out of the house without covering in makeup, hats, and long hair.  You wouldn't believe the feeling when friends who see me say, ""wow your skin looks amazing!"" My skin looks better than when I was in my teens.  I've now got my teen using Paula's choice clear skin line and aquaphor .  her tone has now evened out no more redness (yes extreme fair skin).  She is thrilled with the changes and its only week and half in.I wish all those who suffer with these issues the best of luck, and THANK YOU Paula's choice.",6/29/2021,5.0,Yes,25,0.9896,0.139,0.091,0.769,0.023832643404603004,0.237667053937912,0.2080499678850174,0.007587272208184004,0.10841170698404312,0.2132875621318817,0.20116381347179413
121,"Paula's Choice SKIN PERFECTING 2% BHA Liquid Salicylic Acid Exfoliant-Facial Exfoliant for Blackheads, Enlarged Pores, Wrinkles & Fine Lines",,KarenGKaty,Paula’s Choice— best choice ever,Love using this exfoliating product. Have your face smooth and moisturized if I tell you this is giving this is giving okay. I hope that they never take this off the market. I love what it does for my skin.,9/21/2024,5.0,Yes,0,0.9517,0.367,0.0,0.633,0.009190257638692856,0.043637488037347794,0.0015605418011546135,0.7686166167259216,0.15707169473171234,0.015244967304170132,0.004678396508097649
122,"Paula's Choice SKIN PERFECTING 2% BHA Liquid Salicylic Acid Exfoliant-Facial Exfoliant for Blackheads, Enlarged Pores, Wrinkles & Fine Lines",,Kinu Tofu,It contains what is described,"I started using this routinely in my skin care routine and I definitely noticed some improvements with my blackheads on my nose. My pores also have became somewhat more tighter and I see my skin is a lot more tighter. For me, the BHA wasn't that strong as I always used other products that have the same ingredient. I can rest assure you this does the job; I shaved my face with a razor for removing small hairs and exfoliating my skin and I accidently auto-piloted during my skin care using this product after... It sure did sting a lot LOL. The salicylic acid straight to my newly peeled skin was the worst idea ever.",8/22/2024,5.0,Yes,4,0.9141,0.175,0.055,0.77,0.2641318738460541,0.6578258872032166,0.009493080899119377,0.0011582637671381235,0.0381937175989151,0.02300349995493889,0.0061937239952385426
123,"Paula's Choice SKIN PERFECTING 2% BHA Liquid Salicylic Acid Exfoliant-Facial Exfoliant for Blackheads, Enlarged Pores, Wrinkles & Fine Lines",,Dude,Good stuff,Even my friends have notice how much better my skin looks,8/26/2024,4.0,Yes,0,0.7184,0.4,0.0,0.6,0.012959348037838936,0.024189913645386696,0.0024150197859853506,0.007103517651557922,0.5045853853225708,0.010227087885141373,0.4385197162628174
124,"Paula's Choice SKIN PERFECTING 2% BHA Liquid Salicylic Acid Exfoliant-Facial Exfoliant for Blackheads, Enlarged Pores, Wrinkles & Fine Lines",,lester,Too early to tell,I don't see much improvement but i feel a sensation so i am guessing it is working somewhat.,8/19/2024,4.0,Yes,0,-0.1877,0.0,0.118,0.882,0.01135947648435831,0.3530183434486389,0.26198023557662964,0.03942392021417618,0.14634844660758972,0.1139812022447586,0.0738883838057518
125,"Paula's Choice SKIN PERFECTING 2% BHA Liquid Salicylic Acid Exfoliant-Facial Exfoliant for Blackheads, Enlarged Pores, Wrinkles & Fine Lines",,Naila,Yes yes yes,Buy it,9/2/2024,4.0,Yes,0,0.0,0.0,0.0,1.0,0.009097613394260406,0.003925589378923178,0.002984237391501665,0.045468516647815704,0.8856189846992493,0.009194974787533283,0.04371010512113571
126,"Paula's Choice SKIN PERFECTING 2% BHA Liquid Salicylic Acid Exfoliant-Facial Exfoliant for Blackheads, Enlarged Pores, Wrinkles & Fine Lines",,Anna H,GLOW UP within a month!,"I rarely write reviews because I don’t come across a lot of products that I am blown away.But if you can tell by my comparison photo, I’ve made PRETTY DRASTIC improvements with my skin within a month! So I had to share my thoughts and experiences!I used the product every night before bed with a cotton ball for about a month now.To give you some background, I played college tennis 10 years ago. I was out in the sun all the time for practice. I have hyperpigmentation, large pores, oily face, fungal acne/bumps, and acne scars. Ive had it all. I also hated putting on sunscreen back then because I hate the oily texture of sunscreen with sweat mixed together so I was taking in UVA/UVB at full strength with beaming rays in warm SoCal sun for many many years.Fast forward 10 years, I’ve been pretty religious with skincare since graduating college because I realized that I’ve done huge damage to my skin. I made progress during those 10 years with consistency, but there were still some room for improvements as you can see in the photo. With age, I started seeing some wrinkles under my eyes and and on my forehead as well. I started getting all serious about skincare again a month ago by revisiting my usual selections to see what I can introduce into my routine. I found this product on YouTube, some blog post, and then Amazon. Decided to take a stab with the huge amount of reviews.BEST DECISION EVER!I saw changes within a few days of use! Skin started getting smoother and then pores looked somewhat smaller. After some improvements the first week, I did not see drastic improvements again till week 3. Started seeing changes in hyperpigmentation and smoothness of my skin. Also my wrinkles have somewhat faded under my eyes and forehead.Please note, I did try using it twice a day, but my skin started getting very flaky and sensitive. I think I broke out a little bit too so I had to go back to just once per day. I’d like to add, purging period is part of the process. Don't panic. Just be patient and you will see results. As they say, no pain no gain.I never thought I’d be here in a month with all of the pre-existing skin issues I had, but I can confidently say I am confident in my own skin at 33! This is probably the best skin I’ve ever had!  I can finally feel confident makeup free. When I do put on makeup, I don’t have to put on multiple layers of makeup or strategically use concealer to cover up the uneven texture or blemishes. Also my skin looks like it radiates through my makeup now. I saw someone say in the comments here how it’s like having instagram filter IRL. I totally agree. I don’t need no instagram filter! It’s called real life glowy skin!To add to the usage of this product, I also did make a switch in my routine by adding Cetaphil Purifying Clay Mask. I used the clay mask every other day. So it could be a combination of reasons for these results. But I think my comparison photo speaks for itself - Please give it one month of consistent use. Be consistent and you will see huge results! Hope that helps :)",4/29/2021,5.0,Yes,492,0.9956,0.153,0.051,0.796,0.041122663766145706,0.010083338245749474,0.6409339308738708,0.012355607002973557,0.13262824714183807,0.012474721297621727,0.15040160715579987
127,"Paula's Choice SKIN PERFECTING 2% BHA Liquid Salicylic Acid Exfoliant-Facial Exfoliant for Blackheads, Enlarged Pores, Wrinkles & Fine Lines",,Amazon Customer,This Stuff is Astounding!,"I have tried everything in beauty products and am always skeptical about product marketing. I have used Retin-A for years, but along with sunscreen this has got to be my new (additional) ""Holy Grail."" I'm in my 60s, live in Arizona, and have dry skin. I've been using scrubs, but I still have patchy areas. I just received this last weekend and started using it right away. Even after the first use, my skin was smoother and more glowing! I'm not sure how I discovered this - a blog, perhaps.  I did read online that you should use it only twice a week at first, but I've been using it daily.  I apply it each morning after a toner. I read online that you should apply it and wait 10-15 minutes before applying serums, moisturizers, and sunscreen - which I do.  I've been using it in the morning and use my Retin-A at night. I've not reacted to using it daily. My flakiness is already much improved as is my overall skin texture (fine lines and all that not-so-fun stuff). I cannot believe I just discovered this now! I swear I want to bathe in it - lol! This is truly amazing stuff, and I'm just using about 5 drops on a cotton pad to apply. If my skin has improved so much after just a few days, I can't wait to see what it does after a month.  I've also started to apply it to my decollete. By the way, I purchased the larger bottle and I'm glad I did.",5/30/2024,5.0,Yes,68,0.9806,0.115,0.021,0.864,0.010106130503118038,0.008335992693901062,0.09048072248697281,0.08957818150520325,0.3927788734436035,0.008155887946486473,0.4005642235279083
128,"Paula's Choice SKIN PERFECTING 2% BHA Liquid Salicylic Acid Exfoliant-Facial Exfoliant for Blackheads, Enlarged Pores, Wrinkles & Fine Lines",,Lyla Mae,"It's a good exfoliant, but it didn't give me noticeable results..","I have the works: combination skin, super oily most of the time but can get super dry at times too, acne prone, acne scarring, enlarged pores, uneven texture, redness, sensitivity. I bought the Paula's Choice Skin Perfecting BHA Exfoliant because there were SO many positive reviews and it is recommended by a lot of TikTokers. This is my honest review.First, Paula's Choice is a pretty trusted/well-known brand. The price of this is a little high, but the bottle does last quite a while. The consistency is watery, it is clear, doesn't have too harsh of a scent, applies even and absorbs well, leaves a little bit of a tacky residue after drying, and it isn't too harsh on my sensitive skin (doesn't burn with application or overdry my skin).I used this every night consistently for MONTHS and I saw no discernable difference in my skin. My oily skin did not get any less oily. My texture did not improve. My pores didn't appear smaller. My occasional breakouts still occurred. My redness was just as red. The only difference was that my wallet was a little lighter.I'm not saying this is a bad product. I think it's good to use an exfoliant and this one is decent for my sensitive skin, it just didn't really give me the results that many reviewers claim to have.If you are looking for a chemical exfoliant, I don't think this is a bad one and clearly there are a lot of people who love it.. just don't get your hopes up or expect a miracle.Hope this helps!",4/17/2024,4.0,Yes,123,0.9922,0.197,0.061,0.742,0.011573300696909428,0.06579294800758362,0.0027323709800839424,0.015169068239629269,0.8762136101722717,0.019300848245620728,0.009217897430062294
129,"Paula's Choice SKIN PERFECTING 2% BHA Liquid Salicylic Acid Exfoliant-Facial Exfoliant for Blackheads, Enlarged Pores, Wrinkles & Fine Lines",,Ian B.,didn't work for me,"I used it for around a month, and I've seen literally no changes personally. It's easy to and isn't a strong or terrible smell. It's a good product if it works for you.",8/19/2024,4.0,Yes,0,0.5349,0.224,0.132,0.644,0.00810976605862379,0.747717559337616,0.024714190512895584,0.06251779943704605,0.1416245549917221,0.013152111321687698,0.00216413801535964
130,"Paula's Choice SKIN PERFECTING 2% BHA Liquid Salicylic Acid Exfoliant-Facial Exfoliant for Blackheads, Enlarged Pores, Wrinkles & Fine Lines",,Monique Lokelani,smells good but not really worth the money,"it’s not really as much as it seems for its price which is the only con to me. the smell is nice though! doesn’t smell like birthday cake at all, think of it more like fruity cereal and sweet milk",10/28/2024,3.0,Yes,0,0.8777,0.236,0.0,0.764,0.0012095561251044273,0.006232425104826689,0.0003688529832288623,0.9659683108329773,0.018902935087680817,0.003981574904173613,0.0033363301772624254
131,"Paula's Choice SKIN PERFECTING 2% BHA Liquid Salicylic Acid Exfoliant-Facial Exfoliant for Blackheads, Enlarged Pores, Wrinkles & Fine Lines",,Sel_yvette,Not as good as iced coffee version,"I fell in love with iced coffee version, the smell, texture everything. I thought this would be similar but it smells a little wierd to me.",10/14/2024,3.0,Yes,0,0.3818,0.106,0.0,0.894,0.005183118861168623,0.6902490854263306,0.025035465136170387,0.019630184397101402,0.21454653143882751,0.03180118650197983,0.013554459437727928
132,"Paula's Choice SKIN PERFECTING 2% BHA Liquid Salicylic Acid Exfoliant-Facial Exfoliant for Blackheads, Enlarged Pores, Wrinkles & Fine Lines",,Amazonian,Not firming,"Does leave my skin soft, but doesn't firm up my skin like others.  Disappointed, but at least the silky smooth saves it",10/31/2024,3.0,Yes,0,-0.25,0.118,0.191,0.691,0.0018408646574243903,0.00307378638535738,0.0009755797800607979,0.005160910543054342,0.012973140925168991,0.950816810131073,0.02515893056988716
133,"Paula's Choice SKIN PERFECTING 2% BHA Liquid Salicylic Acid Exfoliant-Facial Exfoliant for Blackheads, Enlarged Pores, Wrinkles & Fine Lines",,Ace Frehley,Good exfoliate. Not enough lemon fragrance,"Just read the title of this review, that says it all.",10/24/2024,3.0,Yes,0,0.0,0.0,0.0,1.0,0.0058872210793197155,0.004586152732372284,0.0009458738495595753,0.004111218731850386,0.9610835313796997,0.0025207281578332186,0.020865311846137047
134,"Paula's Choice SKIN PERFECTING 2% BHA Liquid Salicylic Acid Exfoliant-Facial Exfoliant for Blackheads, Enlarged Pores, Wrinkles & Fine Lines",,AmyC,Why don't they have a seal though??!,"Tried the coconut lime first, it smelled great but didn't come with any type of seal. It weirded me out thinking someone else could have used it or put something in it. Ordered another one, papaya, thinking it would be sealed and it's not. Smells good also but debating whether or not to go through the trouble of a return again or just use it. Ugh.",8/27/2024,3.0,Yes,0,-0.832,0.035,0.14,0.825,0.004570835269987583,0.9400026202201843,0.0053623816929757595,0.001634286716580391,0.03330104425549507,0.011268804781138897,0.003860178869217634
135,"Paula's Choice SKIN PERFECTING 2% BHA Liquid Salicylic Acid Exfoliant-Facial Exfoliant for Blackheads, Enlarged Pores, Wrinkles & Fine Lines",,Angela,Good,Good,10/30/2024,3.0,Yes,0,0.4404,1.0,0.0,0.0,0.05551932752132416,0.24031905829906464,0.008016170002520084,0.17202068865299225,0.4931046664714813,0.023890899494290352,0.007129109930247068
136,"Paula's Choice SKIN PERFECTING 2% BHA Liquid Salicylic Acid Exfoliant-Facial Exfoliant for Blackheads, Enlarged Pores, Wrinkles & Fine Lines",,Danielle N.,Black ‘seeds’ make a mess,"This product smells good, but the black pieces that I assume are to resemble watermelon seeds make a mess in the shower. Cleanup is necessary after using. Would not purchase again.",8/28/2024,3.0,Yes,0,-0.3182,0.061,0.101,0.839,0.00887276977300644,0.8897122144699097,0.004407449625432491,0.0018242794321849942,0.0670786052942276,0.026958242058753967,0.0011466497089713812
137,"Paula's Choice SKIN PERFECTING 2% BHA Liquid Salicylic Acid Exfoliant-Facial Exfoliant for Blackheads, Enlarged Pores, Wrinkles & Fine Lines",,A,"Good scrub, not really peachy tho","The scrub itself does everything you need and hope for. Feels good, melts into the skin well, and doesn’t leave me dry. The smell though? Good, but not peachy. Was hoping for more peaches and cream but got more like a Bellini tea without any peach. Only complaint really, other wise this stuffs great.Will still finish out the product, because it works great!",8/9/2024,3.0,Yes,0,0.9403,0.268,0.086,0.646,0.007805333007127047,0.08880006521940231,0.0015749464510008693,0.2074582278728485,0.6665199398994446,0.0176699198782444,0.01017158292233944
138,"Paula's Choice SKIN PERFECTING 2% BHA Liquid Salicylic Acid Exfoliant-Facial Exfoliant for Blackheads, Enlarged Pores, Wrinkles & Fine Lines",,Nelssuspense,Smell,The smell is unpleasant and the texture is the same as any other body sugar scrub. Serves its purpose but kind of drying of the skin.,8/31/2024,3.0,Yes,0,-0.2617,0.0,0.076,0.924,0.004416897892951965,0.9740904569625854,0.0036677198950201273,0.00046570051927119493,0.00753519544377923,0.00925479456782341,0.0005693678976967931
139,"Paula's Choice SKIN PERFECTING 2% BHA Liquid Salicylic Acid Exfoliant-Facial Exfoliant for Blackheads, Enlarged Pores, Wrinkles & Fine Lines",,Tammy,It’s okay,Didn’t love the scent… I make my own sugar scrub most of the time and definitely like my homemade better,9/26/2024,3.0,Yes,0,0.9062,0.451,0.0,0.549,0.03669489547610283,0.18212458491325378,0.0087434072047472,0.019254732877016068,0.6686388850212097,0.037823889404535294,0.04671954736113548
140,"Paula's Choice SKIN PERFECTING 2% BHA Liquid Salicylic Acid Exfoliant-Facial Exfoliant for Blackheads, Enlarged Pores, Wrinkles & Fine Lines",,Supreme Parties,Great product but not what I was expecting…,"I honestly thought this was a body wash of some sort, some kind of scrub, but what it really is and the only way to describe it is that I used to work for a company We would have to change the oil and do a lot of car related things where your hands and your face would get dirty and regular soap would not get the dirt off. They had at the car place and I don’t remember the name of it some kind of soap that was Almost like a hard powder. But when you wash your face and hands with it, all that dirt came right off. That Is basically what this is. Again, I thought it was something else, but I gave it five stars because if I’m doing projects and I get that kind of dirt on me rather than wash my hands 15 times I can wash my hands with this and they come clean and they smell great. So my honest review would be this was not the reason why I bought it Initially, But it ended up being useful in a completely different way and I’m very happy with that. So for the reason that I gave, I would recommend it. If you’re looking for a body wash, I would not recommend it",10/9/2024,5.0,Yes,12,0.9901,0.179,0.021,0.8,0.02242610976099968,0.5120604634284973,0.005760341417044401,0.004182552918791771,0.42690062522888184,0.009557634592056274,0.01911231502890587
141,"Paula's Choice SKIN PERFECTING 2% BHA Liquid Salicylic Acid Exfoliant-Facial Exfoliant for Blackheads, Enlarged Pores, Wrinkles & Fine Lines",,Tricia Jackson,Scent from heaven!,"I can not stress enough how absolutely fantastic and useful this product is! I'm currently using Vanilla Shea Sugar Scrub! I've used several other scents in the past including, Pineapple, Watermelon and Coco Colada which are only a few of the many scents Tree Hut offers but so far Vanilla is my favorite. When I'm standing under my rainforest shower head and I twist top off of my Tree Hut Scrub I feel like I in the center of a vanilla bean field! Yes, it's that delicious! And let's talk about how effective it is as a scrub. After I scrub my knees, elbows and heels my skin feels like a baby's bottom. Unbelievablely soft and smooth. I would recommend using a small amount and testing it first on areas that are prown to have sensitive skin such as your belly and your inner thighs. Start with a tiny bit on your rag or loofah, you can always add more. And after your shower and go about your day I'm willing to bet people will be telling you how good you smell and asking you what perfume your wearing! It truly is that good! Enjoy your scent-sational day!!",10/4/2024,5.0,Yes,28,0.9945,0.233,0.0,0.767,0.011922362260520458,0.14958132803440094,0.005933049134910107,0.37315428256988525,0.3850787878036499,0.008743485435843468,0.065586619079113
142,"Paula's Choice SKIN PERFECTING 2% BHA Liquid Salicylic Acid Exfoliant-Facial Exfoliant for Blackheads, Enlarged Pores, Wrinkles & Fine Lines",,Splashy Hoya Momma,Exceptional Aroma Delivering Impressive Results!,"I'm thrilled to share my experience with Treehut Sugar Scrub -  Vitamin C. Upon first use, I was greeted by a delicious aroma and an incredible sugary dense texture. After gently scrubbing my hands in a circular motion for a minute, they felt remarkably smooth and smelled amazing, with a noticeable improvement in their overall health after just one use. I wholeheartedly recommend this product to everyone!",11/3/2024,5.0,Yes,0,0.9741,0.335,0.0,0.665,0.0015623003710061312,0.003538072807714343,0.0016923873918130994,0.9698569774627686,0.010664978064596653,0.0010651677148416638,0.011620099656283855
143,"Paula's Choice SKIN PERFECTING 2% BHA Liquid Salicylic Acid Exfoliant-Facial Exfoliant for Blackheads, Enlarged Pores, Wrinkles & Fine Lines",,five stars,wonderfully wonderful,after having my foot in cast for 8 weeks my skin was so jacked up... i had tried lotion after lotin and brushes to get the rid of the dead skin... but no luck... then i  tried the sugar scrub... and oh  oh my  gone in one scrub..... and left the skin feeling so so soft.... and the smell of a vanilla cupcake... my  foot feels so much better...,10/31/2024,5.0,Yes,2,-0.5719,0.025,0.079,0.896,0.004639564082026482,0.008270182646811008,0.0018481295555830002,0.4488174319267273,0.1458882838487625,0.29038119316101074,0.10015524923801422
144,"Paula's Choice SKIN PERFECTING 2% BHA Liquid Salicylic Acid Exfoliant-Facial Exfoliant for Blackheads, Enlarged Pores, Wrinkles & Fine Lines",,honey,"nice , not their best scent",absolutely love the product the smell is fabulous while you're in the shower after that there's nothing which is surprising because I have the watermelon and I have the pineapple and both of those you walk out of the bathroom and you can smell it in the next room that's how potent they are granted they don't stay on your skin very long but as far as using them as a scrub they're fabulous I mean your skin feels fabulous afterwards and smooth and it doesn't prevent you from having to use moisturizer you still do I do like the fact that they're not oil-based so it's gentler on your shower system and turn your drainage etc for having oils go down there to clog it up you could possibly add your own oil to it if you wanted to maybe move it up a little bit out a little argan oil to it a couple drops and mix it in there I'm sure it would work but it's fine just as it is and so far as I said the peach is the only one that I adore peach it smells great in the shower it just there's no fragrance afterwards whatsoever so that's disappointing I also have the vanilla which I have not yet used so we'll see how that is but the watermelon so far by far and the pineapple are both fantastic I mean the watermelon is absolutely incredible so you don't smell like watermelon afterwards I mean your your house smells over for a little while but but you don't and it definitely a value for the money because it's really unsubscribe and save I mean these little jars last well over a month using them every other day so you're getting at least 15 probably to 20 uses out of each jar so I would say it easily would last a month and that's using a lot so you could cut it back and you could probably get a full month out of each jar easily,10/9/2024,4.0,Yes,5,0.9938,0.167,0.043,0.79,0.00585490046069026,0.011235389858484268,0.0033261324279010296,0.4366772770881653,0.04868244379758835,0.0036262022331357002,0.49059757590293884
145,"Paula's Choice SKIN PERFECTING 2% BHA Liquid Salicylic Acid Exfoliant-Facial Exfoliant for Blackheads, Enlarged Pores, Wrinkles & Fine Lines",,tmb,Great product!,"I love this product.  It has a fresh scent and the best part is that it is not greasy.  I use it in the shower and I was concerned that it would make the shower slippery.  It does not.  It leaves my skin feeling nice and smooth, and it is a great for exfoliating my skin prior to applying body cream.  I like it so much that I am considering giving it as gifts.",10/26/2024,5.0,Yes,3,0.9719,0.289,0.0,0.711,0.0017616614932194352,0.007659573573619127,0.0021311205346137285,0.9428375959396362,0.03809967637062073,0.005252968519926071,0.0022573117166757584
146,"Paula's Choice SKIN PERFECTING 2% BHA Liquid Salicylic Acid Exfoliant-Facial Exfoliant for Blackheads, Enlarged Pores, Wrinkles & Fine Lines",,Sena Moon,"Ok, I'm sold","There's a reason so many people are singing its praises. Finally, a scrub that's not too abrasive or drying. During summer, I can actually skip the moisturizer afterwards, and my skin will still remain soft.It's a hefty tub that calls for a few months to a year to work through - but I'll be returning! Curious about the other scents, but it may take 15 years for me to try everything (this is a good thing, no s/).",10/21/2024,5.0,Yes,4,0.7574,0.119,0.036,0.845,0.012067750096321106,0.09485970437526703,0.0025394440162926912,0.00634842598810792,0.8121185302734375,0.012007943354547024,0.060058146715164185
147,"Paula's Choice SKIN PERFECTING 2% BHA Liquid Salicylic Acid Exfoliant-Facial Exfoliant for Blackheads, Enlarged Pores, Wrinkles & Fine Lines",,Laura Falanga,Love this scrub,I love this scrub! It smells great and does a wonderful job exfoliating my skin.It’s a little more course than the last one I used but it does a great job.If you have sensitive hands you may want to make sure you have some sort of an exfoliating mitt to use.,10/31/2024,5.0,Yes,0,0.9505,0.308,0.0,0.692,0.007143592461943626,0.10341989994049072,0.0025824750773608685,0.5299837589263916,0.3351527154445648,0.014212650246918201,0.007504873443394899
148,"Paula's Choice SKIN PERFECTING 2% BHA Liquid Salicylic Acid Exfoliant-Facial Exfoliant for Blackheads, Enlarged Pores, Wrinkles & Fine Lines",,havenfox,"Papaya Purgatory, er, Paradise","I have never used a sugar scrub before. I bought this product to give one a try.ProsDoes the job as advertised. The sugar grit makes my skin feel clean and fresh. There is a lot of product for the price, it is a pretty color, and it doesn't irritate my skin. It arrived quickly, didn't leak or crack open during shipping, and was one of a wide variety of scents and colors on offer.ConsSmells like a Yankee Candle farted, and unless the shower is rinsed off very well, makes that smell as well. This is especially irksome when real old-school farting occurs in the near vicinity, as happens in bathrooms. The resulting combination provides for a truly unique olfactory experience.TL;DR Product does the job, but I personally do not care for the scent.",10/29/2024,4.0,Yes,0,0.7532,0.12,0.026,0.854,0.029334748163819313,0.49673008918762207,0.002730045234784484,0.018307719379663467,0.43345654010772705,0.013317136093974113,0.0061235870234668255
149,"Paula's Choice SKIN PERFECTING 2% BHA Liquid Salicylic Acid Exfoliant-Facial Exfoliant for Blackheads, Enlarged Pores, Wrinkles & Fine Lines",,Melissa,This is giving Tree Hut a bad rep!!!,"I got the lotion on sale .So why not ,I decided to buy the scrub to match .BIG MISTAKE.The lotion is fine .The scrub ,I took it to the shower and got right in .Of course I’ve had this product before just not the scent cherry rave..I first noticed the smell was off .Smelled more like alcohol? Perfume oil ? Kinda old .but I tried it .Putting it on my body was veryyyyyy thick .Odd but ok .Then I noticed after the water hit me to rince it off .it wouldn’t come off .My skin was like trying to wash a greasy pan that had had grease residue for a year .This is a shame ,we were so excited for this !!! I think I’ll stick to buying tree hut products in person",10/25/2024,4.0,Yes,0,0.7962,0.108,0.051,0.841,0.02712995931506157,0.11044485121965408,0.037019290030002594,0.015645772218704224,0.10322397202253342,0.05005119368433952,0.6564849615097046
150,"Paula's Choice SKIN PERFECTING 2% BHA Liquid Salicylic Acid Exfoliant-Facial Exfoliant for Blackheads, Enlarged Pores, Wrinkles & Fine Lines",,Gianna Sage,"Good scrub, smells good, but leaves a residue","I like the sugar scrub and the pumpkin smells really good! But it did leave a tight feeling residue on my skin and my underarms would smell really bad like body odor that would not go away. (I have used other tree hut sugar scrubs before and did not have this residue and stench issue). Now, I just have to use my normal soap after the scrub, I don’t get the nice pumpkin smell, but I don’t feel uncomfortable or stink! I would not un-recommend this product, it’s just not perfect and there are a couple work-arounds.",10/28/2024,4.0,Yes,0,-0.9173,0.11,0.197,0.693,0.006107027176767588,0.8444987535476685,0.068203866481781,0.0019649467431008816,0.05290897563099861,0.023084256798028946,0.0032321629114449024
151,"Paula's Choice SKIN PERFECTING 2% BHA Liquid Salicylic Acid Exfoliant-Facial Exfoliant for Blackheads, Enlarged Pores, Wrinkles & Fine Lines",,Meka MsContent757,Good product,This scrub smells delicious & it leaves your skin so soft! No rashes or breakout's. Didn’t dry my skin out. Water didn’t harden it like many other scrubs… reasonably priced & great value for your money. I will be returning for more— as a a matter of fact- I subscribe & save,10/31/2024,5.0,Yes,0,0.9302,0.299,0.043,0.658,0.00464616110548377,0.010620982386171818,0.001249854452908039,0.8306748867034912,0.13163278996944427,0.006919624749571085,0.014255626127123833
152,"Paula's Choice SKIN PERFECTING 2% BHA Liquid Salicylic Acid Exfoliant-Facial Exfoliant for Blackheads, Enlarged Pores, Wrinkles & Fine Lines",,Jenni,"Musky vanilla, no frosting vanilla.","Overall, I love their products!I was on the search for a very vanilla frosting kind of smell, this ended up being musky with some coconut and amber notes. If that sound good, you'll love this scent!That being said, I'll still use it and move back to my regular scent from now on.P.S. I truly wish they made shampoo and conditioner, especially in the Moroccan Rose 🥰",10/23/2024,5.0,Yes,3,0.9551,0.235,0.0,0.765,0.006300316657871008,0.03215530887246132,0.004468377213925123,0.6066778302192688,0.25938910245895386,0.06223653256893158,0.028772501274943352
153,"Paula's Choice SKIN PERFECTING 2% BHA Liquid Salicylic Acid Exfoliant-Facial Exfoliant for Blackheads, Enlarged Pores, Wrinkles & Fine Lines",,Brittany,WHAT HAVE I BEEN MISSING?,"This hibiscus smells amazing! I love the way this smells, I use these when I give pedicures and everyone always says how good it smells. Even if you are not a flower person, the smell of this is very soft. I got mine while it was on a decent sale and I don't regret it. I loved it so much that I actually would buy it full price. I definitely think if you are looking for a good smelling exfoliant, this is the one. It has a lot of grit feel to it, so it does get all that dead skin off. The only negative thing that I would say is that it leaves a sticky residue on your skin, if you miss a spot while rinsing it off. I suggest using a wet rag to wipe off everything when you are done.",9/23/2024,5.0,Yes,16,0.749,0.129,0.086,0.784,0.007397095672786236,0.5336927175521851,0.005424760282039642,0.01671699993312359,0.40826019644737244,0.017654823139309883,0.01085333339869976
154,"Paula's Choice SKIN PERFECTING 2% BHA Liquid Salicylic Acid Exfoliant-Facial Exfoliant for Blackheads, Enlarged Pores, Wrinkles & Fine Lines",,SR,Smells good,"My daughter wanted to get this and me and her are both satisfied 100%!The scrub has a very sugary texture, and it becomes like butter after you massage it onto your skin.Smells amazing, and my skin is so smooth and moisturized!I almost finished as you can see in the photo, I’m ready to order another one:)",10/19/2024,5.0,Yes,2,0.9039,0.193,0.0,0.807,0.009027773514389992,0.033612556755542755,0.0032687168568372726,0.593890368938446,0.29483503103256226,0.0068895937874913216,0.05847601592540741
155,"Paula's Choice SKIN PERFECTING 2% BHA Liquid Salicylic Acid Exfoliant-Facial Exfoliant for Blackheads, Enlarged Pores, Wrinkles & Fine Lines",,Yesenia,Not as strong a smell I was hoping for,The vanilla one was subtle. The scent doesn't stick as much as I was hoping but I think it's because the scent is subtle. It is nice kinda like a coconut scent. I've had the watermelon one before it smelled so good if you like fruity scents. I just wanted to take a huge bite out of it. And the watermelon one stuck to you pretty well after a shower. The scrub it's self does feel and leave a difference in cleansing and redoing dead skin.,10/24/2024,4.0,Yes,0,0.9476,0.252,0.094,0.654,0.007398809306323528,0.5317258238792419,0.003043598961085081,0.03191853687167168,0.38985705375671387,0.03076847270131111,0.005287716165184975
156,"Paula's Choice SKIN PERFECTING 2% BHA Liquid Salicylic Acid Exfoliant-Facial Exfoliant for Blackheads, Enlarged Pores, Wrinkles & Fine Lines",,Maggie M.,Good product,"In my search to find a good exfoliating product, I came across this one and after reading the reviews I decided to give it a try. I am glad I did. I like it and I have used it a few times now. It’s within my budget and it works great for me.",10/22/2024,5.0,Yes,0,0.91,0.238,0.0,0.762,0.00148732156958431,0.0015912242233753204,0.0002397400967311114,0.9777218699455261,0.009807830676436424,0.002026279689744115,0.007125719450414181
157,"Paula's Choice SKIN PERFECTING 2% BHA Liquid Salicylic Acid Exfoliant-Facial Exfoliant for Blackheads, Enlarged Pores, Wrinkles & Fine Lines",,sugarbear,best scent,"best scent and very exfoliating, does not irritate your skin, has enough oil in it to really soften, use on your feet especially over the winter, can use it on hands also. would buy again.",10/31/2024,5.0,Yes,0,0.7602,0.165,0.0,0.835,0.18852494657039642,0.303001344203949,0.002876278245821595,0.06301487237215042,0.3933795392513275,0.04311755299568176,0.006085452623665333
158,"Paula's Choice SKIN PERFECTING 2% BHA Liquid Salicylic Acid Exfoliant-Facial Exfoliant for Blackheads, Enlarged Pores, Wrinkles & Fine Lines",,Brownie,Skin feels smooth after use,"I've been looking for body scrub for a while and decided to give this a shot. For the smell, it's closer to cotton candy to me than rose but I don't mind.  For the scrubbing function, skin feels very smooth after use.  Going to try it for longer and hopefully the skin will feel smoother and moisturized for longer term.",10/18/2024,5.0,Yes,2,0.5499,0.06,0.0,0.94,0.005164757836610079,0.0784117579460144,0.004555318970233202,0.2891013026237488,0.5803494453430176,0.03312100097537041,0.009296426549553871
159,"Paula's Choice SKIN PERFECTING 2% BHA Liquid Salicylic Acid Exfoliant-Facial Exfoliant for Blackheads, Enlarged Pores, Wrinkles & Fine Lines",,Elmo Pickles,Makes your skin smooth,"I love the smell, the way it makes your skin super soft and feel like a baby’s bum! My skin already is super sensitive and this makes everything really easy to apply! Will definitely be getting this again whenever I need more sugar scrub",10/25/2024,5.0,Yes,0,0.9682,0.375,0.0,0.625,0.013461763970553875,0.3948970139026642,0.007235456258058548,0.1656033843755722,0.2930530905723572,0.10080493241548538,0.02494439296424389
160,"Paula's Choice SKIN PERFECTING 2% BHA Liquid Salicylic Acid Exfoliant-Facial Exfoliant for Blackheads, Enlarged Pores, Wrinkles & Fine Lines",,CharlyD,Softer skin,"I've been using this product for some time now. It helps my skin feel so soft. It was a present for Christmas, one year, and I have, also, purchased it as Christmas gift.",10/28/2024,5.0,Yes,0,0.6705,0.159,0.0,0.841,0.005825435742735863,0.0984448716044426,0.006124796345829964,0.11655060946941376,0.5970057845115662,0.14375069737434387,0.03229778632521629
161,"Paula's Choice SKIN PERFECTING 2% BHA Liquid Salicylic Acid Exfoliant-Facial Exfoliant for Blackheads, Enlarged Pores, Wrinkles & Fine Lines",,Used for a few days after receiving and the result was disappointing. I have dry lips and tried different balms and this one compared to others does not work and the smell is unpleasant. The price is high and there is no result.,The scrub is simply magical and worth the price.,"I got great pleasure from this scrub. The aroma is simply amazing, my skin is smooth and silky after it, moderately moisturized. I will definitely buy it again",10/30/2024,5.0,Yes,0,0.936,0.394,0.0,0.606,0.0029240488074719906,0.042420923709869385,0.0027814058121293783,0.7301743626594543,0.19547070562839508,0.008453376591205597,0.017775190994143486
162,"Paula's Choice SKIN PERFECTING 2% BHA Liquid Salicylic Acid Exfoliant-Facial Exfoliant for Blackheads, Enlarged Pores, Wrinkles & Fine Lines",,Ann,Overall Yummy Scent!,The Tree Hut Brand of scrub smells great and exfoliates so well.  It leaves your skin smooth and smelling great.,10/30/2024,5.0,Yes,0,0.8988,0.392,0.0,0.608,0.012725439853966236,0.17670205235481262,0.0038328219670802355,0.1722106635570526,0.6038787364959717,0.022888245061039925,0.0077621242962777615
163,"Paula's Choice SKIN PERFECTING 2% BHA Liquid Salicylic Acid Exfoliant-Facial Exfoliant for Blackheads, Enlarged Pores, Wrinkles & Fine Lines",,Ebugg,I love this it’s smells amazing,Hello I had this for about 2 days and o already love it it smells great it made my skin really soft and it’s really cute,10/29/2024,5.0,Yes,0,0.9117,0.367,0.0,0.633,0.0010993281612172723,0.002818669890984893,0.0004519044596236199,0.96390700340271,0.021882833912968636,0.004114121198654175,0.005726104136556387
164,"Paula's Choice SKIN PERFECTING 2% BHA Liquid Salicylic Acid Exfoliant-Facial Exfoliant for Blackheads, Enlarged Pores, Wrinkles & Fine Lines",,gabbie,great scrub,bang for your buck. this is the best scrub you’ll ever get. smells soooo good & super easy to use.,10/30/2024,5.0,Yes,0,0.9313,0.481,0.0,0.519,0.0067650252021849155,0.006704385858029127,0.0004736220871564001,0.7004950046539307,0.23929937183856964,0.009361808188259602,0.036900803446769714
165,"Paula's Choice SKIN PERFECTING 2% BHA Liquid Salicylic Acid Exfoliant-Facial Exfoliant for Blackheads, Enlarged Pores, Wrinkles & Fine Lines",,Gina Ruiz,Loving this,"OMG, this one smells amazing and it makes my skin feel very soft. I will definitely buy this one again.",10/31/2024,5.0,Yes,0,0.7759,0.285,0.0,0.715,0.0054414584301412106,0.09202653169631958,0.017787467688322067,0.1403307467699051,0.0995553582906723,0.011513828299939632,0.6333445310592651
166,"Paula's Choice SKIN PERFECTING 2% BHA Liquid Salicylic Acid Exfoliant-Facial Exfoliant for Blackheads, Enlarged Pores, Wrinkles & Fine Lines",,Amazon Customer,The scent is beautiful & the result is amazing.,I had so much rough & bumpy skin in my armpit areas that it was disgusting. After the very first use I was shocked & it has also been amazing on my face. I am so glad a friend recommended this product!!!,10/16/2024,5.0,Yes,0,0.855,0.283,0.114,0.603,0.012904749251902103,0.7043952345848083,0.023691803216934204,0.005673909559845924,0.010311000049114227,0.004497856833040714,0.23852543532848358
167,"Paula's Choice SKIN PERFECTING 2% BHA Liquid Salicylic Acid Exfoliant-Facial Exfoliant for Blackheads, Enlarged Pores, Wrinkles & Fine Lines",,Jess,If I could give one million stars I would!,"I LOVE the coffee firming scrub! While I'm unsure if it actually firms anything, I do know that the scrub itself is amazing! The smell is so wonderful, and the scrub leaves my skin so baby soft! I now keep an extra on hand so I never run out. Do yourself a favor and buy this brand! You won't be disappointed.",10/8/2024,5.0,Yes,3,0.9723,0.312,0.027,0.661,0.008626244030892849,0.046965572983026505,0.006501310970634222,0.6889238357543945,0.19656358659267426,0.007861943915486336,0.04455752670764923
168,"Paula's Choice SKIN PERFECTING 2% BHA Liquid Salicylic Acid Exfoliant-Facial Exfoliant for Blackheads, Enlarged Pores, Wrinkles & Fine Lines",,Olga Hoyt,Love love love...,"Love with first used!  I want the perfume with this smell and gel wash and mist. And everything that has a smell. Powder, rinse aid and even liquids for washing floors, hand soap. THIS IS THE SMELL OF MY DREAMS!!!",10/18/2024,5.0,Yes,3,0.9232,0.281,0.0,0.719,0.03869134560227394,0.8223416805267334,0.07120601087808609,0.0022343480959534645,0.03874371573328972,0.013232016935944557,0.013550877571105957
169,"Paula's Choice SKIN PERFECTING 2% BHA Liquid Salicylic Acid Exfoliant-Facial Exfoliant for Blackheads, Enlarged Pores, Wrinkles & Fine Lines",,Phoenix,Love,I have the matching body butter and I love the smell of it so much it's like my favorite scent ever. I wish they made body mists of vanilla but this made my skin super soft.,10/16/2024,5.0,Yes,0,0.9132,0.328,0.0,0.672,0.007479964289814234,0.44997018575668335,0.005157796666026115,0.0318804495036602,0.43152502179145813,0.0576338954269886,0.016352668404579163
170,"Paula's Choice SKIN PERFECTING 2% BHA Liquid Salicylic Acid Exfoliant-Facial Exfoliant for Blackheads, Enlarged Pores, Wrinkles & Fine Lines",,Mariana,Omg SMELLS SO GOOD,It smells so good and keeps u smellin like vanilla 10/10 recommend its strong and sweet just like you girlies <3,10/31/2024,5.0,Yes,0,0.9609,0.611,0.0,0.389,0.003411977319046855,0.003855503397062421,0.0006766754086129367,0.9294936656951904,0.048713572323322296,0.005993460305035114,0.007855185307562351
171,"Paula's Choice SKIN PERFECTING 2% BHA Liquid Salicylic Acid Exfoliant-Facial Exfoliant for Blackheads, Enlarged Pores, Wrinkles & Fine Lines",,Bella Micaela,Amazing subtle scent,"I love these body scrubs and most scents are yummy, but DESERT HAZE takes the win IMO. It's not fruity, or floral, more of a warm musk. The sent is soft and last. No need for body sprays or perfume bc this is it! Plus! It leave your skin GLOOOWWWINNGGG ✨️",10/8/2024,5.0,Yes,2,0.8856,0.223,0.068,0.71,0.01677628792822361,0.07899578660726547,0.0020521206315606833,0.5459082126617432,0.3061620891094208,0.026405494660139084,0.023700011894106865
172,"Paula's Choice SKIN PERFECTING 2% BHA Liquid Salicylic Acid Exfoliant-Facial Exfoliant for Blackheads, Enlarged Pores, Wrinkles & Fine Lines",,Amazing,Everyone should buy this!,"This product is amazing! The smoothness of it is amazing, and it makes your skin extremely soft. The product is a little thick so a little goes a long way. The smell is beautiful. It has a long lasting gorgeous smell. You can put this product anywhere on your body. I defiantly recommend!!❤️",10/12/2024,5.0,Yes,3,0.9544,0.271,0.0,0.729,0.018048439174890518,0.3658469319343567,0.014816893264651299,0.32333555817604065,0.24865177273750305,0.012272879481315613,0.01702747866511345
173,"Paula's Choice SKIN PERFECTING 2% BHA Liquid Salicylic Acid Exfoliant-Facial Exfoliant for Blackheads, Enlarged Pores, Wrinkles & Fine Lines",,nursejh,Good scent,What's not to live about tree hut body scrub. Cheaper than in the major retailers,10/27/2024,5.0,Yes,0,0.0,0.0,0.0,1.0,0.008869890123605728,0.15648682415485382,0.0037610167637467384,0.022677140310406685,0.7751248478889465,0.013921689242124557,0.01915864273905754
174,"Paula's Choice SKIN PERFECTING 2% BHA Liquid Salicylic Acid Exfoliant-Facial Exfoliant for Blackheads, Enlarged Pores, Wrinkles & Fine Lines",,Kimberly Ramos Avila,recomendado!,"Este exfoliante es top! deja la piel muy suave. El azúcar es bastante gruesa, su olor es rico. La volveré a comprar. Me gusto como deja la piel luego de usarlo.",10/16/2024,5.0,Yes,0,0.6239,0.154,0.0,0.846,0.12850341200828552,0.24669133126735687,0.030671611428260803,0.1581106334924698,0.3145388960838318,0.04669283330440521,0.07479121536016464
175,"Paula's Choice SKIN PERFECTING 2% BHA Liquid Salicylic Acid Exfoliant-Facial Exfoliant for Blackheads, Enlarged Pores, Wrinkles & Fine Lines",,Dani H.,Feels Good. Smells Good.,"This sugar scrub is nice. A little goes a long way & the scent is refreshing, not overwhelming. Love it. Skin feels clean & ultra smooth. Recommend. I will buy again.",10/17/2024,5.0,Yes,0,0.5621,0.24,0.101,0.659,0.005293188616633415,0.030426355078816414,0.001229151850566268,0.5203834772109985,0.4168638586997986,0.014286177232861519,0.011517739854753017
176,"Paula's Choice SKIN PERFECTING 2% BHA Liquid Salicylic Acid Exfoliant-Facial Exfoliant for Blackheads, Enlarged Pores, Wrinkles & Fine Lines",,Always excellent! Smooth and as described!,Smells amazing and leaves my skin soft and glowing.,"I have used sugar scraps for years.  This is the first time I used this product.  It rates up with one I used prior that discontinued through VS.  It's a great scrub, rinses off easily and leaves my skin soft and glowing.  I will buy again. Thank you!",10/5/2024,5.0,Yes,0,0.8516,0.189,0.0,0.811,0.005430147051811218,0.00418012635782361,0.00194948457647115,0.8306977152824402,0.1334736943244934,0.0036088216584175825,0.02065994031727314
177,"Paula's Choice SKIN PERFECTING 2% BHA Liquid Salicylic Acid Exfoliant-Facial Exfoliant for Blackheads, Enlarged Pores, Wrinkles & Fine Lines",,Tia,Great scent,I’m inlove. This was a great buy. Don’t walk! Run! You won’t regret it.,11/1/2024,5.0,Yes,0,0.4374,0.253,0.151,0.595,0.019731296226382256,0.00931936502456665,0.013568075373768806,0.16681690514087677,0.3182341456413269,0.4035964608192444,0.06873372197151184
178,"Paula's Choice SKIN PERFECTING 2% BHA Liquid Salicylic Acid Exfoliant-Facial Exfoliant for Blackheads, Enlarged Pores, Wrinkles & Fine Lines",,Ivona Milczarek,Pleasant smell,"Love this product, smells well and it's gentle on the skin. I recommend it.",10/25/2024,5.0,Yes,0,0.8934,0.565,0.0,0.435,0.008986889384686947,0.13987529277801514,0.0020663104951381683,0.5340977907180786,0.29763761162757874,0.013336730189621449,0.003999447915703058
179,"Paula's Choice SKIN PERFECTING 2% BHA Liquid Salicylic Acid Exfoliant-Facial Exfoliant for Blackheads, Enlarged Pores, Wrinkles & Fine Lines",,Abbie Francis,Best scrub ever,"This is the best sugar scrub ever, I use it everywhere on my body before shaving or just to feel smoother and exfoliate. Nice clean scent that’s not over powering/loud.",10/17/2024,5.0,Yes,0,0.8658,0.272,0.0,0.728,0.010062185116112232,0.23372462391853333,0.003343977266922593,0.06474156677722931,0.6575034260749817,0.01964377425611019,0.010980457067489624
180,"Paula's Choice SKIN PERFECTING 2% BHA Liquid Salicylic Acid Exfoliant-Facial Exfoliant for Blackheads, Enlarged Pores, Wrinkles & Fine Lines",,Alia,So nice,I love this scrub! It smells so nice and a little bit goes a long way!,10/22/2024,5.0,Yes,0,0.8556,0.433,0.0,0.567,0.0031363002490252256,0.012537731789052486,0.00047200918197631836,0.9235861897468567,0.050924744457006454,0.004039688501507044,0.005303279031068087
181,"Paula's Choice SKIN PERFECTING 2% BHA Liquid Salicylic Acid Exfoliant-Facial Exfoliant for Blackheads, Enlarged Pores, Wrinkles & Fine Lines",,Lisa,Love,Love the way it makes my legs feel and the smell is delish,10/23/2024,5.0,Yes,0,0.6369,0.259,0.0,0.741,0.002186325378715992,0.027294127270579338,0.0008846232085488737,0.9051336050033569,0.046179771423339844,0.014647550880908966,0.003674029838293791
182,"Paula's Choice SKIN PERFECTING 2% BHA Liquid Salicylic Acid Exfoliant-Facial Exfoliant for Blackheads, Enlarged Pores, Wrinkles & Fine Lines",,Lee-Ann,Best scrub,I love the scents these come in. It’s great for exfoliating your whole body and getting rid of dead skin and dirt. 10/10 best scrubs out there.,10/19/2024,5.0,Yes,0,0.7783,0.311,0.167,0.522,0.008412109687924385,0.23467396199703217,0.002425906714051962,0.46842995285987854,0.25164318084716797,0.02500869706273079,0.009406201541423798
183,"Paula's Choice SKIN PERFECTING 2% BHA Liquid Salicylic Acid Exfoliant-Facial Exfoliant for Blackheads, Enlarged Pores, Wrinkles & Fine Lines",,Kay,Smells amazing,Love the smell of this! Makes my skin feel so smooth after using!,10/21/2024,5.0,Yes,0,0.6988,0.285,0.0,0.715,0.0031851413659751415,0.027088357135653496,0.0009262603707611561,0.8843076825141907,0.07256738096475601,0.00539074232801795,0.006534453947097063
184,"Paula's Choice SKIN PERFECTING 2% BHA Liquid Salicylic Acid Exfoliant-Facial Exfoliant for Blackheads, Enlarged Pores, Wrinkles & Fine Lines",,Marfea,Smooth skin,So far it smells nice and it leaves my skin feeling smooth,10/30/2024,5.0,Yes,0,0.5106,0.301,0.0,0.699,0.0019275967497378588,0.004834972321987152,0.0005797367775812745,0.9315051436424255,0.05174124985933304,0.007305818144232035,0.0021054535172879696
185,"Paula's Choice SKIN PERFECTING 2% BHA Liquid Salicylic Acid Exfoliant-Facial Exfoliant for Blackheads, Enlarged Pores, Wrinkles & Fine Lines",,Jill Ingenito,HONEST review of the vit C sugar scrub,"The media could not be loaded.I’ve been using the Tree Hut Vitamin C Shea Sugar Scrub, and it’s officially my favorite body exfoliator! Here’s what makes it stand out:1. Exfoliates Effectively: This scrub is fantastic for getting rid of dead skin. The sugar crystals are just the right size to provide deep exfoliation without being too harsh. After every use, my skin feels noticeably smoother and softer.2. Hydrating Formula: Unlike other scrubs that can leave your skin feeling dry, this one is infused with shea butter, which helps keep my skin hydrated and nourished. Even after exfoliating, I don’t feel like I need to immediately apply lotion.3. Vitamin C Brightening Power: The addition of vitamin C is a huge bonus! Over time, I’ve noticed that my skin looks brighter and more even-toned. It’s great for targeting areas of dullness, especially on my legs and arms.4. Refreshing Scent: The scent is light and fresh, with a hint of citrus from the vitamin C. It’s not overwhelming but leaves a subtle fragrance on your skin that’s pleasant and energizing.5. Easy to Apply: The scrub has a thick, rich consistency, making it easy to scoop and apply without it slipping out of your hands. It stays put on the skin while exfoliating, and rinsing it off is easy too, without leaving any residue.6. Value for Money: For 18 oz, this scrub is a great value. A little goes a long way, so it lasts a while even if you use it regularly.7. Vegan & Cruelty-Free: It’s great to know this product is vegan and cruelty-free, so I can feel good about the ingredients and ethical practices behind it.Overall: If you’re looking for an affordable, effective, and hydrating body scrub with skin-brightening benefits, the Tree Hut Vitamin C Shea Sugar Scrub is a fantastic choice. It has improved both the look and feel of my skin, making it a staple in my body care routine!",9/6/2024,5.0,Yes,40,0.9984,0.281,0.014,0.704,0.012944506481289864,0.11904190480709076,0.0029230795335024595,0.2731587886810303,0.5565380454063416,0.02667188085615635,0.008721749298274517
186,"Paula's Choice SKIN PERFECTING 2% BHA Liquid Salicylic Acid Exfoliant-Facial Exfoliant for Blackheads, Enlarged Pores, Wrinkles & Fine Lines",,Mina de la Riva,Smells delicious,"Such a great vanilla scent, very delicious warm vanilla scent. Soft scrub works well",10/30/2024,5.0,Yes,0,0.9076,0.579,0.0,0.421,0.008526863530278206,0.15086723864078522,0.0032922897953540087,0.3079889416694641,0.5041704773902893,0.015296472236514091,0.009857692755758762
187,"Paula's Choice SKIN PERFECTING 2% BHA Liquid Salicylic Acid Exfoliant-Facial Exfoliant for Blackheads, Enlarged Pores, Wrinkles & Fine Lines",,Ashley M.,Nice product,"Finally decided to try this product out and am glad I did. It smells great, applies well, only issue is the lid could be better for when in the shower  should pop up versus having to try to un screw it while in the shower but that's minor. Already got another scent to try out. But so far this is my favorite.  Would I recommend yes but I only use it twice a month.",9/28/2024,4.0,Yes,5,0.9489,0.23,0.015,0.756,0.0016946315299719572,0.0022702706046402454,0.0006001454312354326,0.937420129776001,0.04341159760951996,0.0049236491322517395,0.00967965554445982
188,"Paula's Choice SKIN PERFECTING 2% BHA Liquid Salicylic Acid Exfoliant-Facial Exfoliant for Blackheads, Enlarged Pores, Wrinkles & Fine Lines",,Haley,Smells like perfume,This scrub is great in terms of how well it exfoliates! The scent is great as well and smells slightly like perfume to me!,10/23/2024,4.0,Yes,0,0.9348,0.444,0.0,0.556,0.015938112512230873,0.6565348505973816,0.006749824620783329,0.08119847625494003,0.21210508048534393,0.015222442336380482,0.012251130305230618
189,"Paula's Choice SKIN PERFECTING 2% BHA Liquid Salicylic Acid Exfoliant-Facial Exfoliant for Blackheads, Enlarged Pores, Wrinkles & Fine Lines",,Angelina,Smell great,Absolutely love tree hut scrubs this smell like vanilla and peppermint,10/31/2024,5.0,Yes,0,0.7902,0.437,0.0,0.563,0.012179642915725708,0.08974944800138474,0.002997689414769411,0.16455863416194916,0.7052803039550781,0.011664897203445435,0.013569477014243603
190,"Paula's Choice SKIN PERFECTING 2% BHA Liquid Salicylic Acid Exfoliant-Facial Exfoliant for Blackheads, Enlarged Pores, Wrinkles & Fine Lines",,Logan,The smell is a bit off,"Overall a great body scrub. The vanilla smell isn't what I expected. I probably wont order this scent again, but will get other scrubs!",10/28/2024,4.0,Yes,0,0.4295,0.124,0.0,0.876,0.008161202073097229,0.20367835462093353,0.005093958228826523,0.175497904419899,0.5509122014045715,0.016202915459871292,0.040453437715768814
191,"Paula's Choice SKIN PERFECTING 2% BHA Liquid Salicylic Acid Exfoliant-Facial Exfoliant for Blackheads, Enlarged Pores, Wrinkles & Fine Lines",,Sandrine,The smell is to die for,The aftermath of this scrub is giving the best feeling,10/27/2024,5.0,Yes,0,0.7964,0.536,0.0,0.464,0.006184780970215797,0.06002398580312729,0.0027031381614506245,0.13993296027183533,0.7684974670410156,0.013126375153660774,0.009531306102871895
192,"Paula's Choice SKIN PERFECTING 2% BHA Liquid Salicylic Acid Exfoliant-Facial Exfoliant for Blackheads, Enlarged Pores, Wrinkles & Fine Lines",,Abby Pruitt,Love,This product smells amazing and has lasted me months!,10/28/2024,5.0,Yes,0,0.6239,0.338,0.0,0.662,0.006391736213117838,0.015897678211331367,0.005443882197141647,0.5786677002906799,0.18085621297359467,0.004172562621533871,0.2085702270269394
193,"Paula's Choice SKIN PERFECTING 2% BHA Liquid Salicylic Acid Exfoliant-Facial Exfoliant for Blackheads, Enlarged Pores, Wrinkles & Fine Lines",,LaTasha Woolridge,Could be better,I give it a 6.5/7 out of 10. I wouldn’t purchase another one because this scent is lacking big time,10/29/2024,4.0,Yes,0,0.0,0.0,0.0,1.0,0.007030746433883905,0.016260147094726562,0.0028143508825451136,0.015603725798428059,0.9397969841957092,0.005991813726723194,0.012502257712185383
194,"Paula's Choice SKIN PERFECTING 2% BHA Liquid Salicylic Acid Exfoliant-Facial Exfoliant for Blackheads, Enlarged Pores, Wrinkles & Fine Lines",,bunny,Great,Scrubs and rinses off very well. Comparatively inexpensive. Smells good.,10/17/2024,5.0,Yes,0,0.6478,0.398,0.0,0.602,0.005851173773407936,0.15771357715129852,0.0035397661849856377,0.27532196044921875,0.5356325507164001,0.012422329746186733,0.009518573991954327
195,"Paula's Choice SKIN PERFECTING 2% BHA Liquid Salicylic Acid Exfoliant-Facial Exfoliant for Blackheads, Enlarged Pores, Wrinkles & Fine Lines",,Virgo babe,I loveeeee,It’s a must have and it smells so good,10/31/2024,5.0,Yes,0,0.5777,0.348,0.0,0.652,0.004990527406334877,0.06545823812484741,0.001580305048264563,0.6023433208465576,0.31065669655799866,0.006899889092892408,0.00807111244648695
196,"Paula's Choice SKIN PERFECTING 2% BHA Liquid Salicylic Acid Exfoliant-Facial Exfoliant for Blackheads, Enlarged Pores, Wrinkles & Fine Lines",,Liv,Love this scrub,Always makes my skin feel great love the smell,10/20/2024,5.0,Yes,0,0.8519,0.542,0.0,0.458,0.0013976744376122952,0.007332760374993086,0.0007484641391783953,0.9668123126029968,0.018971752375364304,0.0029394186567515135,0.0017975802766159177
197,"Paula's Choice SKIN PERFECTING 2% BHA Liquid Salicylic Acid Exfoliant-Facial Exfoliant for Blackheads, Enlarged Pores, Wrinkles & Fine Lines",,Melissa T,Huele delicioso,"Me encantó el olor, llego en buenas condiciones",10/29/2024,5.0,Yes,0,0.0,0.0,0.0,1.0,0.0365307554602623,0.21513308584690094,0.12746155261993408,0.020679619163274765,0.5359743237495422,0.04981943964958191,0.014401174150407314
198,"Paula's Choice SKIN PERFECTING 2% BHA Liquid Salicylic Acid Exfoliant-Facial Exfoliant for Blackheads, Enlarged Pores, Wrinkles & Fine Lines",,Glennis F. Roseberry,Safe for elder skin too!,A bit of dead skin compounded with skin oils and fine dust... This took layers of that off of elder skin (over 70) without causing damage. The sugar crystals are just right for breaking all those layers with only gentle massage. I am so impressed!!,10/6/2024,5.0,Yes,0,0.7652,0.22,0.079,0.701,0.014681573957204819,0.11274123191833496,0.0051744915544986725,0.005857547745108604,0.13571278750896454,0.007739045657217503,0.7180932760238647
199,"Paula's Choice SKIN PERFECTING 2% BHA Liquid Salicylic Acid Exfoliant-Facial Exfoliant for Blackheads, Enlarged Pores, Wrinkles & Fine Lines",,Samantha Hall,MY FAV,My favorite scented sugar scrub!!! I love it,10/28/2024,5.0,Yes,0,0.8433,0.618,0.0,0.382,0.013896225020289421,0.018640855327248573,0.0007993480539880693,0.8271351456642151,0.10449294000864029,0.005525604356080294,0.029509948566555977
200,"Paula's Choice SKIN PERFECTING 2% BHA Liquid Salicylic Acid Exfoliant-Facial Exfoliant for Blackheads, Enlarged Pores, Wrinkles & Fine Lines",,Lori k,Love,This stuff is the bomb. I love it.,10/18/2024,5.0,Yes,0,0.8402,0.615,0.0,0.385,0.04129685461521149,0.06691945344209671,0.0032866469118744135,0.7472460269927979,0.10571896284818649,0.009431015700101852,0.02610103227198124
201,"Paula's Choice SKIN PERFECTING 2% BHA Liquid Salicylic Acid Exfoliant-Facial Exfoliant for Blackheads, Enlarged Pores, Wrinkles & Fine Lines",,Tim Murray,Works very well,Works very well! No more dry hands!,11/1/2024,5.0,Yes,0,-0.1703,0.229,0.293,0.478,0.009680185467004776,0.012873351573944092,0.002005581511184573,0.3669394552707672,0.4912150502204895,0.04420250654220581,0.07308388501405716
202,"Paula's Choice SKIN PERFECTING 2% BHA Liquid Salicylic Acid Exfoliant-Facial Exfoliant for Blackheads, Enlarged Pores, Wrinkles & Fine Lines",,Jennifer,Smells good,I bought online so was nervous about how it would smell but it’s perfect! My skin feels so soft after and I can smell it for a while after the shower,10/16/2024,5.0,Yes,0,0.6861,0.162,0.051,0.787,0.006471975240856409,0.28258267045021057,0.46182510256767273,0.01842442899942398,0.131409153342247,0.07606448233127594,0.023222144693136215
203,"Paula's Choice SKIN PERFECTING 2% BHA Liquid Salicylic Acid Exfoliant-Facial Exfoliant for Blackheads, Enlarged Pores, Wrinkles & Fine Lines",,Cherismy sulay Luna lembert,Rico olor,Huele muy bien y se siente bien.,10/21/2024,5.0,Yes,0,0.0,0.0,0.0,1.0,0.02721215784549713,0.6384372115135193,0.014757980592548847,0.006855976302176714,0.23609641194343567,0.0729246437549591,0.003715579630807042
204,"Paula's Choice SKIN PERFECTING 2% BHA Liquid Salicylic Acid Exfoliant-Facial Exfoliant for Blackheads, Enlarged Pores, Wrinkles & Fine Lines",,ermes grande,scrub,the scrub is amazing and to die for. it leaves your skin silky smooth.,10/10/2024,5.0,Yes,0,-0.0258,0.193,0.198,0.609,0.0054261935874819756,0.0471060611307621,0.0036983985919505358,0.6179651618003845,0.2808384895324707,0.01895730383694172,0.02600833773612976
205,"Paula's Choice SKIN PERFECTING 2% BHA Liquid Salicylic Acid Exfoliant-Facial Exfoliant for Blackheads, Enlarged Pores, Wrinkles & Fine Lines",,Leroy,Best darn body scrub,"This omg, I feel smoothe and soft after using this body scrub. It helps with ingrown hair, hyperpigmentation, strawberry legs, bumpy skin and it smells yummy. Love love this product.",10/15/2024,5.0,Yes,0,0.9371,0.365,0.0,0.635,0.0038855336606502533,0.08362409472465515,0.0020887579303234816,0.64687579870224,0.22512774169445038,0.028752831742167473,0.009645285084843636
206,"Paula's Choice SKIN PERFECTING 2% BHA Liquid Salicylic Acid Exfoliant-Facial Exfoliant for Blackheads, Enlarged Pores, Wrinkles & Fine Lines",,Marlyn,Love this body scrub,Leave your skin soft smelling so good,10/24/2024,5.0,Yes,0,0.5486,0.376,0.121,0.503,0.012194594368338585,0.11209897696971893,0.0025954456068575382,0.12275692075490952,0.728114902973175,0.01702452078461647,0.005214660428464413
207,"Paula's Choice SKIN PERFECTING 2% BHA Liquid Salicylic Acid Exfoliant-Facial Exfoliant for Blackheads, Enlarged Pores, Wrinkles & Fine Lines",,Kayla spaulding,Body scrub,My 12 year daughter loves this brand ask for every year for Christmas. A great gift for a preteen,10/23/2024,5.0,Yes,0,0.8934,0.433,0.0,0.567,0.008320949040353298,0.0016508910339325666,0.0016549499705433846,0.597897469997406,0.2093176245689392,0.008685790933668613,0.1724722534418106
208,"Paula's Choice SKIN PERFECTING 2% BHA Liquid Salicylic Acid Exfoliant-Facial Exfoliant for Blackheads, Enlarged Pores, Wrinkles & Fine Lines",,Citlalli,Smells like Piña colada,I looovveee the smell so muchI highly recommend,10/24/2024,5.0,Yes,0,0.469,0.338,0.0,0.662,0.006095069460570812,0.03200323507189751,0.005374300759285688,0.826326310634613,0.10039343684911728,0.015894098207354546,0.013913544826209545
209,"Paula's Choice SKIN PERFECTING 2% BHA Liquid Salicylic Acid Exfoliant-Facial Exfoliant for Blackheads, Enlarged Pores, Wrinkles & Fine Lines",,Matthew Lohse,Perfect - great smell,"Well packaged, great scent, good gift.",10/31/2024,5.0,Yes,0,0.9001,0.857,0.0,0.143,0.005701745860278606,0.03362485393881798,0.001049936399795115,0.6769583225250244,0.26549726724624634,0.006007269490510225,0.011160526424646378
210,"Paula's Choice SKIN PERFECTING 2% BHA Liquid Salicylic Acid Exfoliant-Facial Exfoliant for Blackheads, Enlarged Pores, Wrinkles & Fine Lines",,TgAur2018,A good scrubber,This is very effective and safe on the skin.The scent is pleasing. I can see the difference after use.,10/22/2024,5.0,Yes,0,0.8737,0.399,0.0,0.601,0.010398218408226967,0.5073826313018799,0.003961177542805672,0.13692611455917358,0.31375378370285034,0.02078324183821678,0.0067948573268949986
211,"Paula's Choice SKIN PERFECTING 2% BHA Liquid Salicylic Acid Exfoliant-Facial Exfoliant for Blackheads, Enlarged Pores, Wrinkles & Fine Lines",,II,Best scrub,Skin like milk with this scrub,10/23/2024,5.0,Yes,0,0.3612,0.333,0.0,0.667,0.13223432004451752,0.584574818611145,0.01563796028494835,0.001679322449490428,0.22216178476810455,0.035689741373062134,0.008022158406674862
212,"Paula's Choice SKIN PERFECTING 2% BHA Liquid Salicylic Acid Exfoliant-Facial Exfoliant for Blackheads, Enlarged Pores, Wrinkles & Fine Lines",,Fernando Molinari,Wow,"I tried it today for the first time, it smells so good and my skin is really soft. I definitely recommend this product.",9/18/2024,5.0,Yes,0,0.8585,0.345,0.0,0.655,0.003480457467958331,0.11120149493217468,0.004255244974046946,0.4293344020843506,0.4300386309623718,0.01147387083619833,0.010215871036052704
213,"Paula's Choice SKIN PERFECTING 2% BHA Liquid Salicylic Acid Exfoliant-Facial Exfoliant for Blackheads, Enlarged Pores, Wrinkles & Fine Lines",,A Strong Woman,Smell great,Smell and exfoliate the skin great,11/2/2024,5.0,Yes,0,0.6249,0.451,0.0,0.549,0.021908801048994064,0.46995866298675537,0.0032687021885067225,0.04899344965815544,0.4353193938732147,0.016413792967796326,0.004137272946536541
214,"Paula's Choice SKIN PERFECTING 2% BHA Liquid Salicylic Acid Exfoliant-Facial Exfoliant for Blackheads, Enlarged Pores, Wrinkles & Fine Lines",,Nic,Great bday gift,My teenage niece LOVED this scent.,10/27/2024,5.0,Yes,0,0.6841,0.481,0.0,0.519,0.018478136509656906,0.28916022181510925,0.002140794647857547,0.568476676940918,0.05451618880033493,0.05614226683974266,0.011085676960647106
215,"Paula's Choice SKIN PERFECTING 2% BHA Liquid Salicylic Acid Exfoliant-Facial Exfoliant for Blackheads, Enlarged Pores, Wrinkles & Fine Lines",,Lyn,LOVE IT,"I’ve been trying different sugar scrubs for a while and this one has by far been the best one. It’s well priced for the amount you get and is the best quality sugar scrub I’ve had so far. The smell is great, it’s well made, and leaves your skin feeling so clean and soft!!!",9/3/2024,5.0,Yes,2,0.9704,0.329,0.0,0.671,0.009369540959596634,0.21379810571670532,0.002273269696161151,0.23206746578216553,0.5148095488548279,0.01704445667564869,0.010637650266289711
216,"Paula's Choice SKIN PERFECTING 2% BHA Liquid Salicylic Acid Exfoliant-Facial Exfoliant for Blackheads, Enlarged Pores, Wrinkles & Fine Lines",,Cayla,Amazing,Very soft and smells good,10/31/2024,5.0,Yes,0,0.4404,0.42,0.0,0.58,0.004646221175789833,0.12571080029010773,0.002736057387664914,0.4816768169403076,0.35476699471473694,0.02406742237508297,0.006395705044269562
217,"Paula's Choice SKIN PERFECTING 2% BHA Liquid Salicylic Acid Exfoliant-Facial Exfoliant for Blackheads, Enlarged Pores, Wrinkles & Fine Lines",,Tropical Breeze,Love the fragrance,"I love using this on my arms and legs. It really helps make them smooth, and helps my body cream donuts job. And the scent is wonderful.",10/21/2024,5.0,Yes,0,0.9285,0.384,0.0,0.616,0.0030906079337000847,0.023754118010401726,0.0011603599414229393,0.901541531085968,0.059518251568078995,0.007517647463828325,0.003417359897866845
218,"Paula's Choice SKIN PERFECTING 2% BHA Liquid Salicylic Acid Exfoliant-Facial Exfoliant for Blackheads, Enlarged Pores, Wrinkles & Fine Lines",,Madelynn bell,Smells so good!,"I love this product so much! I was looking for a foot scrub. I know this product isn't specifically for your feet, but I thought I would give it a try. It smells absolutely amazing, and it leaves my feet feeling so soft and smooth. I already repurchased for when I run out.",10/7/2024,5.0,Yes,4,0.8829,0.2,0.0,0.8,0.005824069958180189,0.03105936385691166,0.007162819616496563,0.5516625046730042,0.2624073028564453,0.0097621725872159,0.1321217566728592
219,"Paula's Choice SKIN PERFECTING 2% BHA Liquid Salicylic Acid Exfoliant-Facial Exfoliant for Blackheads, Enlarged Pores, Wrinkles & Fine Lines",,Nena,So soft,Works great and smells great,10/26/2024,5.0,Yes,0,0.8481,0.732,0.0,0.268,0.00402742438018322,0.013195600360631943,0.0012273583561182022,0.6773667931556702,0.28891605138778687,0.008625750429928303,0.006640996318310499
220,"Paula's Choice SKIN PERFECTING 2% BHA Liquid Salicylic Acid Exfoliant-Facial Exfoliant for Blackheads, Enlarged Pores, Wrinkles & Fine Lines",,Steven g,Amazing,"Daughter loves it, smells great",11/2/2024,5.0,Yes,0,0.8316,0.722,0.0,0.278,0.006434811744838953,0.030148137360811234,0.0006949951057322323,0.7541364431381226,0.19310523569583893,0.009722133167088032,0.0057582189328968525
221,"Paula's Choice SKIN PERFECTING 2% BHA Liquid Salicylic Acid Exfoliant-Facial Exfoliant for Blackheads, Enlarged Pores, Wrinkles & Fine Lines",,Sarah Just,Great product,"I love this product. It works really well to rub down my legs, and my husband's face prior to shaving to get a closer shave.  The smell is also nice.",9/16/2024,5.0,Yes,0,0.8553,0.273,0.0,0.727,0.004174553789198399,0.0869714617729187,0.0029244343750178814,0.8153827786445618,0.07684780657291412,0.010336639359593391,0.0033622896298766136
222,"Paula's Choice SKIN PERFECTING 2% BHA Liquid Salicylic Acid Exfoliant-Facial Exfoliant for Blackheads, Enlarged Pores, Wrinkles & Fine Lines",,Shayla McKee,smells soo good,i love the smell of coconut. and this smell so good. i used this all summer long and i smelt so good and it makees me feel so soft,9/15/2024,5.0,Yes,0,0.9133,0.337,0.0,0.663,0.0033613198902457952,0.005968352314084768,0.0013338401913642883,0.23736239969730377,0.009860191494226456,0.733077883720398,0.009035988710820675
223,"Paula's Choice SKIN PERFECTING 2% BHA Liquid Salicylic Acid Exfoliant-Facial Exfoliant for Blackheads, Enlarged Pores, Wrinkles & Fine Lines",,Amazon Customer,Great stuff,"Love the exfoliation scrub from tree hunt.. Trying out peach sorbet this time.. good smell, good scrub that I used twice a week..",10/11/2024,5.0,Yes,0,0.875,0.357,0.0,0.643,0.012626458890736103,0.1076296716928482,0.003891036845743656,0.32739683985710144,0.35522571206092834,0.10046958923339844,0.09276072680950165
224,"Paula's Choice SKIN PERFECTING 2% BHA Liquid Salicylic Acid Exfoliant-Facial Exfoliant for Blackheads, Enlarged Pores, Wrinkles & Fine Lines",,E,Smells divine,This is a lovely light floral and fruity scent - but not jolly rancher-esq like some scents. Nice exfoliating scrub that doesn’t melt down before you can get a good portion of your body.,9/15/2024,5.0,Yes,0,0.5764,0.236,0.147,0.617,0.004285480827093124,0.04564005509018898,0.001887922058813274,0.7975708842277527,0.1287422478199005,0.015485430136322975,0.006387955043464899
225,"Paula's Choice SKIN PERFECTING 2% BHA Liquid Salicylic Acid Exfoliant-Facial Exfoliant for Blackheads, Enlarged Pores, Wrinkles & Fine Lines",,ARIELLE,Wonderful,I really love this sugar scrub. It leaves my skin bright and beautiful. I feel so rejuvenated after my shower. It also leaves my bathroom smelling great.,10/16/2024,5.0,Yes,0,0.9468,0.423,0.0,0.577,0.0014584190212190151,0.004421532154083252,0.00046187645057216287,0.9574626684188843,0.023675600066781044,0.010115714743733406,0.0024040702264755964
226,"Paula's Choice SKIN PERFECTING 2% BHA Liquid Salicylic Acid Exfoliant-Facial Exfoliant for Blackheads, Enlarged Pores, Wrinkles & Fine Lines",,Melissa Negrete,Makes me feel like a person again.,"I love this scrub. It is my go to for everyday. It smells good, great price, feels great after exfoliating. Thank you!",10/15/2024,5.0,Yes,0,0.9589,0.531,0.0,0.469,0.006963313091546297,0.022652817890048027,0.0008650129311718047,0.8339819312095642,0.12027208507061005,0.005573847331106663,0.009690911509096622
227,"Paula's Choice SKIN PERFECTING 2% BHA Liquid Salicylic Acid Exfoliant-Facial Exfoliant for Blackheads, Enlarged Pores, Wrinkles & Fine Lines",,charlton,i ve beeen using it for a while,its good for your skin,10/20/2024,5.0,Yes,0,0.4404,0.42,0.0,0.58,0.0034422811586409807,0.0023283844348043203,0.0007717030239291489,0.9550045132637024,0.02254820056259632,0.010156288743019104,0.005748652387410402
228,"Paula's Choice SKIN PERFECTING 2% BHA Liquid Salicylic Acid Exfoliant-Facial Exfoliant for Blackheads, Enlarged Pores, Wrinkles & Fine Lines",,It's going down FR,I love Treehut,"😅😅 I'm not going anywhere I'm a once a month subscriber, you better get you some",10/16/2024,5.0,Yes,0,0.4404,0.182,0.0,0.818,0.16490638256072998,0.07306066155433655,0.012070693075656891,0.017858941107988358,0.6559349894523621,0.05968552082777023,0.016482768580317497
229,"Paula's Choice SKIN PERFECTING 2% BHA Liquid Salicylic Acid Exfoliant-Facial Exfoliant for Blackheads, Enlarged Pores, Wrinkles & Fine Lines",,Roy I.,scrumptious,smells like fruit loops,10/30/2024,5.0,Yes,0,0.3612,0.455,0.0,0.545,0.0161213967949152,0.07247816771268845,0.029066575691103935,0.1166299507021904,0.37073612213134766,0.052582111209630966,0.3423857092857361
230,"Paula's Choice SKIN PERFECTING 2% BHA Liquid Salicylic Acid Exfoliant-Facial Exfoliant for Blackheads, Enlarged Pores, Wrinkles & Fine Lines",,Sara Edili Rodriguez Medina,Smells delicious!,Soft skin! Looks gorgeous!,11/2/2024,5.0,Yes,0,0.6792,0.604,0.0,0.396,0.0046626911498606205,0.012522287666797638,0.0012713797623291612,0.7923963665962219,0.15163885056972504,0.005355654750019312,0.03215278312563896
231,"Paula's Choice SKIN PERFECTING 2% BHA Liquid Salicylic Acid Exfoliant-Facial Exfoliant for Blackheads, Enlarged Pores, Wrinkles & Fine Lines",,Michele Jackson,Works well,I love this! Smells amazing and it’s helping get rid of my dry skin flakes.,10/21/2024,5.0,Yes,0,0.8883,0.488,0.0,0.512,0.00460430234670639,0.032618019729852676,0.002968087326735258,0.8251035213470459,0.08156471699476242,0.005720652174204588,0.04742071032524109
232,"Paula's Choice SKIN PERFECTING 2% BHA Liquid Salicylic Acid Exfoliant-Facial Exfoliant for Blackheads, Enlarged Pores, Wrinkles & Fine Lines",,Argenys,Huele delicioso,Muy bueno el exfoleante.,9/24/2024,5.0,Yes,0,0.0,0.0,0.0,1.0,0.04577260464429855,0.20167675614356995,0.016216784715652466,0.02936720848083496,0.6547220945358276,0.034463781863451004,0.017780769616365433
233,"Paula's Choice SKIN PERFECTING 2% BHA Liquid Salicylic Acid Exfoliant-Facial Exfoliant for Blackheads, Enlarged Pores, Wrinkles & Fine Lines",,Big Sur coast,Smells good,Very exfoliating and smells good,10/28/2024,5.0,Yes,0,0.4404,0.42,0.0,0.58,0.010291115380823612,0.3119966387748718,0.002327113412320614,0.2564529478549957,0.3868325352668762,0.021915581077337265,0.010184110142290592
234,"Paula's Choice SKIN PERFECTING 2% BHA Liquid Salicylic Acid Exfoliant-Facial Exfoliant for Blackheads, Enlarged Pores, Wrinkles & Fine Lines",,jeffrey dubois,Tree hut,Felt very smooth on my skin smelled amazing it was great for the price would recommend,10/13/2024,5.0,Yes,0,0.886,0.444,0.0,0.556,0.004224754404276609,0.00944026280194521,0.019598640501499176,0.3374512493610382,0.061608653515577316,0.0033798194490373135,0.5642966032028198
235,"Paula's Choice SKIN PERFECTING 2% BHA Liquid Salicylic Acid Exfoliant-Facial Exfoliant for Blackheads, Enlarged Pores, Wrinkles & Fine Lines",,Nyeisha McKenzie,Smells like an actual candy,"I'm obsessed with this Tree Hut Cotton Candy Body Scrub! Ordered from Amazon and received quickly. This scrub is:Soft, gentle exfoliationDelicious cotton candy scentMoisturizing and nourishingLeaves skin feeling smooth",10/2/2024,5.0,Yes,0,0.5707,0.193,0.051,0.755,0.0063852230086922646,0.024234622716903687,0.0018380832625553012,0.7376901507377625,0.19814932346343994,0.019416142255067825,0.012286359444260597
236,"Paula's Choice SKIN PERFECTING 2% BHA Liquid Salicylic Acid Exfoliant-Facial Exfoliant for Blackheads, Enlarged Pores, Wrinkles & Fine Lines",,Ray Evert,The BEST,This is the absolute best sugar scrub I have tried. It has watermelon seeds in it as well and the watermelon scent fills up my entire house when I use it. My skin is so soft I never need lotion after. Will definitely recommend and purchase for a life time.,9/7/2024,5.0,Yes,0,0.8885,0.215,0.0,0.785,0.01153968833386898,0.16120028495788574,0.002986801555380225,0.04124176874756813,0.7658106684684753,0.009234418161213398,0.007986408658325672
237,"Paula's Choice SKIN PERFECTING 2% BHA Liquid Salicylic Acid Exfoliant-Facial Exfoliant for Blackheads, Enlarged Pores, Wrinkles & Fine Lines",,Kendall Dortch,Smells amazing,I do use it on my face and haven’t had any issues with burning or irritation. I don’t feel like the smell is too strong for face.,9/18/2024,5.0,Yes,0,0.3612,0.186,0.106,0.707,0.022256899625062943,0.9185211062431335,0.008569800294935703,0.0017412796150892973,0.03339147940278053,0.014410660602152348,0.001108798198401928
238,"Paula's Choice SKIN PERFECTING 2% BHA Liquid Salicylic Acid Exfoliant-Facial Exfoliant for Blackheads, Enlarged Pores, Wrinkles & Fine Lines",,grace davis,smells FIREEEE,"im a lime girl to death, so this is perfect. especially for the summer, literally smells like a margarita, so obsessed ⭐️⭐️⭐️⭐️⭐️",9/20/2024,5.0,Yes,0,0.1458,0.228,0.208,0.564,0.02612851932644844,0.019175780937075615,0.007398038636893034,0.3373749852180481,0.5514422655105591,0.018993357196450233,0.03948710486292839
239,"Paula's Choice SKIN PERFECTING 2% BHA Liquid Salicylic Acid Exfoliant-Facial Exfoliant for Blackheads, Enlarged Pores, Wrinkles & Fine Lines",,Miriam,Scent is great,Using it as foot scrub and it’s amazing. The smell is so goooood too,10/22/2024,5.0,Yes,0,0.5859,0.226,0.0,0.774,0.006758114323019981,0.36052781343460083,0.007262665778398514,0.21402738988399506,0.34813836216926575,0.016577279195189476,0.046708352863788605
240,"Tree Hut Vitamin C Shea Sugar Scrub, 18 oz, Ultra Hydrating and Exfoliating Scrub for Nourishing Essential Body Care","Our Tree Hut Vitamin C Sugar Scrub contains vitamin C, a powerhouse antioxidant that is known to help boost skin for a brighter, firmer, and more even-toned appearance. This Tree Hut Vitamin C Scrub also contains alpha-hydroxy acid (AHA) which can help to reveal a fresher-looking tone and texture. Sugar is Tree Hut’s natural exfoliant: it effectively polishes away dead skin while helping to boost circulation to the skin surface. Tree Hut exfoliating body scrub removes dull, dry skin to reveal glowing, soft, smooth skin. Deeply nourish and balance skin’s hydration to help restore skin's natural glow with Tree Hut Vitamin C Sugar Scrub. Natural Shea Butter is known to deeply moisturize, nourish, and soften dry skin while helping to promote elasticity. Natural oils condition skin to help prevent dryness and balance hydration for a refined, healthy glow. Tree Hut Shea Sugar Scrubs feature a 6-oil blend of: avocado oil, macadamia oil, sweet orange oil, sweet almond oil, evening primrose oil, and safflower oil.",Brandon Calitree,Eh,"I’ve been using this every couple of days for the past few weeks. Haven’t noticed a huge difference with the bumps on the back of my arms. It does have a nice texture and consistency and makes for a nice exfoliating scrub, but I haven’t seen the results. I was hoping for.",10/13/2024,3.0,Yes,5,0.7992,0.175,0.0,0.825,0.012216920033097267,0.10621858388185501,0.007679336704313755,0.011789944022893906,0.7778002619743347,0.023246629163622856,0.06104829162359238
241,"Tree Hut Vitamin C Shea Sugar Scrub, 18 oz, Ultra Hydrating and Exfoliating Scrub for Nourishing Essential Body Care","Our Tree Hut Vitamin C Sugar Scrub contains vitamin C, a powerhouse antioxidant that is known to help boost skin for a brighter, firmer, and more even-toned appearance. This Tree Hut Vitamin C Scrub also contains alpha-hydroxy acid (AHA) which can help to reveal a fresher-looking tone and texture. Sugar is Tree Hut’s natural exfoliant: it effectively polishes away dead skin while helping to boost circulation to the skin surface. Tree Hut exfoliating body scrub removes dull, dry skin to reveal glowing, soft, smooth skin. Deeply nourish and balance skin’s hydration to help restore skin's natural glow with Tree Hut Vitamin C Sugar Scrub. Natural Shea Butter is known to deeply moisturize, nourish, and soften dry skin while helping to promote elasticity. Natural oils condition skin to help prevent dryness and balance hydration for a refined, healthy glow. Tree Hut Shea Sugar Scrubs feature a 6-oil blend of: avocado oil, macadamia oil, sweet orange oil, sweet almond oil, evening primrose oil, and safflower oil.",Zee S.,It's alright for its purpose,I have a lot of KP so I really anticipated the results. I've only used one tube I would say it's made a difference but perhaps not as significant as I expected. Will use for 2 more months and update,10/17/2024,3.0,Yes,0,-0.2235,0.0,0.056,0.944,0.00755830155685544,0.0012086722999811172,0.008134085685014725,0.031244123354554176,0.14449402689933777,0.007097301073372364,0.8002634644508362
242,"Tree Hut Vitamin C Shea Sugar Scrub, 18 oz, Ultra Hydrating and Exfoliating Scrub for Nourishing Essential Body Care","Our Tree Hut Vitamin C Sugar Scrub contains vitamin C, a powerhouse antioxidant that is known to help boost skin for a brighter, firmer, and more even-toned appearance. This Tree Hut Vitamin C Scrub also contains alpha-hydroxy acid (AHA) which can help to reveal a fresher-looking tone and texture. Sugar is Tree Hut’s natural exfoliant: it effectively polishes away dead skin while helping to boost circulation to the skin surface. Tree Hut exfoliating body scrub removes dull, dry skin to reveal glowing, soft, smooth skin. Deeply nourish and balance skin’s hydration to help restore skin's natural glow with Tree Hut Vitamin C Sugar Scrub. Natural Shea Butter is known to deeply moisturize, nourish, and soften dry skin while helping to promote elasticity. Natural oils condition skin to help prevent dryness and balance hydration for a refined, healthy glow. Tree Hut Shea Sugar Scrubs feature a 6-oil blend of: avocado oil, macadamia oil, sweet orange oil, sweet almond oil, evening primrose oil, and safflower oil.",McStorme,It’s an OK product give us a try,"Just didn’t work for me as well as other products, but it didn’t injure me either",10/27/2024,3.0,Yes,0,0.1406,0.094,0.0,0.906,0.020975258201360703,0.0232579093426466,0.010379532352089882,0.006701831705868244,0.7599405646324158,0.1361067295074463,0.042638082057237625
243,"Tree Hut Vitamin C Shea Sugar Scrub, 18 oz, Ultra Hydrating and Exfoliating Scrub for Nourishing Essential Body Care","Our Tree Hut Vitamin C Sugar Scrub contains vitamin C, a powerhouse antioxidant that is known to help boost skin for a brighter, firmer, and more even-toned appearance. This Tree Hut Vitamin C Scrub also contains alpha-hydroxy acid (AHA) which can help to reveal a fresher-looking tone and texture. Sugar is Tree Hut’s natural exfoliant: it effectively polishes away dead skin while helping to boost circulation to the skin surface. Tree Hut exfoliating body scrub removes dull, dry skin to reveal glowing, soft, smooth skin. Deeply nourish and balance skin’s hydration to help restore skin's natural glow with Tree Hut Vitamin C Sugar Scrub. Natural Shea Butter is known to deeply moisturize, nourish, and soften dry skin while helping to promote elasticity. Natural oils condition skin to help prevent dryness and balance hydration for a refined, healthy glow. Tree Hut Shea Sugar Scrubs feature a 6-oil blend of: avocado oil, macadamia oil, sweet orange oil, sweet almond oil, evening primrose oil, and safflower oil.",Lila7223,Doesn't perform miracles,"This bottle is super small and filled with air it seems. Too much money for little product. After a week of using, I noticed my legs are less bumpy but I'm going to assume you gotta keep using it in order to see substantial results. Avoid getting on skin that is soft or using on gentle areas as this product may cause irritation",9/26/2024,3.0,Yes,2,0.0644,0.118,0.101,0.78,0.3418120741844177,0.2583748400211334,0.007809433154761791,0.002729409374296665,0.3099631667137146,0.06344124674797058,0.01586981490254402
244,"Tree Hut Vitamin C Shea Sugar Scrub, 18 oz, Ultra Hydrating and Exfoliating Scrub for Nourishing Essential Body Care","Our Tree Hut Vitamin C Sugar Scrub contains vitamin C, a powerhouse antioxidant that is known to help boost skin for a brighter, firmer, and more even-toned appearance. This Tree Hut Vitamin C Scrub also contains alpha-hydroxy acid (AHA) which can help to reveal a fresher-looking tone and texture. Sugar is Tree Hut’s natural exfoliant: it effectively polishes away dead skin while helping to boost circulation to the skin surface. Tree Hut exfoliating body scrub removes dull, dry skin to reveal glowing, soft, smooth skin. Deeply nourish and balance skin’s hydration to help restore skin's natural glow with Tree Hut Vitamin C Sugar Scrub. Natural Shea Butter is known to deeply moisturize, nourish, and soften dry skin while helping to promote elasticity. Natural oils condition skin to help prevent dryness and balance hydration for a refined, healthy glow. Tree Hut Shea Sugar Scrubs feature a 6-oil blend of: avocado oil, macadamia oil, sweet orange oil, sweet almond oil, evening primrose oil, and safflower oil.",j.,I like it,If you’re a self tan girly this really gets it off especially combined with an exfoliating glove. I really like the product; but the smell is absolutely horrible. It smells legit like throw up.,10/10/2024,3.0,Yes,0,-0.154,0.14,0.13,0.729,0.006724840495735407,0.9549816846847534,0.018533624708652496,0.0008232318796217442,0.010473433881998062,0.006760257761925459,0.0017031062161549926
245,"Tree Hut Vitamin C Shea Sugar Scrub, 18 oz, Ultra Hydrating and Exfoliating Scrub for Nourishing Essential Body Care","Our Tree Hut Vitamin C Sugar Scrub contains vitamin C, a powerhouse antioxidant that is known to help boost skin for a brighter, firmer, and more even-toned appearance. This Tree Hut Vitamin C Scrub also contains alpha-hydroxy acid (AHA) which can help to reveal a fresher-looking tone and texture. Sugar is Tree Hut’s natural exfoliant: it effectively polishes away dead skin while helping to boost circulation to the skin surface. Tree Hut exfoliating body scrub removes dull, dry skin to reveal glowing, soft, smooth skin. Deeply nourish and balance skin’s hydration to help restore skin's natural glow with Tree Hut Vitamin C Sugar Scrub. Natural Shea Butter is known to deeply moisturize, nourish, and soften dry skin while helping to promote elasticity. Natural oils condition skin to help prevent dryness and balance hydration for a refined, healthy glow. Tree Hut Shea Sugar Scrubs feature a 6-oil blend of: avocado oil, macadamia oil, sweet orange oil, sweet almond oil, evening primrose oil, and safflower oil.",Amazon Customer,$20 for half?,"I used this product for the first time last night and did like the products consistency; feels like it would definitely help with bumpy skin after a few uses, and my skin did feel soft after the one use so far, so I will definitely use the rest of it, but I don’t know that I’ll order again. I had just opened it, you can see the seal in the picture, and half the tube was air. I wouldn’t mind paying $20 for a FULL tube, but I can’t bring myself to pay that much for half a tube, and depending on what all you’re using it on, it will go quick. I’m not sure if this was a one off or if this is how they all come though.",7/30/2024,3.0,Yes,17,0.4601,0.072,0.032,0.896,0.007082146592438221,0.24072520434856415,0.01654575765132904,0.00872784573584795,0.6106753349304199,0.08478698879480362,0.03145672380924225
246,"Tree Hut Vitamin C Shea Sugar Scrub, 18 oz, Ultra Hydrating and Exfoliating Scrub for Nourishing Essential Body Care","Our Tree Hut Vitamin C Sugar Scrub contains vitamin C, a powerhouse antioxidant that is known to help boost skin for a brighter, firmer, and more even-toned appearance. This Tree Hut Vitamin C Scrub also contains alpha-hydroxy acid (AHA) which can help to reveal a fresher-looking tone and texture. Sugar is Tree Hut’s natural exfoliant: it effectively polishes away dead skin while helping to boost circulation to the skin surface. Tree Hut exfoliating body scrub removes dull, dry skin to reveal glowing, soft, smooth skin. Deeply nourish and balance skin’s hydration to help restore skin's natural glow with Tree Hut Vitamin C Sugar Scrub. Natural Shea Butter is known to deeply moisturize, nourish, and soften dry skin while helping to promote elasticity. Natural oils condition skin to help prevent dryness and balance hydration for a refined, healthy glow. Tree Hut Shea Sugar Scrubs feature a 6-oil blend of: avocado oil, macadamia oil, sweet orange oil, sweet almond oil, evening primrose oil, and safflower oil.",Quiera Bailey,Smaller than i thought,Small. Took forever to get,10/20/2024,3.0,Yes,0,0.0,0.0,0.0,1.0,0.007029754109680653,0.005823242478072643,0.009442977607250214,0.005593722686171532,0.8677367568016052,0.055965714156627655,0.04840791970491409
247,"Tree Hut Vitamin C Shea Sugar Scrub, 18 oz, Ultra Hydrating and Exfoliating Scrub for Nourishing Essential Body Care","Our Tree Hut Vitamin C Sugar Scrub contains vitamin C, a powerhouse antioxidant that is known to help boost skin for a brighter, firmer, and more even-toned appearance. This Tree Hut Vitamin C Scrub also contains alpha-hydroxy acid (AHA) which can help to reveal a fresher-looking tone and texture. Sugar is Tree Hut’s natural exfoliant: it effectively polishes away dead skin while helping to boost circulation to the skin surface. Tree Hut exfoliating body scrub removes dull, dry skin to reveal glowing, soft, smooth skin. Deeply nourish and balance skin’s hydration to help restore skin's natural glow with Tree Hut Vitamin C Sugar Scrub. Natural Shea Butter is known to deeply moisturize, nourish, and soften dry skin while helping to promote elasticity. Natural oils condition skin to help prevent dryness and balance hydration for a refined, healthy glow. Tree Hut Shea Sugar Scrubs feature a 6-oil blend of: avocado oil, macadamia oil, sweet orange oil, sweet almond oil, evening primrose oil, and safflower oil.",Amazon Customer,Works OK,"Works Ok. Not as effective as I would have hoped on keratosis pilaris on back of arms.  Based on price, I not sure it’s worth purchasing again.",9/8/2024,3.0,Yes,0,-0.0982,0.155,0.2,0.646,0.013008784502744675,0.043540094047784805,0.032752521336078644,0.014012771658599377,0.6852825284004211,0.12702055275440216,0.08438277989625931
248,"Tree Hut Vitamin C Shea Sugar Scrub, 18 oz, Ultra Hydrating and Exfoliating Scrub for Nourishing Essential Body Care","Our Tree Hut Vitamin C Sugar Scrub contains vitamin C, a powerhouse antioxidant that is known to help boost skin for a brighter, firmer, and more even-toned appearance. This Tree Hut Vitamin C Scrub also contains alpha-hydroxy acid (AHA) which can help to reveal a fresher-looking tone and texture. Sugar is Tree Hut’s natural exfoliant: it effectively polishes away dead skin while helping to boost circulation to the skin surface. Tree Hut exfoliating body scrub removes dull, dry skin to reveal glowing, soft, smooth skin. Deeply nourish and balance skin’s hydration to help restore skin's natural glow with Tree Hut Vitamin C Sugar Scrub. Natural Shea Butter is known to deeply moisturize, nourish, and soften dry skin while helping to promote elasticity. Natural oils condition skin to help prevent dryness and balance hydration for a refined, healthy glow. Tree Hut Shea Sugar Scrubs feature a 6-oil blend of: avocado oil, macadamia oil, sweet orange oil, sweet almond oil, evening primrose oil, and safflower oil.",mfrance74,Disappointed,I always had bumpy skin on my arm so I was excited to try this product. I was disappointed.. bumps are stilll here,10/10/2024,3.0,Yes,0,0.3976,0.124,0.0,0.876,0.005041155032813549,0.0018028285121545196,0.0066556003876030445,0.05092396214604378,0.08812414854764938,0.375874787569046,0.471577525138855
249,"Tree Hut Vitamin C Shea Sugar Scrub, 18 oz, Ultra Hydrating and Exfoliating Scrub for Nourishing Essential Body Care","Our Tree Hut Vitamin C Sugar Scrub contains vitamin C, a powerhouse antioxidant that is known to help boost skin for a brighter, firmer, and more even-toned appearance. This Tree Hut Vitamin C Scrub also contains alpha-hydroxy acid (AHA) which can help to reveal a fresher-looking tone and texture. Sugar is Tree Hut’s natural exfoliant: it effectively polishes away dead skin while helping to boost circulation to the skin surface. Tree Hut exfoliating body scrub removes dull, dry skin to reveal glowing, soft, smooth skin. Deeply nourish and balance skin’s hydration to help restore skin's natural glow with Tree Hut Vitamin C Sugar Scrub. Natural Shea Butter is known to deeply moisturize, nourish, and soften dry skin while helping to promote elasticity. Natural oils condition skin to help prevent dryness and balance hydration for a refined, healthy glow. Tree Hut Shea Sugar Scrubs feature a 6-oil blend of: avocado oil, macadamia oil, sweet orange oil, sweet almond oil, evening primrose oil, and safflower oil.",Anthony,Not what I thought,"I have a lot of bumps and ingrown hairs due to shaving. I have been using this for 3 weeks with no reduction in bumps. It does smooth my skin but it didn’t erase the bumps. So if u already have bumps and ingrown hairs, it might not erase them. But it should help prevent them for people with little to no bumps",8/8/2024,3.0,Yes,0,0.0772,0.074,0.07,0.856,0.016048267483711243,0.04717785865068436,0.014448598027229309,0.0059815263375639915,0.854792058467865,0.04304463043808937,0.01850707456469536
250,"Tree Hut Vitamin C Shea Sugar Scrub, 18 oz, Ultra Hydrating and Exfoliating Scrub for Nourishing Essential Body Care","Our Tree Hut Vitamin C Sugar Scrub contains vitamin C, a powerhouse antioxidant that is known to help boost skin for a brighter, firmer, and more even-toned appearance. This Tree Hut Vitamin C Scrub also contains alpha-hydroxy acid (AHA) which can help to reveal a fresher-looking tone and texture. Sugar is Tree Hut’s natural exfoliant: it effectively polishes away dead skin while helping to boost circulation to the skin surface. Tree Hut exfoliating body scrub removes dull, dry skin to reveal glowing, soft, smooth skin. Deeply nourish and balance skin’s hydration to help restore skin's natural glow with Tree Hut Vitamin C Sugar Scrub. Natural Shea Butter is known to deeply moisturize, nourish, and soften dry skin while helping to promote elasticity. Natural oils condition skin to help prevent dryness and balance hydration for a refined, healthy glow. Tree Hut Shea Sugar Scrubs feature a 6-oil blend of: avocado oil, macadamia oil, sweet orange oil, sweet almond oil, evening primrose oil, and safflower oil.",Ladeeda,Works well,Although this product works well it would be better if it came in a tub.  I find it very dry and difficult to squeeze out of the tube. Other than that it helps to exfoliate well which ultimately helps to remove those bumps.,8/22/2024,3.0,Yes,0,0.8194,0.246,0.055,0.699,0.005429525393992662,0.0921393483877182,0.0052971383556723595,0.017882874235510826,0.8204283118247986,0.048506878316402435,0.010315846651792526
251,"Tree Hut Vitamin C Shea Sugar Scrub, 18 oz, Ultra Hydrating and Exfoliating Scrub for Nourishing Essential Body Care","Our Tree Hut Vitamin C Sugar Scrub contains vitamin C, a powerhouse antioxidant that is known to help boost skin for a brighter, firmer, and more even-toned appearance. This Tree Hut Vitamin C Scrub also contains alpha-hydroxy acid (AHA) which can help to reveal a fresher-looking tone and texture. Sugar is Tree Hut’s natural exfoliant: it effectively polishes away dead skin while helping to boost circulation to the skin surface. Tree Hut exfoliating body scrub removes dull, dry skin to reveal glowing, soft, smooth skin. Deeply nourish and balance skin’s hydration to help restore skin's natural glow with Tree Hut Vitamin C Sugar Scrub. Natural Shea Butter is known to deeply moisturize, nourish, and soften dry skin while helping to promote elasticity. Natural oils condition skin to help prevent dryness and balance hydration for a refined, healthy glow. Tree Hut Shea Sugar Scrubs feature a 6-oil blend of: avocado oil, macadamia oil, sweet orange oil, sweet almond oil, evening primrose oil, and safflower oil.",Tricia,Unfortunately did not work,Our dermatologist recommended this product for my niece. Unfortunately it did not work for her. Granted she does have a severe case of eczema.,9/14/2024,3.0,Yes,0,-0.296,0.137,0.18,0.683,0.006405823398381472,0.01769138127565384,0.014640390872955322,0.0030777622014284134,0.1794600933790207,0.7418020367622375,0.03692250698804855
252,"Tree Hut Vitamin C Shea Sugar Scrub, 18 oz, Ultra Hydrating and Exfoliating Scrub for Nourishing Essential Body Care","Our Tree Hut Vitamin C Sugar Scrub contains vitamin C, a powerhouse antioxidant that is known to help boost skin for a brighter, firmer, and more even-toned appearance. This Tree Hut Vitamin C Scrub also contains alpha-hydroxy acid (AHA) which can help to reveal a fresher-looking tone and texture. Sugar is Tree Hut’s natural exfoliant: it effectively polishes away dead skin while helping to boost circulation to the skin surface. Tree Hut exfoliating body scrub removes dull, dry skin to reveal glowing, soft, smooth skin. Deeply nourish and balance skin’s hydration to help restore skin's natural glow with Tree Hut Vitamin C Sugar Scrub. Natural Shea Butter is known to deeply moisturize, nourish, and soften dry skin while helping to promote elasticity. Natural oils condition skin to help prevent dryness and balance hydration for a refined, healthy glow. Tree Hut Shea Sugar Scrubs feature a 6-oil blend of: avocado oil, macadamia oil, sweet orange oil, sweet almond oil, evening primrose oil, and safflower oil.",Nayya,Meh..,I’ve been using this for about a month and I haven’t really seen any results. But I will try to use it more regularly and see if I there’s any change,9/2/2024,3.0,Yes,0,0.0,0.0,0.0,1.0,0.00485190749168396,0.004311151336878538,0.0020213245879858732,0.007916933856904507,0.9094482660293579,0.00931365042924881,0.0621367022395134
253,"Tree Hut Vitamin C Shea Sugar Scrub, 18 oz, Ultra Hydrating and Exfoliating Scrub for Nourishing Essential Body Care","Our Tree Hut Vitamin C Sugar Scrub contains vitamin C, a powerhouse antioxidant that is known to help boost skin for a brighter, firmer, and more even-toned appearance. This Tree Hut Vitamin C Scrub also contains alpha-hydroxy acid (AHA) which can help to reveal a fresher-looking tone and texture. Sugar is Tree Hut’s natural exfoliant: it effectively polishes away dead skin while helping to boost circulation to the skin surface. Tree Hut exfoliating body scrub removes dull, dry skin to reveal glowing, soft, smooth skin. Deeply nourish and balance skin’s hydration to help restore skin's natural glow with Tree Hut Vitamin C Sugar Scrub. Natural Shea Butter is known to deeply moisturize, nourish, and soften dry skin while helping to promote elasticity. Natural oils condition skin to help prevent dryness and balance hydration for a refined, healthy glow. Tree Hut Shea Sugar Scrubs feature a 6-oil blend of: avocado oil, macadamia oil, sweet orange oil, sweet almond oil, evening primrose oil, and safflower oil.",Sensitive Lady,Very gritty and thick,Hard to spread due to the thickness and yes I know it's meant to Exfoliate but it was hard to spread 😔,9/17/2024,3.0,Yes,0,0.0129,0.085,0.129,0.785,0.01785884238779545,0.2611001133918762,0.015847818925976753,0.0137525275349617,0.6343886852264404,0.04234673082828522,0.014705242589116096
254,"Tree Hut Vitamin C Shea Sugar Scrub, 18 oz, Ultra Hydrating and Exfoliating Scrub for Nourishing Essential Body Care","Our Tree Hut Vitamin C Sugar Scrub contains vitamin C, a powerhouse antioxidant that is known to help boost skin for a brighter, firmer, and more even-toned appearance. This Tree Hut Vitamin C Scrub also contains alpha-hydroxy acid (AHA) which can help to reveal a fresher-looking tone and texture. Sugar is Tree Hut’s natural exfoliant: it effectively polishes away dead skin while helping to boost circulation to the skin surface. Tree Hut exfoliating body scrub removes dull, dry skin to reveal glowing, soft, smooth skin. Deeply nourish and balance skin’s hydration to help restore skin's natural glow with Tree Hut Vitamin C Sugar Scrub. Natural Shea Butter is known to deeply moisturize, nourish, and soften dry skin while helping to promote elasticity. Natural oils condition skin to help prevent dryness and balance hydration for a refined, healthy glow. Tree Hut Shea Sugar Scrubs feature a 6-oil blend of: avocado oil, macadamia oil, sweet orange oil, sweet almond oil, evening primrose oil, and safflower oil.",alicia,Regular exfoliant,"I was prepared for this to be great but it’s no better than a basic exfoliant and even though I took plastic wrap off of it and everything was intact, the bottle was less than half full",8/26/2024,3.0,Yes,0,0.7391,0.24,0.067,0.693,0.011670255102217197,0.11041994392871857,0.007228519767522812,0.011093362234532833,0.6795547604560852,0.07374188303947449,0.1062912717461586
255,"Tree Hut Vitamin C Shea Sugar Scrub, 18 oz, Ultra Hydrating and Exfoliating Scrub for Nourishing Essential Body Care","Our Tree Hut Vitamin C Sugar Scrub contains vitamin C, a powerhouse antioxidant that is known to help boost skin for a brighter, firmer, and more even-toned appearance. This Tree Hut Vitamin C Scrub also contains alpha-hydroxy acid (AHA) which can help to reveal a fresher-looking tone and texture. Sugar is Tree Hut’s natural exfoliant: it effectively polishes away dead skin while helping to boost circulation to the skin surface. Tree Hut exfoliating body scrub removes dull, dry skin to reveal glowing, soft, smooth skin. Deeply nourish and balance skin’s hydration to help restore skin's natural glow with Tree Hut Vitamin C Sugar Scrub. Natural Shea Butter is known to deeply moisturize, nourish, and soften dry skin while helping to promote elasticity. Natural oils condition skin to help prevent dryness and balance hydration for a refined, healthy glow. Tree Hut Shea Sugar Scrubs feature a 6-oil blend of: avocado oil, macadamia oil, sweet orange oil, sweet almond oil, evening primrose oil, and safflower oil.",Faith,Half a bottle for $20,This product has started to smooth my arms’ KP noticeably after 3 weeks of use (once per week). But once I run out I will look into different brands that actually give you a full bottle of product. Paying $20 for 4 ounces when they actually only give you 2 ounces is absurd.,8/21/2024,3.0,Yes,0,0.0,0.0,0.0,1.0,0.3262344300746918,0.37132149934768677,0.005321705248206854,0.002205465454608202,0.1652907431125641,0.008817669935524464,0.12080847471952438
256,"Tree Hut Vitamin C Shea Sugar Scrub, 18 oz, Ultra Hydrating and Exfoliating Scrub for Nourishing Essential Body Care","Our Tree Hut Vitamin C Sugar Scrub contains vitamin C, a powerhouse antioxidant that is known to help boost skin for a brighter, firmer, and more even-toned appearance. This Tree Hut Vitamin C Scrub also contains alpha-hydroxy acid (AHA) which can help to reveal a fresher-looking tone and texture. Sugar is Tree Hut’s natural exfoliant: it effectively polishes away dead skin while helping to boost circulation to the skin surface. Tree Hut exfoliating body scrub removes dull, dry skin to reveal glowing, soft, smooth skin. Deeply nourish and balance skin’s hydration to help restore skin's natural glow with Tree Hut Vitamin C Sugar Scrub. Natural Shea Butter is known to deeply moisturize, nourish, and soften dry skin while helping to promote elasticity. Natural oils condition skin to help prevent dryness and balance hydration for a refined, healthy glow. Tree Hut Shea Sugar Scrubs feature a 6-oil blend of: avocado oil, macadamia oil, sweet orange oil, sweet almond oil, evening primrose oil, and safflower oil.",Mackenzie Smith,Ok,Smells good but I used it for about 2 months and didn’t see any difference,9/11/2024,3.0,Yes,0,0.2382,0.14,0.0,0.86,0.0035691482480615377,0.032776620239019394,0.002536570420488715,0.4459908604621887,0.4798908829689026,0.012071555480360985,0.02316436730325222
257,"Tree Hut Vitamin C Shea Sugar Scrub, 18 oz, Ultra Hydrating and Exfoliating Scrub for Nourishing Essential Body Care","Our Tree Hut Vitamin C Sugar Scrub contains vitamin C, a powerhouse antioxidant that is known to help boost skin for a brighter, firmer, and more even-toned appearance. This Tree Hut Vitamin C Scrub also contains alpha-hydroxy acid (AHA) which can help to reveal a fresher-looking tone and texture. Sugar is Tree Hut’s natural exfoliant: it effectively polishes away dead skin while helping to boost circulation to the skin surface. Tree Hut exfoliating body scrub removes dull, dry skin to reveal glowing, soft, smooth skin. Deeply nourish and balance skin’s hydration to help restore skin's natural glow with Tree Hut Vitamin C Sugar Scrub. Natural Shea Butter is known to deeply moisturize, nourish, and soften dry skin while helping to promote elasticity. Natural oils condition skin to help prevent dryness and balance hydration for a refined, healthy glow. Tree Hut Shea Sugar Scrubs feature a 6-oil blend of: avocado oil, macadamia oil, sweet orange oil, sweet almond oil, evening primrose oil, and safflower oil.",maria,not full,The media could not be loaded.the product really works but it’s expensive and barley filled so watch out for that other reviews say the same thing as well this tube was half way filled,9/14/2024,3.0,Yes,2,0.3919,0.074,0.0,0.926,0.008092211559414864,0.00532238744199276,0.0029139420948922634,0.008293626829981804,0.5360074043273926,0.19720996916294098,0.24216048419475555
258,"Tree Hut Vitamin C Shea Sugar Scrub, 18 oz, Ultra Hydrating and Exfoliating Scrub for Nourishing Essential Body Care","Our Tree Hut Vitamin C Sugar Scrub contains vitamin C, a powerhouse antioxidant that is known to help boost skin for a brighter, firmer, and more even-toned appearance. This Tree Hut Vitamin C Scrub also contains alpha-hydroxy acid (AHA) which can help to reveal a fresher-looking tone and texture. Sugar is Tree Hut’s natural exfoliant: it effectively polishes away dead skin while helping to boost circulation to the skin surface. Tree Hut exfoliating body scrub removes dull, dry skin to reveal glowing, soft, smooth skin. Deeply nourish and balance skin’s hydration to help restore skin's natural glow with Tree Hut Vitamin C Sugar Scrub. Natural Shea Butter is known to deeply moisturize, nourish, and soften dry skin while helping to promote elasticity. Natural oils condition skin to help prevent dryness and balance hydration for a refined, healthy glow. Tree Hut Shea Sugar Scrubs feature a 6-oil blend of: avocado oil, macadamia oil, sweet orange oil, sweet almond oil, evening primrose oil, and safflower oil.",marta,Slow but for sure,I liked the way it made my skin feel good but it takes more than a couple of times to actually do its job,8/10/2024,3.0,Yes,0,0.431,0.161,0.0,0.839,0.0016465956578031182,0.0042581637389957905,0.00044536826317198575,0.9457277655601501,0.03789534419775009,0.004562652204185724,0.005464038345962763
259,"Tree Hut Vitamin C Shea Sugar Scrub, 18 oz, Ultra Hydrating and Exfoliating Scrub for Nourishing Essential Body Care","Our Tree Hut Vitamin C Sugar Scrub contains vitamin C, a powerhouse antioxidant that is known to help boost skin for a brighter, firmer, and more even-toned appearance. This Tree Hut Vitamin C Scrub also contains alpha-hydroxy acid (AHA) which can help to reveal a fresher-looking tone and texture. Sugar is Tree Hut’s natural exfoliant: it effectively polishes away dead skin while helping to boost circulation to the skin surface. Tree Hut exfoliating body scrub removes dull, dry skin to reveal glowing, soft, smooth skin. Deeply nourish and balance skin’s hydration to help restore skin's natural glow with Tree Hut Vitamin C Sugar Scrub. Natural Shea Butter is known to deeply moisturize, nourish, and soften dry skin while helping to promote elasticity. Natural oils condition skin to help prevent dryness and balance hydration for a refined, healthy glow. Tree Hut Shea Sugar Scrubs feature a 6-oil blend of: avocado oil, macadamia oil, sweet orange oil, sweet almond oil, evening primrose oil, and safflower oil.",Amazon Customer,"Does what it says, but pricey","Using this for a body scrub even if you only have patches of KP will use it up very quickly. It works very well, but you have to continue to use it for results to continue and that can be expensive. So, it is effective, but if you can find a more reasonably priced one I would try it first.",7/27/2024,3.0,Yes,0,0.7385,0.102,0.0,0.898,0.0059578134678304195,0.0071301572024822235,0.0019527142867445946,0.003997940570116043,0.968679666519165,0.006229038815945387,0.00605276133865118
260,"Tree Hut Vitamin C Shea Sugar Scrub, 18 oz, Ultra Hydrating and Exfoliating Scrub for Nourishing Essential Body Care","Our Tree Hut Vitamin C Sugar Scrub contains vitamin C, a powerhouse antioxidant that is known to help boost skin for a brighter, firmer, and more even-toned appearance. This Tree Hut Vitamin C Scrub also contains alpha-hydroxy acid (AHA) which can help to reveal a fresher-looking tone and texture. Sugar is Tree Hut’s natural exfoliant: it effectively polishes away dead skin while helping to boost circulation to the skin surface. Tree Hut exfoliating body scrub removes dull, dry skin to reveal glowing, soft, smooth skin. Deeply nourish and balance skin’s hydration to help restore skin's natural glow with Tree Hut Vitamin C Sugar Scrub. Natural Shea Butter is known to deeply moisturize, nourish, and soften dry skin while helping to promote elasticity. Natural oils condition skin to help prevent dryness and balance hydration for a refined, healthy glow. Tree Hut Shea Sugar Scrubs feature a 6-oil blend of: avocado oil, macadamia oil, sweet orange oil, sweet almond oil, evening primrose oil, and safflower oil.",Bryce,"Better when I used as directed, but still not what I hoped","I’ve been using this product for bumpy texture on my arms. When I first started using it, my skin felt irritated although bumps did decrease. Since I saw the directions to use once a week (oops! I was using it daily), it no longer feels irritating and the texture of my skin has improved on about 50% of my upper arms. This product didn’t blow me out of the water like it did for some other reviewers. For the price (it’s not cheap!) I would expect a little more erasing.",7/9/2024,3.0,Yes,0,-0.4912,0.06,0.094,0.846,0.9451559782028198,0.034109972417354584,0.0009776524966582656,0.0008384568500332534,0.012218780815601349,0.0036108726635575294,0.0030881778802722692
261,"Tree Hut Vitamin C Shea Sugar Scrub, 18 oz, Ultra Hydrating and Exfoliating Scrub for Nourishing Essential Body Care","Our Tree Hut Vitamin C Sugar Scrub contains vitamin C, a powerhouse antioxidant that is known to help boost skin for a brighter, firmer, and more even-toned appearance. This Tree Hut Vitamin C Scrub also contains alpha-hydroxy acid (AHA) which can help to reveal a fresher-looking tone and texture. Sugar is Tree Hut’s natural exfoliant: it effectively polishes away dead skin while helping to boost circulation to the skin surface. Tree Hut exfoliating body scrub removes dull, dry skin to reveal glowing, soft, smooth skin. Deeply nourish and balance skin’s hydration to help restore skin's natural glow with Tree Hut Vitamin C Sugar Scrub. Natural Shea Butter is known to deeply moisturize, nourish, and soften dry skin while helping to promote elasticity. Natural oils condition skin to help prevent dryness and balance hydration for a refined, healthy glow. Tree Hut Shea Sugar Scrubs feature a 6-oil blend of: avocado oil, macadamia oil, sweet orange oil, sweet almond oil, evening primrose oil, and safflower oil.",A.D. Wright,Some what Helped,"This product helped some, but not like I thought it would. It cleanses and moisturizes the skin to where you can tell you have put an exfoliate on it. It did not help the Keratosis Pilaris  go away, but it took some of the dry skin away. It flattened some of the raised dry skin, but did not erase the KP as it says. I was hopeful it would, but it didn't.  That's why I have such a meh mindset on this one. But still grateful it helped a little bit. Being happy for every little bit of help gets you closer to finding all the help you need, right. Maybe my daughter's KP is just more than the minimal amount. You'd have to try for yourself.",6/4/2024,3.0,Yes,2,0.5153,0.094,0.091,0.815,0.009434657171368599,0.013528174720704556,0.0020297635346651077,0.2540627121925354,0.4719443619251251,0.22511376440525055,0.02388656698167324
262,"Tree Hut Vitamin C Shea Sugar Scrub, 18 oz, Ultra Hydrating and Exfoliating Scrub for Nourishing Essential Body Care","Our Tree Hut Vitamin C Sugar Scrub contains vitamin C, a powerhouse antioxidant that is known to help boost skin for a brighter, firmer, and more even-toned appearance. This Tree Hut Vitamin C Scrub also contains alpha-hydroxy acid (AHA) which can help to reveal a fresher-looking tone and texture. Sugar is Tree Hut’s natural exfoliant: it effectively polishes away dead skin while helping to boost circulation to the skin surface. Tree Hut exfoliating body scrub removes dull, dry skin to reveal glowing, soft, smooth skin. Deeply nourish and balance skin’s hydration to help restore skin's natural glow with Tree Hut Vitamin C Sugar Scrub. Natural Shea Butter is known to deeply moisturize, nourish, and soften dry skin while helping to promote elasticity. Natural oils condition skin to help prevent dryness and balance hydration for a refined, healthy glow. Tree Hut Shea Sugar Scrubs feature a 6-oil blend of: avocado oil, macadamia oil, sweet orange oil, sweet almond oil, evening primrose oil, and safflower oil.",SME85,Too expensive for results,Hard to get out of the container but good exfoliator. Wouldn't say the price is fitting for results.,8/24/2024,3.0,Yes,0,0.5647,0.183,0.057,0.76,0.004743840545415878,0.03069133311510086,0.0016932074213400483,0.01911776512861252,0.8962609171867371,0.03140534088015556,0.016087578609585762
263,"Tree Hut Vitamin C Shea Sugar Scrub, 18 oz, Ultra Hydrating and Exfoliating Scrub for Nourishing Essential Body Care","Our Tree Hut Vitamin C Sugar Scrub contains vitamin C, a powerhouse antioxidant that is known to help boost skin for a brighter, firmer, and more even-toned appearance. This Tree Hut Vitamin C Scrub also contains alpha-hydroxy acid (AHA) which can help to reveal a fresher-looking tone and texture. Sugar is Tree Hut’s natural exfoliant: it effectively polishes away dead skin while helping to boost circulation to the skin surface. Tree Hut exfoliating body scrub removes dull, dry skin to reveal glowing, soft, smooth skin. Deeply nourish and balance skin’s hydration to help restore skin's natural glow with Tree Hut Vitamin C Sugar Scrub. Natural Shea Butter is known to deeply moisturize, nourish, and soften dry skin while helping to promote elasticity. Natural oils condition skin to help prevent dryness and balance hydration for a refined, healthy glow. Tree Hut Shea Sugar Scrubs feature a 6-oil blend of: avocado oil, macadamia oil, sweet orange oil, sweet almond oil, evening primrose oil, and safflower oil.",Laura Almonte,No he visto ninguna diferencia,"La “piel de gallina” se ve igual, pero la piel esta mucho mas suave",9/3/2024,3.0,Yes,0,0.4588,0.188,0.0,0.812,0.043448109179735184,0.3088500201702118,0.01631191186606884,0.028119711205363274,0.5688205361366272,0.02263975888490677,0.011809907853603363
264,"Tree Hut Vitamin C Shea Sugar Scrub, 18 oz, Ultra Hydrating and Exfoliating Scrub for Nourishing Essential Body Care","Our Tree Hut Vitamin C Sugar Scrub contains vitamin C, a powerhouse antioxidant that is known to help boost skin for a brighter, firmer, and more even-toned appearance. This Tree Hut Vitamin C Scrub also contains alpha-hydroxy acid (AHA) which can help to reveal a fresher-looking tone and texture. Sugar is Tree Hut’s natural exfoliant: it effectively polishes away dead skin while helping to boost circulation to the skin surface. Tree Hut exfoliating body scrub removes dull, dry skin to reveal glowing, soft, smooth skin. Deeply nourish and balance skin’s hydration to help restore skin's natural glow with Tree Hut Vitamin C Sugar Scrub. Natural Shea Butter is known to deeply moisturize, nourish, and soften dry skin while helping to promote elasticity. Natural oils condition skin to help prevent dryness and balance hydration for a refined, healthy glow. Tree Hut Shea Sugar Scrubs feature a 6-oil blend of: avocado oil, macadamia oil, sweet orange oil, sweet almond oil, evening primrose oil, and safflower oil.",Stephanie Panas,Incredibly Expensive,Salt or any other exfoliant works just as well. A nice product but absolutely not worth the price. Use a loofah and save $30.,7/30/2024,3.0,Yes,0,0.6523,0.275,0.086,0.639,0.009553095325827599,0.06070129573345184,0.001247862703166902,0.03454035520553589,0.851911723613739,0.03433796763420105,0.0077076442539691925
265,"Tree Hut Vitamin C Shea Sugar Scrub, 18 oz, Ultra Hydrating and Exfoliating Scrub for Nourishing Essential Body Care","Our Tree Hut Vitamin C Sugar Scrub contains vitamin C, a powerhouse antioxidant that is known to help boost skin for a brighter, firmer, and more even-toned appearance. This Tree Hut Vitamin C Scrub also contains alpha-hydroxy acid (AHA) which can help to reveal a fresher-looking tone and texture. Sugar is Tree Hut’s natural exfoliant: it effectively polishes away dead skin while helping to boost circulation to the skin surface. Tree Hut exfoliating body scrub removes dull, dry skin to reveal glowing, soft, smooth skin. Deeply nourish and balance skin’s hydration to help restore skin's natural glow with Tree Hut Vitamin C Sugar Scrub. Natural Shea Butter is known to deeply moisturize, nourish, and soften dry skin while helping to promote elasticity. Natural oils condition skin to help prevent dryness and balance hydration for a refined, healthy glow. Tree Hut Shea Sugar Scrubs feature a 6-oil blend of: avocado oil, macadamia oil, sweet orange oil, sweet almond oil, evening primrose oil, and safflower oil.",Stephanye,Okay,"It did not get rid of them all, I still have bumps but it did minimize a bit. Maybe it would be fully effective on someone who has fewer bumps. These are my after pictures using 3-4x a week for 2 weeks",7/22/2024,3.0,Yes,2,0.6798,0.11,0.0,0.89,0.005529078189283609,0.007257312070578337,0.002486806595697999,0.007125296629965305,0.9467464089393616,0.009324876591563225,0.0215301513671875
266,"Tree Hut Vitamin C Shea Sugar Scrub, 18 oz, Ultra Hydrating and Exfoliating Scrub for Nourishing Essential Body Care","Our Tree Hut Vitamin C Sugar Scrub contains vitamin C, a powerhouse antioxidant that is known to help boost skin for a brighter, firmer, and more even-toned appearance. This Tree Hut Vitamin C Scrub also contains alpha-hydroxy acid (AHA) which can help to reveal a fresher-looking tone and texture. Sugar is Tree Hut’s natural exfoliant: it effectively polishes away dead skin while helping to boost circulation to the skin surface. Tree Hut exfoliating body scrub removes dull, dry skin to reveal glowing, soft, smooth skin. Deeply nourish and balance skin’s hydration to help restore skin's natural glow with Tree Hut Vitamin C Sugar Scrub. Natural Shea Butter is known to deeply moisturize, nourish, and soften dry skin while helping to promote elasticity. Natural oils condition skin to help prevent dryness and balance hydration for a refined, healthy glow. Tree Hut Shea Sugar Scrubs feature a 6-oil blend of: avocado oil, macadamia oil, sweet orange oil, sweet almond oil, evening primrose oil, and safflower oil.",Positive.Nancy,No change,I haven’t seen anything different after a month but I like it either way. Very gritty and reminds me of cement,7/21/2024,3.0,Yes,0,0.5023,0.16,0.0,0.84,0.022287141531705856,0.20124049484729767,0.0076114945113658905,0.05604591220617294,0.6276592016220093,0.07655877619981766,0.008597011677920818
267,"Tree Hut Vitamin C Shea Sugar Scrub, 18 oz, Ultra Hydrating and Exfoliating Scrub for Nourishing Essential Body Care","Our Tree Hut Vitamin C Sugar Scrub contains vitamin C, a powerhouse antioxidant that is known to help boost skin for a brighter, firmer, and more even-toned appearance. This Tree Hut Vitamin C Scrub also contains alpha-hydroxy acid (AHA) which can help to reveal a fresher-looking tone and texture. Sugar is Tree Hut’s natural exfoliant: it effectively polishes away dead skin while helping to boost circulation to the skin surface. Tree Hut exfoliating body scrub removes dull, dry skin to reveal glowing, soft, smooth skin. Deeply nourish and balance skin’s hydration to help restore skin's natural glow with Tree Hut Vitamin C Sugar Scrub. Natural Shea Butter is known to deeply moisturize, nourish, and soften dry skin while helping to promote elasticity. Natural oils condition skin to help prevent dryness and balance hydration for a refined, healthy glow. Tree Hut Shea Sugar Scrubs feature a 6-oil blend of: avocado oil, macadamia oil, sweet orange oil, sweet almond oil, evening primrose oil, and safflower oil.",Meh,It works but,"I am not a fan of the design. The formula is very thick and chunky, almost like putting wet concrete on your skin. I did notice it helped clear up my KP which was good but since the formula is so thick and chunky it makes it hard to close the snap cap which was annoying. This was for the smaller bottle so maybe the bigger bottle has a twist cap, idk. I also think it’s a bit too overpriced",10/10/2024,2.0,Yes,0,-0.4362,0.066,0.102,0.831,0.02255237102508545,0.6994530558586121,0.008333219215273857,0.0023850081488490105,0.17676112055778503,0.0764814019203186,0.014033723622560501
268,"Tree Hut Vitamin C Shea Sugar Scrub, 18 oz, Ultra Hydrating and Exfoliating Scrub for Nourishing Essential Body Care","Our Tree Hut Vitamin C Sugar Scrub contains vitamin C, a powerhouse antioxidant that is known to help boost skin for a brighter, firmer, and more even-toned appearance. This Tree Hut Vitamin C Scrub also contains alpha-hydroxy acid (AHA) which can help to reveal a fresher-looking tone and texture. Sugar is Tree Hut’s natural exfoliant: it effectively polishes away dead skin while helping to boost circulation to the skin surface. Tree Hut exfoliating body scrub removes dull, dry skin to reveal glowing, soft, smooth skin. Deeply nourish and balance skin’s hydration to help restore skin's natural glow with Tree Hut Vitamin C Sugar Scrub. Natural Shea Butter is known to deeply moisturize, nourish, and soften dry skin while helping to promote elasticity. Natural oils condition skin to help prevent dryness and balance hydration for a refined, healthy glow. Tree Hut Shea Sugar Scrubs feature a 6-oil blend of: avocado oil, macadamia oil, sweet orange oil, sweet almond oil, evening primrose oil, and safflower oil.",Summer,Wasn’t impressed,"Despite this product being lauded everywhere, it hasn’t helped much. I do have bumps on my arms and hoped it would be the cure but I haven’t noticed much difference. My arms are a little smoother, but the bumps are still there. It does about the same as a homemade sugar scrub in my experience. Plus the tube is tiny!!",6/1/2024,3.0,Yes,5,0.3365,0.042,0.0,0.958,0.028378348797559738,0.2965143322944641,0.01911824382841587,0.021004941314458847,0.418933242559433,0.05303403362631798,0.1630169302225113
269,"Tree Hut Vitamin C Shea Sugar Scrub, 18 oz, Ultra Hydrating and Exfoliating Scrub for Nourishing Essential Body Care","Our Tree Hut Vitamin C Sugar Scrub contains vitamin C, a powerhouse antioxidant that is known to help boost skin for a brighter, firmer, and more even-toned appearance. This Tree Hut Vitamin C Scrub also contains alpha-hydroxy acid (AHA) which can help to reveal a fresher-looking tone and texture. Sugar is Tree Hut’s natural exfoliant: it effectively polishes away dead skin while helping to boost circulation to the skin surface. Tree Hut exfoliating body scrub removes dull, dry skin to reveal glowing, soft, smooth skin. Deeply nourish and balance skin’s hydration to help restore skin's natural glow with Tree Hut Vitamin C Sugar Scrub. Natural Shea Butter is known to deeply moisturize, nourish, and soften dry skin while helping to promote elasticity. Natural oils condition skin to help prevent dryness and balance hydration for a refined, healthy glow. Tree Hut Shea Sugar Scrubs feature a 6-oil blend of: avocado oil, macadamia oil, sweet orange oil, sweet almond oil, evening primrose oil, and safflower oil.",Ryan D.,Bottle comes barely full,I haven’t even got to use it yet and the bottle is less than halfway full. Not sure why the seller doesn’t use smaller packaging instead of using a large bottle and barely filling it up.Besides that I’m going to try it and update my review in a week. I’ve tried other brands to deal with KP and they’ve worked wonders for me so I hope this works as well,10/11/2024,2.0,Yes,0,0.5966,0.082,0.028,0.89,0.007636843714863062,0.010701284743845463,0.0017038353253155947,0.006053873337805271,0.6574464440345764,0.027781523764133453,0.2886761426925659
270,"Tree Hut Vitamin C Shea Sugar Scrub, 18 oz, Ultra Hydrating and Exfoliating Scrub for Nourishing Essential Body Care","Our Tree Hut Vitamin C Sugar Scrub contains vitamin C, a powerhouse antioxidant that is known to help boost skin for a brighter, firmer, and more even-toned appearance. This Tree Hut Vitamin C Scrub also contains alpha-hydroxy acid (AHA) which can help to reveal a fresher-looking tone and texture. Sugar is Tree Hut’s natural exfoliant: it effectively polishes away dead skin while helping to boost circulation to the skin surface. Tree Hut exfoliating body scrub removes dull, dry skin to reveal glowing, soft, smooth skin. Deeply nourish and balance skin’s hydration to help restore skin's natural glow with Tree Hut Vitamin C Sugar Scrub. Natural Shea Butter is known to deeply moisturize, nourish, and soften dry skin while helping to promote elasticity. Natural oils condition skin to help prevent dryness and balance hydration for a refined, healthy glow. Tree Hut Shea Sugar Scrubs feature a 6-oil blend of: avocado oil, macadamia oil, sweet orange oil, sweet almond oil, evening primrose oil, and safflower oil.",DJ,Wow. Honestly.,"I wish I had thought to take before/after photos of the KP I've dealt with on my thighs for most of my life. I have tried several other (and, in many cases, more expensive) products that claim to specifically combat KP over the years. Some of them even include many of the same ingredients as FAB's KP eraser scrub. Many exfoliants or acid acne treatments have similar components as well. I have to tell you, though: I never, not even once, noticed any positive change or results from using other products that claimed the same target.** Please note that KP is not the same thing as enlarged pores, folliculitis, razor bumps, dry/itchy winter skin, or body acne; eczema, psoriasis, allergies, and infections (fungal types or ingrown hairs can become infected) can overlap, exacerbate, or mimic symptoms and appearance, but KP is it's own thing, usually genetic, that causes excess keratin to build up around and sometimes block a hair follicle. You may see some improvement or not if you have another condition and are using this to help. If you have a chronic skin condition of any kind, see a dermatologist or other expert to know for certain what you're dealing with, before attempting to treat your skin. **My KP was much worse in my youth on my extremely fair skin. I resigned myself early in life to never really showing my legs unless forced. Now that I've tried this, I actually stand a chance of wanting to wear a pair of shorts one of these days and not feel nearly as self-conscious. I noticed an immediate difference in the texture of my skin and the reduction of my more troubling KP bumps where the keratin plug/hair follicle was particularly noticeable or pigmented and raised. FIRST USE RESULTS. And I'm not so easily impressed, but I've been loving it more and more as time goes by, so it wasn't simply honeymoon phase.The exfoliant has what I can only describe as a gritty, almost cement-like texture and appearance straight from the tube, a little stiffer than toothpaste and salt mixed together, less granular than sugar scrubs to me. You don't need a lot of it even for large problem areas -- it has good mileage/coverage -- and you don't really need to scrub to death (in fact, not recommended; this buffs away what needs to go and includes pumice bits so you don't necessarily need a pumice stone or anything). I use it on the areas in question or affected and nowhere else -- I have body washes and other such stuff for the rest of my body... This is made for KP and that's what I target.The first time, I used maybe a half-inch amount on each inner thigh, spread it gently with my fingers, and then used my pumice stone in small light circles over the most troublesome areas. Since then, I've only been using my konjac sponge, and a little less product overall. I go through the rest of my shower routine making sure to wash it away properly but I don't use other exfoliants or scrubs on these areas. I have sensitive (redhead) skin and don't want to make it any more sensitive and prone to sunburn than it already is without the help of a vague chemical peel. Still, twenty minutes after showering, I can feel the areas tingling lightly, and that's how I know the magic is truly happening at the level it needs to be happening on. It doesn't burn, itch, or irritate at all, and doesn't leave any dryness or any build-up in it's wake. It also doesn't have any detectable smell. Even though I could still see the more irritated, raised KP bumps, the texture and feel was so remarkably different and reduced, I could hardly believe my fingers. For me, this is huge, because if I can FEEL the bumps, I'm prone to picking at the larger ones until I've gone from little keratin bumps to full bloody sores.Using this scrub about twice a week, for almost 2 months now, I'm amazed at the new texture of my troubled areas. I've even noticed an overall reduction in the development of new plugs which I thought would never be the case. Yes, I tried it once on a rough patch at my elbow and it smoothed it out, as any good exfoliant likely would, but I'm not wasting this miraculous stuff on anything but my KP bumps.",4/5/2023,5.0,Yes,279,0.8391,0.095,0.081,0.824,0.013449802063405514,0.19123540818691254,0.00900840014219284,0.0022383746691048145,0.7446638345718384,0.01802798919379711,0.021376237273216248
271,"Tree Hut Vitamin C Shea Sugar Scrub, 18 oz, Ultra Hydrating and Exfoliating Scrub for Nourishing Essential Body Care","Our Tree Hut Vitamin C Sugar Scrub contains vitamin C, a powerhouse antioxidant that is known to help boost skin for a brighter, firmer, and more even-toned appearance. This Tree Hut Vitamin C Scrub also contains alpha-hydroxy acid (AHA) which can help to reveal a fresher-looking tone and texture. Sugar is Tree Hut’s natural exfoliant: it effectively polishes away dead skin while helping to boost circulation to the skin surface. Tree Hut exfoliating body scrub removes dull, dry skin to reveal glowing, soft, smooth skin. Deeply nourish and balance skin’s hydration to help restore skin's natural glow with Tree Hut Vitamin C Sugar Scrub. Natural Shea Butter is known to deeply moisturize, nourish, and soften dry skin while helping to promote elasticity. Natural oils condition skin to help prevent dryness and balance hydration for a refined, healthy glow. Tree Hut Shea Sugar Scrubs feature a 6-oil blend of: avocado oil, macadamia oil, sweet orange oil, sweet almond oil, evening primrose oil, and safflower oil.",I don’t think a human being can wear this.,Works so well on KP!,"I’ve had KP bumps on my upper arms since I was a kid, I’ve tried so many different scrubs and creams for it. I noticed a difference after just one use of this product, and after a few weeks of using it the difference is incredible! My arms are so smooth for the first time ever, and it’s even helped the redness a bit.I also used this on my bikini line and it helps with razor burn too!",10/17/2024,5.0,Yes,4,0.4912,0.043,0.0,0.957,0.017701735720038414,0.0424991175532341,0.005365722347050905,0.04155104234814644,0.2699648141860962,0.005183891858905554,0.6177337169647217
272,"Tree Hut Vitamin C Shea Sugar Scrub, 18 oz, Ultra Hydrating and Exfoliating Scrub for Nourishing Essential Body Care","Our Tree Hut Vitamin C Sugar Scrub contains vitamin C, a powerhouse antioxidant that is known to help boost skin for a brighter, firmer, and more even-toned appearance. This Tree Hut Vitamin C Scrub also contains alpha-hydroxy acid (AHA) which can help to reveal a fresher-looking tone and texture. Sugar is Tree Hut’s natural exfoliant: it effectively polishes away dead skin while helping to boost circulation to the skin surface. Tree Hut exfoliating body scrub removes dull, dry skin to reveal glowing, soft, smooth skin. Deeply nourish and balance skin’s hydration to help restore skin's natural glow with Tree Hut Vitamin C Sugar Scrub. Natural Shea Butter is known to deeply moisturize, nourish, and soften dry skin while helping to promote elasticity. Natural oils condition skin to help prevent dryness and balance hydration for a refined, healthy glow. Tree Hut Shea Sugar Scrubs feature a 6-oil blend of: avocado oil, macadamia oil, sweet orange oil, sweet almond oil, evening primrose oil, and safflower oil.",CJ,If you have KP you NEED!,"I’ve had KP for forever, and I’ve always just tried to use lotion and it’s not rlly helped, btw I have KP on the backs on my arms a bit of my knees and legs. I’ve always been kinda insecure about this and tried apricot scrub, a wash cloth but nothing seemed to work sadly. I bought the 14oz I think or somewhere around that on prime day, and it was 100% worth it. Honestly you can size down on the bottle size bc I only used a pea size in the shower and that’s enough for me. The formula is super think and gritty, kinda like kinetic sand texture. After I used this, I obviously immediately felt my arms being softer, after 3-4 uses the redness went down quite a bit. I wish I had pictures, but the more I keep to use it the better it gets. It is a bit expensive but you only use a little bit so my bottle will last me a long time. I definitely want to try out other things from this brand!",8/28/2024,4.0,Yes,13,0.9722,0.148,0.035,0.817,0.0038042874075472355,0.0070894500240683556,0.011449509300291538,0.01340552605688572,0.20930851995944977,0.6794085502624512,0.0755341649055481
273,"Tree Hut Vitamin C Shea Sugar Scrub, 18 oz, Ultra Hydrating and Exfoliating Scrub for Nourishing Essential Body Care","Our Tree Hut Vitamin C Sugar Scrub contains vitamin C, a powerhouse antioxidant that is known to help boost skin for a brighter, firmer, and more even-toned appearance. This Tree Hut Vitamin C Scrub also contains alpha-hydroxy acid (AHA) which can help to reveal a fresher-looking tone and texture. Sugar is Tree Hut’s natural exfoliant: it effectively polishes away dead skin while helping to boost circulation to the skin surface. Tree Hut exfoliating body scrub removes dull, dry skin to reveal glowing, soft, smooth skin. Deeply nourish and balance skin’s hydration to help restore skin's natural glow with Tree Hut Vitamin C Sugar Scrub. Natural Shea Butter is known to deeply moisturize, nourish, and soften dry skin while helping to promote elasticity. Natural oils condition skin to help prevent dryness and balance hydration for a refined, healthy glow. Tree Hut Shea Sugar Scrubs feature a 6-oil blend of: avocado oil, macadamia oil, sweet orange oil, sweet almond oil, evening primrose oil, and safflower oil.",Kathryn,This works,"I've been using this product as-needed for the last year and it's really effective. It helps reduce any little back-of-the-arm bumpies I have, and is a great exfoliate. It also lasts, I use it several times a week (a little goes a long way) and the 4 oz bottle lasted me almost an entire year.",10/21/2024,5.0,Yes,0,0.8849,0.184,0.0,0.816,0.004911099094897509,0.01983630657196045,0.001305473386310041,0.146719291806221,0.8021681904792786,0.013065117411315441,0.011994587257504463
274,"Tree Hut Vitamin C Shea Sugar Scrub, 18 oz, Ultra Hydrating and Exfoliating Scrub for Nourishing Essential Body Care","Our Tree Hut Vitamin C Sugar Scrub contains vitamin C, a powerhouse antioxidant that is known to help boost skin for a brighter, firmer, and more even-toned appearance. This Tree Hut Vitamin C Scrub also contains alpha-hydroxy acid (AHA) which can help to reveal a fresher-looking tone and texture. Sugar is Tree Hut’s natural exfoliant: it effectively polishes away dead skin while helping to boost circulation to the skin surface. Tree Hut exfoliating body scrub removes dull, dry skin to reveal glowing, soft, smooth skin. Deeply nourish and balance skin’s hydration to help restore skin's natural glow with Tree Hut Vitamin C Sugar Scrub. Natural Shea Butter is known to deeply moisturize, nourish, and soften dry skin while helping to promote elasticity. Natural oils condition skin to help prevent dryness and balance hydration for a refined, healthy glow. Tree Hut Shea Sugar Scrubs feature a 6-oil blend of: avocado oil, macadamia oil, sweet orange oil, sweet almond oil, evening primrose oil, and safflower oil.",Shreyas Sudhakar,WORKS IN 2 USES,"Literally the best scrub I've used in my entire life. After moving to the US, the bumps and mini white spots on my arms got worse in the fall-winter time. I used AmLactin religiously and it was alright, but after 2 uses of this (2 times per week so after literally 4 days) my bumps were GONE yall.",10/14/2024,5.0,Yes,3,0.2617,0.071,0.035,0.894,0.01747928373515606,0.7794318199157715,0.013007408939301968,0.003300332697108388,0.15851333737373352,0.01913776621222496,0.009129938669502735
275,"Tree Hut Vitamin C Shea Sugar Scrub, 18 oz, Ultra Hydrating and Exfoliating Scrub for Nourishing Essential Body Care","Our Tree Hut Vitamin C Sugar Scrub contains vitamin C, a powerhouse antioxidant that is known to help boost skin for a brighter, firmer, and more even-toned appearance. This Tree Hut Vitamin C Scrub also contains alpha-hydroxy acid (AHA) which can help to reveal a fresher-looking tone and texture. Sugar is Tree Hut’s natural exfoliant: it effectively polishes away dead skin while helping to boost circulation to the skin surface. Tree Hut exfoliating body scrub removes dull, dry skin to reveal glowing, soft, smooth skin. Deeply nourish and balance skin’s hydration to help restore skin's natural glow with Tree Hut Vitamin C Sugar Scrub. Natural Shea Butter is known to deeply moisturize, nourish, and soften dry skin while helping to promote elasticity. Natural oils condition skin to help prevent dryness and balance hydration for a refined, healthy glow. Tree Hut Shea Sugar Scrubs feature a 6-oil blend of: avocado oil, macadamia oil, sweet orange oil, sweet almond oil, evening primrose oil, and safflower oil.",Miranda,Can not rate this high enough,"Purchased for reddened and rough, raised on my upper arms. This product has worked wonders. My arms are now super smooth and less red and I only use this product maybe 2 times a week. It is very exfoliating and rubs the rough patches away.",10/15/2024,5.0,Yes,0,0.5994,0.087,0.0,0.913,0.011563911102712154,0.07162123918533325,0.0023653225507587194,0.024115819483995438,0.8552665114402771,0.020956838503479958,0.014110357500612736
276,"Tree Hut Vitamin C Shea Sugar Scrub, 18 oz, Ultra Hydrating and Exfoliating Scrub for Nourishing Essential Body Care","Our Tree Hut Vitamin C Sugar Scrub contains vitamin C, a powerhouse antioxidant that is known to help boost skin for a brighter, firmer, and more even-toned appearance. This Tree Hut Vitamin C Scrub also contains alpha-hydroxy acid (AHA) which can help to reveal a fresher-looking tone and texture. Sugar is Tree Hut’s natural exfoliant: it effectively polishes away dead skin while helping to boost circulation to the skin surface. Tree Hut exfoliating body scrub removes dull, dry skin to reveal glowing, soft, smooth skin. Deeply nourish and balance skin’s hydration to help restore skin's natural glow with Tree Hut Vitamin C Sugar Scrub. Natural Shea Butter is known to deeply moisturize, nourish, and soften dry skin while helping to promote elasticity. Natural oils condition skin to help prevent dryness and balance hydration for a refined, healthy glow. Tree Hut Shea Sugar Scrubs feature a 6-oil blend of: avocado oil, macadamia oil, sweet orange oil, sweet almond oil, evening primrose oil, and safflower oil.",Nautica Harris,Best I have ever used,If you are thinking twice of this... stop NOW and get it!! Saw major results in about 3 days of using the product!,10/26/2024,5.0,Yes,0,-0.4724,0.0,0.128,0.872,0.25189319252967834,0.028478413820266724,0.021907556802034378,0.02716699428856373,0.14511258900165558,0.019021324813365936,0.5064198970794678
277,"Tree Hut Vitamin C Shea Sugar Scrub, 18 oz, Ultra Hydrating and Exfoliating Scrub for Nourishing Essential Body Care","Our Tree Hut Vitamin C Sugar Scrub contains vitamin C, a powerhouse antioxidant that is known to help boost skin for a brighter, firmer, and more even-toned appearance. This Tree Hut Vitamin C Scrub also contains alpha-hydroxy acid (AHA) which can help to reveal a fresher-looking tone and texture. Sugar is Tree Hut’s natural exfoliant: it effectively polishes away dead skin while helping to boost circulation to the skin surface. Tree Hut exfoliating body scrub removes dull, dry skin to reveal glowing, soft, smooth skin. Deeply nourish and balance skin’s hydration to help restore skin's natural glow with Tree Hut Vitamin C Sugar Scrub. Natural Shea Butter is known to deeply moisturize, nourish, and soften dry skin while helping to promote elasticity. Natural oils condition skin to help prevent dryness and balance hydration for a refined, healthy glow. Tree Hut Shea Sugar Scrubs feature a 6-oil blend of: avocado oil, macadamia oil, sweet orange oil, sweet almond oil, evening primrose oil, and safflower oil.",Betsy,Not your average body scrub!,"Works so well, even after the first use. I wish it smelled a little better (I think it's unscented, or at least designed to be that way), but I usually just mix it with a little of my favorite body wash. My upper arms feel SO soft afterwards, and because you only need a little, it's lasted forever. Definitely worth the cost!",10/18/2024,4.0,Yes,0,0.9208,0.229,0.0,0.771,0.007075445726513863,0.226278617978096,0.005814755335450172,0.0978400781750679,0.568390965461731,0.06134345754981041,0.03325672075152397
278,"Tree Hut Vitamin C Shea Sugar Scrub, 18 oz, Ultra Hydrating and Exfoliating Scrub for Nourishing Essential Body Care","Our Tree Hut Vitamin C Sugar Scrub contains vitamin C, a powerhouse antioxidant that is known to help boost skin for a brighter, firmer, and more even-toned appearance. This Tree Hut Vitamin C Scrub also contains alpha-hydroxy acid (AHA) which can help to reveal a fresher-looking tone and texture. Sugar is Tree Hut’s natural exfoliant: it effectively polishes away dead skin while helping to boost circulation to the skin surface. Tree Hut exfoliating body scrub removes dull, dry skin to reveal glowing, soft, smooth skin. Deeply nourish and balance skin’s hydration to help restore skin's natural glow with Tree Hut Vitamin C Sugar Scrub. Natural Shea Butter is known to deeply moisturize, nourish, and soften dry skin while helping to promote elasticity. Natural oils condition skin to help prevent dryness and balance hydration for a refined, healthy glow. Tree Hut Shea Sugar Scrubs feature a 6-oil blend of: avocado oil, macadamia oil, sweet orange oil, sweet almond oil, evening primrose oil, and safflower oil.",Ang.D,Dried my hands.,It did help a bit with the KP from my arms but it dried my hands.  So I cannot use it as often. That’s why four stars. But it doesn’t help with my kp on my arms.,10/14/2024,4.0,Yes,0,0.6597,0.141,0.0,0.859,0.03048303909599781,0.14696936309337616,0.02528698369860649,0.006433757953345776,0.5602057576179504,0.207617849111557,0.023003265261650085
279,"Tree Hut Vitamin C Shea Sugar Scrub, 18 oz, Ultra Hydrating and Exfoliating Scrub for Nourishing Essential Body Care","Our Tree Hut Vitamin C Sugar Scrub contains vitamin C, a powerhouse antioxidant that is known to help boost skin for a brighter, firmer, and more even-toned appearance. This Tree Hut Vitamin C Scrub also contains alpha-hydroxy acid (AHA) which can help to reveal a fresher-looking tone and texture. Sugar is Tree Hut’s natural exfoliant: it effectively polishes away dead skin while helping to boost circulation to the skin surface. Tree Hut exfoliating body scrub removes dull, dry skin to reveal glowing, soft, smooth skin. Deeply nourish and balance skin’s hydration to help restore skin's natural glow with Tree Hut Vitamin C Sugar Scrub. Natural Shea Butter is known to deeply moisturize, nourish, and soften dry skin while helping to promote elasticity. Natural oils condition skin to help prevent dryness and balance hydration for a refined, healthy glow. Tree Hut Shea Sugar Scrubs feature a 6-oil blend of: avocado oil, macadamia oil, sweet orange oil, sweet almond oil, evening primrose oil, and safflower oil.",GLORY,Really works,"I still have a few bumps on my chest but it has gotten rid of 75%,and that's only using it maybe five times. And it makes your skin smooth. Will buy again when I run out for sure.",10/16/2024,5.0,Yes,0,0.4497,0.08,0.0,0.92,0.003074017819017172,0.005675855558365583,0.0016714595258235931,0.06469753384590149,0.8742918372154236,0.019354721531271935,0.0312346238642931
280,"Tree Hut Vitamin C Shea Sugar Scrub, 18 oz, Ultra Hydrating and Exfoliating Scrub for Nourishing Essential Body Care","Our Tree Hut Vitamin C Sugar Scrub contains vitamin C, a powerhouse antioxidant that is known to help boost skin for a brighter, firmer, and more even-toned appearance. This Tree Hut Vitamin C Scrub also contains alpha-hydroxy acid (AHA) which can help to reveal a fresher-looking tone and texture. Sugar is Tree Hut’s natural exfoliant: it effectively polishes away dead skin while helping to boost circulation to the skin surface. Tree Hut exfoliating body scrub removes dull, dry skin to reveal glowing, soft, smooth skin. Deeply nourish and balance skin’s hydration to help restore skin's natural glow with Tree Hut Vitamin C Sugar Scrub. Natural Shea Butter is known to deeply moisturize, nourish, and soften dry skin while helping to promote elasticity. Natural oils condition skin to help prevent dryness and balance hydration for a refined, healthy glow. Tree Hut Shea Sugar Scrubs feature a 6-oil blend of: avocado oil, macadamia oil, sweet orange oil, sweet almond oil, evening primrose oil, and safflower oil.",Anonymous4847364899,Review,"Very small :( almostvtrial size. Won't get much use of it for the $$ paid. Nice formula. Nice scent. Time will tell if helps anything. If helps, buy again only in larger quantity.",10/4/2024,4.0,Yes,0,0.7665,0.257,0.076,0.667,0.0053365398198366165,0.022875117138028145,0.0033237680327147245,0.03977465257048607,0.6332495212554932,0.2348317950963974,0.0606086440384388
281,"Tree Hut Vitamin C Shea Sugar Scrub, 18 oz, Ultra Hydrating and Exfoliating Scrub for Nourishing Essential Body Care","Our Tree Hut Vitamin C Sugar Scrub contains vitamin C, a powerhouse antioxidant that is known to help boost skin for a brighter, firmer, and more even-toned appearance. This Tree Hut Vitamin C Scrub also contains alpha-hydroxy acid (AHA) which can help to reveal a fresher-looking tone and texture. Sugar is Tree Hut’s natural exfoliant: it effectively polishes away dead skin while helping to boost circulation to the skin surface. Tree Hut exfoliating body scrub removes dull, dry skin to reveal glowing, soft, smooth skin. Deeply nourish and balance skin’s hydration to help restore skin's natural glow with Tree Hut Vitamin C Sugar Scrub. Natural Shea Butter is known to deeply moisturize, nourish, and soften dry skin while helping to promote elasticity. Natural oils condition skin to help prevent dryness and balance hydration for a refined, healthy glow. Tree Hut Shea Sugar Scrubs feature a 6-oil blend of: avocado oil, macadamia oil, sweet orange oil, sweet almond oil, evening primrose oil, and safflower oil.",Samay Houl,Great product,"I tried out this product a week ago. I could see the different. My skin is a little bit smoother, but the spot are still there. I will continue to use it some more to see if the spot will go away.",9/27/2024,4.0,Yes,0,0.0,0.0,0.0,1.0,0.00576492864638567,0.046247027814388275,0.007787104696035385,0.012910833582282066,0.887138307094574,0.022051498293876648,0.018100151792168617
282,"Tree Hut Vitamin C Shea Sugar Scrub, 18 oz, Ultra Hydrating and Exfoliating Scrub for Nourishing Essential Body Care","Our Tree Hut Vitamin C Sugar Scrub contains vitamin C, a powerhouse antioxidant that is known to help boost skin for a brighter, firmer, and more even-toned appearance. This Tree Hut Vitamin C Scrub also contains alpha-hydroxy acid (AHA) which can help to reveal a fresher-looking tone and texture. Sugar is Tree Hut’s natural exfoliant: it effectively polishes away dead skin while helping to boost circulation to the skin surface. Tree Hut exfoliating body scrub removes dull, dry skin to reveal glowing, soft, smooth skin. Deeply nourish and balance skin’s hydration to help restore skin's natural glow with Tree Hut Vitamin C Sugar Scrub. Natural Shea Butter is known to deeply moisturize, nourish, and soften dry skin while helping to promote elasticity. Natural oils condition skin to help prevent dryness and balance hydration for a refined, healthy glow. Tree Hut Shea Sugar Scrubs feature a 6-oil blend of: avocado oil, macadamia oil, sweet orange oil, sweet almond oil, evening primrose oil, and safflower oil.",Suzie,smooths out rough skin,Skin feels noticeably smoother after use. Effects not permanent however.,10/19/2024,4.0,Yes,0,0.0,0.0,0.0,1.0,0.004190674517303705,0.0893281102180481,0.0031431589741259813,0.07886794954538345,0.7890240550041199,0.02574240230023861,0.009703593328595161
283,"Tree Hut Vitamin C Shea Sugar Scrub, 18 oz, Ultra Hydrating and Exfoliating Scrub for Nourishing Essential Body Care","Our Tree Hut Vitamin C Sugar Scrub contains vitamin C, a powerhouse antioxidant that is known to help boost skin for a brighter, firmer, and more even-toned appearance. This Tree Hut Vitamin C Scrub also contains alpha-hydroxy acid (AHA) which can help to reveal a fresher-looking tone and texture. Sugar is Tree Hut’s natural exfoliant: it effectively polishes away dead skin while helping to boost circulation to the skin surface. Tree Hut exfoliating body scrub removes dull, dry skin to reveal glowing, soft, smooth skin. Deeply nourish and balance skin’s hydration to help restore skin's natural glow with Tree Hut Vitamin C Sugar Scrub. Natural Shea Butter is known to deeply moisturize, nourish, and soften dry skin while helping to promote elasticity. Natural oils condition skin to help prevent dryness and balance hydration for a refined, healthy glow. Tree Hut Shea Sugar Scrubs feature a 6-oil blend of: avocado oil, macadamia oil, sweet orange oil, sweet almond oil, evening primrose oil, and safflower oil.",V,BEWARE,"This product works really well, almost TOO well. Tread lightly don’t scrub days too close together because this is high duty stuff.",10/5/2024,4.0,Yes,0,0.584,0.193,0.0,0.807,0.009842843748629093,0.019624294713139534,0.00523361237719655,0.003603629069402814,0.9529013633728027,0.0038125428836792707,0.004981665872037411
284,"Tree Hut Vitamin C Shea Sugar Scrub, 18 oz, Ultra Hydrating and Exfoliating Scrub for Nourishing Essential Body Care","Our Tree Hut Vitamin C Sugar Scrub contains vitamin C, a powerhouse antioxidant that is known to help boost skin for a brighter, firmer, and more even-toned appearance. This Tree Hut Vitamin C Scrub also contains alpha-hydroxy acid (AHA) which can help to reveal a fresher-looking tone and texture. Sugar is Tree Hut’s natural exfoliant: it effectively polishes away dead skin while helping to boost circulation to the skin surface. Tree Hut exfoliating body scrub removes dull, dry skin to reveal glowing, soft, smooth skin. Deeply nourish and balance skin’s hydration to help restore skin's natural glow with Tree Hut Vitamin C Sugar Scrub. Natural Shea Butter is known to deeply moisturize, nourish, and soften dry skin while helping to promote elasticity. Natural oils condition skin to help prevent dryness and balance hydration for a refined, healthy glow. Tree Hut Shea Sugar Scrubs feature a 6-oil blend of: avocado oil, macadamia oil, sweet orange oil, sweet almond oil, evening primrose oil, and safflower oil.",Kira,Meh,"This is my second time purchasing this. Idk, It works but it takes some time for sure. So far it's only somewhat flattened my kp bumps.",10/3/2024,4.0,Yes,0,0.4019,0.105,0.044,0.851,0.005109511315822601,0.005893928464502096,0.00311953853815794,0.01792456954717636,0.9124504923820496,0.009193368256092072,0.04630863666534424
285,"Tree Hut Vitamin C Shea Sugar Scrub, 18 oz, Ultra Hydrating and Exfoliating Scrub for Nourishing Essential Body Care","Our Tree Hut Vitamin C Sugar Scrub contains vitamin C, a powerhouse antioxidant that is known to help boost skin for a brighter, firmer, and more even-toned appearance. This Tree Hut Vitamin C Scrub also contains alpha-hydroxy acid (AHA) which can help to reveal a fresher-looking tone and texture. Sugar is Tree Hut’s natural exfoliant: it effectively polishes away dead skin while helping to boost circulation to the skin surface. Tree Hut exfoliating body scrub removes dull, dry skin to reveal glowing, soft, smooth skin. Deeply nourish and balance skin’s hydration to help restore skin's natural glow with Tree Hut Vitamin C Sugar Scrub. Natural Shea Butter is known to deeply moisturize, nourish, and soften dry skin while helping to promote elasticity. Natural oils condition skin to help prevent dryness and balance hydration for a refined, healthy glow. Tree Hut Shea Sugar Scrubs feature a 6-oil blend of: avocado oil, macadamia oil, sweet orange oil, sweet almond oil, evening primrose oil, and safflower oil.",MYC,My bumpy arms are smoother,Used it a few times now and I can tell the difference right away. The little bumps on my arms are smoother now and also the redness lessened.,10/16/2024,5.0,Yes,0,0.0,0.0,0.0,1.0,0.0058157779276371,0.02410448156297207,0.0025501048658043146,0.015565135516226292,0.9168344736099243,0.011147838085889816,0.023982258513569832
286,"Tree Hut Vitamin C Shea Sugar Scrub, 18 oz, Ultra Hydrating and Exfoliating Scrub for Nourishing Essential Body Care","Our Tree Hut Vitamin C Sugar Scrub contains vitamin C, a powerhouse antioxidant that is known to help boost skin for a brighter, firmer, and more even-toned appearance. This Tree Hut Vitamin C Scrub also contains alpha-hydroxy acid (AHA) which can help to reveal a fresher-looking tone and texture. Sugar is Tree Hut’s natural exfoliant: it effectively polishes away dead skin while helping to boost circulation to the skin surface. Tree Hut exfoliating body scrub removes dull, dry skin to reveal glowing, soft, smooth skin. Deeply nourish and balance skin’s hydration to help restore skin's natural glow with Tree Hut Vitamin C Sugar Scrub. Natural Shea Butter is known to deeply moisturize, nourish, and soften dry skin while helping to promote elasticity. Natural oils condition skin to help prevent dryness and balance hydration for a refined, healthy glow. Tree Hut Shea Sugar Scrubs feature a 6-oil blend of: avocado oil, macadamia oil, sweet orange oil, sweet almond oil, evening primrose oil, and safflower oil.",Arieke Clarke,Favorite,I don’t want anything else. This scrub gets the job done.,10/28/2024,5.0,Yes,0,0.0772,0.126,0.0,0.874,0.29548215866088867,0.3749907612800598,0.012651214376091957,0.00396611588075757,0.2837667465209961,0.026027381420135498,0.003115555737167597
287,"Tree Hut Vitamin C Shea Sugar Scrub, 18 oz, Ultra Hydrating and Exfoliating Scrub for Nourishing Essential Body Care","Our Tree Hut Vitamin C Sugar Scrub contains vitamin C, a powerhouse antioxidant that is known to help boost skin for a brighter, firmer, and more even-toned appearance. This Tree Hut Vitamin C Scrub also contains alpha-hydroxy acid (AHA) which can help to reveal a fresher-looking tone and texture. Sugar is Tree Hut’s natural exfoliant: it effectively polishes away dead skin while helping to boost circulation to the skin surface. Tree Hut exfoliating body scrub removes dull, dry skin to reveal glowing, soft, smooth skin. Deeply nourish and balance skin’s hydration to help restore skin's natural glow with Tree Hut Vitamin C Sugar Scrub. Natural Shea Butter is known to deeply moisturize, nourish, and soften dry skin while helping to promote elasticity. Natural oils condition skin to help prevent dryness and balance hydration for a refined, healthy glow. Tree Hut Shea Sugar Scrubs feature a 6-oil blend of: avocado oil, macadamia oil, sweet orange oil, sweet almond oil, evening primrose oil, and safflower oil.",Mommyto1B,Ok product,I find this product to only be OK based on the results of the product and the price. It seems too expensive for the results. You can get other brands for cheaper with the same results.,9/24/2024,4.0,Yes,0,0.4466,0.079,0.0,0.921,0.02519361488521099,0.20334354043006897,0.005841385573148727,0.0027353677432984114,0.6214364767074585,0.10833483934402466,0.03311479091644287
288,"Tree Hut Vitamin C Shea Sugar Scrub, 18 oz, Ultra Hydrating and Exfoliating Scrub for Nourishing Essential Body Care","Our Tree Hut Vitamin C Sugar Scrub contains vitamin C, a powerhouse antioxidant that is known to help boost skin for a brighter, firmer, and more even-toned appearance. This Tree Hut Vitamin C Scrub also contains alpha-hydroxy acid (AHA) which can help to reveal a fresher-looking tone and texture. Sugar is Tree Hut’s natural exfoliant: it effectively polishes away dead skin while helping to boost circulation to the skin surface. Tree Hut exfoliating body scrub removes dull, dry skin to reveal glowing, soft, smooth skin. Deeply nourish and balance skin’s hydration to help restore skin's natural glow with Tree Hut Vitamin C Sugar Scrub. Natural Shea Butter is known to deeply moisturize, nourish, and soften dry skin while helping to promote elasticity. Natural oils condition skin to help prevent dryness and balance hydration for a refined, healthy glow. Tree Hut Shea Sugar Scrubs feature a 6-oil blend of: avocado oil, macadamia oil, sweet orange oil, sweet almond oil, evening primrose oil, and safflower oil.",shelton brown,Best face scrub,This is good,10/14/2024,4.0,Yes,0,0.4404,0.592,0.0,0.408,0.0037281110417097807,0.008454466238617897,0.0008215919369831681,0.7716541886329651,0.19526879489421844,0.0034388015046715736,0.0166340135037899
289,"Tree Hut Vitamin C Shea Sugar Scrub, 18 oz, Ultra Hydrating and Exfoliating Scrub for Nourishing Essential Body Care","Our Tree Hut Vitamin C Sugar Scrub contains vitamin C, a powerhouse antioxidant that is known to help boost skin for a brighter, firmer, and more even-toned appearance. This Tree Hut Vitamin C Scrub also contains alpha-hydroxy acid (AHA) which can help to reveal a fresher-looking tone and texture. Sugar is Tree Hut’s natural exfoliant: it effectively polishes away dead skin while helping to boost circulation to the skin surface. Tree Hut exfoliating body scrub removes dull, dry skin to reveal glowing, soft, smooth skin. Deeply nourish and balance skin’s hydration to help restore skin's natural glow with Tree Hut Vitamin C Sugar Scrub. Natural Shea Butter is known to deeply moisturize, nourish, and soften dry skin while helping to promote elasticity. Natural oils condition skin to help prevent dryness and balance hydration for a refined, healthy glow. Tree Hut Shea Sugar Scrubs feature a 6-oil blend of: avocado oil, macadamia oil, sweet orange oil, sweet almond oil, evening primrose oil, and safflower oil.",Don't call me Shirley,Sooooo thick,"I like the product but I'm pretty strong and it's really hard to get out of the tube. Not sure if I got a weird batch, but I have to fold it in half to get enough leverage to squeeze it out. 🤷‍♀️",9/13/2024,4.0,Yes,0,0.7156,0.21,0.131,0.66,0.06066029518842697,0.20615015923976898,0.1511443853378296,0.039461035281419754,0.4783734679222107,0.022141652181744576,0.042068906128406525
290,"Tree Hut Vitamin C Shea Sugar Scrub, 18 oz, Ultra Hydrating and Exfoliating Scrub for Nourishing Essential Body Care","Our Tree Hut Vitamin C Sugar Scrub contains vitamin C, a powerhouse antioxidant that is known to help boost skin for a brighter, firmer, and more even-toned appearance. This Tree Hut Vitamin C Scrub also contains alpha-hydroxy acid (AHA) which can help to reveal a fresher-looking tone and texture. Sugar is Tree Hut’s natural exfoliant: it effectively polishes away dead skin while helping to boost circulation to the skin surface. Tree Hut exfoliating body scrub removes dull, dry skin to reveal glowing, soft, smooth skin. Deeply nourish and balance skin’s hydration to help restore skin's natural glow with Tree Hut Vitamin C Sugar Scrub. Natural Shea Butter is known to deeply moisturize, nourish, and soften dry skin while helping to promote elasticity. Natural oils condition skin to help prevent dryness and balance hydration for a refined, healthy glow. Tree Hut Shea Sugar Scrubs feature a 6-oil blend of: avocado oil, macadamia oil, sweet orange oil, sweet almond oil, evening primrose oil, and safflower oil.",Shanna,Wow!,KP bump eraser is awesome! My arms are smoother than they have ever been! It really doesn't take much and I've followed instructions and applied a good lotion right after my shower. My bumps are almost completely gone! I definitely recommend trying it for yourself.Just ordered some for my sons.,10/3/2024,5.0,Yes,5,0.9239,0.233,0.0,0.767,0.008676263503730297,0.007763860747218132,0.002505397889763117,0.4202578067779541,0.4528559148311615,0.008566591888666153,0.09937415271997452
291,"Tree Hut Vitamin C Shea Sugar Scrub, 18 oz, Ultra Hydrating and Exfoliating Scrub for Nourishing Essential Body Care","Our Tree Hut Vitamin C Sugar Scrub contains vitamin C, a powerhouse antioxidant that is known to help boost skin for a brighter, firmer, and more even-toned appearance. This Tree Hut Vitamin C Scrub also contains alpha-hydroxy acid (AHA) which can help to reveal a fresher-looking tone and texture. Sugar is Tree Hut’s natural exfoliant: it effectively polishes away dead skin while helping to boost circulation to the skin surface. Tree Hut exfoliating body scrub removes dull, dry skin to reveal glowing, soft, smooth skin. Deeply nourish and balance skin’s hydration to help restore skin's natural glow with Tree Hut Vitamin C Sugar Scrub. Natural Shea Butter is known to deeply moisturize, nourish, and soften dry skin while helping to promote elasticity. Natural oils condition skin to help prevent dryness and balance hydration for a refined, healthy glow. Tree Hut Shea Sugar Scrubs feature a 6-oil blend of: avocado oil, macadamia oil, sweet orange oil, sweet almond oil, evening primrose oil, and safflower oil.",Alyssa L.,LOVE THIS STUFF!,Highly recommend! I use it all over my body not just my arms and it makes my skin feel so good!,10/16/2024,5.0,Yes,0,0.7974,0.283,0.0,0.717,0.0037937273737043142,0.013401799835264683,0.0012205142993479967,0.836239755153656,0.1259850114583969,0.007792581804096699,0.011566572822630405
292,"Tree Hut Vitamin C Shea Sugar Scrub, 18 oz, Ultra Hydrating and Exfoliating Scrub for Nourishing Essential Body Care","Our Tree Hut Vitamin C Sugar Scrub contains vitamin C, a powerhouse antioxidant that is known to help boost skin for a brighter, firmer, and more even-toned appearance. This Tree Hut Vitamin C Scrub also contains alpha-hydroxy acid (AHA) which can help to reveal a fresher-looking tone and texture. Sugar is Tree Hut’s natural exfoliant: it effectively polishes away dead skin while helping to boost circulation to the skin surface. Tree Hut exfoliating body scrub removes dull, dry skin to reveal glowing, soft, smooth skin. Deeply nourish and balance skin’s hydration to help restore skin's natural glow with Tree Hut Vitamin C Sugar Scrub. Natural Shea Butter is known to deeply moisturize, nourish, and soften dry skin while helping to promote elasticity. Natural oils condition skin to help prevent dryness and balance hydration for a refined, healthy glow. Tree Hut Shea Sugar Scrubs feature a 6-oil blend of: avocado oil, macadamia oil, sweet orange oil, sweet almond oil, evening primrose oil, and safflower oil.",alex sierra,"BEST scrub/exfoliator product, def recommend","i’ve purchased this product many times, a little expensive but super worth it, leaves skin super soft afterwards :)",10/14/2024,5.0,Yes,0,0.9535,0.537,0.0,0.463,0.005966319236904383,0.010670595802366734,0.0010248945327475667,0.8635199666023254,0.07328556478023529,0.0220723245292902,0.02346036024391651
293,"Tree Hut Vitamin C Shea Sugar Scrub, 18 oz, Ultra Hydrating and Exfoliating Scrub for Nourishing Essential Body Care","Our Tree Hut Vitamin C Sugar Scrub contains vitamin C, a powerhouse antioxidant that is known to help boost skin for a brighter, firmer, and more even-toned appearance. This Tree Hut Vitamin C Scrub also contains alpha-hydroxy acid (AHA) which can help to reveal a fresher-looking tone and texture. Sugar is Tree Hut’s natural exfoliant: it effectively polishes away dead skin while helping to boost circulation to the skin surface. Tree Hut exfoliating body scrub removes dull, dry skin to reveal glowing, soft, smooth skin. Deeply nourish and balance skin’s hydration to help restore skin's natural glow with Tree Hut Vitamin C Sugar Scrub. Natural Shea Butter is known to deeply moisturize, nourish, and soften dry skin while helping to promote elasticity. Natural oils condition skin to help prevent dryness and balance hydration for a refined, healthy glow. Tree Hut Shea Sugar Scrubs feature a 6-oil blend of: avocado oil, macadamia oil, sweet orange oil, sweet almond oil, evening primrose oil, and safflower oil.",Amazon Customer,Strawberry Legs Be GONE,"Ive been prone to razor burn, strawberry legs, ingrown hairs all my life. Using this 2/3x a week totally reduces that.",10/11/2024,5.0,Yes,0,0.0,0.0,0.0,1.0,0.293527215719223,0.13059955835342407,0.01779164746403694,0.002735845046117902,0.4618005156517029,0.06896048039197922,0.02458474598824978
294,"Tree Hut Vitamin C Shea Sugar Scrub, 18 oz, Ultra Hydrating and Exfoliating Scrub for Nourishing Essential Body Care","Our Tree Hut Vitamin C Sugar Scrub contains vitamin C, a powerhouse antioxidant that is known to help boost skin for a brighter, firmer, and more even-toned appearance. This Tree Hut Vitamin C Scrub also contains alpha-hydroxy acid (AHA) which can help to reveal a fresher-looking tone and texture. Sugar is Tree Hut’s natural exfoliant: it effectively polishes away dead skin while helping to boost circulation to the skin surface. Tree Hut exfoliating body scrub removes dull, dry skin to reveal glowing, soft, smooth skin. Deeply nourish and balance skin’s hydration to help restore skin's natural glow with Tree Hut Vitamin C Sugar Scrub. Natural Shea Butter is known to deeply moisturize, nourish, and soften dry skin while helping to promote elasticity. Natural oils condition skin to help prevent dryness and balance hydration for a refined, healthy glow. Tree Hut Shea Sugar Scrubs feature a 6-oil blend of: avocado oil, macadamia oil, sweet orange oil, sweet almond oil, evening primrose oil, and safflower oil.",Tina,One of the best exfoliators out there.,"One of my top favorite body scrubs. Leaves skin silky smooth and a little goes a long way. It’s extremely coarse but still ground finely. I wouldn’t use it about my chin or one my face but everywhere else is great. I have tough, dry skin and this stuff has drastically changed my skin. Total game changer. The only complaint I have is that there is a slight salty scent but no problem, it doesn’t stick- just use your favorite scented body wash after. Definitely recommend.",9/10/2024,5.0,Yes,5,0.8735,0.197,0.108,0.695,0.02719874121248722,0.4074691832065582,0.006999893579632044,0.01913977786898613,0.5112292766571045,0.023286903277039528,0.0046762144193053246
295,"Tree Hut Vitamin C Shea Sugar Scrub, 18 oz, Ultra Hydrating and Exfoliating Scrub for Nourishing Essential Body Care","Our Tree Hut Vitamin C Sugar Scrub contains vitamin C, a powerhouse antioxidant that is known to help boost skin for a brighter, firmer, and more even-toned appearance. This Tree Hut Vitamin C Scrub also contains alpha-hydroxy acid (AHA) which can help to reveal a fresher-looking tone and texture. Sugar is Tree Hut’s natural exfoliant: it effectively polishes away dead skin while helping to boost circulation to the skin surface. Tree Hut exfoliating body scrub removes dull, dry skin to reveal glowing, soft, smooth skin. Deeply nourish and balance skin’s hydration to help restore skin's natural glow with Tree Hut Vitamin C Sugar Scrub. Natural Shea Butter is known to deeply moisturize, nourish, and soften dry skin while helping to promote elasticity. Natural oils condition skin to help prevent dryness and balance hydration for a refined, healthy glow. Tree Hut Shea Sugar Scrubs feature a 6-oil blend of: avocado oil, macadamia oil, sweet orange oil, sweet almond oil, evening primrose oil, and safflower oil.",cver,Bump remover!,I have dealt with bumpy skin this summer and this product really helped reduce the blimishes.,10/16/2024,5.0,Yes,0,0.0,0.0,0.0,1.0,0.01004499476402998,0.04723867028951645,0.02418643981218338,0.04542826861143112,0.761297345161438,0.08699998259544373,0.02480434812605381
296,"Tree Hut Vitamin C Shea Sugar Scrub, 18 oz, Ultra Hydrating and Exfoliating Scrub for Nourishing Essential Body Care","Our Tree Hut Vitamin C Sugar Scrub contains vitamin C, a powerhouse antioxidant that is known to help boost skin for a brighter, firmer, and more even-toned appearance. This Tree Hut Vitamin C Scrub also contains alpha-hydroxy acid (AHA) which can help to reveal a fresher-looking tone and texture. Sugar is Tree Hut’s natural exfoliant: it effectively polishes away dead skin while helping to boost circulation to the skin surface. Tree Hut exfoliating body scrub removes dull, dry skin to reveal glowing, soft, smooth skin. Deeply nourish and balance skin’s hydration to help restore skin's natural glow with Tree Hut Vitamin C Sugar Scrub. Natural Shea Butter is known to deeply moisturize, nourish, and soften dry skin while helping to promote elasticity. Natural oils condition skin to help prevent dryness and balance hydration for a refined, healthy glow. Tree Hut Shea Sugar Scrubs feature a 6-oil blend of: avocado oil, macadamia oil, sweet orange oil, sweet almond oil, evening primrose oil, and safflower oil.",Drew S,Works as described.,If you use it consistently and continuously you will see results. Didn’t experience the pain and burning others have stated. Not 100% but much better and less noticeable,10/7/2024,5.0,Yes,2,0.4019,0.12,0.067,0.812,0.062285590916872025,0.12931181490421295,0.008303413167595863,0.005166047718375921,0.590312659740448,0.16660085320472717,0.038019634783267975
297,"Tree Hut Vitamin C Shea Sugar Scrub, 18 oz, Ultra Hydrating and Exfoliating Scrub for Nourishing Essential Body Care","Our Tree Hut Vitamin C Sugar Scrub contains vitamin C, a powerhouse antioxidant that is known to help boost skin for a brighter, firmer, and more even-toned appearance. This Tree Hut Vitamin C Scrub also contains alpha-hydroxy acid (AHA) which can help to reveal a fresher-looking tone and texture. Sugar is Tree Hut’s natural exfoliant: it effectively polishes away dead skin while helping to boost circulation to the skin surface. Tree Hut exfoliating body scrub removes dull, dry skin to reveal glowing, soft, smooth skin. Deeply nourish and balance skin’s hydration to help restore skin's natural glow with Tree Hut Vitamin C Sugar Scrub. Natural Shea Butter is known to deeply moisturize, nourish, and soften dry skin while helping to promote elasticity. Natural oils condition skin to help prevent dryness and balance hydration for a refined, healthy glow. Tree Hut Shea Sugar Scrubs feature a 6-oil blend of: avocado oil, macadamia oil, sweet orange oil, sweet almond oil, evening primrose oil, and safflower oil.",Nathaniel,Works great,Makes my legs smooth after shaving. Hate the smell but doesn’t linger.,9/20/2024,4.0,Yes,0,-0.3291,0.0,0.176,0.824,0.10970814526081085,0.8503679037094116,0.0023096331860870123,0.0033379944507032633,0.017610689625144005,0.015915634110569954,0.0007499822531826794
298,"Tree Hut Vitamin C Shea Sugar Scrub, 18 oz, Ultra Hydrating and Exfoliating Scrub for Nourishing Essential Body Care","Our Tree Hut Vitamin C Sugar Scrub contains vitamin C, a powerhouse antioxidant that is known to help boost skin for a brighter, firmer, and more even-toned appearance. This Tree Hut Vitamin C Scrub also contains alpha-hydroxy acid (AHA) which can help to reveal a fresher-looking tone and texture. Sugar is Tree Hut’s natural exfoliant: it effectively polishes away dead skin while helping to boost circulation to the skin surface. Tree Hut exfoliating body scrub removes dull, dry skin to reveal glowing, soft, smooth skin. Deeply nourish and balance skin’s hydration to help restore skin's natural glow with Tree Hut Vitamin C Sugar Scrub. Natural Shea Butter is known to deeply moisturize, nourish, and soften dry skin while helping to promote elasticity. Natural oils condition skin to help prevent dryness and balance hydration for a refined, healthy glow. Tree Hut Shea Sugar Scrubs feature a 6-oil blend of: avocado oil, macadamia oil, sweet orange oil, sweet almond oil, evening primrose oil, and safflower oil.",Haylee Drury,AMAZING!!!,"I use this produce once a week in my bikini area, and I have never felt so smooth!!!! Especially the bum!!",10/8/2024,5.0,Yes,0,0.0,0.0,0.0,1.0,0.016472861170768738,0.09095417708158493,0.024387573823332787,0.1806667596101761,0.3354760706424713,0.059767864644527435,0.29227471351623535
299,"Tree Hut Vitamin C Shea Sugar Scrub, 18 oz, Ultra Hydrating and Exfoliating Scrub for Nourishing Essential Body Care","Our Tree Hut Vitamin C Sugar Scrub contains vitamin C, a powerhouse antioxidant that is known to help boost skin for a brighter, firmer, and more even-toned appearance. This Tree Hut Vitamin C Scrub also contains alpha-hydroxy acid (AHA) which can help to reveal a fresher-looking tone and texture. Sugar is Tree Hut’s natural exfoliant: it effectively polishes away dead skin while helping to boost circulation to the skin surface. Tree Hut exfoliating body scrub removes dull, dry skin to reveal glowing, soft, smooth skin. Deeply nourish and balance skin’s hydration to help restore skin's natural glow with Tree Hut Vitamin C Sugar Scrub. Natural Shea Butter is known to deeply moisturize, nourish, and soften dry skin while helping to promote elasticity. Natural oils condition skin to help prevent dryness and balance hydration for a refined, healthy glow. Tree Hut Shea Sugar Scrubs feature a 6-oil blend of: avocado oil, macadamia oil, sweet orange oil, sweet almond oil, evening primrose oil, and safflower oil.",Darby,This stuff is the holy grail for KP,"Bought this around one month ago. The before and after is unbelievable. It took a couple weeks to get my skin adjusted to it, but I have less than a quarter of the bumps I had before I started. There is still some redness, yes, but it has been reduced significantly. Of all the lotions and creams I've used, this is the only thing that's made a significant difference. I recommend using it in a very strict routine, you can really tell when you've gone a few extra days without using it. I use it twice a week. KP is an excess of keratin in the skin, and the only way to curb that is to keep treatment consistent. I apply this in the shower to my upper arms (once the skin has been under warm water for some time and gotten soft) and rub it in in a circle pattern with one of those Korean beauty cloths. I find using the cloth protects my hands (the pumice in this product can be tough), adds another layer of physical exfoliation,  and the cloth doesn't absorb the product like a loofah or a rag does. It's great, totally worth the price for how much is needed to see results (for me it's only a quarter or so sized dollop on each arm!) Be sure to use lotion afterward, but nothing terribly heavy.",7/24/2024,5.0,Yes,38,0.9904,0.164,0.0,0.836,0.007601118180900812,0.04372948408126831,0.004135897383093834,0.011181074194610119,0.8939960598945618,0.007309268228709698,0.032047174870967865
300,"Tree Hut Vitamin C Shea Sugar Scrub, 18 oz, Ultra Hydrating and Exfoliating Scrub for Nourishing Essential Body Care","Our Tree Hut Vitamin C Sugar Scrub contains vitamin C, a powerhouse antioxidant that is known to help boost skin for a brighter, firmer, and more even-toned appearance. This Tree Hut Vitamin C Scrub also contains alpha-hydroxy acid (AHA) which can help to reveal a fresher-looking tone and texture. Sugar is Tree Hut’s natural exfoliant: it effectively polishes away dead skin while helping to boost circulation to the skin surface. Tree Hut exfoliating body scrub removes dull, dry skin to reveal glowing, soft, smooth skin. Deeply nourish and balance skin’s hydration to help restore skin's natural glow with Tree Hut Vitamin C Sugar Scrub. Natural Shea Butter is known to deeply moisturize, nourish, and soften dry skin while helping to promote elasticity. Natural oils condition skin to help prevent dryness and balance hydration for a refined, healthy glow. Tree Hut Shea Sugar Scrubs feature a 6-oil blend of: avocado oil, macadamia oil, sweet orange oil, sweet almond oil, evening primrose oil, and safflower oil.",Kaitlyn Headlee,Worked quick!,Noticed results after just one use! I didn’t have a lot of bumps though to be fair. But I did have some on my arms and this worked really well!,10/5/2024,5.0,Yes,4,0.6512,0.176,0.0,0.824,0.0116837527602911,0.007740939501672983,0.0016211682232096791,0.052995529025793076,0.43431663513183594,0.012790578417479992,0.47885146737098694
301,"Tree Hut Vitamin C Shea Sugar Scrub, 18 oz, Ultra Hydrating and Exfoliating Scrub for Nourishing Essential Body Care","Our Tree Hut Vitamin C Sugar Scrub contains vitamin C, a powerhouse antioxidant that is known to help boost skin for a brighter, firmer, and more even-toned appearance. This Tree Hut Vitamin C Scrub also contains alpha-hydroxy acid (AHA) which can help to reveal a fresher-looking tone and texture. Sugar is Tree Hut’s natural exfoliant: it effectively polishes away dead skin while helping to boost circulation to the skin surface. Tree Hut exfoliating body scrub removes dull, dry skin to reveal glowing, soft, smooth skin. Deeply nourish and balance skin’s hydration to help restore skin's natural glow with Tree Hut Vitamin C Sugar Scrub. Natural Shea Butter is known to deeply moisturize, nourish, and soften dry skin while helping to promote elasticity. Natural oils condition skin to help prevent dryness and balance hydration for a refined, healthy glow. Tree Hut Shea Sugar Scrubs feature a 6-oil blend of: avocado oil, macadamia oil, sweet orange oil, sweet almond oil, evening primrose oil, and safflower oil.",Joy,Love love love,"I dont have the ""strawberry legs"" but I do get ingrown hairs. This has been a life saver. With hyper pigmentation, ingrown hairs leave marks that last me for months. This stops it before it starts. The day before a shave and the next few days after is my go to that works for me. My legs feel smooth and dont have anymore itchy ingrown hairs! Don't love the price but its been great for me. I'll buy again.",9/13/2024,5.0,Yes,8,0.3423,0.095,0.09,0.815,0.0059049054980278015,0.011600073426961899,0.002144312020391226,0.49814972281455994,0.4216366112232208,0.039357833564281464,0.02120647206902504
302,"Tree Hut Vitamin C Shea Sugar Scrub, 18 oz, Ultra Hydrating and Exfoliating Scrub for Nourishing Essential Body Care","Our Tree Hut Vitamin C Sugar Scrub contains vitamin C, a powerhouse antioxidant that is known to help boost skin for a brighter, firmer, and more even-toned appearance. This Tree Hut Vitamin C Scrub also contains alpha-hydroxy acid (AHA) which can help to reveal a fresher-looking tone and texture. Sugar is Tree Hut’s natural exfoliant: it effectively polishes away dead skin while helping to boost circulation to the skin surface. Tree Hut exfoliating body scrub removes dull, dry skin to reveal glowing, soft, smooth skin. Deeply nourish and balance skin’s hydration to help restore skin's natural glow with Tree Hut Vitamin C Sugar Scrub. Natural Shea Butter is known to deeply moisturize, nourish, and soften dry skin while helping to promote elasticity. Natural oils condition skin to help prevent dryness and balance hydration for a refined, healthy glow. Tree Hut Shea Sugar Scrubs feature a 6-oil blend of: avocado oil, macadamia oil, sweet orange oil, sweet almond oil, evening primrose oil, and safflower oil.",Erica A,Works!,"To be completely honest, I've used this with the Seraphic Skincare Premium Exfoliating Mitts for Body (black gloves ordered from Amazon too) and my legs are SO much better, months later! I was starting to notice a more noticeable difference about a month after using them 2x a week.I can't tell if it's mainly from this product, or the mitts that are helping! But since it's been working... 5 stars from me!",9/10/2024,5.0,Yes,2,0.7622,0.12,0.0,0.88,0.016319790855050087,0.02127208560705185,0.002149582840502262,0.07270471751689911,0.43229052424430847,0.01349644735455513,0.4417669177055359
303,"Tree Hut Vitamin C Shea Sugar Scrub, 18 oz, Ultra Hydrating and Exfoliating Scrub for Nourishing Essential Body Care","Our Tree Hut Vitamin C Sugar Scrub contains vitamin C, a powerhouse antioxidant that is known to help boost skin for a brighter, firmer, and more even-toned appearance. This Tree Hut Vitamin C Scrub also contains alpha-hydroxy acid (AHA) which can help to reveal a fresher-looking tone and texture. Sugar is Tree Hut’s natural exfoliant: it effectively polishes away dead skin while helping to boost circulation to the skin surface. Tree Hut exfoliating body scrub removes dull, dry skin to reveal glowing, soft, smooth skin. Deeply nourish and balance skin’s hydration to help restore skin's natural glow with Tree Hut Vitamin C Sugar Scrub. Natural Shea Butter is known to deeply moisturize, nourish, and soften dry skin while helping to promote elasticity. Natural oils condition skin to help prevent dryness and balance hydration for a refined, healthy glow. Tree Hut Shea Sugar Scrubs feature a 6-oil blend of: avocado oil, macadamia oil, sweet orange oil, sweet almond oil, evening primrose oil, and safflower oil.",AXMom,Works great!,"The first time I tried the First Aid Beauty KP Bump Eraser Body Scrub Exfoliant, I was surprised how well it worked. It removed the bumps from my arms and legs. I love the texture and has no scent. What I like the most is that it actually works and the price is totally worth it. Wish I had pictures of my before. It's a great product. I wouldn't use anything else for KP.",9/11/2024,5.0,Yes,3,0.9664,0.283,0.026,0.691,0.003730779979377985,0.004286668729037046,0.0016485062660649419,0.020259501412510872,0.044108886271715164,0.001825731131248176,0.9241398572921753
304,"Tree Hut Vitamin C Shea Sugar Scrub, 18 oz, Ultra Hydrating and Exfoliating Scrub for Nourishing Essential Body Care","Our Tree Hut Vitamin C Sugar Scrub contains vitamin C, a powerhouse antioxidant that is known to help boost skin for a brighter, firmer, and more even-toned appearance. This Tree Hut Vitamin C Scrub also contains alpha-hydroxy acid (AHA) which can help to reveal a fresher-looking tone and texture. Sugar is Tree Hut’s natural exfoliant: it effectively polishes away dead skin while helping to boost circulation to the skin surface. Tree Hut exfoliating body scrub removes dull, dry skin to reveal glowing, soft, smooth skin. Deeply nourish and balance skin’s hydration to help restore skin's natural glow with Tree Hut Vitamin C Sugar Scrub. Natural Shea Butter is known to deeply moisturize, nourish, and soften dry skin while helping to promote elasticity. Natural oils condition skin to help prevent dryness and balance hydration for a refined, healthy glow. Tree Hut Shea Sugar Scrubs feature a 6-oil blend of: avocado oil, macadamia oil, sweet orange oil, sweet almond oil, evening primrose oil, and safflower oil.",KCH,Amazing,This is the only product that has ever helped my wife’s arms and she has tried everything for her “chicken skin”. After 2 or 3 uses her arms are smooth like never before. Worth every penny.,9/27/2024,5.0,Yes,2,0.2105,0.069,0.046,0.885,0.009410761296749115,0.022180480882525444,0.0011223115725442767,0.021544242277741432,0.9084254503250122,0.0054662288166582584,0.03185056149959564
305,"Tree Hut Vitamin C Shea Sugar Scrub, 18 oz, Ultra Hydrating and Exfoliating Scrub for Nourishing Essential Body Care","Our Tree Hut Vitamin C Sugar Scrub contains vitamin C, a powerhouse antioxidant that is known to help boost skin for a brighter, firmer, and more even-toned appearance. This Tree Hut Vitamin C Scrub also contains alpha-hydroxy acid (AHA) which can help to reveal a fresher-looking tone and texture. Sugar is Tree Hut’s natural exfoliant: it effectively polishes away dead skin while helping to boost circulation to the skin surface. Tree Hut exfoliating body scrub removes dull, dry skin to reveal glowing, soft, smooth skin. Deeply nourish and balance skin’s hydration to help restore skin's natural glow with Tree Hut Vitamin C Sugar Scrub. Natural Shea Butter is known to deeply moisturize, nourish, and soften dry skin while helping to promote elasticity. Natural oils condition skin to help prevent dryness and balance hydration for a refined, healthy glow. Tree Hut Shea Sugar Scrubs feature a 6-oil blend of: avocado oil, macadamia oil, sweet orange oil, sweet almond oil, evening primrose oil, and safflower oil.",Nasu,Its good body scrub.,"I love it and I try many product, but finally this work for me🥰",10/10/2024,5.0,Yes,0,0.3818,0.191,0.0,0.809,0.012124619446694851,0.0019829259254038334,0.004323908593505621,0.8300186991691589,0.10223205387592316,0.00802884716540575,0.041288938373327255
306,"Tree Hut Vitamin C Shea Sugar Scrub, 18 oz, Ultra Hydrating and Exfoliating Scrub for Nourishing Essential Body Care","Our Tree Hut Vitamin C Sugar Scrub contains vitamin C, a powerhouse antioxidant that is known to help boost skin for a brighter, firmer, and more even-toned appearance. This Tree Hut Vitamin C Scrub also contains alpha-hydroxy acid (AHA) which can help to reveal a fresher-looking tone and texture. Sugar is Tree Hut’s natural exfoliant: it effectively polishes away dead skin while helping to boost circulation to the skin surface. Tree Hut exfoliating body scrub removes dull, dry skin to reveal glowing, soft, smooth skin. Deeply nourish and balance skin’s hydration to help restore skin's natural glow with Tree Hut Vitamin C Sugar Scrub. Natural Shea Butter is known to deeply moisturize, nourish, and soften dry skin while helping to promote elasticity. Natural oils condition skin to help prevent dryness and balance hydration for a refined, healthy glow. Tree Hut Shea Sugar Scrubs feature a 6-oil blend of: avocado oil, macadamia oil, sweet orange oil, sweet almond oil, evening primrose oil, and safflower oil.",Emily,The Bumps Are Gone,"I have the little bumps on the backs of my arms and legs. I was trying to find something to get rid of them so I was more confident in my sleeveless wedding dress, along with just in general. This stuff worked after just one day. My skin was less red and after using this once sometimes twice I week it’s gone. I continue to use it to exfoliate my skin. My biggest complaint however is the smell. It’s not terrible, but it smells like a cheap red wine. I also loved the little travel bottle it came with!",9/2/2024,5.0,Yes,6,0.9071,0.128,0.027,0.845,0.004592251963913441,0.9419406652450562,0.012844962999224663,0.003473200835287571,0.027282344177365303,0.008286279626190662,0.0015803499845787883
307,"Tree Hut Vitamin C Shea Sugar Scrub, 18 oz, Ultra Hydrating and Exfoliating Scrub for Nourishing Essential Body Care","Our Tree Hut Vitamin C Sugar Scrub contains vitamin C, a powerhouse antioxidant that is known to help boost skin for a brighter, firmer, and more even-toned appearance. This Tree Hut Vitamin C Scrub also contains alpha-hydroxy acid (AHA) which can help to reveal a fresher-looking tone and texture. Sugar is Tree Hut’s natural exfoliant: it effectively polishes away dead skin while helping to boost circulation to the skin surface. Tree Hut exfoliating body scrub removes dull, dry skin to reveal glowing, soft, smooth skin. Deeply nourish and balance skin’s hydration to help restore skin's natural glow with Tree Hut Vitamin C Sugar Scrub. Natural Shea Butter is known to deeply moisturize, nourish, and soften dry skin while helping to promote elasticity. Natural oils condition skin to help prevent dryness and balance hydration for a refined, healthy glow. Tree Hut Shea Sugar Scrubs feature a 6-oil blend of: avocado oil, macadamia oil, sweet orange oil, sweet almond oil, evening primrose oil, and safflower oil.",Tanya Leigh,The best exfoliation ever!,Worth every penny!Totally buffs away dead skin.,10/14/2024,5.0,Yes,0,-0.5707,0.165,0.4,0.435,0.19382375478744507,0.5402113199234009,0.026112014427781105,0.005100565031170845,0.15917067229747772,0.055277250707149506,0.02030441164970398
308,"Tree Hut Vitamin C Shea Sugar Scrub, 18 oz, Ultra Hydrating and Exfoliating Scrub for Nourishing Essential Body Care","Our Tree Hut Vitamin C Sugar Scrub contains vitamin C, a powerhouse antioxidant that is known to help boost skin for a brighter, firmer, and more even-toned appearance. This Tree Hut Vitamin C Scrub also contains alpha-hydroxy acid (AHA) which can help to reveal a fresher-looking tone and texture. Sugar is Tree Hut’s natural exfoliant: it effectively polishes away dead skin while helping to boost circulation to the skin surface. Tree Hut exfoliating body scrub removes dull, dry skin to reveal glowing, soft, smooth skin. Deeply nourish and balance skin’s hydration to help restore skin's natural glow with Tree Hut Vitamin C Sugar Scrub. Natural Shea Butter is known to deeply moisturize, nourish, and soften dry skin while helping to promote elasticity. Natural oils condition skin to help prevent dryness and balance hydration for a refined, healthy glow. Tree Hut Shea Sugar Scrubs feature a 6-oil blend of: avocado oil, macadamia oil, sweet orange oil, sweet almond oil, evening primrose oil, and safflower oil.",Bhatt90,Works amazing,"This is exactly what I've been looking for! Works amazing, no complaints. Definitely a must have!",10/7/2024,5.0,Yes,0,0.4912,0.308,0.213,0.479,0.01654202677309513,0.007840223610401154,0.0020730162505060434,0.22385278344154358,0.3074537217617035,0.005367685575038195,0.4368705451488495
309,"Tree Hut Vitamin C Shea Sugar Scrub, 18 oz, Ultra Hydrating and Exfoliating Scrub for Nourishing Essential Body Care","Our Tree Hut Vitamin C Sugar Scrub contains vitamin C, a powerhouse antioxidant that is known to help boost skin for a brighter, firmer, and more even-toned appearance. This Tree Hut Vitamin C Scrub also contains alpha-hydroxy acid (AHA) which can help to reveal a fresher-looking tone and texture. Sugar is Tree Hut’s natural exfoliant: it effectively polishes away dead skin while helping to boost circulation to the skin surface. Tree Hut exfoliating body scrub removes dull, dry skin to reveal glowing, soft, smooth skin. Deeply nourish and balance skin’s hydration to help restore skin's natural glow with Tree Hut Vitamin C Sugar Scrub. Natural Shea Butter is known to deeply moisturize, nourish, and soften dry skin while helping to promote elasticity. Natural oils condition skin to help prevent dryness and balance hydration for a refined, healthy glow. Tree Hut Shea Sugar Scrubs feature a 6-oil blend of: avocado oil, macadamia oil, sweet orange oil, sweet almond oil, evening primrose oil, and safflower oil.",Joe/Diana,First use - will update in a few months.,"So, I've only given the First Aid Beauty KP Bump Eraser Body Scrub one go, so I can't speak to any noticeable results just yet. However, what I can say is that it didn't cause any adverse reactions when I used it in the shower, which is a pretty good start in my book.The texture of the scrub felt just right – not too harsh, but with enough grit to feel like it's doing something. And with 10% AHA, I'm hopeful it'll work some magic on those annoying bumps in the long run.I also appreciate that it's fragrance-free, especially since I have sensitive skin. No irritation or redness after using it, which is always a win in my book.The tube is a bit on the small side at 2 oz, but I have a feeling a little will go a long way. So while I can't comment on results just yet, I'm optimistic that this scrub will become a staple in my skincare routine. Fingers crossed for smoother, bump-free skin!",5/11/2024,4.0,Yes,6,0.9542,0.17,0.059,0.771,0.030385268852114677,0.08131276816129684,0.0026403937954455614,0.2727188169956207,0.5837536454200745,0.021438274532556534,0.007750833872705698
310,"Tree Hut Vitamin C Shea Sugar Scrub, 18 oz, Ultra Hydrating and Exfoliating Scrub for Nourishing Essential Body Care","Our Tree Hut Vitamin C Sugar Scrub contains vitamin C, a powerhouse antioxidant that is known to help boost skin for a brighter, firmer, and more even-toned appearance. This Tree Hut Vitamin C Scrub also contains alpha-hydroxy acid (AHA) which can help to reveal a fresher-looking tone and texture. Sugar is Tree Hut’s natural exfoliant: it effectively polishes away dead skin while helping to boost circulation to the skin surface. Tree Hut exfoliating body scrub removes dull, dry skin to reveal glowing, soft, smooth skin. Deeply nourish and balance skin’s hydration to help restore skin's natural glow with Tree Hut Vitamin C Sugar Scrub. Natural Shea Butter is known to deeply moisturize, nourish, and soften dry skin while helping to promote elasticity. Natural oils condition skin to help prevent dryness and balance hydration for a refined, healthy glow. Tree Hut Shea Sugar Scrubs feature a 6-oil blend of: avocado oil, macadamia oil, sweet orange oil, sweet almond oil, evening primrose oil, and safflower oil.",Sarah Harder,Great product - eliminates red bumps,"I get swampy buttocks, it's just unfortunate genetics. This product erases them and makes my skin feel so soft! Highly recommend. The only suggestion I have would be for the manufacturers to use a sturdier tube, maybe aluminum, it's very thick and the tube gets real crinkled real fast - definitely not a deterrent, I will buy this forever.",9/12/2024,5.0,Yes,0,0.4676,0.102,0.051,0.847,0.01656137779355049,0.45432019233703613,0.01521814614534378,0.014053654856979847,0.37834346294403076,0.10979178547859192,0.011711378581821918
311,"Tree Hut Vitamin C Shea Sugar Scrub, 18 oz, Ultra Hydrating and Exfoliating Scrub for Nourishing Essential Body Care","Our Tree Hut Vitamin C Sugar Scrub contains vitamin C, a powerhouse antioxidant that is known to help boost skin for a brighter, firmer, and more even-toned appearance. This Tree Hut Vitamin C Scrub also contains alpha-hydroxy acid (AHA) which can help to reveal a fresher-looking tone and texture. Sugar is Tree Hut’s natural exfoliant: it effectively polishes away dead skin while helping to boost circulation to the skin surface. Tree Hut exfoliating body scrub removes dull, dry skin to reveal glowing, soft, smooth skin. Deeply nourish and balance skin’s hydration to help restore skin's natural glow with Tree Hut Vitamin C Sugar Scrub. Natural Shea Butter is known to deeply moisturize, nourish, and soften dry skin while helping to promote elasticity. Natural oils condition skin to help prevent dryness and balance hydration for a refined, healthy glow. Tree Hut Shea Sugar Scrubs feature a 6-oil blend of: avocado oil, macadamia oil, sweet orange oil, sweet almond oil, evening primrose oil, and safflower oil.",Ryan Fox,Doesn’t hurt your skin!,"This stuff is great, it helped me get rid of little pumps on my arms and legs.",10/6/2024,5.0,Yes,0,0.6249,0.204,0.0,0.796,0.008355430327355862,0.0477752722799778,0.012595171108841896,0.1642342060804367,0.7064624428749084,0.0252524521201849,0.03532501682639122
312,"Tree Hut Vitamin C Shea Sugar Scrub, 18 oz, Ultra Hydrating and Exfoliating Scrub for Nourishing Essential Body Care","Our Tree Hut Vitamin C Sugar Scrub contains vitamin C, a powerhouse antioxidant that is known to help boost skin for a brighter, firmer, and more even-toned appearance. This Tree Hut Vitamin C Scrub also contains alpha-hydroxy acid (AHA) which can help to reveal a fresher-looking tone and texture. Sugar is Tree Hut’s natural exfoliant: it effectively polishes away dead skin while helping to boost circulation to the skin surface. Tree Hut exfoliating body scrub removes dull, dry skin to reveal glowing, soft, smooth skin. Deeply nourish and balance skin’s hydration to help restore skin's natural glow with Tree Hut Vitamin C Sugar Scrub. Natural Shea Butter is known to deeply moisturize, nourish, and soften dry skin while helping to promote elasticity. Natural oils condition skin to help prevent dryness and balance hydration for a refined, healthy glow. Tree Hut Shea Sugar Scrubs feature a 6-oil blend of: avocado oil, macadamia oil, sweet orange oil, sweet almond oil, evening primrose oil, and safflower oil.",Abby,Really works,"I've had strawberry skin or whatever my entire life. As a teenager I was especially self-conscious about it, as an adult I just accepted it as fate. But this stuff really works! It is the closest I've come to flawless legs. It also gets rid of the bumps on the back of my arms.",9/15/2024,5.0,Yes,0,0.7424,0.114,0.0,0.886,0.01359044760465622,0.049709632992744446,0.007183949463069439,0.12570351362228394,0.76570063829422,0.009588784538209438,0.02852305956184864
313,"Tree Hut Vitamin C Shea Sugar Scrub, 18 oz, Ultra Hydrating and Exfoliating Scrub for Nourishing Essential Body Care","Our Tree Hut Vitamin C Sugar Scrub contains vitamin C, a powerhouse antioxidant that is known to help boost skin for a brighter, firmer, and more even-toned appearance. This Tree Hut Vitamin C Scrub also contains alpha-hydroxy acid (AHA) which can help to reveal a fresher-looking tone and texture. Sugar is Tree Hut’s natural exfoliant: it effectively polishes away dead skin while helping to boost circulation to the skin surface. Tree Hut exfoliating body scrub removes dull, dry skin to reveal glowing, soft, smooth skin. Deeply nourish and balance skin’s hydration to help restore skin's natural glow with Tree Hut Vitamin C Sugar Scrub. Natural Shea Butter is known to deeply moisturize, nourish, and soften dry skin while helping to promote elasticity. Natural oils condition skin to help prevent dryness and balance hydration for a refined, healthy glow. Tree Hut Shea Sugar Scrubs feature a 6-oil blend of: avocado oil, macadamia oil, sweet orange oil, sweet almond oil, evening primrose oil, and safflower oil.",Alana Snyder Appel,Effective,Does what it says it does! Highly recommend.,10/11/2024,5.0,Yes,0,0.474,0.306,0.0,0.694,0.022395219653844833,0.008768368512392044,0.002392126014456153,0.4454372525215149,0.4662967622280121,0.005063118878751993,0.049647118896245956
314,"Tree Hut Vitamin C Shea Sugar Scrub, 18 oz, Ultra Hydrating and Exfoliating Scrub for Nourishing Essential Body Care","Our Tree Hut Vitamin C Sugar Scrub contains vitamin C, a powerhouse antioxidant that is known to help boost skin for a brighter, firmer, and more even-toned appearance. This Tree Hut Vitamin C Scrub also contains alpha-hydroxy acid (AHA) which can help to reveal a fresher-looking tone and texture. Sugar is Tree Hut’s natural exfoliant: it effectively polishes away dead skin while helping to boost circulation to the skin surface. Tree Hut exfoliating body scrub removes dull, dry skin to reveal glowing, soft, smooth skin. Deeply nourish and balance skin’s hydration to help restore skin's natural glow with Tree Hut Vitamin C Sugar Scrub. Natural Shea Butter is known to deeply moisturize, nourish, and soften dry skin while helping to promote elasticity. Natural oils condition skin to help prevent dryness and balance hydration for a refined, healthy glow. Tree Hut Shea Sugar Scrubs feature a 6-oil blend of: avocado oil, macadamia oil, sweet orange oil, sweet almond oil, evening primrose oil, and safflower oil.",Angelique Smith,Works,"Love love love this product. I have tried Tree Hut scrubs for years and have not had any improvement with my KP bumps. I try this product for a little over a month and bam, they’re significantly reduced. I do recommend following up after using with a colloidal lotion like an oatmeal lotion. I bought the Amazon Basics oatmeal lotion with the green label and I feel like that helped a lot too.",9/6/2024,5.0,Yes,0,0.9602,0.272,0.031,0.698,0.00390062783844769,0.010414846241474152,0.0007194612408056855,0.8056609034538269,0.15376757085323334,0.014207671396434307,0.011328996159136295
315,"Tree Hut Vitamin C Shea Sugar Scrub, 18 oz, Ultra Hydrating and Exfoliating Scrub for Nourishing Essential Body Care","Our Tree Hut Vitamin C Sugar Scrub contains vitamin C, a powerhouse antioxidant that is known to help boost skin for a brighter, firmer, and more even-toned appearance. This Tree Hut Vitamin C Scrub also contains alpha-hydroxy acid (AHA) which can help to reveal a fresher-looking tone and texture. Sugar is Tree Hut’s natural exfoliant: it effectively polishes away dead skin while helping to boost circulation to the skin surface. Tree Hut exfoliating body scrub removes dull, dry skin to reveal glowing, soft, smooth skin. Deeply nourish and balance skin’s hydration to help restore skin's natural glow with Tree Hut Vitamin C Sugar Scrub. Natural Shea Butter is known to deeply moisturize, nourish, and soften dry skin while helping to promote elasticity. Natural oils condition skin to help prevent dryness and balance hydration for a refined, healthy glow. Tree Hut Shea Sugar Scrubs feature a 6-oil blend of: avocado oil, macadamia oil, sweet orange oil, sweet almond oil, evening primrose oil, and safflower oil.",Deana Flores,Great exfoliant,Great physical exfoliant  if you get bumps  on your underarms or anywhere else after shaving this is great to avoid thatJust use a day after you shave,9/23/2024,5.0,Yes,0,0.7906,0.246,0.066,0.689,0.018460974097251892,0.023761339485645294,0.009503810666501522,0.15638519823551178,0.6772149801254272,0.07313788682222366,0.041535861790180206
316,"Tree Hut Vitamin C Shea Sugar Scrub, 18 oz, Ultra Hydrating and Exfoliating Scrub for Nourishing Essential Body Care","Our Tree Hut Vitamin C Sugar Scrub contains vitamin C, a powerhouse antioxidant that is known to help boost skin for a brighter, firmer, and more even-toned appearance. This Tree Hut Vitamin C Scrub also contains alpha-hydroxy acid (AHA) which can help to reveal a fresher-looking tone and texture. Sugar is Tree Hut’s natural exfoliant: it effectively polishes away dead skin while helping to boost circulation to the skin surface. Tree Hut exfoliating body scrub removes dull, dry skin to reveal glowing, soft, smooth skin. Deeply nourish and balance skin’s hydration to help restore skin's natural glow with Tree Hut Vitamin C Sugar Scrub. Natural Shea Butter is known to deeply moisturize, nourish, and soften dry skin while helping to promote elasticity. Natural oils condition skin to help prevent dryness and balance hydration for a refined, healthy glow. Tree Hut Shea Sugar Scrubs feature a 6-oil blend of: avocado oil, macadamia oil, sweet orange oil, sweet almond oil, evening primrose oil, and safflower oil.",YAZMIN FARCIET,Results with 1 use,Love it! Saw results with one use! Great product worth every dollar!,10/5/2024,5.0,Yes,0,0.9017,0.552,0.0,0.448,0.0033943261951208115,0.0013823480112478137,0.0004517075140029192,0.9542037844657898,0.013682403601706028,0.0016564662801101804,0.025228995829820633
317,"Tree Hut Vitamin C Shea Sugar Scrub, 18 oz, Ultra Hydrating and Exfoliating Scrub for Nourishing Essential Body Care","Our Tree Hut Vitamin C Sugar Scrub contains vitamin C, a powerhouse antioxidant that is known to help boost skin for a brighter, firmer, and more even-toned appearance. This Tree Hut Vitamin C Scrub also contains alpha-hydroxy acid (AHA) which can help to reveal a fresher-looking tone and texture. Sugar is Tree Hut’s natural exfoliant: it effectively polishes away dead skin while helping to boost circulation to the skin surface. Tree Hut exfoliating body scrub removes dull, dry skin to reveal glowing, soft, smooth skin. Deeply nourish and balance skin’s hydration to help restore skin's natural glow with Tree Hut Vitamin C Sugar Scrub. Natural Shea Butter is known to deeply moisturize, nourish, and soften dry skin while helping to promote elasticity. Natural oils condition skin to help prevent dryness and balance hydration for a refined, healthy glow. Tree Hut Shea Sugar Scrubs feature a 6-oil blend of: avocado oil, macadamia oil, sweet orange oil, sweet almond oil, evening primrose oil, and safflower oil.",Kbeautylover,Best thing for KP,"I love using this for KP. I’ve had chicken skin since I was 13 and using this have helped me improve my skin a lot. However, it’s not just a one time use. You have to keep using it otherwise it might come back.",9/11/2024,5.0,Yes,0,0.7964,0.157,0.0,0.843,0.00455007329583168,0.011725462973117828,0.001486509689129889,0.8433208465576172,0.11998428404331207,0.012626039795577526,0.006306791678071022
318,"Tree Hut Vitamin C Shea Sugar Scrub, 18 oz, Ultra Hydrating and Exfoliating Scrub for Nourishing Essential Body Care","Our Tree Hut Vitamin C Sugar Scrub contains vitamin C, a powerhouse antioxidant that is known to help boost skin for a brighter, firmer, and more even-toned appearance. This Tree Hut Vitamin C Scrub also contains alpha-hydroxy acid (AHA) which can help to reveal a fresher-looking tone and texture. Sugar is Tree Hut’s natural exfoliant: it effectively polishes away dead skin while helping to boost circulation to the skin surface. Tree Hut exfoliating body scrub removes dull, dry skin to reveal glowing, soft, smooth skin. Deeply nourish and balance skin’s hydration to help restore skin's natural glow with Tree Hut Vitamin C Sugar Scrub. Natural Shea Butter is known to deeply moisturize, nourish, and soften dry skin while helping to promote elasticity. Natural oils condition skin to help prevent dryness and balance hydration for a refined, healthy glow. Tree Hut Shea Sugar Scrubs feature a 6-oil blend of: avocado oil, macadamia oil, sweet orange oil, sweet almond oil, evening primrose oil, and safflower oil.",Michelle,Really works!,"I've tried a few salicylic acid bodywashes, but they didn't work as well as this product! I swear, I noticed results after a week. It's a gritty-clay texture that you just maasage into your problem-area and wash off. It's great!",9/11/2024,5.0,Yes,0,0.692,0.149,0.084,0.766,0.017889579758048058,0.5996872186660767,0.0058962018229067326,0.0073735350742936134,0.2820296585559845,0.01606411300599575,0.07105967402458191
319,"Tree Hut Vitamin C Shea Sugar Scrub, 18 oz, Ultra Hydrating and Exfoliating Scrub for Nourishing Essential Body Care","Our Tree Hut Vitamin C Sugar Scrub contains vitamin C, a powerhouse antioxidant that is known to help boost skin for a brighter, firmer, and more even-toned appearance. This Tree Hut Vitamin C Scrub also contains alpha-hydroxy acid (AHA) which can help to reveal a fresher-looking tone and texture. Sugar is Tree Hut’s natural exfoliant: it effectively polishes away dead skin while helping to boost circulation to the skin surface. Tree Hut exfoliating body scrub removes dull, dry skin to reveal glowing, soft, smooth skin. Deeply nourish and balance skin’s hydration to help restore skin's natural glow with Tree Hut Vitamin C Sugar Scrub. Natural Shea Butter is known to deeply moisturize, nourish, and soften dry skin while helping to promote elasticity. Natural oils condition skin to help prevent dryness and balance hydration for a refined, healthy glow. Tree Hut Shea Sugar Scrubs feature a 6-oil blend of: avocado oil, macadamia oil, sweet orange oil, sweet almond oil, evening primrose oil, and safflower oil.",Chloe,It works pretty well!,"I really like the way it makes my skin feel and I notice it did help a lot, but it still hasn't gotten rid of all the spots I'm self conscious about. Been using for a few months as directed and I still have plenty left, a little goes a long way!",7/26/2024,4.0,Yes,2,0.4658,0.086,0.0,0.914,0.016213029623031616,0.03525647521018982,0.003815788310021162,0.5026073455810547,0.32043761014938354,0.015449299477040768,0.10622042417526245
320,"Tree Hut Vitamin C Shea Sugar Scrub, 18 oz, Ultra Hydrating and Exfoliating Scrub for Nourishing Essential Body Care","Our Tree Hut Vitamin C Sugar Scrub contains vitamin C, a powerhouse antioxidant that is known to help boost skin for a brighter, firmer, and more even-toned appearance. This Tree Hut Vitamin C Scrub also contains alpha-hydroxy acid (AHA) which can help to reveal a fresher-looking tone and texture. Sugar is Tree Hut’s natural exfoliant: it effectively polishes away dead skin while helping to boost circulation to the skin surface. Tree Hut exfoliating body scrub removes dull, dry skin to reveal glowing, soft, smooth skin. Deeply nourish and balance skin’s hydration to help restore skin's natural glow with Tree Hut Vitamin C Sugar Scrub. Natural Shea Butter is known to deeply moisturize, nourish, and soften dry skin while helping to promote elasticity. Natural oils condition skin to help prevent dryness and balance hydration for a refined, healthy glow. Tree Hut Shea Sugar Scrubs feature a 6-oil blend of: avocado oil, macadamia oil, sweet orange oil, sweet almond oil, evening primrose oil, and safflower oil.",Veronica hemphill,Bye bye bumps,I haven’t seen any ingrown hair bumps since I been using this product. Love it,9/29/2024,5.0,Yes,0,0.6369,0.259,0.0,0.741,0.015954365953803062,0.03044985607266426,0.001007520710118115,0.22373990714550018,0.697251558303833,0.013065689243376255,0.018530987203121185
321,"Tree Hut Vitamin C Shea Sugar Scrub, 18 oz, Ultra Hydrating and Exfoliating Scrub for Nourishing Essential Body Care","Our Tree Hut Vitamin C Sugar Scrub contains vitamin C, a powerhouse antioxidant that is known to help boost skin for a brighter, firmer, and more even-toned appearance. This Tree Hut Vitamin C Scrub also contains alpha-hydroxy acid (AHA) which can help to reveal a fresher-looking tone and texture. Sugar is Tree Hut’s natural exfoliant: it effectively polishes away dead skin while helping to boost circulation to the skin surface. Tree Hut exfoliating body scrub removes dull, dry skin to reveal glowing, soft, smooth skin. Deeply nourish and balance skin’s hydration to help restore skin's natural glow with Tree Hut Vitamin C Sugar Scrub. Natural Shea Butter is known to deeply moisturize, nourish, and soften dry skin while helping to promote elasticity. Natural oils condition skin to help prevent dryness and balance hydration for a refined, healthy glow. Tree Hut Shea Sugar Scrubs feature a 6-oil blend of: avocado oil, macadamia oil, sweet orange oil, sweet almond oil, evening primrose oil, and safflower oil.",SisterKittyD,Must Have!!!!,Ok. This ACTUALLY obliterates kp bumps!! I buy this over and over and over and...,9/30/2024,5.0,Yes,0,0.4184,0.176,0.0,0.824,0.2263871431350708,0.2431638240814209,0.007362105883657932,0.007092499639838934,0.4307629466056824,0.0068128095008432865,0.07841860502958298
322,"Tree Hut Vitamin C Shea Sugar Scrub, 18 oz, Ultra Hydrating and Exfoliating Scrub for Nourishing Essential Body Care","Our Tree Hut Vitamin C Sugar Scrub contains vitamin C, a powerhouse antioxidant that is known to help boost skin for a brighter, firmer, and more even-toned appearance. This Tree Hut Vitamin C Scrub also contains alpha-hydroxy acid (AHA) which can help to reveal a fresher-looking tone and texture. Sugar is Tree Hut’s natural exfoliant: it effectively polishes away dead skin while helping to boost circulation to the skin surface. Tree Hut exfoliating body scrub removes dull, dry skin to reveal glowing, soft, smooth skin. Deeply nourish and balance skin’s hydration to help restore skin's natural glow with Tree Hut Vitamin C Sugar Scrub. Natural Shea Butter is known to deeply moisturize, nourish, and soften dry skin while helping to promote elasticity. Natural oils condition skin to help prevent dryness and balance hydration for a refined, healthy glow. Tree Hut Shea Sugar Scrubs feature a 6-oil blend of: avocado oil, macadamia oil, sweet orange oil, sweet almond oil, evening primrose oil, and safflower oil.",Chelsea Sullivan,Good product but not enough in tube for this price,"It’s a good product, very gritty and a good exfoliate BUT there is no way there is the correct amount of product In each tube. I was peeling of the top sticker and got a glimpse inside and it’s half empty. I’ve only been using it for a week and it’s basically done for already :/",7/21/2024,4.0,Yes,7,-0.4588,0.103,0.137,0.76,0.01698152720928192,0.2863137423992157,0.00588622409850359,0.007970488630235195,0.5994722843170166,0.05507383495569229,0.02830185554921627
323,"Tree Hut Vitamin C Shea Sugar Scrub, 18 oz, Ultra Hydrating and Exfoliating Scrub for Nourishing Essential Body Care","Our Tree Hut Vitamin C Sugar Scrub contains vitamin C, a powerhouse antioxidant that is known to help boost skin for a brighter, firmer, and more even-toned appearance. This Tree Hut Vitamin C Scrub also contains alpha-hydroxy acid (AHA) which can help to reveal a fresher-looking tone and texture. Sugar is Tree Hut’s natural exfoliant: it effectively polishes away dead skin while helping to boost circulation to the skin surface. Tree Hut exfoliating body scrub removes dull, dry skin to reveal glowing, soft, smooth skin. Deeply nourish and balance skin’s hydration to help restore skin's natural glow with Tree Hut Vitamin C Sugar Scrub. Natural Shea Butter is known to deeply moisturize, nourish, and soften dry skin while helping to promote elasticity. Natural oils condition skin to help prevent dryness and balance hydration for a refined, healthy glow. Tree Hut Shea Sugar Scrubs feature a 6-oil blend of: avocado oil, macadamia oil, sweet orange oil, sweet almond oil, evening primrose oil, and safflower oil.",Jamie Thompson,20$ for half a bottle,I have bought this multiple times before but this time it was literally no where near full,8/17/2024,4.0,Yes,0,-0.4215,0.0,0.157,0.843,0.008735332638025284,0.003976263105869293,0.0019407037179917097,0.01090291328728199,0.4077131748199463,0.006464356556534767,0.5602673292160034
324,"Tree Hut Vitamin C Shea Sugar Scrub, 18 oz, Ultra Hydrating and Exfoliating Scrub for Nourishing Essential Body Care","Our Tree Hut Vitamin C Sugar Scrub contains vitamin C, a powerhouse antioxidant that is known to help boost skin for a brighter, firmer, and more even-toned appearance. This Tree Hut Vitamin C Scrub also contains alpha-hydroxy acid (AHA) which can help to reveal a fresher-looking tone and texture. Sugar is Tree Hut’s natural exfoliant: it effectively polishes away dead skin while helping to boost circulation to the skin surface. Tree Hut exfoliating body scrub removes dull, dry skin to reveal glowing, soft, smooth skin. Deeply nourish and balance skin’s hydration to help restore skin's natural glow with Tree Hut Vitamin C Sugar Scrub. Natural Shea Butter is known to deeply moisturize, nourish, and soften dry skin while helping to promote elasticity. Natural oils condition skin to help prevent dryness and balance hydration for a refined, healthy glow. Tree Hut Shea Sugar Scrubs feature a 6-oil blend of: avocado oil, macadamia oil, sweet orange oil, sweet almond oil, evening primrose oil, and safflower oil.",Amazon Customer,Honest review ! It works with time…,"So, I wanted to give a fair/helpful review so i gave it time before posting. I started using this scrub on my legs with the lotion May 9. Today is May28 so almost 3 weeks… I always had bad strawberry legs all my life. I believe it’s genetic because my parents have it. I’ve always kinda been insecure about it so I came across this product. It doesn’t have a smell and it’s like a nice sandy feeling on the skin. I’ve also didn’t have any bad reactions. My legs have been hydrated using the scrub and lotion and I due tend to have dry skin. At first I didn’t see much of a difference because I still had strawberry legs so I was slightly getting discouraged but figured to give it a chance because I know how stubborn strawberry legs can be. I took an undated picture today and I can see a difference! Defiantly less bumpy, but I do still have flat spots. Even with the flat spots I notice they gotten lighter , so overall less noticeable and I’ll take that over nothing. It’s only been 2 weeks and some change but I’m going to give it more time maybe I’ll see more results with time, but I still give this product 5 stars at the end of the day for the fact that it’s not irritating and I still see improvements. I guess this product works with time because of how stubborn ingrown hairs and stuff can be.",5/28/2024,5.0,Yes,24,-0.4202,0.056,0.064,0.88,0.014641189947724342,0.19449494779109955,0.007652944885194302,0.015167279168963432,0.7298265099525452,0.013718298636376858,0.02449880726635456
325,"Tree Hut Vitamin C Shea Sugar Scrub, 18 oz, Ultra Hydrating and Exfoliating Scrub for Nourishing Essential Body Care","Our Tree Hut Vitamin C Sugar Scrub contains vitamin C, a powerhouse antioxidant that is known to help boost skin for a brighter, firmer, and more even-toned appearance. This Tree Hut Vitamin C Scrub also contains alpha-hydroxy acid (AHA) which can help to reveal a fresher-looking tone and texture. Sugar is Tree Hut’s natural exfoliant: it effectively polishes away dead skin while helping to boost circulation to the skin surface. Tree Hut exfoliating body scrub removes dull, dry skin to reveal glowing, soft, smooth skin. Deeply nourish and balance skin’s hydration to help restore skin's natural glow with Tree Hut Vitamin C Sugar Scrub. Natural Shea Butter is known to deeply moisturize, nourish, and soften dry skin while helping to promote elasticity. Natural oils condition skin to help prevent dryness and balance hydration for a refined, healthy glow. Tree Hut Shea Sugar Scrubs feature a 6-oil blend of: avocado oil, macadamia oil, sweet orange oil, sweet almond oil, evening primrose oil, and safflower oil.",W. Lang,I hope this works,"At 75, I have small white patches of dead skin all over. I’m hoping that this will help me get rid of them. We’ll see.",9/18/2024,5.0,Yes,0,0.0516,0.179,0.14,0.682,0.022284066304564476,0.27337971329689026,0.01884501427412033,0.007099186070263386,0.5756884217262268,0.07968826591968536,0.023015353828668594
326,"Tree Hut Vitamin C Shea Sugar Scrub, 18 oz, Ultra Hydrating and Exfoliating Scrub for Nourishing Essential Body Care","Our Tree Hut Vitamin C Sugar Scrub contains vitamin C, a powerhouse antioxidant that is known to help boost skin for a brighter, firmer, and more even-toned appearance. This Tree Hut Vitamin C Scrub also contains alpha-hydroxy acid (AHA) which can help to reveal a fresher-looking tone and texture. Sugar is Tree Hut’s natural exfoliant: it effectively polishes away dead skin while helping to boost circulation to the skin surface. Tree Hut exfoliating body scrub removes dull, dry skin to reveal glowing, soft, smooth skin. Deeply nourish and balance skin’s hydration to help restore skin's natural glow with Tree Hut Vitamin C Sugar Scrub. Natural Shea Butter is known to deeply moisturize, nourish, and soften dry skin while helping to promote elasticity. Natural oils condition skin to help prevent dryness and balance hydration for a refined, healthy glow. Tree Hut Shea Sugar Scrubs feature a 6-oil blend of: avocado oil, macadamia oil, sweet orange oil, sweet almond oil, evening primrose oil, and safflower oil.",Shirley S Joseph,Bumps ?,"I love this product, it’s a great exfoliate to reduce bumps on your body.",9/22/2024,5.0,Yes,0,0.8519,0.454,0.0,0.546,0.0032626220490783453,0.014068420976400375,0.0005133532104082406,0.9361482262611389,0.035391442477703094,0.00456484779715538,0.006050899624824524
327,"Tree Hut Vitamin C Shea Sugar Scrub, 18 oz, Ultra Hydrating and Exfoliating Scrub for Nourishing Essential Body Care","Our Tree Hut Vitamin C Sugar Scrub contains vitamin C, a powerhouse antioxidant that is known to help boost skin for a brighter, firmer, and more even-toned appearance. This Tree Hut Vitamin C Scrub also contains alpha-hydroxy acid (AHA) which can help to reveal a fresher-looking tone and texture. Sugar is Tree Hut’s natural exfoliant: it effectively polishes away dead skin while helping to boost circulation to the skin surface. Tree Hut exfoliating body scrub removes dull, dry skin to reveal glowing, soft, smooth skin. Deeply nourish and balance skin’s hydration to help restore skin's natural glow with Tree Hut Vitamin C Sugar Scrub. Natural Shea Butter is known to deeply moisturize, nourish, and soften dry skin while helping to promote elasticity. Natural oils condition skin to help prevent dryness and balance hydration for a refined, healthy glow. Tree Hut Shea Sugar Scrubs feature a 6-oil blend of: avocado oil, macadamia oil, sweet orange oil, sweet almond oil, evening primrose oil, and safflower oil.",DO NOT BUY!!! THIS WILL KILL YOUR LAPTOP,Effective & gentle,I ordered one to test out for my adolescent boys who had ‘chicken skin’ on their upper arms and legs.They both showed impressive improvement in a few weeks and I subscribed from the 2nd bottle. My boys do sports so they shower everyday but they use this 2-3 times only and it still worked so effectively.Highly highly recommend this!!,8/27/2024,5.0,Yes,0,0.8325,0.143,0.0,0.857,0.019762283191084862,0.06681337207555771,0.006416022777557373,0.0874352902173996,0.7176807522773743,0.01564391702413559,0.08624830842018127
328,"Tree Hut Vitamin C Shea Sugar Scrub, 18 oz, Ultra Hydrating and Exfoliating Scrub for Nourishing Essential Body Care","Our Tree Hut Vitamin C Sugar Scrub contains vitamin C, a powerhouse antioxidant that is known to help boost skin for a brighter, firmer, and more even-toned appearance. This Tree Hut Vitamin C Scrub also contains alpha-hydroxy acid (AHA) which can help to reveal a fresher-looking tone and texture. Sugar is Tree Hut’s natural exfoliant: it effectively polishes away dead skin while helping to boost circulation to the skin surface. Tree Hut exfoliating body scrub removes dull, dry skin to reveal glowing, soft, smooth skin. Deeply nourish and balance skin’s hydration to help restore skin's natural glow with Tree Hut Vitamin C Sugar Scrub. Natural Shea Butter is known to deeply moisturize, nourish, and soften dry skin while helping to promote elasticity. Natural oils condition skin to help prevent dryness and balance hydration for a refined, healthy glow. Tree Hut Shea Sugar Scrubs feature a 6-oil blend of: avocado oil, macadamia oil, sweet orange oil, sweet almond oil, evening primrose oil, and safflower oil.",Alexia Padget,Love this,Yes it works!!!!,10/4/2024,5.0,Yes,0,0.5951,0.659,0.0,0.341,0.20563247799873352,0.02612273395061493,0.011255458928644657,0.11802541464567184,0.2178487330675125,0.01641411893069744,0.4047011435031891
329,"Tree Hut Vitamin C Shea Sugar Scrub, 18 oz, Ultra Hydrating and Exfoliating Scrub for Nourishing Essential Body Care","Our Tree Hut Vitamin C Sugar Scrub contains vitamin C, a powerhouse antioxidant that is known to help boost skin for a brighter, firmer, and more even-toned appearance. This Tree Hut Vitamin C Scrub also contains alpha-hydroxy acid (AHA) which can help to reveal a fresher-looking tone and texture. Sugar is Tree Hut’s natural exfoliant: it effectively polishes away dead skin while helping to boost circulation to the skin surface. Tree Hut exfoliating body scrub removes dull, dry skin to reveal glowing, soft, smooth skin. Deeply nourish and balance skin’s hydration to help restore skin's natural glow with Tree Hut Vitamin C Sugar Scrub. Natural Shea Butter is known to deeply moisturize, nourish, and soften dry skin while helping to promote elasticity. Natural oils condition skin to help prevent dryness and balance hydration for a refined, healthy glow. Tree Hut Shea Sugar Scrubs feature a 6-oil blend of: avocado oil, macadamia oil, sweet orange oil, sweet almond oil, evening primrose oil, and safflower oil.",Arghya Datta,One of the best product,It works like magic not on one time use but if you keep using it seriously it works,9/18/2024,5.0,Yes,0,-0.0772,0.088,0.104,0.808,0.03926405683159828,0.006488240789622068,0.0016453145071864128,0.12086224555969238,0.7642428278923035,0.0029513861518353224,0.06454598903656006
330,"Tree Hut Vitamin C Shea Sugar Scrub, 18 oz, Ultra Hydrating and Exfoliating Scrub for Nourishing Essential Body Care","Our Tree Hut Vitamin C Sugar Scrub contains vitamin C, a powerhouse antioxidant that is known to help boost skin for a brighter, firmer, and more even-toned appearance. This Tree Hut Vitamin C Scrub also contains alpha-hydroxy acid (AHA) which can help to reveal a fresher-looking tone and texture. Sugar is Tree Hut’s natural exfoliant: it effectively polishes away dead skin while helping to boost circulation to the skin surface. Tree Hut exfoliating body scrub removes dull, dry skin to reveal glowing, soft, smooth skin. Deeply nourish and balance skin’s hydration to help restore skin's natural glow with Tree Hut Vitamin C Sugar Scrub. Natural Shea Butter is known to deeply moisturize, nourish, and soften dry skin while helping to promote elasticity. Natural oils condition skin to help prevent dryness and balance hydration for a refined, healthy glow. Tree Hut Shea Sugar Scrubs feature a 6-oil blend of: avocado oil, macadamia oil, sweet orange oil, sweet almond oil, evening primrose oil, and safflower oil.",rich baldev,If you have KP buy this,"I have bad KP on my upper arms and I constantly pick at it, so I decided to give this a try, I use a dime size amount 3x a week and it cleared up within 2 weeks! I purchased again and I bought the biggest size :) it works!",9/2/2024,5.0,Yes,0,-0.1739,0.11,0.077,0.813,0.016133885830640793,0.003426965791732073,0.0016938537592068315,0.3494744598865509,0.3561391234397888,0.018922343850135803,0.25420936942100525
331,"Tree Hut Vitamin C Shea Sugar Scrub, 18 oz, Ultra Hydrating and Exfoliating Scrub for Nourishing Essential Body Care","Our Tree Hut Vitamin C Sugar Scrub contains vitamin C, a powerhouse antioxidant that is known to help boost skin for a brighter, firmer, and more even-toned appearance. This Tree Hut Vitamin C Scrub also contains alpha-hydroxy acid (AHA) which can help to reveal a fresher-looking tone and texture. Sugar is Tree Hut’s natural exfoliant: it effectively polishes away dead skin while helping to boost circulation to the skin surface. Tree Hut exfoliating body scrub removes dull, dry skin to reveal glowing, soft, smooth skin. Deeply nourish and balance skin’s hydration to help restore skin's natural glow with Tree Hut Vitamin C Sugar Scrub. Natural Shea Butter is known to deeply moisturize, nourish, and soften dry skin while helping to promote elasticity. Natural oils condition skin to help prevent dryness and balance hydration for a refined, healthy glow. Tree Hut Shea Sugar Scrubs feature a 6-oil blend of: avocado oil, macadamia oil, sweet orange oil, sweet almond oil, evening primrose oil, and safflower oil.",Gina Marie,A little goes a long way!,"This product is the real deal. I’ve had kp on my upper arms and any exfoliating scrub would just seem to make it worse. Nothing seemed to help… until I found this scrub. It also has no parabens, phthalates, or any added harmful ingredients, which is very important to me. Yes, it’s $20, but you only need about a dime size… a little goes a long way. Plus my arms are super smooth and no longer scaly and bumpy. I highly recommend this product!",8/17/2024,5.0,Yes,3,0.8062,0.14,0.071,0.79,0.014675884507596493,0.6311404705047607,0.009075243957340717,0.018000710755586624,0.30830562114715576,0.012398012913763523,0.006404103711247444
332,"Tree Hut Vitamin C Shea Sugar Scrub, 18 oz, Ultra Hydrating and Exfoliating Scrub for Nourishing Essential Body Care","Our Tree Hut Vitamin C Sugar Scrub contains vitamin C, a powerhouse antioxidant that is known to help boost skin for a brighter, firmer, and more even-toned appearance. This Tree Hut Vitamin C Scrub also contains alpha-hydroxy acid (AHA) which can help to reveal a fresher-looking tone and texture. Sugar is Tree Hut’s natural exfoliant: it effectively polishes away dead skin while helping to boost circulation to the skin surface. Tree Hut exfoliating body scrub removes dull, dry skin to reveal glowing, soft, smooth skin. Deeply nourish and balance skin’s hydration to help restore skin's natural glow with Tree Hut Vitamin C Sugar Scrub. Natural Shea Butter is known to deeply moisturize, nourish, and soften dry skin while helping to promote elasticity. Natural oils condition skin to help prevent dryness and balance hydration for a refined, healthy glow. Tree Hut Shea Sugar Scrubs feature a 6-oil blend of: avocado oil, macadamia oil, sweet orange oil, sweet almond oil, evening primrose oil, and safflower oil.",Jenni Robertson,Works well,"Overall this scrub works pretty well, you have to keep up with using it though. I wish it smelled better, the scent isn’t great.",8/5/2024,4.0,Yes,0,0.9325,0.455,0.0,0.545,0.009069250896573067,0.3351511061191559,0.006287927273660898,0.010214613750576973,0.5657278895378113,0.0665198490023613,0.007029345724731684
333,"Tree Hut Vitamin C Shea Sugar Scrub, 18 oz, Ultra Hydrating and Exfoliating Scrub for Nourishing Essential Body Care","Our Tree Hut Vitamin C Sugar Scrub contains vitamin C, a powerhouse antioxidant that is known to help boost skin for a brighter, firmer, and more even-toned appearance. This Tree Hut Vitamin C Scrub also contains alpha-hydroxy acid (AHA) which can help to reveal a fresher-looking tone and texture. Sugar is Tree Hut’s natural exfoliant: it effectively polishes away dead skin while helping to boost circulation to the skin surface. Tree Hut exfoliating body scrub removes dull, dry skin to reveal glowing, soft, smooth skin. Deeply nourish and balance skin’s hydration to help restore skin's natural glow with Tree Hut Vitamin C Sugar Scrub. Natural Shea Butter is known to deeply moisturize, nourish, and soften dry skin while helping to promote elasticity. Natural oils condition skin to help prevent dryness and balance hydration for a refined, healthy glow. Tree Hut Shea Sugar Scrubs feature a 6-oil blend of: avocado oil, macadamia oil, sweet orange oil, sweet almond oil, evening primrose oil, and safflower oil.",Christopher Maxwell,Really good,This product is working so well I have used it for I week now and I can kinda see a change I use the scrub then a lotion and they a body oil and it works wonders.,7/25/2024,4.0,Yes,0,0.4101,0.086,0.0,0.914,0.008841825649142265,0.08118091523647308,0.002560676308348775,0.08945858478546143,0.7770348787307739,0.012925668619573116,0.027997534722089767
334,"Tree Hut Vitamin C Shea Sugar Scrub, 18 oz, Ultra Hydrating and Exfoliating Scrub for Nourishing Essential Body Care","Our Tree Hut Vitamin C Sugar Scrub contains vitamin C, a powerhouse antioxidant that is known to help boost skin for a brighter, firmer, and more even-toned appearance. This Tree Hut Vitamin C Scrub also contains alpha-hydroxy acid (AHA) which can help to reveal a fresher-looking tone and texture. Sugar is Tree Hut’s natural exfoliant: it effectively polishes away dead skin while helping to boost circulation to the skin surface. Tree Hut exfoliating body scrub removes dull, dry skin to reveal glowing, soft, smooth skin. Deeply nourish and balance skin’s hydration to help restore skin's natural glow with Tree Hut Vitamin C Sugar Scrub. Natural Shea Butter is known to deeply moisturize, nourish, and soften dry skin while helping to promote elasticity. Natural oils condition skin to help prevent dryness and balance hydration for a refined, healthy glow. Tree Hut Shea Sugar Scrubs feature a 6-oil blend of: avocado oil, macadamia oil, sweet orange oil, sweet almond oil, evening primrose oil, and safflower oil.",Mrs. Lau,It works for me,"After just once use I did notice that my skin was smoother which I really appreciated. The following day and few days afterwards I felt my skin was still smooth not rough, dry and bumpy. It did not erase my kp bumps but helps to soften up the skin. I will continue to use it and post any updates",8/24/2024,5.0,Yes,0,0.6904,0.097,0.0,0.903,0.00694479513913393,0.06347358226776123,0.004345403052866459,0.2686660587787628,0.5735610127449036,0.06080538406968117,0.022203804925084114
335,"Tree Hut Vitamin C Shea Sugar Scrub, 18 oz, Ultra Hydrating and Exfoliating Scrub for Nourishing Essential Body Care","Our Tree Hut Vitamin C Sugar Scrub contains vitamin C, a powerhouse antioxidant that is known to help boost skin for a brighter, firmer, and more even-toned appearance. This Tree Hut Vitamin C Scrub also contains alpha-hydroxy acid (AHA) which can help to reveal a fresher-looking tone and texture. Sugar is Tree Hut’s natural exfoliant: it effectively polishes away dead skin while helping to boost circulation to the skin surface. Tree Hut exfoliating body scrub removes dull, dry skin to reveal glowing, soft, smooth skin. Deeply nourish and balance skin’s hydration to help restore skin's natural glow with Tree Hut Vitamin C Sugar Scrub. Natural Shea Butter is known to deeply moisturize, nourish, and soften dry skin while helping to promote elasticity. Natural oils condition skin to help prevent dryness and balance hydration for a refined, healthy glow. Tree Hut Shea Sugar Scrubs feature a 6-oil blend of: avocado oil, macadamia oil, sweet orange oil, sweet almond oil, evening primrose oil, and safflower oil.",AM,Has helped a lot! But consistency is key.,"I really like this product. I had a sudden increase in my “chicken skin” as some like to call it and was immediately very self conscious. I already knew that I’d struggle to find a product that was vegan, cruelty free, and from a brand I like, but once I came across this I purchased it immediately.I’ve been using it for a few months now, and I’ve totally seen a difference. Is my KP gone? No. Has it significantly improved? Yes.It says on the back to use it up to twice a week, and over the months, ensuring that it didn’t cause any reaction, I slowly increased to three times a week. My skin is very sensitive and the product didn’t have any harsh effects on my skin which I was pleasantly surprised about. I also bought the accompanying lotion which I use daily, so that helps a lot too.I would 100% recommend this product, but if you want to see results, be consistent!!! A few uses here and there when you remember about it are not going to cut it in my opinion. Other than that, I have nothing but good things to say!",6/13/2024,5.0,Yes,25,0.9676,0.182,0.067,0.752,0.01085181999951601,0.0055989716202020645,0.0020016804337501526,0.02244526892900467,0.06944134831428528,0.0028615340124815702,0.8867993950843811
336,"Tree Hut Vitamin C Shea Sugar Scrub, 18 oz, Ultra Hydrating and Exfoliating Scrub for Nourishing Essential Body Care","Our Tree Hut Vitamin C Sugar Scrub contains vitamin C, a powerhouse antioxidant that is known to help boost skin for a brighter, firmer, and more even-toned appearance. This Tree Hut Vitamin C Scrub also contains alpha-hydroxy acid (AHA) which can help to reveal a fresher-looking tone and texture. Sugar is Tree Hut’s natural exfoliant: it effectively polishes away dead skin while helping to boost circulation to the skin surface. Tree Hut exfoliating body scrub removes dull, dry skin to reveal glowing, soft, smooth skin. Deeply nourish and balance skin’s hydration to help restore skin's natural glow with Tree Hut Vitamin C Sugar Scrub. Natural Shea Butter is known to deeply moisturize, nourish, and soften dry skin while helping to promote elasticity. Natural oils condition skin to help prevent dryness and balance hydration for a refined, healthy glow. Tree Hut Shea Sugar Scrubs feature a 6-oil blend of: avocado oil, macadamia oil, sweet orange oil, sweet almond oil, evening primrose oil, and safflower oil.",Taylor,BYE BYE Bumpssss,Worked great!! Took care of my bumps in only 2 days:),9/21/2024,5.0,Yes,0,0.8353,0.496,0.0,0.504,0.010920443572103977,0.002716392045840621,0.007395832799375057,0.6420322060585022,0.2285109907388687,0.04447858780622482,0.06394550204277039
337,"Tree Hut Vitamin C Shea Sugar Scrub, 18 oz, Ultra Hydrating and Exfoliating Scrub for Nourishing Essential Body Care","Our Tree Hut Vitamin C Sugar Scrub contains vitamin C, a powerhouse antioxidant that is known to help boost skin for a brighter, firmer, and more even-toned appearance. This Tree Hut Vitamin C Scrub also contains alpha-hydroxy acid (AHA) which can help to reveal a fresher-looking tone and texture. Sugar is Tree Hut’s natural exfoliant: it effectively polishes away dead skin while helping to boost circulation to the skin surface. Tree Hut exfoliating body scrub removes dull, dry skin to reveal glowing, soft, smooth skin. Deeply nourish and balance skin’s hydration to help restore skin's natural glow with Tree Hut Vitamin C Sugar Scrub. Natural Shea Butter is known to deeply moisturize, nourish, and soften dry skin while helping to promote elasticity. Natural oils condition skin to help prevent dryness and balance hydration for a refined, healthy glow. Tree Hut Shea Sugar Scrubs feature a 6-oil blend of: avocado oil, macadamia oil, sweet orange oil, sweet almond oil, evening primrose oil, and safflower oil.",Gretch,Bumps not completely gone,"I was very hopeful for this product, I have been using it for a few weeks now. It definitely helps decrease the visibility of the strawberry bumps on my legs but unfortunately they aren't gone completely. So it does help but it isn't a miracle cure.",6/28/2024,4.0,Yes,0,0.1739,0.186,0.136,0.678,0.0032719247974455357,0.007171682547777891,0.01236956287175417,0.016389889642596245,0.2614348530769348,0.6176236867904663,0.08173839747905731
338,"Tree Hut Vitamin C Shea Sugar Scrub, 18 oz, Ultra Hydrating and Exfoliating Scrub for Nourishing Essential Body Care","Our Tree Hut Vitamin C Sugar Scrub contains vitamin C, a powerhouse antioxidant that is known to help boost skin for a brighter, firmer, and more even-toned appearance. This Tree Hut Vitamin C Scrub also contains alpha-hydroxy acid (AHA) which can help to reveal a fresher-looking tone and texture. Sugar is Tree Hut’s natural exfoliant: it effectively polishes away dead skin while helping to boost circulation to the skin surface. Tree Hut exfoliating body scrub removes dull, dry skin to reveal glowing, soft, smooth skin. Deeply nourish and balance skin’s hydration to help restore skin's natural glow with Tree Hut Vitamin C Sugar Scrub. Natural Shea Butter is known to deeply moisturize, nourish, and soften dry skin while helping to promote elasticity. Natural oils condition skin to help prevent dryness and balance hydration for a refined, healthy glow. Tree Hut Shea Sugar Scrubs feature a 6-oil blend of: avocado oil, macadamia oil, sweet orange oil, sweet almond oil, evening primrose oil, and safflower oil.",Jamin Importante,Soothed my KP immediately after use,I was in the sun on vacation for about a week and got sunburnt which led to really dry and flaky skin. I bought this product to help soothe my KP flare-up and I saw immediate results. I use this scrub right before I apply soap. My arm feels so smooth and the scrub helped get rid of excess dead skin. I would recommend this to anyone with a textured arm or chest!,8/15/2024,5.0,Yes,0,0.4003,0.109,0.059,0.832,0.041161324828863144,0.1811680793762207,0.01300167664885521,0.036282435059547424,0.6176403164863586,0.06448131799697876,0.04626486822962761
339,"Tree Hut Vitamin C Shea Sugar Scrub, 18 oz, Ultra Hydrating and Exfoliating Scrub for Nourishing Essential Body Care","Our Tree Hut Vitamin C Sugar Scrub contains vitamin C, a powerhouse antioxidant that is known to help boost skin for a brighter, firmer, and more even-toned appearance. This Tree Hut Vitamin C Scrub also contains alpha-hydroxy acid (AHA) which can help to reveal a fresher-looking tone and texture. Sugar is Tree Hut’s natural exfoliant: it effectively polishes away dead skin while helping to boost circulation to the skin surface. Tree Hut exfoliating body scrub removes dull, dry skin to reveal glowing, soft, smooth skin. Deeply nourish and balance skin’s hydration to help restore skin's natural glow with Tree Hut Vitamin C Sugar Scrub. Natural Shea Butter is known to deeply moisturize, nourish, and soften dry skin while helping to promote elasticity. Natural oils condition skin to help prevent dryness and balance hydration for a refined, healthy glow. Tree Hut Shea Sugar Scrubs feature a 6-oil blend of: avocado oil, macadamia oil, sweet orange oil, sweet almond oil, evening primrose oil, and safflower oil.",raquel,Idk,I don't see any improvement.,9/21/2024,5.0,Yes,0,-0.357,0.0,0.453,0.547,0.026401322335004807,0.2313205897808075,0.007603679783642292,0.004172836896032095,0.4664352834224701,0.07354757934808731,0.19051875174045563
340,"Tree Hut Vitamin C Shea Sugar Scrub, 18 oz, Ultra Hydrating and Exfoliating Scrub for Nourishing Essential Body Care","Our Tree Hut Vitamin C Sugar Scrub contains vitamin C, a powerhouse antioxidant that is known to help boost skin for a brighter, firmer, and more even-toned appearance. This Tree Hut Vitamin C Scrub also contains alpha-hydroxy acid (AHA) which can help to reveal a fresher-looking tone and texture. Sugar is Tree Hut’s natural exfoliant: it effectively polishes away dead skin while helping to boost circulation to the skin surface. Tree Hut exfoliating body scrub removes dull, dry skin to reveal glowing, soft, smooth skin. Deeply nourish and balance skin’s hydration to help restore skin's natural glow with Tree Hut Vitamin C Sugar Scrub. Natural Shea Butter is known to deeply moisturize, nourish, and soften dry skin while helping to promote elasticity. Natural oils condition skin to help prevent dryness and balance hydration for a refined, healthy glow. Tree Hut Shea Sugar Scrubs feature a 6-oil blend of: avocado oil, macadamia oil, sweet orange oil, sweet almond oil, evening primrose oil, and safflower oil.",Rebecca,Order,It’s just what she wanted,9/20/2024,5.0,Yes,0,0.0,0.0,0.0,1.0,0.007737088482826948,0.0047418805770576,0.0008027463336475194,0.00726180849596858,0.9674142003059387,0.003350296290591359,0.008692075498402119
341,"Tree Hut Vitamin C Shea Sugar Scrub, 18 oz, Ultra Hydrating and Exfoliating Scrub for Nourishing Essential Body Care","Our Tree Hut Vitamin C Sugar Scrub contains vitamin C, a powerhouse antioxidant that is known to help boost skin for a brighter, firmer, and more even-toned appearance. This Tree Hut Vitamin C Scrub also contains alpha-hydroxy acid (AHA) which can help to reveal a fresher-looking tone and texture. Sugar is Tree Hut’s natural exfoliant: it effectively polishes away dead skin while helping to boost circulation to the skin surface. Tree Hut exfoliating body scrub removes dull, dry skin to reveal glowing, soft, smooth skin. Deeply nourish and balance skin’s hydration to help restore skin's natural glow with Tree Hut Vitamin C Sugar Scrub. Natural Shea Butter is known to deeply moisturize, nourish, and soften dry skin while helping to promote elasticity. Natural oils condition skin to help prevent dryness and balance hydration for a refined, healthy glow. Tree Hut Shea Sugar Scrubs feature a 6-oil blend of: avocado oil, macadamia oil, sweet orange oil, sweet almond oil, evening primrose oil, and safflower oil.",NAGA AJAY,It’s working very well,It’s smooth,9/26/2024,5.0,Yes,0,0.0,0.0,0.0,1.0,0.0031384690664708614,0.00466406112536788,0.0016765354666858912,0.20567834377288818,0.7655215263366699,0.007935038767755032,0.011386034078896046
342,"Tree Hut Vitamin C Shea Sugar Scrub, 18 oz, Ultra Hydrating and Exfoliating Scrub for Nourishing Essential Body Care","Our Tree Hut Vitamin C Sugar Scrub contains vitamin C, a powerhouse antioxidant that is known to help boost skin for a brighter, firmer, and more even-toned appearance. This Tree Hut Vitamin C Scrub also contains alpha-hydroxy acid (AHA) which can help to reveal a fresher-looking tone and texture. Sugar is Tree Hut’s natural exfoliant: it effectively polishes away dead skin while helping to boost circulation to the skin surface. Tree Hut exfoliating body scrub removes dull, dry skin to reveal glowing, soft, smooth skin. Deeply nourish and balance skin’s hydration to help restore skin's natural glow with Tree Hut Vitamin C Sugar Scrub. Natural Shea Butter is known to deeply moisturize, nourish, and soften dry skin while helping to promote elasticity. Natural oils condition skin to help prevent dryness and balance hydration for a refined, healthy glow. Tree Hut Shea Sugar Scrubs feature a 6-oil blend of: avocado oil, macadamia oil, sweet orange oil, sweet almond oil, evening primrose oil, and safflower oil.",Sandra Ferrell,Perfect for bikini bumps; old & new,Best product I’ve found. I got a sample in my Etsy bag and HAD to buy the big bottle. Works magic.,9/9/2024,5.0,Yes,0,0.6369,0.189,0.0,0.811,0.012883215211331844,0.007856463082134724,0.0011415892513468862,0.08164697140455246,0.7250798344612122,0.0061461906880140305,0.16524572670459747
343,"Tree Hut Vitamin C Shea Sugar Scrub, 18 oz, Ultra Hydrating and Exfoliating Scrub for Nourishing Essential Body Care","Our Tree Hut Vitamin C Sugar Scrub contains vitamin C, a powerhouse antioxidant that is known to help boost skin for a brighter, firmer, and more even-toned appearance. This Tree Hut Vitamin C Scrub also contains alpha-hydroxy acid (AHA) which can help to reveal a fresher-looking tone and texture. Sugar is Tree Hut’s natural exfoliant: it effectively polishes away dead skin while helping to boost circulation to the skin surface. Tree Hut exfoliating body scrub removes dull, dry skin to reveal glowing, soft, smooth skin. Deeply nourish and balance skin’s hydration to help restore skin's natural glow with Tree Hut Vitamin C Sugar Scrub. Natural Shea Butter is known to deeply moisturize, nourish, and soften dry skin while helping to promote elasticity. Natural oils condition skin to help prevent dryness and balance hydration for a refined, healthy glow. Tree Hut Shea Sugar Scrubs feature a 6-oil blend of: avocado oil, macadamia oil, sweet orange oil, sweet almond oil, evening primrose oil, and safflower oil.",Mark,Somehow efffective,It doesn't cure my KP but removes the clogged hair glands.,7/29/2024,4.0,Yes,0,0.0,0.0,0.0,1.0,0.03000991977751255,0.3353118598461151,0.013981609605252743,0.008272646926343441,0.40781810879707336,0.18467116355895996,0.01993466541171074
344,"Tree Hut Vitamin C Shea Sugar Scrub, 18 oz, Ultra Hydrating and Exfoliating Scrub for Nourishing Essential Body Care","Our Tree Hut Vitamin C Sugar Scrub contains vitamin C, a powerhouse antioxidant that is known to help boost skin for a brighter, firmer, and more even-toned appearance. This Tree Hut Vitamin C Scrub also contains alpha-hydroxy acid (AHA) which can help to reveal a fresher-looking tone and texture. Sugar is Tree Hut’s natural exfoliant: it effectively polishes away dead skin while helping to boost circulation to the skin surface. Tree Hut exfoliating body scrub removes dull, dry skin to reveal glowing, soft, smooth skin. Deeply nourish and balance skin’s hydration to help restore skin's natural glow with Tree Hut Vitamin C Sugar Scrub. Natural Shea Butter is known to deeply moisturize, nourish, and soften dry skin while helping to promote elasticity. Natural oils condition skin to help prevent dryness and balance hydration for a refined, healthy glow. Tree Hut Shea Sugar Scrubs feature a 6-oil blend of: avocado oil, macadamia oil, sweet orange oil, sweet almond oil, evening primrose oil, and safflower oil.",llivka,It works!,"I have been struggling to remedy unwanted bumps on the backs of my legs for years and after finding this, I think I have fallen into luck! After just one use, I noticed a difference. I can’t say for certain that I have KP, but regardless, I can tell this works right out of the gate. If you have had success w other products containing AHA and are looking to rid a part of your body of unwanted bumps (aside from your face) I recommend considering this product!",8/5/2024,5.0,Yes,0,0.7835,0.14,0.096,0.764,0.01151276659220457,0.01245057862251997,0.007025737315416336,0.022397808730602264,0.8865628242492676,0.005412912927567959,0.05463724210858345
345,"Tree Hut Vitamin C Shea Sugar Scrub, 18 oz, Ultra Hydrating and Exfoliating Scrub for Nourishing Essential Body Care","Our Tree Hut Vitamin C Sugar Scrub contains vitamin C, a powerhouse antioxidant that is known to help boost skin for a brighter, firmer, and more even-toned appearance. This Tree Hut Vitamin C Scrub also contains alpha-hydroxy acid (AHA) which can help to reveal a fresher-looking tone and texture. Sugar is Tree Hut’s natural exfoliant: it effectively polishes away dead skin while helping to boost circulation to the skin surface. Tree Hut exfoliating body scrub removes dull, dry skin to reveal glowing, soft, smooth skin. Deeply nourish and balance skin’s hydration to help restore skin's natural glow with Tree Hut Vitamin C Sugar Scrub. Natural Shea Butter is known to deeply moisturize, nourish, and soften dry skin while helping to promote elasticity. Natural oils condition skin to help prevent dryness and balance hydration for a refined, healthy glow. Tree Hut Shea Sugar Scrubs feature a 6-oil blend of: avocado oil, macadamia oil, sweet orange oil, sweet almond oil, evening primrose oil, and safflower oil.",Iman Khatib,I was so skeptical!,"I was really skeptical about this product but I can genuinely say it works. I use just a pea size amount of the product on the back of each arm 1-2x per week and let it sit for a minute or two before washing it off. I am extremely impressed that it’s taken away the appearance of the red dots on the back of my arm. I can already tell that with the amount I use, this product will last a long time. No complaints!",7/19/2024,5.0,Yes,6,-0.4308,0.054,0.099,0.847,0.012820233590900898,0.008881404995918274,0.0028825877234339714,0.004762385971844196,0.049540549516677856,0.0012769988970831037,0.9198358058929443
346,"Tree Hut Vitamin C Shea Sugar Scrub, 18 oz, Ultra Hydrating and Exfoliating Scrub for Nourishing Essential Body Care","Our Tree Hut Vitamin C Sugar Scrub contains vitamin C, a powerhouse antioxidant that is known to help boost skin for a brighter, firmer, and more even-toned appearance. This Tree Hut Vitamin C Scrub also contains alpha-hydroxy acid (AHA) which can help to reveal a fresher-looking tone and texture. Sugar is Tree Hut’s natural exfoliant: it effectively polishes away dead skin while helping to boost circulation to the skin surface. Tree Hut exfoliating body scrub removes dull, dry skin to reveal glowing, soft, smooth skin. Deeply nourish and balance skin’s hydration to help restore skin's natural glow with Tree Hut Vitamin C Sugar Scrub. Natural Shea Butter is known to deeply moisturize, nourish, and soften dry skin while helping to promote elasticity. Natural oils condition skin to help prevent dryness and balance hydration for a refined, healthy glow. Tree Hut Shea Sugar Scrubs feature a 6-oil blend of: avocado oil, macadamia oil, sweet orange oil, sweet almond oil, evening primrose oil, and safflower oil.",Little surfer girl,Amazing!,My skin feels so good after each use!,9/14/2024,5.0,Yes,0,0.6166,0.366,0.0,0.634,0.0018338530790060759,0.004479038063436747,0.00041932243038900197,0.9620953798294067,0.02209567464888096,0.004247593693435192,0.004829154349863529
347,"Tree Hut Vitamin C Shea Sugar Scrub, 18 oz, Ultra Hydrating and Exfoliating Scrub for Nourishing Essential Body Care","Our Tree Hut Vitamin C Sugar Scrub contains vitamin C, a powerhouse antioxidant that is known to help boost skin for a brighter, firmer, and more even-toned appearance. This Tree Hut Vitamin C Scrub also contains alpha-hydroxy acid (AHA) which can help to reveal a fresher-looking tone and texture. Sugar is Tree Hut’s natural exfoliant: it effectively polishes away dead skin while helping to boost circulation to the skin surface. Tree Hut exfoliating body scrub removes dull, dry skin to reveal glowing, soft, smooth skin. Deeply nourish and balance skin’s hydration to help restore skin's natural glow with Tree Hut Vitamin C Sugar Scrub. Natural Shea Butter is known to deeply moisturize, nourish, and soften dry skin while helping to promote elasticity. Natural oils condition skin to help prevent dryness and balance hydration for a refined, healthy glow. Tree Hut Shea Sugar Scrubs feature a 6-oil blend of: avocado oil, macadamia oil, sweet orange oil, sweet almond oil, evening primrose oil, and safflower oil.",Devon,It really works!,I was skeptical but this stuff is magic! I've tried every exfoliating scrub/sponge but THIS is the one! Finallyyyy got rid of my bumpy skin! I use this once or twice a week to keep my skin smooth 🤩,8/27/2024,5.0,Yes,0,-0.3666,0.0,0.069,0.931,0.02951672300696373,0.020009366795420647,0.140720397233963,0.06857079267501831,0.3708292841911316,0.018323097378015518,0.3520303964614868
348,"Tree Hut Vitamin C Shea Sugar Scrub, 18 oz, Ultra Hydrating and Exfoliating Scrub for Nourishing Essential Body Care","Our Tree Hut Vitamin C Sugar Scrub contains vitamin C, a powerhouse antioxidant that is known to help boost skin for a brighter, firmer, and more even-toned appearance. This Tree Hut Vitamin C Scrub also contains alpha-hydroxy acid (AHA) which can help to reveal a fresher-looking tone and texture. Sugar is Tree Hut’s natural exfoliant: it effectively polishes away dead skin while helping to boost circulation to the skin surface. Tree Hut exfoliating body scrub removes dull, dry skin to reveal glowing, soft, smooth skin. Deeply nourish and balance skin’s hydration to help restore skin's natural glow with Tree Hut Vitamin C Sugar Scrub. Natural Shea Butter is known to deeply moisturize, nourish, and soften dry skin while helping to promote elasticity. Natural oils condition skin to help prevent dryness and balance hydration for a refined, healthy glow. Tree Hut Shea Sugar Scrubs feature a 6-oil blend of: avocado oil, macadamia oil, sweet orange oil, sweet almond oil, evening primrose oil, and safflower oil.",grace,I wish I took before and after photos!!,"This decreased the darkness of my KP by at least 50% after the first use!!!! A couple things to specify: the kp on my legs presents as dots with no raised bumps as I shave and exfoliate frequently. The KP on my arms is the regular bumps and dark spots. I’ve also been told my KP is the worst many people have seen (I wish I had before pictures if I can find some I will add them later)By the day after my second use the bumps on my arms were far less raised and less frequent and, compared to before, practically nonexistent! The visibility of the dots on my legs and arms was down about 80% but the bumps were still there. This makes sense and I’m sure they will to continue to lessen.Long story short I wish I coughed up the money (with is the only downside to this product) loooonnng ago. I have NEVER been so confident and excited to wear summer clothes!!",5/20/2024,5.0,Yes,12,0.9265,0.106,0.046,0.847,0.047498010098934174,0.5527744889259338,0.031975895166397095,0.005393585190176964,0.2536596953868866,0.035157352685928345,0.07354100793600082
349,"Tree Hut Vitamin C Shea Sugar Scrub, 18 oz, Ultra Hydrating and Exfoliating Scrub for Nourishing Essential Body Care","Our Tree Hut Vitamin C Sugar Scrub contains vitamin C, a powerhouse antioxidant that is known to help boost skin for a brighter, firmer, and more even-toned appearance. This Tree Hut Vitamin C Scrub also contains alpha-hydroxy acid (AHA) which can help to reveal a fresher-looking tone and texture. Sugar is Tree Hut’s natural exfoliant: it effectively polishes away dead skin while helping to boost circulation to the skin surface. Tree Hut exfoliating body scrub removes dull, dry skin to reveal glowing, soft, smooth skin. Deeply nourish and balance skin’s hydration to help restore skin's natural glow with Tree Hut Vitamin C Sugar Scrub. Natural Shea Butter is known to deeply moisturize, nourish, and soften dry skin while helping to promote elasticity. Natural oils condition skin to help prevent dryness and balance hydration for a refined, healthy glow. Tree Hut Shea Sugar Scrubs feature a 6-oil blend of: avocado oil, macadamia oil, sweet orange oil, sweet almond oil, evening primrose oil, and safflower oil.",amy rizz,pretty good,I haven't seen results yet but it does feel so so nice on my skin. It is like giving myself a massage. and it smells nice.,7/4/2024,4.0,Yes,0,0.9598,0.463,0.0,0.537,0.0015516645507887006,0.021198954433202744,0.0009930283995345235,0.8957919478416443,0.06125136464834213,0.012994768097996712,0.006218297872692347
350,"Tree Hut Vitamin C Shea Sugar Scrub, 18 oz, Ultra Hydrating and Exfoliating Scrub for Nourishing Essential Body Care","Our Tree Hut Vitamin C Sugar Scrub contains vitamin C, a powerhouse antioxidant that is known to help boost skin for a brighter, firmer, and more even-toned appearance. This Tree Hut Vitamin C Scrub also contains alpha-hydroxy acid (AHA) which can help to reveal a fresher-looking tone and texture. Sugar is Tree Hut’s natural exfoliant: it effectively polishes away dead skin while helping to boost circulation to the skin surface. Tree Hut exfoliating body scrub removes dull, dry skin to reveal glowing, soft, smooth skin. Deeply nourish and balance skin’s hydration to help restore skin's natural glow with Tree Hut Vitamin C Sugar Scrub. Natural Shea Butter is known to deeply moisturize, nourish, and soften dry skin while helping to promote elasticity. Natural oils condition skin to help prevent dryness and balance hydration for a refined, healthy glow. Tree Hut Shea Sugar Scrubs feature a 6-oil blend of: avocado oil, macadamia oil, sweet orange oil, sweet almond oil, evening primrose oil, and safflower oil.",Amanda M.,Felt difference after 1 Easy use,"Always had strawberry skin, The rest of my skin needs exfoliate now. This is used in the shower, so easy, it’s like covering urself in sand & scrubbing, it feels great to my skin too. I feel less bumps, after my first use.",8/10/2024,5.0,Yes,0,0.8911,0.218,0.0,0.782,0.007651243358850479,0.17283092439174652,0.0062744589522480965,0.435583233833313,0.32015907764434814,0.04333984851837158,0.014161278493702412
351,"Tree Hut Vitamin C Shea Sugar Scrub, 18 oz, Ultra Hydrating and Exfoliating Scrub for Nourishing Essential Body Care","Our Tree Hut Vitamin C Sugar Scrub contains vitamin C, a powerhouse antioxidant that is known to help boost skin for a brighter, firmer, and more even-toned appearance. This Tree Hut Vitamin C Scrub also contains alpha-hydroxy acid (AHA) which can help to reveal a fresher-looking tone and texture. Sugar is Tree Hut’s natural exfoliant: it effectively polishes away dead skin while helping to boost circulation to the skin surface. Tree Hut exfoliating body scrub removes dull, dry skin to reveal glowing, soft, smooth skin. Deeply nourish and balance skin’s hydration to help restore skin's natural glow with Tree Hut Vitamin C Sugar Scrub. Natural Shea Butter is known to deeply moisturize, nourish, and soften dry skin while helping to promote elasticity. Natural oils condition skin to help prevent dryness and balance hydration for a refined, healthy glow. Tree Hut Shea Sugar Scrubs feature a 6-oil blend of: avocado oil, macadamia oil, sweet orange oil, sweet almond oil, evening primrose oil, and safflower oil.",Grace D,Decreases bumps,"This product does decrease bumps but doesn’t not completely eliminates them. So far, I haven’t found a product that completely eliminates the problem but this product is better than other products I have tried in the past.",5/29/2024,4.0,Yes,0,-0.0247,0.097,0.099,0.804,0.0038086792919784784,0.009352977387607098,0.0011998406844213605,0.02742026001214981,0.9360473155975342,0.008720863610506058,0.013450040481984615
352,"Tree Hut Vitamin C Shea Sugar Scrub, 18 oz, Ultra Hydrating and Exfoliating Scrub for Nourishing Essential Body Care","Our Tree Hut Vitamin C Sugar Scrub contains vitamin C, a powerhouse antioxidant that is known to help boost skin for a brighter, firmer, and more even-toned appearance. This Tree Hut Vitamin C Scrub also contains alpha-hydroxy acid (AHA) which can help to reveal a fresher-looking tone and texture. Sugar is Tree Hut’s natural exfoliant: it effectively polishes away dead skin while helping to boost circulation to the skin surface. Tree Hut exfoliating body scrub removes dull, dry skin to reveal glowing, soft, smooth skin. Deeply nourish and balance skin’s hydration to help restore skin's natural glow with Tree Hut Vitamin C Sugar Scrub. Natural Shea Butter is known to deeply moisturize, nourish, and soften dry skin while helping to promote elasticity. Natural oils condition skin to help prevent dryness and balance hydration for a refined, healthy glow. Tree Hut Shea Sugar Scrubs feature a 6-oil blend of: avocado oil, macadamia oil, sweet orange oil, sweet almond oil, evening primrose oil, and safflower oil.",Suzanne Weinman,LOVE this product!,"I have tried. everything, cannot even count how many products. I have. tried and this one the first time I used it, I knew this is gonna work. No. funny smell, no sticky reside,  it is amazing! Ordering another one after. using for only 2 weeks, I am customer for life on. this one.",8/18/2024,5.0,Yes,0,0.5562,0.126,0.079,0.794,0.005863650236278772,0.006303137168288231,0.00240646256133914,0.11823742836713791,0.03217856213450432,0.005207336973398924,0.8298034071922302
353,"Tree Hut Vitamin C Shea Sugar Scrub, 18 oz, Ultra Hydrating and Exfoliating Scrub for Nourishing Essential Body Care","Our Tree Hut Vitamin C Sugar Scrub contains vitamin C, a powerhouse antioxidant that is known to help boost skin for a brighter, firmer, and more even-toned appearance. This Tree Hut Vitamin C Scrub also contains alpha-hydroxy acid (AHA) which can help to reveal a fresher-looking tone and texture. Sugar is Tree Hut’s natural exfoliant: it effectively polishes away dead skin while helping to boost circulation to the skin surface. Tree Hut exfoliating body scrub removes dull, dry skin to reveal glowing, soft, smooth skin. Deeply nourish and balance skin’s hydration to help restore skin's natural glow with Tree Hut Vitamin C Sugar Scrub. Natural Shea Butter is known to deeply moisturize, nourish, and soften dry skin while helping to promote elasticity. Natural oils condition skin to help prevent dryness and balance hydration for a refined, healthy glow. Tree Hut Shea Sugar Scrubs feature a 6-oil blend of: avocado oil, macadamia oil, sweet orange oil, sweet almond oil, evening primrose oil, and safflower oil.",Samantha,Incredible results after just one use,I have had KP my whole Life. I saw reviews and decided to try this as I had an event coming up and I really wanted my arms to look and feel smooth and attractive like everyone else’s. I thought it might help a little bit and was worth a shot. I used it last night in the shower for the first time and my arms are incredibly smooth And soft. I would highly recommend! All you have to do is use a little bit and scrub then add moisturizer afterwards and you wake up with beautiful looking arms even after just one use. Totally worth the money.,7/22/2024,5.0,Yes,13,0.9508,0.172,0.0,0.828,0.00508789112791419,0.010906142182648182,0.0012069039512425661,0.6605595350265503,0.2850555181503296,0.008244832046329975,0.02893923781812191
354,"Tree Hut Vitamin C Shea Sugar Scrub, 18 oz, Ultra Hydrating and Exfoliating Scrub for Nourishing Essential Body Care","Our Tree Hut Vitamin C Sugar Scrub contains vitamin C, a powerhouse antioxidant that is known to help boost skin for a brighter, firmer, and more even-toned appearance. This Tree Hut Vitamin C Scrub also contains alpha-hydroxy acid (AHA) which can help to reveal a fresher-looking tone and texture. Sugar is Tree Hut’s natural exfoliant: it effectively polishes away dead skin while helping to boost circulation to the skin surface. Tree Hut exfoliating body scrub removes dull, dry skin to reveal glowing, soft, smooth skin. Deeply nourish and balance skin’s hydration to help restore skin's natural glow with Tree Hut Vitamin C Sugar Scrub. Natural Shea Butter is known to deeply moisturize, nourish, and soften dry skin while helping to promote elasticity. Natural oils condition skin to help prevent dryness and balance hydration for a refined, healthy glow. Tree Hut Shea Sugar Scrubs feature a 6-oil blend of: avocado oil, macadamia oil, sweet orange oil, sweet almond oil, evening primrose oil, and safflower oil.",Kelley,Noticeable improvement,Noticeable improvement after only one use. I'm impressed!,9/3/2024,5.0,Yes,0,0.75,0.516,0.0,0.484,0.004924657288938761,0.0062265400774776936,0.001252408022992313,0.0032990111503750086,0.020566385239362717,0.0012856099056079984,0.9624454379081726
355,"Tree Hut Vitamin C Shea Sugar Scrub, 18 oz, Ultra Hydrating and Exfoliating Scrub for Nourishing Essential Body Care","Our Tree Hut Vitamin C Sugar Scrub contains vitamin C, a powerhouse antioxidant that is known to help boost skin for a brighter, firmer, and more even-toned appearance. This Tree Hut Vitamin C Scrub also contains alpha-hydroxy acid (AHA) which can help to reveal a fresher-looking tone and texture. Sugar is Tree Hut’s natural exfoliant: it effectively polishes away dead skin while helping to boost circulation to the skin surface. Tree Hut exfoliating body scrub removes dull, dry skin to reveal glowing, soft, smooth skin. Deeply nourish and balance skin’s hydration to help restore skin's natural glow with Tree Hut Vitamin C Sugar Scrub. Natural Shea Butter is known to deeply moisturize, nourish, and soften dry skin while helping to promote elasticity. Natural oils condition skin to help prevent dryness and balance hydration for a refined, healthy glow. Tree Hut Shea Sugar Scrubs feature a 6-oil blend of: avocado oil, macadamia oil, sweet orange oil, sweet almond oil, evening primrose oil, and safflower oil.",BekahM,Great product,This works as it says. My daughter has baby bumps on her arms  and bathing with this once a week keeps them away. Love this product,8/20/2024,5.0,Yes,0,0.6369,0.149,0.0,0.851,0.006124010309576988,0.004314509220421314,0.0017610869836062193,0.4351964294910431,0.48232921957969666,0.03147675842046738,0.03879798203706741
356,"Tree Hut Vitamin C Shea Sugar Scrub, 18 oz, Ultra Hydrating and Exfoliating Scrub for Nourishing Essential Body Care","Our Tree Hut Vitamin C Sugar Scrub contains vitamin C, a powerhouse antioxidant that is known to help boost skin for a brighter, firmer, and more even-toned appearance. This Tree Hut Vitamin C Scrub also contains alpha-hydroxy acid (AHA) which can help to reveal a fresher-looking tone and texture. Sugar is Tree Hut’s natural exfoliant: it effectively polishes away dead skin while helping to boost circulation to the skin surface. Tree Hut exfoliating body scrub removes dull, dry skin to reveal glowing, soft, smooth skin. Deeply nourish and balance skin’s hydration to help restore skin's natural glow with Tree Hut Vitamin C Sugar Scrub. Natural Shea Butter is known to deeply moisturize, nourish, and soften dry skin while helping to promote elasticity. Natural oils condition skin to help prevent dryness and balance hydration for a refined, healthy glow. Tree Hut Shea Sugar Scrubs feature a 6-oil blend of: avocado oil, macadamia oil, sweet orange oil, sweet almond oil, evening primrose oil, and safflower oil.",Carol A. Carlson,KP bump eraser,"Excellent product, helps take away skin bumps. Leaves skin smooth and soft.",8/31/2024,5.0,Yes,0,0.743,0.387,0.0,0.613,0.009627914987504482,0.08208680152893066,0.0019739011768251657,0.17372214794158936,0.706894040107727,0.01986086182296276,0.005834303796291351
357,"Tree Hut Vitamin C Shea Sugar Scrub, 18 oz, Ultra Hydrating and Exfoliating Scrub for Nourishing Essential Body Care","Our Tree Hut Vitamin C Sugar Scrub contains vitamin C, a powerhouse antioxidant that is known to help boost skin for a brighter, firmer, and more even-toned appearance. This Tree Hut Vitamin C Scrub also contains alpha-hydroxy acid (AHA) which can help to reveal a fresher-looking tone and texture. Sugar is Tree Hut’s natural exfoliant: it effectively polishes away dead skin while helping to boost circulation to the skin surface. Tree Hut exfoliating body scrub removes dull, dry skin to reveal glowing, soft, smooth skin. Deeply nourish and balance skin’s hydration to help restore skin's natural glow with Tree Hut Vitamin C Sugar Scrub. Natural Shea Butter is known to deeply moisturize, nourish, and soften dry skin while helping to promote elasticity. Natural oils condition skin to help prevent dryness and balance hydration for a refined, healthy glow. Tree Hut Shea Sugar Scrubs feature a 6-oil blend of: avocado oil, macadamia oil, sweet orange oil, sweet almond oil, evening primrose oil, and safflower oil.",chuck s,My only regret is not buying this sooner!,"I wish I would have taken a before and after photo. I had a pretty large red bump on my shoulder and just after one use of this body Scrub it made significant difference! After two uses my red bump is almost completely gone! This makes my skin feel very soft, like baby soft skin! Best body Scrub ever made! I highly recommend you try this out! My skin looks and feels amazing! I even bought two more bottles of this! I am a customer forever! I love first aid beauty products!!",7/22/2024,5.0,Yes,4,0.9841,0.294,0.0,0.706,0.015053640119731426,0.06924484670162201,0.01317655947059393,0.10994209349155426,0.08193779736757278,0.02315620332956314,0.6874887943267822
358,"Tree Hut Vitamin C Shea Sugar Scrub, 18 oz, Ultra Hydrating and Exfoliating Scrub for Nourishing Essential Body Care","Our Tree Hut Vitamin C Sugar Scrub contains vitamin C, a powerhouse antioxidant that is known to help boost skin for a brighter, firmer, and more even-toned appearance. This Tree Hut Vitamin C Scrub also contains alpha-hydroxy acid (AHA) which can help to reveal a fresher-looking tone and texture. Sugar is Tree Hut’s natural exfoliant: it effectively polishes away dead skin while helping to boost circulation to the skin surface. Tree Hut exfoliating body scrub removes dull, dry skin to reveal glowing, soft, smooth skin. Deeply nourish and balance skin’s hydration to help restore skin's natural glow with Tree Hut Vitamin C Sugar Scrub. Natural Shea Butter is known to deeply moisturize, nourish, and soften dry skin while helping to promote elasticity. Natural oils condition skin to help prevent dryness and balance hydration for a refined, healthy glow. Tree Hut Shea Sugar Scrubs feature a 6-oil blend of: avocado oil, macadamia oil, sweet orange oil, sweet almond oil, evening primrose oil, and safflower oil.",Anna Martin,Quick results,I have only used this product twice and the results are great. I used it on the back of my thighs and have zero complaints. 10/10 recommend.,8/22/2024,5.0,Yes,0,0.5994,0.211,0.086,0.703,0.013795357197523117,0.01194403413683176,0.001676891348324716,0.17062216997146606,0.765272319316864,0.0075807454995810986,0.029108498245477676
359,"Tree Hut Vitamin C Shea Sugar Scrub, 18 oz, Ultra Hydrating and Exfoliating Scrub for Nourishing Essential Body Care","Our Tree Hut Vitamin C Sugar Scrub contains vitamin C, a powerhouse antioxidant that is known to help boost skin for a brighter, firmer, and more even-toned appearance. This Tree Hut Vitamin C Scrub also contains alpha-hydroxy acid (AHA) which can help to reveal a fresher-looking tone and texture. Sugar is Tree Hut’s natural exfoliant: it effectively polishes away dead skin while helping to boost circulation to the skin surface. Tree Hut exfoliating body scrub removes dull, dry skin to reveal glowing, soft, smooth skin. Deeply nourish and balance skin’s hydration to help restore skin's natural glow with Tree Hut Vitamin C Sugar Scrub. Natural Shea Butter is known to deeply moisturize, nourish, and soften dry skin while helping to promote elasticity. Natural oils condition skin to help prevent dryness and balance hydration for a refined, healthy glow. Tree Hut Shea Sugar Scrubs feature a 6-oil blend of: avocado oil, macadamia oil, sweet orange oil, sweet almond oil, evening primrose oil, and safflower oil.",fountainhead,Reduces the appearance doesn't get fully rid of,I have the bumps and this has helped my skin a lot but it's not gotten fully rid of the bumps. On one arm it's better than the other but overall it's the best I've found to actually reduce the appearance so far at least.,6/5/2024,4.0,Yes,0,0.8922,0.191,0.0,0.809,0.004273438826203346,0.03750817850232124,0.004135094117373228,0.06938409060239792,0.8231526017189026,0.04121267423033714,0.020333943888545036
360,"Tree Hut Vitamin C Shea Sugar Scrub, 18 oz, Ultra Hydrating and Exfoliating Scrub for Nourishing Essential Body Care","Our Tree Hut Vitamin C Sugar Scrub contains vitamin C, a powerhouse antioxidant that is known to help boost skin for a brighter, firmer, and more even-toned appearance. This Tree Hut Vitamin C Scrub also contains alpha-hydroxy acid (AHA) which can help to reveal a fresher-looking tone and texture. Sugar is Tree Hut’s natural exfoliant: it effectively polishes away dead skin while helping to boost circulation to the skin surface. Tree Hut exfoliating body scrub removes dull, dry skin to reveal glowing, soft, smooth skin. Deeply nourish and balance skin’s hydration to help restore skin's natural glow with Tree Hut Vitamin C Sugar Scrub. Natural Shea Butter is known to deeply moisturize, nourish, and soften dry skin while helping to promote elasticity. Natural oils condition skin to help prevent dryness and balance hydration for a refined, healthy glow. Tree Hut Shea Sugar Scrubs feature a 6-oil blend of: avocado oil, macadamia oil, sweet orange oil, sweet almond oil, evening primrose oil, and safflower oil.",Tricia Fonseca,Best in the market,I have sensitive skin so it’s very hard for me to find a product that works. Second time I purchase. The first time I wasn’t too happy since the exfoliant wouldn’t come out easily and you really had to work to get it out. Second time I noticed packaging is completely different and exfoliant comes out with just a little squeeze. Results are noticeably better and hoping to get rid of my bumpy skin altogether. Great product.,8/2/2024,5.0,Yes,0,0.9318,0.192,0.024,0.784,0.004252076614648104,0.020993707701563835,0.0035119247622787952,0.24008937180042267,0.5932207107543945,0.02104925364255905,0.11688294261693954
361,"Tree Hut Vitamin C Shea Sugar Scrub, 18 oz, Ultra Hydrating and Exfoliating Scrub for Nourishing Essential Body Care","Our Tree Hut Vitamin C Sugar Scrub contains vitamin C, a powerhouse antioxidant that is known to help boost skin for a brighter, firmer, and more even-toned appearance. This Tree Hut Vitamin C Scrub also contains alpha-hydroxy acid (AHA) which can help to reveal a fresher-looking tone and texture. Sugar is Tree Hut’s natural exfoliant: it effectively polishes away dead skin while helping to boost circulation to the skin surface. Tree Hut exfoliating body scrub removes dull, dry skin to reveal glowing, soft, smooth skin. Deeply nourish and balance skin’s hydration to help restore skin's natural glow with Tree Hut Vitamin C Sugar Scrub. Natural Shea Butter is known to deeply moisturize, nourish, and soften dry skin while helping to promote elasticity. Natural oils condition skin to help prevent dryness and balance hydration for a refined, healthy glow. Tree Hut Shea Sugar Scrubs feature a 6-oil blend of: avocado oil, macadamia oil, sweet orange oil, sweet almond oil, evening primrose oil, and safflower oil.",rachel,Definitely recommend,I definitely recommend to buy this. It is pricey but I do recommend trying it atleast once. This is the priciest product i’ve bought for myself. I’m pretty sure you can buy a smaller bottle for cheaper if you dont want to spend too much. I will buy again later on. Im on a budget right now lol.,8/12/2024,5.0,Yes,0,0.9474,0.273,0.02,0.706,0.006645807530730963,0.009954879060387611,0.0030458688270300627,0.23619748651981354,0.6946173906326294,0.019477900117635727,0.030060652643442154
362,"Tree Hut Vitamin C Shea Sugar Scrub, 18 oz, Ultra Hydrating and Exfoliating Scrub for Nourishing Essential Body Care","Our Tree Hut Vitamin C Sugar Scrub contains vitamin C, a powerhouse antioxidant that is known to help boost skin for a brighter, firmer, and more even-toned appearance. This Tree Hut Vitamin C Scrub also contains alpha-hydroxy acid (AHA) which can help to reveal a fresher-looking tone and texture. Sugar is Tree Hut’s natural exfoliant: it effectively polishes away dead skin while helping to boost circulation to the skin surface. Tree Hut exfoliating body scrub removes dull, dry skin to reveal glowing, soft, smooth skin. Deeply nourish and balance skin’s hydration to help restore skin's natural glow with Tree Hut Vitamin C Sugar Scrub. Natural Shea Butter is known to deeply moisturize, nourish, and soften dry skin while helping to promote elasticity. Natural oils condition skin to help prevent dryness and balance hydration for a refined, healthy glow. Tree Hut Shea Sugar Scrubs feature a 6-oil blend of: avocado oil, macadamia oil, sweet orange oil, sweet almond oil, evening primrose oil, and safflower oil.",MELISSA VAN ORDEN,This works!,"I was skeptical to by this as I've tried other creams and lotions that didn't work.  After first application,  I've noticed a difference.  I was pleasantly surprised.  No strong smell or irritation either.  I will continue to use until the bumps are completely cleared up but I'm relieved I can skip the dermatologist appt.",8/10/2024,5.0,Yes,0,0.6119,0.183,0.095,0.722,0.019093593582510948,0.0032984802965074778,0.013012844137847424,0.028918996453285217,0.0211290642619133,0.004343579988926649,0.9102034568786621
363,"Tree Hut Vitamin C Shea Sugar Scrub, 18 oz, Ultra Hydrating and Exfoliating Scrub for Nourishing Essential Body Care","Our Tree Hut Vitamin C Sugar Scrub contains vitamin C, a powerhouse antioxidant that is known to help boost skin for a brighter, firmer, and more even-toned appearance. This Tree Hut Vitamin C Scrub also contains alpha-hydroxy acid (AHA) which can help to reveal a fresher-looking tone and texture. Sugar is Tree Hut’s natural exfoliant: it effectively polishes away dead skin while helping to boost circulation to the skin surface. Tree Hut exfoliating body scrub removes dull, dry skin to reveal glowing, soft, smooth skin. Deeply nourish and balance skin’s hydration to help restore skin's natural glow with Tree Hut Vitamin C Sugar Scrub. Natural Shea Butter is known to deeply moisturize, nourish, and soften dry skin while helping to promote elasticity. Natural oils condition skin to help prevent dryness and balance hydration for a refined, healthy glow. Tree Hut Shea Sugar Scrubs feature a 6-oil blend of: avocado oil, macadamia oil, sweet orange oil, sweet almond oil, evening primrose oil, and safflower oil.",Yancey,My Skin feels AMAZING,My skin feels amazingly soft after u use this scrub. I now use it every other day in the shower,8/25/2024,5.0,Yes,0,0.0,0.0,0.0,1.0,0.010317227803170681,0.2051660716533661,0.04848209768533707,0.13431942462921143,0.42118993401527405,0.07326748967170715,0.10725773125886917
364,"Tree Hut Vitamin C Shea Sugar Scrub, 18 oz, Ultra Hydrating and Exfoliating Scrub for Nourishing Essential Body Care","Our Tree Hut Vitamin C Sugar Scrub contains vitamin C, a powerhouse antioxidant that is known to help boost skin for a brighter, firmer, and more even-toned appearance. This Tree Hut Vitamin C Scrub also contains alpha-hydroxy acid (AHA) which can help to reveal a fresher-looking tone and texture. Sugar is Tree Hut’s natural exfoliant: it effectively polishes away dead skin while helping to boost circulation to the skin surface. Tree Hut exfoliating body scrub removes dull, dry skin to reveal glowing, soft, smooth skin. Deeply nourish and balance skin’s hydration to help restore skin's natural glow with Tree Hut Vitamin C Sugar Scrub. Natural Shea Butter is known to deeply moisturize, nourish, and soften dry skin while helping to promote elasticity. Natural oils condition skin to help prevent dryness and balance hydration for a refined, healthy glow. Tree Hut Shea Sugar Scrubs feature a 6-oil blend of: avocado oil, macadamia oil, sweet orange oil, sweet almond oil, evening primrose oil, and safflower oil.",Meow Yan,It works!,"The product works but it seems to require 2x/daily use for best results. Still, I recommend. If your skin isn't too sensitive you could also use an abrasive Korean scrubbing cloth.",8/22/2024,5.0,Yes,0,0.8765,0.244,0.0,0.756,0.024165762588381767,0.2045775204896927,0.006362931802868843,0.004732361529022455,0.7293328642845154,0.023608185350894928,0.007220268249511719
365,"Tree Hut Vitamin C Shea Sugar Scrub, 18 oz, Ultra Hydrating and Exfoliating Scrub for Nourishing Essential Body Care","Our Tree Hut Vitamin C Sugar Scrub contains vitamin C, a powerhouse antioxidant that is known to help boost skin for a brighter, firmer, and more even-toned appearance. This Tree Hut Vitamin C Scrub also contains alpha-hydroxy acid (AHA) which can help to reveal a fresher-looking tone and texture. Sugar is Tree Hut’s natural exfoliant: it effectively polishes away dead skin while helping to boost circulation to the skin surface. Tree Hut exfoliating body scrub removes dull, dry skin to reveal glowing, soft, smooth skin. Deeply nourish and balance skin’s hydration to help restore skin's natural glow with Tree Hut Vitamin C Sugar Scrub. Natural Shea Butter is known to deeply moisturize, nourish, and soften dry skin while helping to promote elasticity. Natural oils condition skin to help prevent dryness and balance hydration for a refined, healthy glow. Tree Hut Shea Sugar Scrubs feature a 6-oil blend of: avocado oil, macadamia oil, sweet orange oil, sweet almond oil, evening primrose oil, and safflower oil.",Stephanie W,Works perfect,This is perfect for sensitive skin. It keeps the bumps away and makes your skin smooth.,9/5/2024,5.0,Yes,0,0.5719,0.198,0.0,0.802,0.0054821134544909,0.033925168216228485,0.0025652037002146244,0.07870425283908844,0.8585083484649658,0.012613190338015556,0.008201703429222107
366,"Tree Hut Vitamin C Shea Sugar Scrub, 18 oz, Ultra Hydrating and Exfoliating Scrub for Nourishing Essential Body Care","Our Tree Hut Vitamin C Sugar Scrub contains vitamin C, a powerhouse antioxidant that is known to help boost skin for a brighter, firmer, and more even-toned appearance. This Tree Hut Vitamin C Scrub also contains alpha-hydroxy acid (AHA) which can help to reveal a fresher-looking tone and texture. Sugar is Tree Hut’s natural exfoliant: it effectively polishes away dead skin while helping to boost circulation to the skin surface. Tree Hut exfoliating body scrub removes dull, dry skin to reveal glowing, soft, smooth skin. Deeply nourish and balance skin’s hydration to help restore skin's natural glow with Tree Hut Vitamin C Sugar Scrub. Natural Shea Butter is known to deeply moisturize, nourish, and soften dry skin while helping to promote elasticity. Natural oils condition skin to help prevent dryness and balance hydration for a refined, healthy glow. Tree Hut Shea Sugar Scrubs feature a 6-oil blend of: avocado oil, macadamia oil, sweet orange oil, sweet almond oil, evening primrose oil, and safflower oil.",Jen,"New , unopened item",This is a terrific body exfoliation product. A little goes a long way .,8/30/2024,5.0,Yes,0,0.4767,0.256,0.0,0.744,0.00889116246253252,0.1817125827074051,0.0031909889075905085,0.2577630877494812,0.5284141898155212,0.00940645020455122,0.010621546767652035
367,"Tree Hut Vitamin C Shea Sugar Scrub, 18 oz, Ultra Hydrating and Exfoliating Scrub for Nourishing Essential Body Care","Our Tree Hut Vitamin C Sugar Scrub contains vitamin C, a powerhouse antioxidant that is known to help boost skin for a brighter, firmer, and more even-toned appearance. This Tree Hut Vitamin C Scrub also contains alpha-hydroxy acid (AHA) which can help to reveal a fresher-looking tone and texture. Sugar is Tree Hut’s natural exfoliant: it effectively polishes away dead skin while helping to boost circulation to the skin surface. Tree Hut exfoliating body scrub removes dull, dry skin to reveal glowing, soft, smooth skin. Deeply nourish and balance skin’s hydration to help restore skin's natural glow with Tree Hut Vitamin C Sugar Scrub. Natural Shea Butter is known to deeply moisturize, nourish, and soften dry skin while helping to promote elasticity. Natural oils condition skin to help prevent dryness and balance hydration for a refined, healthy glow. Tree Hut Shea Sugar Scrubs feature a 6-oil blend of: avocado oil, macadamia oil, sweet orange oil, sweet almond oil, evening primrose oil, and safflower oil.",Deena Danielson,Works perfectly,Used it so much and now I have to reorder:),9/2/2024,5.0,Yes,0,0.0,0.0,0.0,1.0,0.02426229976117611,0.0143386609852314,0.003597881179302931,0.010544543154537678,0.6612529754638672,0.10395114123821259,0.18205250799655914
368,"Tree Hut Vitamin C Shea Sugar Scrub, 18 oz, Ultra Hydrating and Exfoliating Scrub for Nourishing Essential Body Care","Our Tree Hut Vitamin C Sugar Scrub contains vitamin C, a powerhouse antioxidant that is known to help boost skin for a brighter, firmer, and more even-toned appearance. This Tree Hut Vitamin C Scrub also contains alpha-hydroxy acid (AHA) which can help to reveal a fresher-looking tone and texture. Sugar is Tree Hut’s natural exfoliant: it effectively polishes away dead skin while helping to boost circulation to the skin surface. Tree Hut exfoliating body scrub removes dull, dry skin to reveal glowing, soft, smooth skin. Deeply nourish and balance skin’s hydration to help restore skin's natural glow with Tree Hut Vitamin C Sugar Scrub. Natural Shea Butter is known to deeply moisturize, nourish, and soften dry skin while helping to promote elasticity. Natural oils condition skin to help prevent dryness and balance hydration for a refined, healthy glow. Tree Hut Shea Sugar Scrubs feature a 6-oil blend of: avocado oil, macadamia oil, sweet orange oil, sweet almond oil, evening primrose oil, and safflower oil.",Jessica Talamantes,It works!,My 10 year old daughter was self conscious about the little bumps on her arm. They started to vanish after just one use! It is very grainy and she said it hurts a little when you rub it on. But overall it is an amazing product that seems to be safe for all ages and skin type,8/10/2024,5.0,Yes,0,0.8516,0.145,0.032,0.823,0.010705371387302876,0.10841839015483856,0.01450937520712614,0.05507354065775871,0.42405638098716736,0.019150173291563988,0.3680867850780487
369,"Tree Hut Vitamin C Shea Sugar Scrub, 18 oz, Ultra Hydrating and Exfoliating Scrub for Nourishing Essential Body Care","Our Tree Hut Vitamin C Sugar Scrub contains vitamin C, a powerhouse antioxidant that is known to help boost skin for a brighter, firmer, and more even-toned appearance. This Tree Hut Vitamin C Scrub also contains alpha-hydroxy acid (AHA) which can help to reveal a fresher-looking tone and texture. Sugar is Tree Hut’s natural exfoliant: it effectively polishes away dead skin while helping to boost circulation to the skin surface. Tree Hut exfoliating body scrub removes dull, dry skin to reveal glowing, soft, smooth skin. Deeply nourish and balance skin’s hydration to help restore skin's natural glow with Tree Hut Vitamin C Sugar Scrub. Natural Shea Butter is known to deeply moisturize, nourish, and soften dry skin while helping to promote elasticity. Natural oils condition skin to help prevent dryness and balance hydration for a refined, healthy glow. Tree Hut Shea Sugar Scrubs feature a 6-oil blend of: avocado oil, macadamia oil, sweet orange oil, sweet almond oil, evening primrose oil, and safflower oil.",Jenny Ly,Takes a while to work.,Don't expect a miracle when you use this once. You will need to use this regularly as advertised (2-3x a week). Thankfully bought a small trial size.,6/13/2024,4.0,Yes,0,-0.0701,0.1,0.11,0.789,0.005314353853464127,0.0011765193194150925,0.002758616581559181,0.0967416763305664,0.6867431402206421,0.0060522970743477345,0.20121343433856964
370,"Tree Hut Vitamin C Shea Sugar Scrub, 18 oz, Ultra Hydrating and Exfoliating Scrub for Nourishing Essential Body Care","Our Tree Hut Vitamin C Sugar Scrub contains vitamin C, a powerhouse antioxidant that is known to help boost skin for a brighter, firmer, and more even-toned appearance. This Tree Hut Vitamin C Scrub also contains alpha-hydroxy acid (AHA) which can help to reveal a fresher-looking tone and texture. Sugar is Tree Hut’s natural exfoliant: it effectively polishes away dead skin while helping to boost circulation to the skin surface. Tree Hut exfoliating body scrub removes dull, dry skin to reveal glowing, soft, smooth skin. Deeply nourish and balance skin’s hydration to help restore skin's natural glow with Tree Hut Vitamin C Sugar Scrub. Natural Shea Butter is known to deeply moisturize, nourish, and soften dry skin while helping to promote elasticity. Natural oils condition skin to help prevent dryness and balance hydration for a refined, healthy glow. Tree Hut Shea Sugar Scrubs feature a 6-oil blend of: avocado oil, macadamia oil, sweet orange oil, sweet almond oil, evening primrose oil, and safflower oil.",Kassandra,Ewwww,"My husbands back always has extra skin. After a bath if you run your nails over his back you get some pretty nasty stuff. I bought this for him only to be traumatized by how much dead skin was actually on his body. We live in Texas and it was like we left the bathroom window open during a winter snow storm. This was the most satisfying disgusting experience I've ever had.I was equally traumatized when I used it later and it looked like I spent my entire life growing up wanting to be a shedding snake. Ew.Feel so much cleaner. 😂 Gross experience, amazing product when used correctly. A negative review had that it didn't lather soap, don't put soap on it. It's not meant for that. Just soak yourself and scrub. We didn't even have to get the glove wet, the residual bath water on our skin was enough.10/10 does it's job. No issues with tearing for ours. Doesn't hurt at all, no skin agitation. Just clean, refreshed and a new part of our normal hygiene care.",9/21/2024,5.0,Yes,39,-0.5852,0.133,0.146,0.721,0.003402708563953638,0.9695348143577576,0.005304344929754734,0.0009188693948090076,0.013824613764882088,0.005392054561525583,0.001622761832550168
371,"Tree Hut Vitamin C Shea Sugar Scrub, 18 oz, Ultra Hydrating and Exfoliating Scrub for Nourishing Essential Body Care","Our Tree Hut Vitamin C Sugar Scrub contains vitamin C, a powerhouse antioxidant that is known to help boost skin for a brighter, firmer, and more even-toned appearance. This Tree Hut Vitamin C Scrub also contains alpha-hydroxy acid (AHA) which can help to reveal a fresher-looking tone and texture. Sugar is Tree Hut’s natural exfoliant: it effectively polishes away dead skin while helping to boost circulation to the skin surface. Tree Hut exfoliating body scrub removes dull, dry skin to reveal glowing, soft, smooth skin. Deeply nourish and balance skin’s hydration to help restore skin's natural glow with Tree Hut Vitamin C Sugar Scrub. Natural Shea Butter is known to deeply moisturize, nourish, and soften dry skin while helping to promote elasticity. Natural oils condition skin to help prevent dryness and balance hydration for a refined, healthy glow. Tree Hut Shea Sugar Scrubs feature a 6-oil blend of: avocado oil, macadamia oil, sweet orange oil, sweet almond oil, evening primrose oil, and safflower oil.",Anna Basler-White,Baby Butt Smooth!,I love the way my skin feels after I just this thing! I even had to purchase one for my husband bc of how much he loved the way my skin felt LOL!,10/29/2024,5.0,Yes,0,0.9219,0.312,0.0,0.688,0.005363506264984608,0.004035536199808121,0.0005261185579001904,0.9239919781684875,0.04361046105623245,0.0038377828896045685,0.018634559586644173
372,"Tree Hut Vitamin C Shea Sugar Scrub, 18 oz, Ultra Hydrating and Exfoliating Scrub for Nourishing Essential Body Care","Our Tree Hut Vitamin C Sugar Scrub contains vitamin C, a powerhouse antioxidant that is known to help boost skin for a brighter, firmer, and more even-toned appearance. This Tree Hut Vitamin C Scrub also contains alpha-hydroxy acid (AHA) which can help to reveal a fresher-looking tone and texture. Sugar is Tree Hut’s natural exfoliant: it effectively polishes away dead skin while helping to boost circulation to the skin surface. Tree Hut exfoliating body scrub removes dull, dry skin to reveal glowing, soft, smooth skin. Deeply nourish and balance skin’s hydration to help restore skin's natural glow with Tree Hut Vitamin C Sugar Scrub. Natural Shea Butter is known to deeply moisturize, nourish, and soften dry skin while helping to promote elasticity. Natural oils condition skin to help prevent dryness and balance hydration for a refined, healthy glow. Tree Hut Shea Sugar Scrubs feature a 6-oil blend of: avocado oil, macadamia oil, sweet orange oil, sweet almond oil, evening primrose oil, and safflower oil.",Jessica,Worth it,One of my favorite exfoliators. I use a lot of different products and have tried lots more but this is the easiest and most efficient exfoliator! Bought it three times and will continue to keep it in my skincare rotation!,10/11/2024,4.0,Yes,5,0.8866,0.229,0.0,0.771,0.016399355605244637,0.0058364421129226685,0.0008723617647774518,0.6534451842308044,0.2329532355070114,0.004444191697984934,0.08604927361011505
373,"Tree Hut Vitamin C Shea Sugar Scrub, 18 oz, Ultra Hydrating and Exfoliating Scrub for Nourishing Essential Body Care","Our Tree Hut Vitamin C Sugar Scrub contains vitamin C, a powerhouse antioxidant that is known to help boost skin for a brighter, firmer, and more even-toned appearance. This Tree Hut Vitamin C Scrub also contains alpha-hydroxy acid (AHA) which can help to reveal a fresher-looking tone and texture. Sugar is Tree Hut’s natural exfoliant: it effectively polishes away dead skin while helping to boost circulation to the skin surface. Tree Hut exfoliating body scrub removes dull, dry skin to reveal glowing, soft, smooth skin. Deeply nourish and balance skin’s hydration to help restore skin's natural glow with Tree Hut Vitamin C Sugar Scrub. Natural Shea Butter is known to deeply moisturize, nourish, and soften dry skin while helping to promote elasticity. Natural oils condition skin to help prevent dryness and balance hydration for a refined, healthy glow. Tree Hut Shea Sugar Scrubs feature a 6-oil blend of: avocado oil, macadamia oil, sweet orange oil, sweet almond oil, evening primrose oil, and safflower oil.",SM,Legit skin buffer,"Perfect tool to scrub away dead skin during the dry months. I use this once or twice a month not thinking it would make a difference, and every time, I’m wrong. Would recommend a place to hang dry it after washing, as it may mold eventually.",10/22/2024,5.0,Yes,3,-0.296,0.12,0.143,0.736,0.03462648391723633,0.27036261558532715,0.027547650039196014,0.003382753813639283,0.6420067548751831,0.017098208889365196,0.0049754902720451355
374,"Tree Hut Vitamin C Shea Sugar Scrub, 18 oz, Ultra Hydrating and Exfoliating Scrub for Nourishing Essential Body Care","Our Tree Hut Vitamin C Sugar Scrub contains vitamin C, a powerhouse antioxidant that is known to help boost skin for a brighter, firmer, and more even-toned appearance. This Tree Hut Vitamin C Scrub also contains alpha-hydroxy acid (AHA) which can help to reveal a fresher-looking tone and texture. Sugar is Tree Hut’s natural exfoliant: it effectively polishes away dead skin while helping to boost circulation to the skin surface. Tree Hut exfoliating body scrub removes dull, dry skin to reveal glowing, soft, smooth skin. Deeply nourish and balance skin’s hydration to help restore skin's natural glow with Tree Hut Vitamin C Sugar Scrub. Natural Shea Butter is known to deeply moisturize, nourish, and soften dry skin while helping to promote elasticity. Natural oils condition skin to help prevent dryness and balance hydration for a refined, healthy glow. Tree Hut Shea Sugar Scrubs feature a 6-oil blend of: avocado oil, macadamia oil, sweet orange oil, sweet almond oil, evening primrose oil, and safflower oil.",K4ndis,10/10 BUY IT. See pics and review,Does exactly as it’s supposed to. I’ve used this now 4 times. It takes a minute to figure out the proper balance of moisture. Here’s what I have learned:-MUST soak body (shower or bath) for approx 15-20 min. This loosens the dead skin.-Must towel dry off leaving the slightest amount of dampness on the skin. Stay in the shower!-Only add just a couple of DROPS of water to the mitt-flip the mitt on ver from side to side during use.-circles are not necessary but stay in one spot for a bit before moving in after skin releases.ENJOY THE SOFTEST SKIN OF YOUR LIFE,10/6/2024,5.0,Yes,35,-0.4482,0.0,0.029,0.971,0.09295832365751266,0.24262918531894684,0.05335206538438797,0.019475232809782028,0.4684228003025055,0.0894642323255539,0.03369806706905365
375,"Tree Hut Vitamin C Shea Sugar Scrub, 18 oz, Ultra Hydrating and Exfoliating Scrub for Nourishing Essential Body Care","Our Tree Hut Vitamin C Sugar Scrub contains vitamin C, a powerhouse antioxidant that is known to help boost skin for a brighter, firmer, and more even-toned appearance. This Tree Hut Vitamin C Scrub also contains alpha-hydroxy acid (AHA) which can help to reveal a fresher-looking tone and texture. Sugar is Tree Hut’s natural exfoliant: it effectively polishes away dead skin while helping to boost circulation to the skin surface. Tree Hut exfoliating body scrub removes dull, dry skin to reveal glowing, soft, smooth skin. Deeply nourish and balance skin’s hydration to help restore skin's natural glow with Tree Hut Vitamin C Sugar Scrub. Natural Shea Butter is known to deeply moisturize, nourish, and soften dry skin while helping to promote elasticity. Natural oils condition skin to help prevent dryness and balance hydration for a refined, healthy glow. Tree Hut Shea Sugar Scrubs feature a 6-oil blend of: avocado oil, macadamia oil, sweet orange oil, sweet almond oil, evening primrose oil, and safflower oil.",ps,Exfoliating,"It is okay, have found out that there are many others out there that do the same thing perhaps you should look longer because there are many more that are a lot cheaper",9/20/2024,3.0,Yes,5,0.2263,0.058,0.0,0.942,0.005764919798821211,0.004935537464916706,0.001532791182398796,0.005633026827126741,0.9715666174888611,0.0028824307955801487,0.007684782613068819
376,"Tree Hut Vitamin C Shea Sugar Scrub, 18 oz, Ultra Hydrating and Exfoliating Scrub for Nourishing Essential Body Care","Our Tree Hut Vitamin C Sugar Scrub contains vitamin C, a powerhouse antioxidant that is known to help boost skin for a brighter, firmer, and more even-toned appearance. This Tree Hut Vitamin C Scrub also contains alpha-hydroxy acid (AHA) which can help to reveal a fresher-looking tone and texture. Sugar is Tree Hut’s natural exfoliant: it effectively polishes away dead skin while helping to boost circulation to the skin surface. Tree Hut exfoliating body scrub removes dull, dry skin to reveal glowing, soft, smooth skin. Deeply nourish and balance skin’s hydration to help restore skin's natural glow with Tree Hut Vitamin C Sugar Scrub. Natural Shea Butter is known to deeply moisturize, nourish, and soften dry skin while helping to promote elasticity. Natural oils condition skin to help prevent dryness and balance hydration for a refined, healthy glow. Tree Hut Shea Sugar Scrubs feature a 6-oil blend of: avocado oil, macadamia oil, sweet orange oil, sweet almond oil, evening primrose oil, and safflower oil.",Jenna A.,Great,I love this and it does the job extremely well. Just be careful not to rub too hard. Make sure to wash this with laundry every time as well.,10/24/2024,5.0,Yes,2,0.8882,0.355,0.039,0.606,0.008340846747159958,0.01938548870384693,0.0034241832327097654,0.11410078406333923,0.8356037735939026,0.012575681321322918,0.006569169461727142
377,"Tree Hut Vitamin C Shea Sugar Scrub, 18 oz, Ultra Hydrating and Exfoliating Scrub for Nourishing Essential Body Care","Our Tree Hut Vitamin C Sugar Scrub contains vitamin C, a powerhouse antioxidant that is known to help boost skin for a brighter, firmer, and more even-toned appearance. This Tree Hut Vitamin C Scrub also contains alpha-hydroxy acid (AHA) which can help to reveal a fresher-looking tone and texture. Sugar is Tree Hut’s natural exfoliant: it effectively polishes away dead skin while helping to boost circulation to the skin surface. Tree Hut exfoliating body scrub removes dull, dry skin to reveal glowing, soft, smooth skin. Deeply nourish and balance skin’s hydration to help restore skin's natural glow with Tree Hut Vitamin C Sugar Scrub. Natural Shea Butter is known to deeply moisturize, nourish, and soften dry skin while helping to promote elasticity. Natural oils condition skin to help prevent dryness and balance hydration for a refined, healthy glow. Tree Hut Shea Sugar Scrubs feature a 6-oil blend of: avocado oil, macadamia oil, sweet orange oil, sweet almond oil, evening primrose oil, and safflower oil.",mommazoni,Scrubby Dub…,Use this before shaving and have had the softest legs.  It’s great at removing the dead skin or spray tan.  Rinses out easily and doesn’t get mildewy.,10/22/2024,5.0,Yes,2,0.296,0.187,0.124,0.69,0.007244127802550793,0.2016611546278,0.00760256452485919,0.033530205488204956,0.7098003625869751,0.034644968807697296,0.005516620818525553
378,"Tree Hut Vitamin C Shea Sugar Scrub, 18 oz, Ultra Hydrating and Exfoliating Scrub for Nourishing Essential Body Care","Our Tree Hut Vitamin C Sugar Scrub contains vitamin C, a powerhouse antioxidant that is known to help boost skin for a brighter, firmer, and more even-toned appearance. This Tree Hut Vitamin C Scrub also contains alpha-hydroxy acid (AHA) which can help to reveal a fresher-looking tone and texture. Sugar is Tree Hut’s natural exfoliant: it effectively polishes away dead skin while helping to boost circulation to the skin surface. Tree Hut exfoliating body scrub removes dull, dry skin to reveal glowing, soft, smooth skin. Deeply nourish and balance skin’s hydration to help restore skin's natural glow with Tree Hut Vitamin C Sugar Scrub. Natural Shea Butter is known to deeply moisturize, nourish, and soften dry skin while helping to promote elasticity. Natural oils condition skin to help prevent dryness and balance hydration for a refined, healthy glow. Tree Hut Shea Sugar Scrubs feature a 6-oil blend of: avocado oil, macadamia oil, sweet orange oil, sweet almond oil, evening primrose oil, and safflower oil.",MB,This is a most have for women!,"Love the way it cleans my face , the only thing I don't like is too tight on my wrist almost cuts my blood circulation.",10/4/2024,4.0,Yes,0,0.2921,0.149,0.142,0.709,0.02403900772333145,0.04224401339888573,0.00357273081317544,0.5621075630187988,0.17331437766551971,0.17546959221363068,0.01925266534090042
379,"Tree Hut Vitamin C Shea Sugar Scrub, 18 oz, Ultra Hydrating and Exfoliating Scrub for Nourishing Essential Body Care","Our Tree Hut Vitamin C Sugar Scrub contains vitamin C, a powerhouse antioxidant that is known to help boost skin for a brighter, firmer, and more even-toned appearance. This Tree Hut Vitamin C Scrub also contains alpha-hydroxy acid (AHA) which can help to reveal a fresher-looking tone and texture. Sugar is Tree Hut’s natural exfoliant: it effectively polishes away dead skin while helping to boost circulation to the skin surface. Tree Hut exfoliating body scrub removes dull, dry skin to reveal glowing, soft, smooth skin. Deeply nourish and balance skin’s hydration to help restore skin's natural glow with Tree Hut Vitamin C Sugar Scrub. Natural Shea Butter is known to deeply moisturize, nourish, and soften dry skin while helping to promote elasticity. Natural oils condition skin to help prevent dryness and balance hydration for a refined, healthy glow. Tree Hut Shea Sugar Scrubs feature a 6-oil blend of: avocado oil, macadamia oil, sweet orange oil, sweet almond oil, evening primrose oil, and safflower oil.",Mimi's Bees,Amazing Product,You will be shocked at how much dead skin this thing removes from your body. The key is to soak in the tub first. It works great - I would give it ten stars if I could.,10/17/2024,5.0,Yes,2,-0.3612,0.098,0.158,0.743,0.005796183831989765,0.01643318124115467,0.00407089339569211,0.0018216910539194942,0.015291743911802769,0.002476449590176344,0.9541098475456238
380,"Tree Hut Vitamin C Shea Sugar Scrub, 18 oz, Ultra Hydrating and Exfoliating Scrub for Nourishing Essential Body Care","Our Tree Hut Vitamin C Sugar Scrub contains vitamin C, a powerhouse antioxidant that is known to help boost skin for a brighter, firmer, and more even-toned appearance. This Tree Hut Vitamin C Scrub also contains alpha-hydroxy acid (AHA) which can help to reveal a fresher-looking tone and texture. Sugar is Tree Hut’s natural exfoliant: it effectively polishes away dead skin while helping to boost circulation to the skin surface. Tree Hut exfoliating body scrub removes dull, dry skin to reveal glowing, soft, smooth skin. Deeply nourish and balance skin’s hydration to help restore skin's natural glow with Tree Hut Vitamin C Sugar Scrub. Natural Shea Butter is known to deeply moisturize, nourish, and soften dry skin while helping to promote elasticity. Natural oils condition skin to help prevent dryness and balance hydration for a refined, healthy glow. Tree Hut Shea Sugar Scrubs feature a 6-oil blend of: avocado oil, macadamia oil, sweet orange oil, sweet almond oil, evening primrose oil, and safflower oil.",Kassandra,Ewwww,"My husbands back always has extra skin. After a bath if you run your nails over his back you get some pretty nasty stuff. I bought this for him only to be traumatized by how much dead skin was actually on his body. We live in Texas and it was like we left the bathroom window open during a winter snow storm. This was the most satisfying disgusting experience I've ever had.I was equally traumatized when I used it later and it looked like I spent my entire life growing up wanting to be a shedding snake. Ew.Feel so much cleaner. 😂 Gross experience, amazing product when used correctly. A negative review had that it didn't lather soap, don't put soap on it. It's not meant for that. Just soak yourself and scrub. We didn't even have to get the glove wet, the residual bath water on our skin was enough.10/10 does it's job. No issues with tearing for ours. Doesn't hurt at all, no skin agitation. Just clean, refreshed and a new part of our normal hygiene care.",9/21/2024,5.0,Yes,39,-0.5852,0.133,0.146,0.721,0.003402708563953638,0.9695348143577576,0.005304344929754734,0.0009188693948090076,0.013824613764882088,0.005392054561525583,0.001622761832550168
381,"Tree Hut Vitamin C Shea Sugar Scrub, 18 oz, Ultra Hydrating and Exfoliating Scrub for Nourishing Essential Body Care","Our Tree Hut Vitamin C Sugar Scrub contains vitamin C, a powerhouse antioxidant that is known to help boost skin for a brighter, firmer, and more even-toned appearance. This Tree Hut Vitamin C Scrub also contains alpha-hydroxy acid (AHA) which can help to reveal a fresher-looking tone and texture. Sugar is Tree Hut’s natural exfoliant: it effectively polishes away dead skin while helping to boost circulation to the skin surface. Tree Hut exfoliating body scrub removes dull, dry skin to reveal glowing, soft, smooth skin. Deeply nourish and balance skin’s hydration to help restore skin's natural glow with Tree Hut Vitamin C Sugar Scrub. Natural Shea Butter is known to deeply moisturize, nourish, and soften dry skin while helping to promote elasticity. Natural oils condition skin to help prevent dryness and balance hydration for a refined, healthy glow. Tree Hut Shea Sugar Scrubs feature a 6-oil blend of: avocado oil, macadamia oil, sweet orange oil, sweet almond oil, evening primrose oil, and safflower oil.",Anna Basler-White,Baby Butt Smooth!,I love the way my skin feels after I just this thing! I even had to purchase one for my husband bc of how much he loved the way my skin felt LOL!,10/29/2024,5.0,Yes,0,0.9219,0.312,0.0,0.688,0.005363506264984608,0.004035536199808121,0.0005261185579001904,0.9239919781684875,0.04361046105623245,0.0038377828896045685,0.018634559586644173
382,"Tree Hut Vitamin C Shea Sugar Scrub, 18 oz, Ultra Hydrating and Exfoliating Scrub for Nourishing Essential Body Care","Our Tree Hut Vitamin C Sugar Scrub contains vitamin C, a powerhouse antioxidant that is known to help boost skin for a brighter, firmer, and more even-toned appearance. This Tree Hut Vitamin C Scrub also contains alpha-hydroxy acid (AHA) which can help to reveal a fresher-looking tone and texture. Sugar is Tree Hut’s natural exfoliant: it effectively polishes away dead skin while helping to boost circulation to the skin surface. Tree Hut exfoliating body scrub removes dull, dry skin to reveal glowing, soft, smooth skin. Deeply nourish and balance skin’s hydration to help restore skin's natural glow with Tree Hut Vitamin C Sugar Scrub. Natural Shea Butter is known to deeply moisturize, nourish, and soften dry skin while helping to promote elasticity. Natural oils condition skin to help prevent dryness and balance hydration for a refined, healthy glow. Tree Hut Shea Sugar Scrubs feature a 6-oil blend of: avocado oil, macadamia oil, sweet orange oil, sweet almond oil, evening primrose oil, and safflower oil.",Jessica,Worth it,One of my favorite exfoliators. I use a lot of different products and have tried lots more but this is the easiest and most efficient exfoliator! Bought it three times and will continue to keep it in my skincare rotation!,10/11/2024,4.0,Yes,5,0.8866,0.229,0.0,0.771,0.016399355605244637,0.0058364421129226685,0.0008723617647774518,0.6534451842308044,0.2329532355070114,0.004444191697984934,0.08604927361011505
383,"Tree Hut Vitamin C Shea Sugar Scrub, 18 oz, Ultra Hydrating and Exfoliating Scrub for Nourishing Essential Body Care","Our Tree Hut Vitamin C Sugar Scrub contains vitamin C, a powerhouse antioxidant that is known to help boost skin for a brighter, firmer, and more even-toned appearance. This Tree Hut Vitamin C Scrub also contains alpha-hydroxy acid (AHA) which can help to reveal a fresher-looking tone and texture. Sugar is Tree Hut’s natural exfoliant: it effectively polishes away dead skin while helping to boost circulation to the skin surface. Tree Hut exfoliating body scrub removes dull, dry skin to reveal glowing, soft, smooth skin. Deeply nourish and balance skin’s hydration to help restore skin's natural glow with Tree Hut Vitamin C Sugar Scrub. Natural Shea Butter is known to deeply moisturize, nourish, and soften dry skin while helping to promote elasticity. Natural oils condition skin to help prevent dryness and balance hydration for a refined, healthy glow. Tree Hut Shea Sugar Scrubs feature a 6-oil blend of: avocado oil, macadamia oil, sweet orange oil, sweet almond oil, evening primrose oil, and safflower oil.",SM,Legit skin buffer,"Perfect tool to scrub away dead skin during the dry months. I use this once or twice a month not thinking it would make a difference, and every time, I’m wrong. Would recommend a place to hang dry it after washing, as it may mold eventually.",10/22/2024,5.0,Yes,3,-0.296,0.12,0.143,0.736,0.03462648391723633,0.27036261558532715,0.027547650039196014,0.003382753813639283,0.6420067548751831,0.017098208889365196,0.0049754902720451355
384,"Tree Hut Vitamin C Shea Sugar Scrub, 18 oz, Ultra Hydrating and Exfoliating Scrub for Nourishing Essential Body Care","Our Tree Hut Vitamin C Sugar Scrub contains vitamin C, a powerhouse antioxidant that is known to help boost skin for a brighter, firmer, and more even-toned appearance. This Tree Hut Vitamin C Scrub also contains alpha-hydroxy acid (AHA) which can help to reveal a fresher-looking tone and texture. Sugar is Tree Hut’s natural exfoliant: it effectively polishes away dead skin while helping to boost circulation to the skin surface. Tree Hut exfoliating body scrub removes dull, dry skin to reveal glowing, soft, smooth skin. Deeply nourish and balance skin’s hydration to help restore skin's natural glow with Tree Hut Vitamin C Sugar Scrub. Natural Shea Butter is known to deeply moisturize, nourish, and soften dry skin while helping to promote elasticity. Natural oils condition skin to help prevent dryness and balance hydration for a refined, healthy glow. Tree Hut Shea Sugar Scrubs feature a 6-oil blend of: avocado oil, macadamia oil, sweet orange oil, sweet almond oil, evening primrose oil, and safflower oil.",K4ndis,10/10 BUY IT. See pics and review,Does exactly as it’s supposed to. I’ve used this now 4 times. It takes a minute to figure out the proper balance of moisture. Here’s what I have learned:-MUST soak body (shower or bath) for approx 15-20 min. This loosens the dead skin.-Must towel dry off leaving the slightest amount of dampness on the skin. Stay in the shower!-Only add just a couple of DROPS of water to the mitt-flip the mitt on ver from side to side during use.-circles are not necessary but stay in one spot for a bit before moving in after skin releases.ENJOY THE SOFTEST SKIN OF YOUR LIFE,10/6/2024,5.0,Yes,35,-0.4482,0.0,0.029,0.971,0.09295832365751266,0.24262918531894684,0.05335206538438797,0.019475232809782028,0.4684228003025055,0.0894642323255539,0.03369806706905365
385,"Tree Hut Vitamin C Shea Sugar Scrub, 18 oz, Ultra Hydrating and Exfoliating Scrub for Nourishing Essential Body Care","Our Tree Hut Vitamin C Sugar Scrub contains vitamin C, a powerhouse antioxidant that is known to help boost skin for a brighter, firmer, and more even-toned appearance. This Tree Hut Vitamin C Scrub also contains alpha-hydroxy acid (AHA) which can help to reveal a fresher-looking tone and texture. Sugar is Tree Hut’s natural exfoliant: it effectively polishes away dead skin while helping to boost circulation to the skin surface. Tree Hut exfoliating body scrub removes dull, dry skin to reveal glowing, soft, smooth skin. Deeply nourish and balance skin’s hydration to help restore skin's natural glow with Tree Hut Vitamin C Sugar Scrub. Natural Shea Butter is known to deeply moisturize, nourish, and soften dry skin while helping to promote elasticity. Natural oils condition skin to help prevent dryness and balance hydration for a refined, healthy glow. Tree Hut Shea Sugar Scrubs feature a 6-oil blend of: avocado oil, macadamia oil, sweet orange oil, sweet almond oil, evening primrose oil, and safflower oil.",ps,Exfoliating,"It is okay, have found out that there are many others out there that do the same thing perhaps you should look longer because there are many more that are a lot cheaper",9/20/2024,3.0,Yes,5,0.2263,0.058,0.0,0.942,0.005764919798821211,0.004935537464916706,0.001532791182398796,0.005633026827126741,0.9715666174888611,0.0028824307955801487,0.007684782613068819
386,"Tree Hut Vitamin C Shea Sugar Scrub, 18 oz, Ultra Hydrating and Exfoliating Scrub for Nourishing Essential Body Care","Our Tree Hut Vitamin C Sugar Scrub contains vitamin C, a powerhouse antioxidant that is known to help boost skin for a brighter, firmer, and more even-toned appearance. This Tree Hut Vitamin C Scrub also contains alpha-hydroxy acid (AHA) which can help to reveal a fresher-looking tone and texture. Sugar is Tree Hut’s natural exfoliant: it effectively polishes away dead skin while helping to boost circulation to the skin surface. Tree Hut exfoliating body scrub removes dull, dry skin to reveal glowing, soft, smooth skin. Deeply nourish and balance skin’s hydration to help restore skin's natural glow with Tree Hut Vitamin C Sugar Scrub. Natural Shea Butter is known to deeply moisturize, nourish, and soften dry skin while helping to promote elasticity. Natural oils condition skin to help prevent dryness and balance hydration for a refined, healthy glow. Tree Hut Shea Sugar Scrubs feature a 6-oil blend of: avocado oil, macadamia oil, sweet orange oil, sweet almond oil, evening primrose oil, and safflower oil.",Jenna A.,Great,I love this and it does the job extremely well. Just be careful not to rub too hard. Make sure to wash this with laundry every time as well.,10/24/2024,5.0,Yes,2,0.8882,0.355,0.039,0.606,0.008340846747159958,0.01938548870384693,0.0034241832327097654,0.11410078406333923,0.8356037735939026,0.012575681321322918,0.006569169461727142
387,"Tree Hut Vitamin C Shea Sugar Scrub, 18 oz, Ultra Hydrating and Exfoliating Scrub for Nourishing Essential Body Care","Our Tree Hut Vitamin C Sugar Scrub contains vitamin C, a powerhouse antioxidant that is known to help boost skin for a brighter, firmer, and more even-toned appearance. This Tree Hut Vitamin C Scrub also contains alpha-hydroxy acid (AHA) which can help to reveal a fresher-looking tone and texture. Sugar is Tree Hut’s natural exfoliant: it effectively polishes away dead skin while helping to boost circulation to the skin surface. Tree Hut exfoliating body scrub removes dull, dry skin to reveal glowing, soft, smooth skin. Deeply nourish and balance skin’s hydration to help restore skin's natural glow with Tree Hut Vitamin C Sugar Scrub. Natural Shea Butter is known to deeply moisturize, nourish, and soften dry skin while helping to promote elasticity. Natural oils condition skin to help prevent dryness and balance hydration for a refined, healthy glow. Tree Hut Shea Sugar Scrubs feature a 6-oil blend of: avocado oil, macadamia oil, sweet orange oil, sweet almond oil, evening primrose oil, and safflower oil.",mommazoni,Scrubby Dub…,Use this before shaving and have had the softest legs.  It’s great at removing the dead skin or spray tan.  Rinses out easily and doesn’t get mildewy.,10/22/2024,5.0,Yes,2,0.296,0.187,0.124,0.69,0.007244127802550793,0.2016611546278,0.00760256452485919,0.033530205488204956,0.7098003625869751,0.034644968807697296,0.005516620818525553
388,"Tree Hut Vitamin C Shea Sugar Scrub, 18 oz, Ultra Hydrating and Exfoliating Scrub for Nourishing Essential Body Care","Our Tree Hut Vitamin C Sugar Scrub contains vitamin C, a powerhouse antioxidant that is known to help boost skin for a brighter, firmer, and more even-toned appearance. This Tree Hut Vitamin C Scrub also contains alpha-hydroxy acid (AHA) which can help to reveal a fresher-looking tone and texture. Sugar is Tree Hut’s natural exfoliant: it effectively polishes away dead skin while helping to boost circulation to the skin surface. Tree Hut exfoliating body scrub removes dull, dry skin to reveal glowing, soft, smooth skin. Deeply nourish and balance skin’s hydration to help restore skin's natural glow with Tree Hut Vitamin C Sugar Scrub. Natural Shea Butter is known to deeply moisturize, nourish, and soften dry skin while helping to promote elasticity. Natural oils condition skin to help prevent dryness and balance hydration for a refined, healthy glow. Tree Hut Shea Sugar Scrubs feature a 6-oil blend of: avocado oil, macadamia oil, sweet orange oil, sweet almond oil, evening primrose oil, and safflower oil.",MB,This is a most have for women!,"Love the way it cleans my face , the only thing I don't like is too tight on my wrist almost cuts my blood circulation.",10/4/2024,4.0,Yes,0,0.2921,0.149,0.142,0.709,0.02403900772333145,0.04224401339888573,0.00357273081317544,0.5621075630187988,0.17331437766551971,0.17546959221363068,0.01925266534090042
389,"Tree Hut Vitamin C Shea Sugar Scrub, 18 oz, Ultra Hydrating and Exfoliating Scrub for Nourishing Essential Body Care","Our Tree Hut Vitamin C Sugar Scrub contains vitamin C, a powerhouse antioxidant that is known to help boost skin for a brighter, firmer, and more even-toned appearance. This Tree Hut Vitamin C Scrub also contains alpha-hydroxy acid (AHA) which can help to reveal a fresher-looking tone and texture. Sugar is Tree Hut’s natural exfoliant: it effectively polishes away dead skin while helping to boost circulation to the skin surface. Tree Hut exfoliating body scrub removes dull, dry skin to reveal glowing, soft, smooth skin. Deeply nourish and balance skin’s hydration to help restore skin's natural glow with Tree Hut Vitamin C Sugar Scrub. Natural Shea Butter is known to deeply moisturize, nourish, and soften dry skin while helping to promote elasticity. Natural oils condition skin to help prevent dryness and balance hydration for a refined, healthy glow. Tree Hut Shea Sugar Scrubs feature a 6-oil blend of: avocado oil, macadamia oil, sweet orange oil, sweet almond oil, evening primrose oil, and safflower oil.",Mimi's Bees,Amazing Product,You will be shocked at how much dead skin this thing removes from your body. The key is to soak in the tub first. It works great - I would give it ten stars if I could.,10/17/2024,5.0,Yes,2,-0.3612,0.098,0.158,0.743,0.005796183831989765,0.01643318124115467,0.00407089339569211,0.0018216910539194942,0.015291743911802769,0.002476449590176344,0.9541098475456238
390,"Tree Hut Vitamin C Shea Sugar Scrub, 18 oz, Ultra Hydrating and Exfoliating Scrub for Nourishing Essential Body Care","Our Tree Hut Vitamin C Sugar Scrub contains vitamin C, a powerhouse antioxidant that is known to help boost skin for a brighter, firmer, and more even-toned appearance. This Tree Hut Vitamin C Scrub also contains alpha-hydroxy acid (AHA) which can help to reveal a fresher-looking tone and texture. Sugar is Tree Hut’s natural exfoliant: it effectively polishes away dead skin while helping to boost circulation to the skin surface. Tree Hut exfoliating body scrub removes dull, dry skin to reveal glowing, soft, smooth skin. Deeply nourish and balance skin’s hydration to help restore skin's natural glow with Tree Hut Vitamin C Sugar Scrub. Natural Shea Butter is known to deeply moisturize, nourish, and soften dry skin while helping to promote elasticity. Natural oils condition skin to help prevent dryness and balance hydration for a refined, healthy glow. Tree Hut Shea Sugar Scrubs feature a 6-oil blend of: avocado oil, macadamia oil, sweet orange oil, sweet almond oil, evening primrose oil, and safflower oil.",Kassandra,Ewwww,"My husbands back always has extra skin. After a bath if you run your nails over his back you get some pretty nasty stuff. I bought this for him only to be traumatized by how much dead skin was actually on his body. We live in Texas and it was like we left the bathroom window open during a winter snow storm. This was the most satisfying disgusting experience I've ever had.I was equally traumatized when I used it later and it looked like I spent my entire life growing up wanting to be a shedding snake. Ew.Feel so much cleaner. 😂 Gross experience, amazing product when used correctly. A negative review had that it didn't lather soap, don't put soap on it. It's not meant for that. Just soak yourself and scrub. We didn't even have to get the glove wet, the residual bath water on our skin was enough.10/10 does it's job. No issues with tearing for ours. Doesn't hurt at all, no skin agitation. Just clean, refreshed and a new part of our normal hygiene care.",9/21/2024,5.0,Yes,39,-0.5852,0.133,0.146,0.721,0.003402708563953638,0.9695348143577576,0.005304344929754734,0.0009188693948090076,0.013824613764882088,0.005392054561525583,0.001622761832550168
391,"Tree Hut Vitamin C Shea Sugar Scrub, 18 oz, Ultra Hydrating and Exfoliating Scrub for Nourishing Essential Body Care","Our Tree Hut Vitamin C Sugar Scrub contains vitamin C, a powerhouse antioxidant that is known to help boost skin for a brighter, firmer, and more even-toned appearance. This Tree Hut Vitamin C Scrub also contains alpha-hydroxy acid (AHA) which can help to reveal a fresher-looking tone and texture. Sugar is Tree Hut’s natural exfoliant: it effectively polishes away dead skin while helping to boost circulation to the skin surface. Tree Hut exfoliating body scrub removes dull, dry skin to reveal glowing, soft, smooth skin. Deeply nourish and balance skin’s hydration to help restore skin's natural glow with Tree Hut Vitamin C Sugar Scrub. Natural Shea Butter is known to deeply moisturize, nourish, and soften dry skin while helping to promote elasticity. Natural oils condition skin to help prevent dryness and balance hydration for a refined, healthy glow. Tree Hut Shea Sugar Scrubs feature a 6-oil blend of: avocado oil, macadamia oil, sweet orange oil, sweet almond oil, evening primrose oil, and safflower oil.",Anna Basler-White,Baby Butt Smooth!,I love the way my skin feels after I just this thing! I even had to purchase one for my husband bc of how much he loved the way my skin felt LOL!,10/29/2024,5.0,Yes,0,0.9219,0.312,0.0,0.688,0.005363506264984608,0.004035536199808121,0.0005261185579001904,0.9239919781684875,0.04361046105623245,0.0038377828896045685,0.018634559586644173
392,"Tree Hut Vitamin C Shea Sugar Scrub, 18 oz, Ultra Hydrating and Exfoliating Scrub for Nourishing Essential Body Care","Our Tree Hut Vitamin C Sugar Scrub contains vitamin C, a powerhouse antioxidant that is known to help boost skin for a brighter, firmer, and more even-toned appearance. This Tree Hut Vitamin C Scrub also contains alpha-hydroxy acid (AHA) which can help to reveal a fresher-looking tone and texture. Sugar is Tree Hut’s natural exfoliant: it effectively polishes away dead skin while helping to boost circulation to the skin surface. Tree Hut exfoliating body scrub removes dull, dry skin to reveal glowing, soft, smooth skin. Deeply nourish and balance skin’s hydration to help restore skin's natural glow with Tree Hut Vitamin C Sugar Scrub. Natural Shea Butter is known to deeply moisturize, nourish, and soften dry skin while helping to promote elasticity. Natural oils condition skin to help prevent dryness and balance hydration for a refined, healthy glow. Tree Hut Shea Sugar Scrubs feature a 6-oil blend of: avocado oil, macadamia oil, sweet orange oil, sweet almond oil, evening primrose oil, and safflower oil.",Jessica,Worth it,One of my favorite exfoliators. I use a lot of different products and have tried lots more but this is the easiest and most efficient exfoliator! Bought it three times and will continue to keep it in my skincare rotation!,10/11/2024,4.0,Yes,5,0.8866,0.229,0.0,0.771,0.016399355605244637,0.0058364421129226685,0.0008723617647774518,0.6534451842308044,0.2329532355070114,0.004444191697984934,0.08604927361011505
393,"Tree Hut Vitamin C Shea Sugar Scrub, 18 oz, Ultra Hydrating and Exfoliating Scrub for Nourishing Essential Body Care","Our Tree Hut Vitamin C Sugar Scrub contains vitamin C, a powerhouse antioxidant that is known to help boost skin for a brighter, firmer, and more even-toned appearance. This Tree Hut Vitamin C Scrub also contains alpha-hydroxy acid (AHA) which can help to reveal a fresher-looking tone and texture. Sugar is Tree Hut’s natural exfoliant: it effectively polishes away dead skin while helping to boost circulation to the skin surface. Tree Hut exfoliating body scrub removes dull, dry skin to reveal glowing, soft, smooth skin. Deeply nourish and balance skin’s hydration to help restore skin's natural glow with Tree Hut Vitamin C Sugar Scrub. Natural Shea Butter is known to deeply moisturize, nourish, and soften dry skin while helping to promote elasticity. Natural oils condition skin to help prevent dryness and balance hydration for a refined, healthy glow. Tree Hut Shea Sugar Scrubs feature a 6-oil blend of: avocado oil, macadamia oil, sweet orange oil, sweet almond oil, evening primrose oil, and safflower oil.",SM,Legit skin buffer,"Perfect tool to scrub away dead skin during the dry months. I use this once or twice a month not thinking it would make a difference, and every time, I’m wrong. Would recommend a place to hang dry it after washing, as it may mold eventually.",10/22/2024,5.0,Yes,3,-0.296,0.12,0.143,0.736,0.03462648391723633,0.27036261558532715,0.027547650039196014,0.003382753813639283,0.6420067548751831,0.017098208889365196,0.0049754902720451355
394,"Tree Hut Vitamin C Shea Sugar Scrub, 18 oz, Ultra Hydrating and Exfoliating Scrub for Nourishing Essential Body Care","Our Tree Hut Vitamin C Sugar Scrub contains vitamin C, a powerhouse antioxidant that is known to help boost skin for a brighter, firmer, and more even-toned appearance. This Tree Hut Vitamin C Scrub also contains alpha-hydroxy acid (AHA) which can help to reveal a fresher-looking tone and texture. Sugar is Tree Hut’s natural exfoliant: it effectively polishes away dead skin while helping to boost circulation to the skin surface. Tree Hut exfoliating body scrub removes dull, dry skin to reveal glowing, soft, smooth skin. Deeply nourish and balance skin’s hydration to help restore skin's natural glow with Tree Hut Vitamin C Sugar Scrub. Natural Shea Butter is known to deeply moisturize, nourish, and soften dry skin while helping to promote elasticity. Natural oils condition skin to help prevent dryness and balance hydration for a refined, healthy glow. Tree Hut Shea Sugar Scrubs feature a 6-oil blend of: avocado oil, macadamia oil, sweet orange oil, sweet almond oil, evening primrose oil, and safflower oil.",K4ndis,10/10 BUY IT. See pics and review,Does exactly as it’s supposed to. I’ve used this now 4 times. It takes a minute to figure out the proper balance of moisture. Here’s what I have learned:-MUST soak body (shower or bath) for approx 15-20 min. This loosens the dead skin.-Must towel dry off leaving the slightest amount of dampness on the skin. Stay in the shower!-Only add just a couple of DROPS of water to the mitt-flip the mitt on ver from side to side during use.-circles are not necessary but stay in one spot for a bit before moving in after skin releases.ENJOY THE SOFTEST SKIN OF YOUR LIFE,10/6/2024,5.0,Yes,35,-0.4482,0.0,0.029,0.971,0.09295832365751266,0.24262918531894684,0.05335206538438797,0.019475232809782028,0.4684228003025055,0.0894642323255539,0.03369806706905365
395,"Tree Hut Vitamin C Shea Sugar Scrub, 18 oz, Ultra Hydrating and Exfoliating Scrub for Nourishing Essential Body Care","Our Tree Hut Vitamin C Sugar Scrub contains vitamin C, a powerhouse antioxidant that is known to help boost skin for a brighter, firmer, and more even-toned appearance. This Tree Hut Vitamin C Scrub also contains alpha-hydroxy acid (AHA) which can help to reveal a fresher-looking tone and texture. Sugar is Tree Hut’s natural exfoliant: it effectively polishes away dead skin while helping to boost circulation to the skin surface. Tree Hut exfoliating body scrub removes dull, dry skin to reveal glowing, soft, smooth skin. Deeply nourish and balance skin’s hydration to help restore skin's natural glow with Tree Hut Vitamin C Sugar Scrub. Natural Shea Butter is known to deeply moisturize, nourish, and soften dry skin while helping to promote elasticity. Natural oils condition skin to help prevent dryness and balance hydration for a refined, healthy glow. Tree Hut Shea Sugar Scrubs feature a 6-oil blend of: avocado oil, macadamia oil, sweet orange oil, sweet almond oil, evening primrose oil, and safflower oil.",ps,Exfoliating,"It is okay, have found out that there are many others out there that do the same thing perhaps you should look longer because there are many more that are a lot cheaper",9/20/2024,3.0,Yes,5,0.2263,0.058,0.0,0.942,0.005764919798821211,0.004935537464916706,0.001532791182398796,0.005633026827126741,0.9715666174888611,0.0028824307955801487,0.007684782613068819
396,"Tree Hut Vitamin C Shea Sugar Scrub, 18 oz, Ultra Hydrating and Exfoliating Scrub for Nourishing Essential Body Care","Our Tree Hut Vitamin C Sugar Scrub contains vitamin C, a powerhouse antioxidant that is known to help boost skin for a brighter, firmer, and more even-toned appearance. This Tree Hut Vitamin C Scrub also contains alpha-hydroxy acid (AHA) which can help to reveal a fresher-looking tone and texture. Sugar is Tree Hut’s natural exfoliant: it effectively polishes away dead skin while helping to boost circulation to the skin surface. Tree Hut exfoliating body scrub removes dull, dry skin to reveal glowing, soft, smooth skin. Deeply nourish and balance skin’s hydration to help restore skin's natural glow with Tree Hut Vitamin C Sugar Scrub. Natural Shea Butter is known to deeply moisturize, nourish, and soften dry skin while helping to promote elasticity. Natural oils condition skin to help prevent dryness and balance hydration for a refined, healthy glow. Tree Hut Shea Sugar Scrubs feature a 6-oil blend of: avocado oil, macadamia oil, sweet orange oil, sweet almond oil, evening primrose oil, and safflower oil.",Jenna A.,Great,I love this and it does the job extremely well. Just be careful not to rub too hard. Make sure to wash this with laundry every time as well.,10/24/2024,5.0,Yes,2,0.8882,0.355,0.039,0.606,0.008340846747159958,0.01938548870384693,0.0034241832327097654,0.11410078406333923,0.8356037735939026,0.012575681321322918,0.006569169461727142
397,"Tree Hut Vitamin C Shea Sugar Scrub, 18 oz, Ultra Hydrating and Exfoliating Scrub for Nourishing Essential Body Care","Our Tree Hut Vitamin C Sugar Scrub contains vitamin C, a powerhouse antioxidant that is known to help boost skin for a brighter, firmer, and more even-toned appearance. This Tree Hut Vitamin C Scrub also contains alpha-hydroxy acid (AHA) which can help to reveal a fresher-looking tone and texture. Sugar is Tree Hut’s natural exfoliant: it effectively polishes away dead skin while helping to boost circulation to the skin surface. Tree Hut exfoliating body scrub removes dull, dry skin to reveal glowing, soft, smooth skin. Deeply nourish and balance skin’s hydration to help restore skin's natural glow with Tree Hut Vitamin C Sugar Scrub. Natural Shea Butter is known to deeply moisturize, nourish, and soften dry skin while helping to promote elasticity. Natural oils condition skin to help prevent dryness and balance hydration for a refined, healthy glow. Tree Hut Shea Sugar Scrubs feature a 6-oil blend of: avocado oil, macadamia oil, sweet orange oil, sweet almond oil, evening primrose oil, and safflower oil.",mommazoni,Scrubby Dub…,Use this before shaving and have had the softest legs.  It’s great at removing the dead skin or spray tan.  Rinses out easily and doesn’t get mildewy.,10/22/2024,5.0,Yes,2,0.296,0.187,0.124,0.69,0.007244127802550793,0.2016611546278,0.00760256452485919,0.033530205488204956,0.7098003625869751,0.034644968807697296,0.005516620818525553
398,"Tree Hut Vitamin C Shea Sugar Scrub, 18 oz, Ultra Hydrating and Exfoliating Scrub for Nourishing Essential Body Care","Our Tree Hut Vitamin C Sugar Scrub contains vitamin C, a powerhouse antioxidant that is known to help boost skin for a brighter, firmer, and more even-toned appearance. This Tree Hut Vitamin C Scrub also contains alpha-hydroxy acid (AHA) which can help to reveal a fresher-looking tone and texture. Sugar is Tree Hut’s natural exfoliant: it effectively polishes away dead skin while helping to boost circulation to the skin surface. Tree Hut exfoliating body scrub removes dull, dry skin to reveal glowing, soft, smooth skin. Deeply nourish and balance skin’s hydration to help restore skin's natural glow with Tree Hut Vitamin C Sugar Scrub. Natural Shea Butter is known to deeply moisturize, nourish, and soften dry skin while helping to promote elasticity. Natural oils condition skin to help prevent dryness and balance hydration for a refined, healthy glow. Tree Hut Shea Sugar Scrubs feature a 6-oil blend of: avocado oil, macadamia oil, sweet orange oil, sweet almond oil, evening primrose oil, and safflower oil.",MB,This is a most have for women!,"Love the way it cleans my face , the only thing I don't like is too tight on my wrist almost cuts my blood circulation.",10/4/2024,4.0,Yes,0,0.2921,0.149,0.142,0.709,0.02403900772333145,0.04224401339888573,0.00357273081317544,0.5621075630187988,0.17331437766551971,0.17546959221363068,0.01925266534090042
399,"Tree Hut Vitamin C Shea Sugar Scrub, 18 oz, Ultra Hydrating and Exfoliating Scrub for Nourishing Essential Body Care","Our Tree Hut Vitamin C Sugar Scrub contains vitamin C, a powerhouse antioxidant that is known to help boost skin for a brighter, firmer, and more even-toned appearance. This Tree Hut Vitamin C Scrub also contains alpha-hydroxy acid (AHA) which can help to reveal a fresher-looking tone and texture. Sugar is Tree Hut’s natural exfoliant: it effectively polishes away dead skin while helping to boost circulation to the skin surface. Tree Hut exfoliating body scrub removes dull, dry skin to reveal glowing, soft, smooth skin. Deeply nourish and balance skin’s hydration to help restore skin's natural glow with Tree Hut Vitamin C Sugar Scrub. Natural Shea Butter is known to deeply moisturize, nourish, and soften dry skin while helping to promote elasticity. Natural oils condition skin to help prevent dryness and balance hydration for a refined, healthy glow. Tree Hut Shea Sugar Scrubs feature a 6-oil blend of: avocado oil, macadamia oil, sweet orange oil, sweet almond oil, evening primrose oil, and safflower oil.",Mimi's Bees,Amazing Product,You will be shocked at how much dead skin this thing removes from your body. The key is to soak in the tub first. It works great - I would give it ten stars if I could.,10/17/2024,5.0,Yes,2,-0.3612,0.098,0.158,0.743,0.005796183831989765,0.01643318124115467,0.00407089339569211,0.0018216910539194942,0.015291743911802769,0.002476449590176344,0.9541098475456238
400,"Tree Hut Vitamin C Shea Sugar Scrub, 18 oz, Ultra Hydrating and Exfoliating Scrub for Nourishing Essential Body Care","Our Tree Hut Vitamin C Sugar Scrub contains vitamin C, a powerhouse antioxidant that is known to help boost skin for a brighter, firmer, and more even-toned appearance. This Tree Hut Vitamin C Scrub also contains alpha-hydroxy acid (AHA) which can help to reveal a fresher-looking tone and texture. Sugar is Tree Hut’s natural exfoliant: it effectively polishes away dead skin while helping to boost circulation to the skin surface. Tree Hut exfoliating body scrub removes dull, dry skin to reveal glowing, soft, smooth skin. Deeply nourish and balance skin’s hydration to help restore skin's natural glow with Tree Hut Vitamin C Sugar Scrub. Natural Shea Butter is known to deeply moisturize, nourish, and soften dry skin while helping to promote elasticity. Natural oils condition skin to help prevent dryness and balance hydration for a refined, healthy glow. Tree Hut Shea Sugar Scrubs feature a 6-oil blend of: avocado oil, macadamia oil, sweet orange oil, sweet almond oil, evening primrose oil, and safflower oil.",Kassandra,Ewwww,"My husbands back always has extra skin. After a bath if you run your nails over his back you get some pretty nasty stuff. I bought this for him only to be traumatized by how much dead skin was actually on his body. We live in Texas and it was like we left the bathroom window open during a winter snow storm. This was the most satisfying disgusting experience I've ever had.I was equally traumatized when I used it later and it looked like I spent my entire life growing up wanting to be a shedding snake. Ew.Feel so much cleaner. 😂 Gross experience, amazing product when used correctly. A negative review had that it didn't lather soap, don't put soap on it. It's not meant for that. Just soak yourself and scrub. We didn't even have to get the glove wet, the residual bath water on our skin was enough.10/10 does it's job. No issues with tearing for ours. Doesn't hurt at all, no skin agitation. Just clean, refreshed and a new part of our normal hygiene care.",9/21/2024,5.0,Yes,39,-0.5852,0.133,0.146,0.721,0.003402708563953638,0.9695348143577576,0.005304344929754734,0.0009188693948090076,0.013824613764882088,0.005392054561525583,0.001622761832550168
401,"Tree Hut Vitamin C Shea Sugar Scrub, 18 oz, Ultra Hydrating and Exfoliating Scrub for Nourishing Essential Body Care","Our Tree Hut Vitamin C Sugar Scrub contains vitamin C, a powerhouse antioxidant that is known to help boost skin for a brighter, firmer, and more even-toned appearance. This Tree Hut Vitamin C Scrub also contains alpha-hydroxy acid (AHA) which can help to reveal a fresher-looking tone and texture. Sugar is Tree Hut’s natural exfoliant: it effectively polishes away dead skin while helping to boost circulation to the skin surface. Tree Hut exfoliating body scrub removes dull, dry skin to reveal glowing, soft, smooth skin. Deeply nourish and balance skin’s hydration to help restore skin's natural glow with Tree Hut Vitamin C Sugar Scrub. Natural Shea Butter is known to deeply moisturize, nourish, and soften dry skin while helping to promote elasticity. Natural oils condition skin to help prevent dryness and balance hydration for a refined, healthy glow. Tree Hut Shea Sugar Scrubs feature a 6-oil blend of: avocado oil, macadamia oil, sweet orange oil, sweet almond oil, evening primrose oil, and safflower oil.",Anna Basler-White,Baby Butt Smooth!,I love the way my skin feels after I just this thing! I even had to purchase one for my husband bc of how much he loved the way my skin felt LOL!,10/29/2024,5.0,Yes,0,0.9219,0.312,0.0,0.688,0.005363506264984608,0.004035536199808121,0.0005261185579001904,0.9239919781684875,0.04361046105623245,0.0038377828896045685,0.018634559586644173
402,"Tree Hut Vitamin C Shea Sugar Scrub, 18 oz, Ultra Hydrating and Exfoliating Scrub for Nourishing Essential Body Care","Our Tree Hut Vitamin C Sugar Scrub contains vitamin C, a powerhouse antioxidant that is known to help boost skin for a brighter, firmer, and more even-toned appearance. This Tree Hut Vitamin C Scrub also contains alpha-hydroxy acid (AHA) which can help to reveal a fresher-looking tone and texture. Sugar is Tree Hut’s natural exfoliant: it effectively polishes away dead skin while helping to boost circulation to the skin surface. Tree Hut exfoliating body scrub removes dull, dry skin to reveal glowing, soft, smooth skin. Deeply nourish and balance skin’s hydration to help restore skin's natural glow with Tree Hut Vitamin C Sugar Scrub. Natural Shea Butter is known to deeply moisturize, nourish, and soften dry skin while helping to promote elasticity. Natural oils condition skin to help prevent dryness and balance hydration for a refined, healthy glow. Tree Hut Shea Sugar Scrubs feature a 6-oil blend of: avocado oil, macadamia oil, sweet orange oil, sweet almond oil, evening primrose oil, and safflower oil.",Jessica,Worth it,One of my favorite exfoliators. I use a lot of different products and have tried lots more but this is the easiest and most efficient exfoliator! Bought it three times and will continue to keep it in my skincare rotation!,10/11/2024,4.0,Yes,5,0.8866,0.229,0.0,0.771,0.016399355605244637,0.0058364421129226685,0.0008723617647774518,0.6534451842308044,0.2329532355070114,0.004444191697984934,0.08604927361011505
403,"Tree Hut Vitamin C Shea Sugar Scrub, 18 oz, Ultra Hydrating and Exfoliating Scrub for Nourishing Essential Body Care","Our Tree Hut Vitamin C Sugar Scrub contains vitamin C, a powerhouse antioxidant that is known to help boost skin for a brighter, firmer, and more even-toned appearance. This Tree Hut Vitamin C Scrub also contains alpha-hydroxy acid (AHA) which can help to reveal a fresher-looking tone and texture. Sugar is Tree Hut’s natural exfoliant: it effectively polishes away dead skin while helping to boost circulation to the skin surface. Tree Hut exfoliating body scrub removes dull, dry skin to reveal glowing, soft, smooth skin. Deeply nourish and balance skin’s hydration to help restore skin's natural glow with Tree Hut Vitamin C Sugar Scrub. Natural Shea Butter is known to deeply moisturize, nourish, and soften dry skin while helping to promote elasticity. Natural oils condition skin to help prevent dryness and balance hydration for a refined, healthy glow. Tree Hut Shea Sugar Scrubs feature a 6-oil blend of: avocado oil, macadamia oil, sweet orange oil, sweet almond oil, evening primrose oil, and safflower oil.",SM,Legit skin buffer,"Perfect tool to scrub away dead skin during the dry months. I use this once or twice a month not thinking it would make a difference, and every time, I’m wrong. Would recommend a place to hang dry it after washing, as it may mold eventually.",10/22/2024,5.0,Yes,3,-0.296,0.12,0.143,0.736,0.03462648391723633,0.27036261558532715,0.027547650039196014,0.003382753813639283,0.6420067548751831,0.017098208889365196,0.0049754902720451355
404,"Tree Hut Vitamin C Shea Sugar Scrub, 18 oz, Ultra Hydrating and Exfoliating Scrub for Nourishing Essential Body Care","Our Tree Hut Vitamin C Sugar Scrub contains vitamin C, a powerhouse antioxidant that is known to help boost skin for a brighter, firmer, and more even-toned appearance. This Tree Hut Vitamin C Scrub also contains alpha-hydroxy acid (AHA) which can help to reveal a fresher-looking tone and texture. Sugar is Tree Hut’s natural exfoliant: it effectively polishes away dead skin while helping to boost circulation to the skin surface. Tree Hut exfoliating body scrub removes dull, dry skin to reveal glowing, soft, smooth skin. Deeply nourish and balance skin’s hydration to help restore skin's natural glow with Tree Hut Vitamin C Sugar Scrub. Natural Shea Butter is known to deeply moisturize, nourish, and soften dry skin while helping to promote elasticity. Natural oils condition skin to help prevent dryness and balance hydration for a refined, healthy glow. Tree Hut Shea Sugar Scrubs feature a 6-oil blend of: avocado oil, macadamia oil, sweet orange oil, sweet almond oil, evening primrose oil, and safflower oil.",K4ndis,10/10 BUY IT. See pics and review,Does exactly as it’s supposed to. I’ve used this now 4 times. It takes a minute to figure out the proper balance of moisture. Here’s what I have learned:-MUST soak body (shower or bath) for approx 15-20 min. This loosens the dead skin.-Must towel dry off leaving the slightest amount of dampness on the skin. Stay in the shower!-Only add just a couple of DROPS of water to the mitt-flip the mitt on ver from side to side during use.-circles are not necessary but stay in one spot for a bit before moving in after skin releases.ENJOY THE SOFTEST SKIN OF YOUR LIFE,10/6/2024,5.0,Yes,35,-0.4482,0.0,0.029,0.971,0.09295832365751266,0.24262918531894684,0.05335206538438797,0.019475232809782028,0.4684228003025055,0.0894642323255539,0.03369806706905365
405,"Tree Hut Vitamin C Shea Sugar Scrub, 18 oz, Ultra Hydrating and Exfoliating Scrub for Nourishing Essential Body Care","Our Tree Hut Vitamin C Sugar Scrub contains vitamin C, a powerhouse antioxidant that is known to help boost skin for a brighter, firmer, and more even-toned appearance. This Tree Hut Vitamin C Scrub also contains alpha-hydroxy acid (AHA) which can help to reveal a fresher-looking tone and texture. Sugar is Tree Hut’s natural exfoliant: it effectively polishes away dead skin while helping to boost circulation to the skin surface. Tree Hut exfoliating body scrub removes dull, dry skin to reveal glowing, soft, smooth skin. Deeply nourish and balance skin’s hydration to help restore skin's natural glow with Tree Hut Vitamin C Sugar Scrub. Natural Shea Butter is known to deeply moisturize, nourish, and soften dry skin while helping to promote elasticity. Natural oils condition skin to help prevent dryness and balance hydration for a refined, healthy glow. Tree Hut Shea Sugar Scrubs feature a 6-oil blend of: avocado oil, macadamia oil, sweet orange oil, sweet almond oil, evening primrose oil, and safflower oil.",ps,Exfoliating,"It is okay, have found out that there are many others out there that do the same thing perhaps you should look longer because there are many more that are a lot cheaper",9/20/2024,3.0,Yes,5,0.2263,0.058,0.0,0.942,0.005764919798821211,0.004935537464916706,0.001532791182398796,0.005633026827126741,0.9715666174888611,0.0028824307955801487,0.007684782613068819
406,"Tree Hut Vitamin C Shea Sugar Scrub, 18 oz, Ultra Hydrating and Exfoliating Scrub for Nourishing Essential Body Care","Our Tree Hut Vitamin C Sugar Scrub contains vitamin C, a powerhouse antioxidant that is known to help boost skin for a brighter, firmer, and more even-toned appearance. This Tree Hut Vitamin C Scrub also contains alpha-hydroxy acid (AHA) which can help to reveal a fresher-looking tone and texture. Sugar is Tree Hut’s natural exfoliant: it effectively polishes away dead skin while helping to boost circulation to the skin surface. Tree Hut exfoliating body scrub removes dull, dry skin to reveal glowing, soft, smooth skin. Deeply nourish and balance skin’s hydration to help restore skin's natural glow with Tree Hut Vitamin C Sugar Scrub. Natural Shea Butter is known to deeply moisturize, nourish, and soften dry skin while helping to promote elasticity. Natural oils condition skin to help prevent dryness and balance hydration for a refined, healthy glow. Tree Hut Shea Sugar Scrubs feature a 6-oil blend of: avocado oil, macadamia oil, sweet orange oil, sweet almond oil, evening primrose oil, and safflower oil.",Jenna A.,Great,I love this and it does the job extremely well. Just be careful not to rub too hard. Make sure to wash this with laundry every time as well.,10/24/2024,5.0,Yes,2,0.8882,0.355,0.039,0.606,0.008340846747159958,0.01938548870384693,0.0034241832327097654,0.11410078406333923,0.8356037735939026,0.012575681321322918,0.006569169461727142
407,"Tree Hut Vitamin C Shea Sugar Scrub, 18 oz, Ultra Hydrating and Exfoliating Scrub for Nourishing Essential Body Care","Our Tree Hut Vitamin C Sugar Scrub contains vitamin C, a powerhouse antioxidant that is known to help boost skin for a brighter, firmer, and more even-toned appearance. This Tree Hut Vitamin C Scrub also contains alpha-hydroxy acid (AHA) which can help to reveal a fresher-looking tone and texture. Sugar is Tree Hut’s natural exfoliant: it effectively polishes away dead skin while helping to boost circulation to the skin surface. Tree Hut exfoliating body scrub removes dull, dry skin to reveal glowing, soft, smooth skin. Deeply nourish and balance skin’s hydration to help restore skin's natural glow with Tree Hut Vitamin C Sugar Scrub. Natural Shea Butter is known to deeply moisturize, nourish, and soften dry skin while helping to promote elasticity. Natural oils condition skin to help prevent dryness and balance hydration for a refined, healthy glow. Tree Hut Shea Sugar Scrubs feature a 6-oil blend of: avocado oil, macadamia oil, sweet orange oil, sweet almond oil, evening primrose oil, and safflower oil.",mommazoni,Scrubby Dub…,Use this before shaving and have had the softest legs.  It’s great at removing the dead skin or spray tan.  Rinses out easily and doesn’t get mildewy.,10/22/2024,5.0,Yes,2,0.296,0.187,0.124,0.69,0.007244127802550793,0.2016611546278,0.00760256452485919,0.033530205488204956,0.7098003625869751,0.034644968807697296,0.005516620818525553
408,"Tree Hut Vitamin C Shea Sugar Scrub, 18 oz, Ultra Hydrating and Exfoliating Scrub for Nourishing Essential Body Care","Our Tree Hut Vitamin C Sugar Scrub contains vitamin C, a powerhouse antioxidant that is known to help boost skin for a brighter, firmer, and more even-toned appearance. This Tree Hut Vitamin C Scrub also contains alpha-hydroxy acid (AHA) which can help to reveal a fresher-looking tone and texture. Sugar is Tree Hut’s natural exfoliant: it effectively polishes away dead skin while helping to boost circulation to the skin surface. Tree Hut exfoliating body scrub removes dull, dry skin to reveal glowing, soft, smooth skin. Deeply nourish and balance skin’s hydration to help restore skin's natural glow with Tree Hut Vitamin C Sugar Scrub. Natural Shea Butter is known to deeply moisturize, nourish, and soften dry skin while helping to promote elasticity. Natural oils condition skin to help prevent dryness and balance hydration for a refined, healthy glow. Tree Hut Shea Sugar Scrubs feature a 6-oil blend of: avocado oil, macadamia oil, sweet orange oil, sweet almond oil, evening primrose oil, and safflower oil.",MB,This is a most have for women!,"Love the way it cleans my face , the only thing I don't like is too tight on my wrist almost cuts my blood circulation.",10/4/2024,4.0,Yes,0,0.2921,0.149,0.142,0.709,0.02403900772333145,0.04224401339888573,0.00357273081317544,0.5621075630187988,0.17331437766551971,0.17546959221363068,0.01925266534090042
409,"Tree Hut Vitamin C Shea Sugar Scrub, 18 oz, Ultra Hydrating and Exfoliating Scrub for Nourishing Essential Body Care","Our Tree Hut Vitamin C Sugar Scrub contains vitamin C, a powerhouse antioxidant that is known to help boost skin for a brighter, firmer, and more even-toned appearance. This Tree Hut Vitamin C Scrub also contains alpha-hydroxy acid (AHA) which can help to reveal a fresher-looking tone and texture. Sugar is Tree Hut’s natural exfoliant: it effectively polishes away dead skin while helping to boost circulation to the skin surface. Tree Hut exfoliating body scrub removes dull, dry skin to reveal glowing, soft, smooth skin. Deeply nourish and balance skin’s hydration to help restore skin's natural glow with Tree Hut Vitamin C Sugar Scrub. Natural Shea Butter is known to deeply moisturize, nourish, and soften dry skin while helping to promote elasticity. Natural oils condition skin to help prevent dryness and balance hydration for a refined, healthy glow. Tree Hut Shea Sugar Scrubs feature a 6-oil blend of: avocado oil, macadamia oil, sweet orange oil, sweet almond oil, evening primrose oil, and safflower oil.",Mimi's Bees,Amazing Product,You will be shocked at how much dead skin this thing removes from your body. The key is to soak in the tub first. It works great - I would give it ten stars if I could.,10/17/2024,5.0,Yes,2,-0.3612,0.098,0.158,0.743,0.005796183831989765,0.01643318124115467,0.00407089339569211,0.0018216910539194942,0.015291743911802769,0.002476449590176344,0.9541098475456238
410,"Tree Hut Vitamin C Shea Sugar Scrub, 18 oz, Ultra Hydrating and Exfoliating Scrub for Nourishing Essential Body Care","Our Tree Hut Vitamin C Sugar Scrub contains vitamin C, a powerhouse antioxidant that is known to help boost skin for a brighter, firmer, and more even-toned appearance. This Tree Hut Vitamin C Scrub also contains alpha-hydroxy acid (AHA) which can help to reveal a fresher-looking tone and texture. Sugar is Tree Hut’s natural exfoliant: it effectively polishes away dead skin while helping to boost circulation to the skin surface. Tree Hut exfoliating body scrub removes dull, dry skin to reveal glowing, soft, smooth skin. Deeply nourish and balance skin’s hydration to help restore skin's natural glow with Tree Hut Vitamin C Sugar Scrub. Natural Shea Butter is known to deeply moisturize, nourish, and soften dry skin while helping to promote elasticity. Natural oils condition skin to help prevent dryness and balance hydration for a refined, healthy glow. Tree Hut Shea Sugar Scrubs feature a 6-oil blend of: avocado oil, macadamia oil, sweet orange oil, sweet almond oil, evening primrose oil, and safflower oil.",Kassandra,Ewwww,"My husbands back always has extra skin. After a bath if you run your nails over his back you get some pretty nasty stuff. I bought this for him only to be traumatized by how much dead skin was actually on his body. We live in Texas and it was like we left the bathroom window open during a winter snow storm. This was the most satisfying disgusting experience I've ever had.I was equally traumatized when I used it later and it looked like I spent my entire life growing up wanting to be a shedding snake. Ew.Feel so much cleaner. 😂 Gross experience, amazing product when used correctly. A negative review had that it didn't lather soap, don't put soap on it. It's not meant for that. Just soak yourself and scrub. We didn't even have to get the glove wet, the residual bath water on our skin was enough.10/10 does it's job. No issues with tearing for ours. Doesn't hurt at all, no skin agitation. Just clean, refreshed and a new part of our normal hygiene care.",9/21/2024,5.0,Yes,39,-0.5852,0.133,0.146,0.721,0.003402708563953638,0.9695348143577576,0.005304344929754734,0.0009188693948090076,0.013824613764882088,0.005392054561525583,0.001622761832550168
411,"Tree Hut Vitamin C Shea Sugar Scrub, 18 oz, Ultra Hydrating and Exfoliating Scrub for Nourishing Essential Body Care","Our Tree Hut Vitamin C Sugar Scrub contains vitamin C, a powerhouse antioxidant that is known to help boost skin for a brighter, firmer, and more even-toned appearance. This Tree Hut Vitamin C Scrub also contains alpha-hydroxy acid (AHA) which can help to reveal a fresher-looking tone and texture. Sugar is Tree Hut’s natural exfoliant: it effectively polishes away dead skin while helping to boost circulation to the skin surface. Tree Hut exfoliating body scrub removes dull, dry skin to reveal glowing, soft, smooth skin. Deeply nourish and balance skin’s hydration to help restore skin's natural glow with Tree Hut Vitamin C Sugar Scrub. Natural Shea Butter is known to deeply moisturize, nourish, and soften dry skin while helping to promote elasticity. Natural oils condition skin to help prevent dryness and balance hydration for a refined, healthy glow. Tree Hut Shea Sugar Scrubs feature a 6-oil blend of: avocado oil, macadamia oil, sweet orange oil, sweet almond oil, evening primrose oil, and safflower oil.",Anna Basler-White,Baby Butt Smooth!,I love the way my skin feels after I just this thing! I even had to purchase one for my husband bc of how much he loved the way my skin felt LOL!,10/29/2024,5.0,Yes,0,0.9219,0.312,0.0,0.688,0.005363506264984608,0.004035536199808121,0.0005261185579001904,0.9239919781684875,0.04361046105623245,0.0038377828896045685,0.018634559586644173
412,"Tree Hut Vitamin C Shea Sugar Scrub, 18 oz, Ultra Hydrating and Exfoliating Scrub for Nourishing Essential Body Care","Our Tree Hut Vitamin C Sugar Scrub contains vitamin C, a powerhouse antioxidant that is known to help boost skin for a brighter, firmer, and more even-toned appearance. This Tree Hut Vitamin C Scrub also contains alpha-hydroxy acid (AHA) which can help to reveal a fresher-looking tone and texture. Sugar is Tree Hut’s natural exfoliant: it effectively polishes away dead skin while helping to boost circulation to the skin surface. Tree Hut exfoliating body scrub removes dull, dry skin to reveal glowing, soft, smooth skin. Deeply nourish and balance skin’s hydration to help restore skin's natural glow with Tree Hut Vitamin C Sugar Scrub. Natural Shea Butter is known to deeply moisturize, nourish, and soften dry skin while helping to promote elasticity. Natural oils condition skin to help prevent dryness and balance hydration for a refined, healthy glow. Tree Hut Shea Sugar Scrubs feature a 6-oil blend of: avocado oil, macadamia oil, sweet orange oil, sweet almond oil, evening primrose oil, and safflower oil.",Jessica,Worth it,One of my favorite exfoliators. I use a lot of different products and have tried lots more but this is the easiest and most efficient exfoliator! Bought it three times and will continue to keep it in my skincare rotation!,10/11/2024,4.0,Yes,5,0.8866,0.229,0.0,0.771,0.016399355605244637,0.0058364421129226685,0.0008723617647774518,0.6534451842308044,0.2329532355070114,0.004444191697984934,0.08604927361011505
413,"Tree Hut Vitamin C Shea Sugar Scrub, 18 oz, Ultra Hydrating and Exfoliating Scrub for Nourishing Essential Body Care","Our Tree Hut Vitamin C Sugar Scrub contains vitamin C, a powerhouse antioxidant that is known to help boost skin for a brighter, firmer, and more even-toned appearance. This Tree Hut Vitamin C Scrub also contains alpha-hydroxy acid (AHA) which can help to reveal a fresher-looking tone and texture. Sugar is Tree Hut’s natural exfoliant: it effectively polishes away dead skin while helping to boost circulation to the skin surface. Tree Hut exfoliating body scrub removes dull, dry skin to reveal glowing, soft, smooth skin. Deeply nourish and balance skin’s hydration to help restore skin's natural glow with Tree Hut Vitamin C Sugar Scrub. Natural Shea Butter is known to deeply moisturize, nourish, and soften dry skin while helping to promote elasticity. Natural oils condition skin to help prevent dryness and balance hydration for a refined, healthy glow. Tree Hut Shea Sugar Scrubs feature a 6-oil blend of: avocado oil, macadamia oil, sweet orange oil, sweet almond oil, evening primrose oil, and safflower oil.",SM,Legit skin buffer,"Perfect tool to scrub away dead skin during the dry months. I use this once or twice a month not thinking it would make a difference, and every time, I’m wrong. Would recommend a place to hang dry it after washing, as it may mold eventually.",10/22/2024,5.0,Yes,3,-0.296,0.12,0.143,0.736,0.03462648391723633,0.27036261558532715,0.027547650039196014,0.003382753813639283,0.6420067548751831,0.017098208889365196,0.0049754902720451355
414,"Tree Hut Vitamin C Shea Sugar Scrub, 18 oz, Ultra Hydrating and Exfoliating Scrub for Nourishing Essential Body Care","Our Tree Hut Vitamin C Sugar Scrub contains vitamin C, a powerhouse antioxidant that is known to help boost skin for a brighter, firmer, and more even-toned appearance. This Tree Hut Vitamin C Scrub also contains alpha-hydroxy acid (AHA) which can help to reveal a fresher-looking tone and texture. Sugar is Tree Hut’s natural exfoliant: it effectively polishes away dead skin while helping to boost circulation to the skin surface. Tree Hut exfoliating body scrub removes dull, dry skin to reveal glowing, soft, smooth skin. Deeply nourish and balance skin’s hydration to help restore skin's natural glow with Tree Hut Vitamin C Sugar Scrub. Natural Shea Butter is known to deeply moisturize, nourish, and soften dry skin while helping to promote elasticity. Natural oils condition skin to help prevent dryness and balance hydration for a refined, healthy glow. Tree Hut Shea Sugar Scrubs feature a 6-oil blend of: avocado oil, macadamia oil, sweet orange oil, sweet almond oil, evening primrose oil, and safflower oil.",K4ndis,10/10 BUY IT. See pics and review,Does exactly as it’s supposed to. I’ve used this now 4 times. It takes a minute to figure out the proper balance of moisture. Here’s what I have learned:-MUST soak body (shower or bath) for approx 15-20 min. This loosens the dead skin.-Must towel dry off leaving the slightest amount of dampness on the skin. Stay in the shower!-Only add just a couple of DROPS of water to the mitt-flip the mitt on ver from side to side during use.-circles are not necessary but stay in one spot for a bit before moving in after skin releases.ENJOY THE SOFTEST SKIN OF YOUR LIFE,10/6/2024,5.0,Yes,35,-0.4482,0.0,0.029,0.971,0.09295832365751266,0.24262918531894684,0.05335206538438797,0.019475232809782028,0.4684228003025055,0.0894642323255539,0.03369806706905365
415,"Tree Hut Vitamin C Shea Sugar Scrub, 18 oz, Ultra Hydrating and Exfoliating Scrub for Nourishing Essential Body Care","Our Tree Hut Vitamin C Sugar Scrub contains vitamin C, a powerhouse antioxidant that is known to help boost skin for a brighter, firmer, and more even-toned appearance. This Tree Hut Vitamin C Scrub also contains alpha-hydroxy acid (AHA) which can help to reveal a fresher-looking tone and texture. Sugar is Tree Hut’s natural exfoliant: it effectively polishes away dead skin while helping to boost circulation to the skin surface. Tree Hut exfoliating body scrub removes dull, dry skin to reveal glowing, soft, smooth skin. Deeply nourish and balance skin’s hydration to help restore skin's natural glow with Tree Hut Vitamin C Sugar Scrub. Natural Shea Butter is known to deeply moisturize, nourish, and soften dry skin while helping to promote elasticity. Natural oils condition skin to help prevent dryness and balance hydration for a refined, healthy glow. Tree Hut Shea Sugar Scrubs feature a 6-oil blend of: avocado oil, macadamia oil, sweet orange oil, sweet almond oil, evening primrose oil, and safflower oil.",ps,Exfoliating,"It is okay, have found out that there are many others out there that do the same thing perhaps you should look longer because there are many more that are a lot cheaper",9/20/2024,3.0,Yes,5,0.2263,0.058,0.0,0.942,0.005764919798821211,0.004935537464916706,0.001532791182398796,0.005633026827126741,0.9715666174888611,0.0028824307955801487,0.007684782613068819
416,"Tree Hut Vitamin C Shea Sugar Scrub, 18 oz, Ultra Hydrating and Exfoliating Scrub for Nourishing Essential Body Care","Our Tree Hut Vitamin C Sugar Scrub contains vitamin C, a powerhouse antioxidant that is known to help boost skin for a brighter, firmer, and more even-toned appearance. This Tree Hut Vitamin C Scrub also contains alpha-hydroxy acid (AHA) which can help to reveal a fresher-looking tone and texture. Sugar is Tree Hut’s natural exfoliant: it effectively polishes away dead skin while helping to boost circulation to the skin surface. Tree Hut exfoliating body scrub removes dull, dry skin to reveal glowing, soft, smooth skin. Deeply nourish and balance skin’s hydration to help restore skin's natural glow with Tree Hut Vitamin C Sugar Scrub. Natural Shea Butter is known to deeply moisturize, nourish, and soften dry skin while helping to promote elasticity. Natural oils condition skin to help prevent dryness and balance hydration for a refined, healthy glow. Tree Hut Shea Sugar Scrubs feature a 6-oil blend of: avocado oil, macadamia oil, sweet orange oil, sweet almond oil, evening primrose oil, and safflower oil.",Jenna A.,Great,I love this and it does the job extremely well. Just be careful not to rub too hard. Make sure to wash this with laundry every time as well.,10/24/2024,5.0,Yes,2,0.8882,0.355,0.039,0.606,0.008340846747159958,0.01938548870384693,0.0034241832327097654,0.11410078406333923,0.8356037735939026,0.012575681321322918,0.006569169461727142
417,"Tree Hut Vitamin C Shea Sugar Scrub, 18 oz, Ultra Hydrating and Exfoliating Scrub for Nourishing Essential Body Care","Our Tree Hut Vitamin C Sugar Scrub contains vitamin C, a powerhouse antioxidant that is known to help boost skin for a brighter, firmer, and more even-toned appearance. This Tree Hut Vitamin C Scrub also contains alpha-hydroxy acid (AHA) which can help to reveal a fresher-looking tone and texture. Sugar is Tree Hut’s natural exfoliant: it effectively polishes away dead skin while helping to boost circulation to the skin surface. Tree Hut exfoliating body scrub removes dull, dry skin to reveal glowing, soft, smooth skin. Deeply nourish and balance skin’s hydration to help restore skin's natural glow with Tree Hut Vitamin C Sugar Scrub. Natural Shea Butter is known to deeply moisturize, nourish, and soften dry skin while helping to promote elasticity. Natural oils condition skin to help prevent dryness and balance hydration for a refined, healthy glow. Tree Hut Shea Sugar Scrubs feature a 6-oil blend of: avocado oil, macadamia oil, sweet orange oil, sweet almond oil, evening primrose oil, and safflower oil.",mommazoni,Scrubby Dub…,Use this before shaving and have had the softest legs.  It’s great at removing the dead skin or spray tan.  Rinses out easily and doesn’t get mildewy.,10/22/2024,5.0,Yes,2,0.296,0.187,0.124,0.69,0.007244127802550793,0.2016611546278,0.00760256452485919,0.033530205488204956,0.7098003625869751,0.034644968807697296,0.005516620818525553
418,"Tree Hut Vitamin C Shea Sugar Scrub, 18 oz, Ultra Hydrating and Exfoliating Scrub for Nourishing Essential Body Care","Our Tree Hut Vitamin C Sugar Scrub contains vitamin C, a powerhouse antioxidant that is known to help boost skin for a brighter, firmer, and more even-toned appearance. This Tree Hut Vitamin C Scrub also contains alpha-hydroxy acid (AHA) which can help to reveal a fresher-looking tone and texture. Sugar is Tree Hut’s natural exfoliant: it effectively polishes away dead skin while helping to boost circulation to the skin surface. Tree Hut exfoliating body scrub removes dull, dry skin to reveal glowing, soft, smooth skin. Deeply nourish and balance skin’s hydration to help restore skin's natural glow with Tree Hut Vitamin C Sugar Scrub. Natural Shea Butter is known to deeply moisturize, nourish, and soften dry skin while helping to promote elasticity. Natural oils condition skin to help prevent dryness and balance hydration for a refined, healthy glow. Tree Hut Shea Sugar Scrubs feature a 6-oil blend of: avocado oil, macadamia oil, sweet orange oil, sweet almond oil, evening primrose oil, and safflower oil.",MB,This is a most have for women!,"Love the way it cleans my face , the only thing I don't like is too tight on my wrist almost cuts my blood circulation.",10/4/2024,4.0,Yes,0,0.2921,0.149,0.142,0.709,0.02403900772333145,0.04224401339888573,0.00357273081317544,0.5621075630187988,0.17331437766551971,0.17546959221363068,0.01925266534090042
419,"Tree Hut Vitamin C Shea Sugar Scrub, 18 oz, Ultra Hydrating and Exfoliating Scrub for Nourishing Essential Body Care","Our Tree Hut Vitamin C Sugar Scrub contains vitamin C, a powerhouse antioxidant that is known to help boost skin for a brighter, firmer, and more even-toned appearance. This Tree Hut Vitamin C Scrub also contains alpha-hydroxy acid (AHA) which can help to reveal a fresher-looking tone and texture. Sugar is Tree Hut’s natural exfoliant: it effectively polishes away dead skin while helping to boost circulation to the skin surface. Tree Hut exfoliating body scrub removes dull, dry skin to reveal glowing, soft, smooth skin. Deeply nourish and balance skin’s hydration to help restore skin's natural glow with Tree Hut Vitamin C Sugar Scrub. Natural Shea Butter is known to deeply moisturize, nourish, and soften dry skin while helping to promote elasticity. Natural oils condition skin to help prevent dryness and balance hydration for a refined, healthy glow. Tree Hut Shea Sugar Scrubs feature a 6-oil blend of: avocado oil, macadamia oil, sweet orange oil, sweet almond oil, evening primrose oil, and safflower oil.",Mimi's Bees,Amazing Product,You will be shocked at how much dead skin this thing removes from your body. The key is to soak in the tub first. It works great - I would give it ten stars if I could.,10/17/2024,5.0,Yes,2,-0.3612,0.098,0.158,0.743,0.005796183831989765,0.01643318124115467,0.00407089339569211,0.0018216910539194942,0.015291743911802769,0.002476449590176344,0.9541098475456238
420,"Tree Hut Vitamin C Shea Sugar Scrub, 18 oz, Ultra Hydrating and Exfoliating Scrub for Nourishing Essential Body Care","Our Tree Hut Vitamin C Sugar Scrub contains vitamin C, a powerhouse antioxidant that is known to help boost skin for a brighter, firmer, and more even-toned appearance. This Tree Hut Vitamin C Scrub also contains alpha-hydroxy acid (AHA) which can help to reveal a fresher-looking tone and texture. Sugar is Tree Hut’s natural exfoliant: it effectively polishes away dead skin while helping to boost circulation to the skin surface. Tree Hut exfoliating body scrub removes dull, dry skin to reveal glowing, soft, smooth skin. Deeply nourish and balance skin’s hydration to help restore skin's natural glow with Tree Hut Vitamin C Sugar Scrub. Natural Shea Butter is known to deeply moisturize, nourish, and soften dry skin while helping to promote elasticity. Natural oils condition skin to help prevent dryness and balance hydration for a refined, healthy glow. Tree Hut Shea Sugar Scrubs feature a 6-oil blend of: avocado oil, macadamia oil, sweet orange oil, sweet almond oil, evening primrose oil, and safflower oil.",Kassandra,Ewwww,"My husbands back always has extra skin. After a bath if you run your nails over his back you get some pretty nasty stuff. I bought this for him only to be traumatized by how much dead skin was actually on his body. We live in Texas and it was like we left the bathroom window open during a winter snow storm. This was the most satisfying disgusting experience I've ever had.I was equally traumatized when I used it later and it looked like I spent my entire life growing up wanting to be a shedding snake. Ew.Feel so much cleaner. 😂 Gross experience, amazing product when used correctly. A negative review had that it didn't lather soap, don't put soap on it. It's not meant for that. Just soak yourself and scrub. We didn't even have to get the glove wet, the residual bath water on our skin was enough.10/10 does it's job. No issues with tearing for ours. Doesn't hurt at all, no skin agitation. Just clean, refreshed and a new part of our normal hygiene care.",9/21/2024,5.0,Yes,39,-0.5852,0.133,0.146,0.721,0.003402708563953638,0.9695348143577576,0.005304344929754734,0.0009188693948090076,0.013824613764882088,0.005392054561525583,0.001622761832550168
421,"Tree Hut Vitamin C Shea Sugar Scrub, 18 oz, Ultra Hydrating and Exfoliating Scrub for Nourishing Essential Body Care","Our Tree Hut Vitamin C Sugar Scrub contains vitamin C, a powerhouse antioxidant that is known to help boost skin for a brighter, firmer, and more even-toned appearance. This Tree Hut Vitamin C Scrub also contains alpha-hydroxy acid (AHA) which can help to reveal a fresher-looking tone and texture. Sugar is Tree Hut’s natural exfoliant: it effectively polishes away dead skin while helping to boost circulation to the skin surface. Tree Hut exfoliating body scrub removes dull, dry skin to reveal glowing, soft, smooth skin. Deeply nourish and balance skin’s hydration to help restore skin's natural glow with Tree Hut Vitamin C Sugar Scrub. Natural Shea Butter is known to deeply moisturize, nourish, and soften dry skin while helping to promote elasticity. Natural oils condition skin to help prevent dryness and balance hydration for a refined, healthy glow. Tree Hut Shea Sugar Scrubs feature a 6-oil blend of: avocado oil, macadamia oil, sweet orange oil, sweet almond oil, evening primrose oil, and safflower oil.",Anna Basler-White,Baby Butt Smooth!,I love the way my skin feels after I just this thing! I even had to purchase one for my husband bc of how much he loved the way my skin felt LOL!,10/29/2024,5.0,Yes,0,0.9219,0.312,0.0,0.688,0.005363506264984608,0.004035536199808121,0.0005261185579001904,0.9239919781684875,0.04361046105623245,0.0038377828896045685,0.018634559586644173
422,"Tree Hut Vitamin C Shea Sugar Scrub, 18 oz, Ultra Hydrating and Exfoliating Scrub for Nourishing Essential Body Care","Our Tree Hut Vitamin C Sugar Scrub contains vitamin C, a powerhouse antioxidant that is known to help boost skin for a brighter, firmer, and more even-toned appearance. This Tree Hut Vitamin C Scrub also contains alpha-hydroxy acid (AHA) which can help to reveal a fresher-looking tone and texture. Sugar is Tree Hut’s natural exfoliant: it effectively polishes away dead skin while helping to boost circulation to the skin surface. Tree Hut exfoliating body scrub removes dull, dry skin to reveal glowing, soft, smooth skin. Deeply nourish and balance skin’s hydration to help restore skin's natural glow with Tree Hut Vitamin C Sugar Scrub. Natural Shea Butter is known to deeply moisturize, nourish, and soften dry skin while helping to promote elasticity. Natural oils condition skin to help prevent dryness and balance hydration for a refined, healthy glow. Tree Hut Shea Sugar Scrubs feature a 6-oil blend of: avocado oil, macadamia oil, sweet orange oil, sweet almond oil, evening primrose oil, and safflower oil.",Jessica,Worth it,One of my favorite exfoliators. I use a lot of different products and have tried lots more but this is the easiest and most efficient exfoliator! Bought it three times and will continue to keep it in my skincare rotation!,10/11/2024,4.0,Yes,5,0.8866,0.229,0.0,0.771,0.016399355605244637,0.0058364421129226685,0.0008723617647774518,0.6534451842308044,0.2329532355070114,0.004444191697984934,0.08604927361011505
423,"Tree Hut Vitamin C Shea Sugar Scrub, 18 oz, Ultra Hydrating and Exfoliating Scrub for Nourishing Essential Body Care","Our Tree Hut Vitamin C Sugar Scrub contains vitamin C, a powerhouse antioxidant that is known to help boost skin for a brighter, firmer, and more even-toned appearance. This Tree Hut Vitamin C Scrub also contains alpha-hydroxy acid (AHA) which can help to reveal a fresher-looking tone and texture. Sugar is Tree Hut’s natural exfoliant: it effectively polishes away dead skin while helping to boost circulation to the skin surface. Tree Hut exfoliating body scrub removes dull, dry skin to reveal glowing, soft, smooth skin. Deeply nourish and balance skin’s hydration to help restore skin's natural glow with Tree Hut Vitamin C Sugar Scrub. Natural Shea Butter is known to deeply moisturize, nourish, and soften dry skin while helping to promote elasticity. Natural oils condition skin to help prevent dryness and balance hydration for a refined, healthy glow. Tree Hut Shea Sugar Scrubs feature a 6-oil blend of: avocado oil, macadamia oil, sweet orange oil, sweet almond oil, evening primrose oil, and safflower oil.",SM,Legit skin buffer,"Perfect tool to scrub away dead skin during the dry months. I use this once or twice a month not thinking it would make a difference, and every time, I’m wrong. Would recommend a place to hang dry it after washing, as it may mold eventually.",10/22/2024,5.0,Yes,3,-0.296,0.12,0.143,0.736,0.03462648391723633,0.27036261558532715,0.027547650039196014,0.003382753813639283,0.6420067548751831,0.017098208889365196,0.0049754902720451355
424,"Tree Hut Vitamin C Shea Sugar Scrub, 18 oz, Ultra Hydrating and Exfoliating Scrub for Nourishing Essential Body Care","Our Tree Hut Vitamin C Sugar Scrub contains vitamin C, a powerhouse antioxidant that is known to help boost skin for a brighter, firmer, and more even-toned appearance. This Tree Hut Vitamin C Scrub also contains alpha-hydroxy acid (AHA) which can help to reveal a fresher-looking tone and texture. Sugar is Tree Hut’s natural exfoliant: it effectively polishes away dead skin while helping to boost circulation to the skin surface. Tree Hut exfoliating body scrub removes dull, dry skin to reveal glowing, soft, smooth skin. Deeply nourish and balance skin’s hydration to help restore skin's natural glow with Tree Hut Vitamin C Sugar Scrub. Natural Shea Butter is known to deeply moisturize, nourish, and soften dry skin while helping to promote elasticity. Natural oils condition skin to help prevent dryness and balance hydration for a refined, healthy glow. Tree Hut Shea Sugar Scrubs feature a 6-oil blend of: avocado oil, macadamia oil, sweet orange oil, sweet almond oil, evening primrose oil, and safflower oil.",K4ndis,10/10 BUY IT. See pics and review,Does exactly as it’s supposed to. I’ve used this now 4 times. It takes a minute to figure out the proper balance of moisture. Here’s what I have learned:-MUST soak body (shower or bath) for approx 15-20 min. This loosens the dead skin.-Must towel dry off leaving the slightest amount of dampness on the skin. Stay in the shower!-Only add just a couple of DROPS of water to the mitt-flip the mitt on ver from side to side during use.-circles are not necessary but stay in one spot for a bit before moving in after skin releases.ENJOY THE SOFTEST SKIN OF YOUR LIFE,10/6/2024,5.0,Yes,35,-0.4482,0.0,0.029,0.971,0.09295832365751266,0.24262918531894684,0.05335206538438797,0.019475232809782028,0.4684228003025055,0.0894642323255539,0.03369806706905365
425,"Tree Hut Vitamin C Shea Sugar Scrub, 18 oz, Ultra Hydrating and Exfoliating Scrub for Nourishing Essential Body Care","Our Tree Hut Vitamin C Sugar Scrub contains vitamin C, a powerhouse antioxidant that is known to help boost skin for a brighter, firmer, and more even-toned appearance. This Tree Hut Vitamin C Scrub also contains alpha-hydroxy acid (AHA) which can help to reveal a fresher-looking tone and texture. Sugar is Tree Hut’s natural exfoliant: it effectively polishes away dead skin while helping to boost circulation to the skin surface. Tree Hut exfoliating body scrub removes dull, dry skin to reveal glowing, soft, smooth skin. Deeply nourish and balance skin’s hydration to help restore skin's natural glow with Tree Hut Vitamin C Sugar Scrub. Natural Shea Butter is known to deeply moisturize, nourish, and soften dry skin while helping to promote elasticity. Natural oils condition skin to help prevent dryness and balance hydration for a refined, healthy glow. Tree Hut Shea Sugar Scrubs feature a 6-oil blend of: avocado oil, macadamia oil, sweet orange oil, sweet almond oil, evening primrose oil, and safflower oil.",ps,Exfoliating,"It is okay, have found out that there are many others out there that do the same thing perhaps you should look longer because there are many more that are a lot cheaper",9/20/2024,3.0,Yes,5,0.2263,0.058,0.0,0.942,0.005764919798821211,0.004935537464916706,0.001532791182398796,0.005633026827126741,0.9715666174888611,0.0028824307955801487,0.007684782613068819
426,"Tree Hut Vitamin C Shea Sugar Scrub, 18 oz, Ultra Hydrating and Exfoliating Scrub for Nourishing Essential Body Care","Our Tree Hut Vitamin C Sugar Scrub contains vitamin C, a powerhouse antioxidant that is known to help boost skin for a brighter, firmer, and more even-toned appearance. This Tree Hut Vitamin C Scrub also contains alpha-hydroxy acid (AHA) which can help to reveal a fresher-looking tone and texture. Sugar is Tree Hut’s natural exfoliant: it effectively polishes away dead skin while helping to boost circulation to the skin surface. Tree Hut exfoliating body scrub removes dull, dry skin to reveal glowing, soft, smooth skin. Deeply nourish and balance skin’s hydration to help restore skin's natural glow with Tree Hut Vitamin C Sugar Scrub. Natural Shea Butter is known to deeply moisturize, nourish, and soften dry skin while helping to promote elasticity. Natural oils condition skin to help prevent dryness and balance hydration for a refined, healthy glow. Tree Hut Shea Sugar Scrubs feature a 6-oil blend of: avocado oil, macadamia oil, sweet orange oil, sweet almond oil, evening primrose oil, and safflower oil.",Jenna A.,Great,I love this and it does the job extremely well. Just be careful not to rub too hard. Make sure to wash this with laundry every time as well.,10/24/2024,5.0,Yes,2,0.8882,0.355,0.039,0.606,0.008340846747159958,0.01938548870384693,0.0034241832327097654,0.11410078406333923,0.8356037735939026,0.012575681321322918,0.006569169461727142
427,"Tree Hut Vitamin C Shea Sugar Scrub, 18 oz, Ultra Hydrating and Exfoliating Scrub for Nourishing Essential Body Care","Our Tree Hut Vitamin C Sugar Scrub contains vitamin C, a powerhouse antioxidant that is known to help boost skin for a brighter, firmer, and more even-toned appearance. This Tree Hut Vitamin C Scrub also contains alpha-hydroxy acid (AHA) which can help to reveal a fresher-looking tone and texture. Sugar is Tree Hut’s natural exfoliant: it effectively polishes away dead skin while helping to boost circulation to the skin surface. Tree Hut exfoliating body scrub removes dull, dry skin to reveal glowing, soft, smooth skin. Deeply nourish and balance skin’s hydration to help restore skin's natural glow with Tree Hut Vitamin C Sugar Scrub. Natural Shea Butter is known to deeply moisturize, nourish, and soften dry skin while helping to promote elasticity. Natural oils condition skin to help prevent dryness and balance hydration for a refined, healthy glow. Tree Hut Shea Sugar Scrubs feature a 6-oil blend of: avocado oil, macadamia oil, sweet orange oil, sweet almond oil, evening primrose oil, and safflower oil.",mommazoni,Scrubby Dub…,Use this before shaving and have had the softest legs.  It’s great at removing the dead skin or spray tan.  Rinses out easily and doesn’t get mildewy.,10/22/2024,5.0,Yes,2,0.296,0.187,0.124,0.69,0.007244127802550793,0.2016611546278,0.00760256452485919,0.033530205488204956,0.7098003625869751,0.034644968807697296,0.005516620818525553
428,"Tree Hut Vitamin C Shea Sugar Scrub, 18 oz, Ultra Hydrating and Exfoliating Scrub for Nourishing Essential Body Care","Our Tree Hut Vitamin C Sugar Scrub contains vitamin C, a powerhouse antioxidant that is known to help boost skin for a brighter, firmer, and more even-toned appearance. This Tree Hut Vitamin C Scrub also contains alpha-hydroxy acid (AHA) which can help to reveal a fresher-looking tone and texture. Sugar is Tree Hut’s natural exfoliant: it effectively polishes away dead skin while helping to boost circulation to the skin surface. Tree Hut exfoliating body scrub removes dull, dry skin to reveal glowing, soft, smooth skin. Deeply nourish and balance skin’s hydration to help restore skin's natural glow with Tree Hut Vitamin C Sugar Scrub. Natural Shea Butter is known to deeply moisturize, nourish, and soften dry skin while helping to promote elasticity. Natural oils condition skin to help prevent dryness and balance hydration for a refined, healthy glow. Tree Hut Shea Sugar Scrubs feature a 6-oil blend of: avocado oil, macadamia oil, sweet orange oil, sweet almond oil, evening primrose oil, and safflower oil.",MB,This is a most have for women!,"Love the way it cleans my face , the only thing I don't like is too tight on my wrist almost cuts my blood circulation.",10/4/2024,4.0,Yes,0,0.2921,0.149,0.142,0.709,0.02403900772333145,0.04224401339888573,0.00357273081317544,0.5621075630187988,0.17331437766551971,0.17546959221363068,0.01925266534090042
429,"Tree Hut Vitamin C Shea Sugar Scrub, 18 oz, Ultra Hydrating and Exfoliating Scrub for Nourishing Essential Body Care","Our Tree Hut Vitamin C Sugar Scrub contains vitamin C, a powerhouse antioxidant that is known to help boost skin for a brighter, firmer, and more even-toned appearance. This Tree Hut Vitamin C Scrub also contains alpha-hydroxy acid (AHA) which can help to reveal a fresher-looking tone and texture. Sugar is Tree Hut’s natural exfoliant: it effectively polishes away dead skin while helping to boost circulation to the skin surface. Tree Hut exfoliating body scrub removes dull, dry skin to reveal glowing, soft, smooth skin. Deeply nourish and balance skin’s hydration to help restore skin's natural glow with Tree Hut Vitamin C Sugar Scrub. Natural Shea Butter is known to deeply moisturize, nourish, and soften dry skin while helping to promote elasticity. Natural oils condition skin to help prevent dryness and balance hydration for a refined, healthy glow. Tree Hut Shea Sugar Scrubs feature a 6-oil blend of: avocado oil, macadamia oil, sweet orange oil, sweet almond oil, evening primrose oil, and safflower oil.",Mimi's Bees,Amazing Product,You will be shocked at how much dead skin this thing removes from your body. The key is to soak in the tub first. It works great - I would give it ten stars if I could.,10/17/2024,5.0,Yes,2,-0.3612,0.098,0.158,0.743,0.005796183831989765,0.01643318124115467,0.00407089339569211,0.0018216910539194942,0.015291743911802769,0.002476449590176344,0.9541098475456238
430,"Tree Hut Vitamin C Shea Sugar Scrub, 18 oz, Ultra Hydrating and Exfoliating Scrub for Nourishing Essential Body Care","Our Tree Hut Vitamin C Sugar Scrub contains vitamin C, a powerhouse antioxidant that is known to help boost skin for a brighter, firmer, and more even-toned appearance. This Tree Hut Vitamin C Scrub also contains alpha-hydroxy acid (AHA) which can help to reveal a fresher-looking tone and texture. Sugar is Tree Hut’s natural exfoliant: it effectively polishes away dead skin while helping to boost circulation to the skin surface. Tree Hut exfoliating body scrub removes dull, dry skin to reveal glowing, soft, smooth skin. Deeply nourish and balance skin’s hydration to help restore skin's natural glow with Tree Hut Vitamin C Sugar Scrub. Natural Shea Butter is known to deeply moisturize, nourish, and soften dry skin while helping to promote elasticity. Natural oils condition skin to help prevent dryness and balance hydration for a refined, healthy glow. Tree Hut Shea Sugar Scrubs feature a 6-oil blend of: avocado oil, macadamia oil, sweet orange oil, sweet almond oil, evening primrose oil, and safflower oil.",Kassandra,Ewwww,"My husbands back always has extra skin. After a bath if you run your nails over his back you get some pretty nasty stuff. I bought this for him only to be traumatized by how much dead skin was actually on his body. We live in Texas and it was like we left the bathroom window open during a winter snow storm. This was the most satisfying disgusting experience I've ever had.I was equally traumatized when I used it later and it looked like I spent my entire life growing up wanting to be a shedding snake. Ew.Feel so much cleaner. 😂 Gross experience, amazing product when used correctly. A negative review had that it didn't lather soap, don't put soap on it. It's not meant for that. Just soak yourself and scrub. We didn't even have to get the glove wet, the residual bath water on our skin was enough.10/10 does it's job. No issues with tearing for ours. Doesn't hurt at all, no skin agitation. Just clean, refreshed and a new part of our normal hygiene care.",9/21/2024,5.0,Yes,39,-0.5852,0.133,0.146,0.721,0.003402708563953638,0.9695348143577576,0.005304344929754734,0.0009188693948090076,0.013824613764882088,0.005392054561525583,0.001622761832550168
431,"Tree Hut Vitamin C Shea Sugar Scrub, 18 oz, Ultra Hydrating and Exfoliating Scrub for Nourishing Essential Body Care","Our Tree Hut Vitamin C Sugar Scrub contains vitamin C, a powerhouse antioxidant that is known to help boost skin for a brighter, firmer, and more even-toned appearance. This Tree Hut Vitamin C Scrub also contains alpha-hydroxy acid (AHA) which can help to reveal a fresher-looking tone and texture. Sugar is Tree Hut’s natural exfoliant: it effectively polishes away dead skin while helping to boost circulation to the skin surface. Tree Hut exfoliating body scrub removes dull, dry skin to reveal glowing, soft, smooth skin. Deeply nourish and balance skin’s hydration to help restore skin's natural glow with Tree Hut Vitamin C Sugar Scrub. Natural Shea Butter is known to deeply moisturize, nourish, and soften dry skin while helping to promote elasticity. Natural oils condition skin to help prevent dryness and balance hydration for a refined, healthy glow. Tree Hut Shea Sugar Scrubs feature a 6-oil blend of: avocado oil, macadamia oil, sweet orange oil, sweet almond oil, evening primrose oil, and safflower oil.",Anna Basler-White,Baby Butt Smooth!,I love the way my skin feels after I just this thing! I even had to purchase one for my husband bc of how much he loved the way my skin felt LOL!,10/29/2024,5.0,Yes,0,0.9219,0.312,0.0,0.688,0.005363506264984608,0.004035536199808121,0.0005261185579001904,0.9239919781684875,0.04361046105623245,0.0038377828896045685,0.018634559586644173
432,"Tree Hut Vitamin C Shea Sugar Scrub, 18 oz, Ultra Hydrating and Exfoliating Scrub for Nourishing Essential Body Care","Our Tree Hut Vitamin C Sugar Scrub contains vitamin C, a powerhouse antioxidant that is known to help boost skin for a brighter, firmer, and more even-toned appearance. This Tree Hut Vitamin C Scrub also contains alpha-hydroxy acid (AHA) which can help to reveal a fresher-looking tone and texture. Sugar is Tree Hut’s natural exfoliant: it effectively polishes away dead skin while helping to boost circulation to the skin surface. Tree Hut exfoliating body scrub removes dull, dry skin to reveal glowing, soft, smooth skin. Deeply nourish and balance skin’s hydration to help restore skin's natural glow with Tree Hut Vitamin C Sugar Scrub. Natural Shea Butter is known to deeply moisturize, nourish, and soften dry skin while helping to promote elasticity. Natural oils condition skin to help prevent dryness and balance hydration for a refined, healthy glow. Tree Hut Shea Sugar Scrubs feature a 6-oil blend of: avocado oil, macadamia oil, sweet orange oil, sweet almond oil, evening primrose oil, and safflower oil.",Jessica,Worth it,One of my favorite exfoliators. I use a lot of different products and have tried lots more but this is the easiest and most efficient exfoliator! Bought it three times and will continue to keep it in my skincare rotation!,10/11/2024,4.0,Yes,5,0.8866,0.229,0.0,0.771,0.016399355605244637,0.0058364421129226685,0.0008723617647774518,0.6534451842308044,0.2329532355070114,0.004444191697984934,0.08604927361011505
433,"Tree Hut Vitamin C Shea Sugar Scrub, 18 oz, Ultra Hydrating and Exfoliating Scrub for Nourishing Essential Body Care","Our Tree Hut Vitamin C Sugar Scrub contains vitamin C, a powerhouse antioxidant that is known to help boost skin for a brighter, firmer, and more even-toned appearance. This Tree Hut Vitamin C Scrub also contains alpha-hydroxy acid (AHA) which can help to reveal a fresher-looking tone and texture. Sugar is Tree Hut’s natural exfoliant: it effectively polishes away dead skin while helping to boost circulation to the skin surface. Tree Hut exfoliating body scrub removes dull, dry skin to reveal glowing, soft, smooth skin. Deeply nourish and balance skin’s hydration to help restore skin's natural glow with Tree Hut Vitamin C Sugar Scrub. Natural Shea Butter is known to deeply moisturize, nourish, and soften dry skin while helping to promote elasticity. Natural oils condition skin to help prevent dryness and balance hydration for a refined, healthy glow. Tree Hut Shea Sugar Scrubs feature a 6-oil blend of: avocado oil, macadamia oil, sweet orange oil, sweet almond oil, evening primrose oil, and safflower oil.",SM,Legit skin buffer,"Perfect tool to scrub away dead skin during the dry months. I use this once or twice a month not thinking it would make a difference, and every time, I’m wrong. Would recommend a place to hang dry it after washing, as it may mold eventually.",10/22/2024,5.0,Yes,3,-0.296,0.12,0.143,0.736,0.03462648391723633,0.27036261558532715,0.027547650039196014,0.003382753813639283,0.6420067548751831,0.017098208889365196,0.0049754902720451355
434,"Tree Hut Vitamin C Shea Sugar Scrub, 18 oz, Ultra Hydrating and Exfoliating Scrub for Nourishing Essential Body Care","Our Tree Hut Vitamin C Sugar Scrub contains vitamin C, a powerhouse antioxidant that is known to help boost skin for a brighter, firmer, and more even-toned appearance. This Tree Hut Vitamin C Scrub also contains alpha-hydroxy acid (AHA) which can help to reveal a fresher-looking tone and texture. Sugar is Tree Hut’s natural exfoliant: it effectively polishes away dead skin while helping to boost circulation to the skin surface. Tree Hut exfoliating body scrub removes dull, dry skin to reveal glowing, soft, smooth skin. Deeply nourish and balance skin’s hydration to help restore skin's natural glow with Tree Hut Vitamin C Sugar Scrub. Natural Shea Butter is known to deeply moisturize, nourish, and soften dry skin while helping to promote elasticity. Natural oils condition skin to help prevent dryness and balance hydration for a refined, healthy glow. Tree Hut Shea Sugar Scrubs feature a 6-oil blend of: avocado oil, macadamia oil, sweet orange oil, sweet almond oil, evening primrose oil, and safflower oil.",K4ndis,10/10 BUY IT. See pics and review,Does exactly as it’s supposed to. I’ve used this now 4 times. It takes a minute to figure out the proper balance of moisture. Here’s what I have learned:-MUST soak body (shower or bath) for approx 15-20 min. This loosens the dead skin.-Must towel dry off leaving the slightest amount of dampness on the skin. Stay in the shower!-Only add just a couple of DROPS of water to the mitt-flip the mitt on ver from side to side during use.-circles are not necessary but stay in one spot for a bit before moving in after skin releases.ENJOY THE SOFTEST SKIN OF YOUR LIFE,10/6/2024,5.0,Yes,35,-0.4482,0.0,0.029,0.971,0.09295832365751266,0.24262918531894684,0.05335206538438797,0.019475232809782028,0.4684228003025055,0.0894642323255539,0.03369806706905365
435,"Tree Hut Vitamin C Shea Sugar Scrub, 18 oz, Ultra Hydrating and Exfoliating Scrub for Nourishing Essential Body Care","Our Tree Hut Vitamin C Sugar Scrub contains vitamin C, a powerhouse antioxidant that is known to help boost skin for a brighter, firmer, and more even-toned appearance. This Tree Hut Vitamin C Scrub also contains alpha-hydroxy acid (AHA) which can help to reveal a fresher-looking tone and texture. Sugar is Tree Hut’s natural exfoliant: it effectively polishes away dead skin while helping to boost circulation to the skin surface. Tree Hut exfoliating body scrub removes dull, dry skin to reveal glowing, soft, smooth skin. Deeply nourish and balance skin’s hydration to help restore skin's natural glow with Tree Hut Vitamin C Sugar Scrub. Natural Shea Butter is known to deeply moisturize, nourish, and soften dry skin while helping to promote elasticity. Natural oils condition skin to help prevent dryness and balance hydration for a refined, healthy glow. Tree Hut Shea Sugar Scrubs feature a 6-oil blend of: avocado oil, macadamia oil, sweet orange oil, sweet almond oil, evening primrose oil, and safflower oil.",ps,Exfoliating,"It is okay, have found out that there are many others out there that do the same thing perhaps you should look longer because there are many more that are a lot cheaper",9/20/2024,3.0,Yes,5,0.2263,0.058,0.0,0.942,0.005764919798821211,0.004935537464916706,0.001532791182398796,0.005633026827126741,0.9715666174888611,0.0028824307955801487,0.007684782613068819
436,"Tree Hut Vitamin C Shea Sugar Scrub, 18 oz, Ultra Hydrating and Exfoliating Scrub for Nourishing Essential Body Care","Our Tree Hut Vitamin C Sugar Scrub contains vitamin C, a powerhouse antioxidant that is known to help boost skin for a brighter, firmer, and more even-toned appearance. This Tree Hut Vitamin C Scrub also contains alpha-hydroxy acid (AHA) which can help to reveal a fresher-looking tone and texture. Sugar is Tree Hut’s natural exfoliant: it effectively polishes away dead skin while helping to boost circulation to the skin surface. Tree Hut exfoliating body scrub removes dull, dry skin to reveal glowing, soft, smooth skin. Deeply nourish and balance skin’s hydration to help restore skin's natural glow with Tree Hut Vitamin C Sugar Scrub. Natural Shea Butter is known to deeply moisturize, nourish, and soften dry skin while helping to promote elasticity. Natural oils condition skin to help prevent dryness and balance hydration for a refined, healthy glow. Tree Hut Shea Sugar Scrubs feature a 6-oil blend of: avocado oil, macadamia oil, sweet orange oil, sweet almond oil, evening primrose oil, and safflower oil.",Jenna A.,Great,I love this and it does the job extremely well. Just be careful not to rub too hard. Make sure to wash this with laundry every time as well.,10/24/2024,5.0,Yes,2,0.8882,0.355,0.039,0.606,0.008340846747159958,0.01938548870384693,0.0034241832327097654,0.11410078406333923,0.8356037735939026,0.012575681321322918,0.006569169461727142
437,"Tree Hut Vitamin C Shea Sugar Scrub, 18 oz, Ultra Hydrating and Exfoliating Scrub for Nourishing Essential Body Care","Our Tree Hut Vitamin C Sugar Scrub contains vitamin C, a powerhouse antioxidant that is known to help boost skin for a brighter, firmer, and more even-toned appearance. This Tree Hut Vitamin C Scrub also contains alpha-hydroxy acid (AHA) which can help to reveal a fresher-looking tone and texture. Sugar is Tree Hut’s natural exfoliant: it effectively polishes away dead skin while helping to boost circulation to the skin surface. Tree Hut exfoliating body scrub removes dull, dry skin to reveal glowing, soft, smooth skin. Deeply nourish and balance skin’s hydration to help restore skin's natural glow with Tree Hut Vitamin C Sugar Scrub. Natural Shea Butter is known to deeply moisturize, nourish, and soften dry skin while helping to promote elasticity. Natural oils condition skin to help prevent dryness and balance hydration for a refined, healthy glow. Tree Hut Shea Sugar Scrubs feature a 6-oil blend of: avocado oil, macadamia oil, sweet orange oil, sweet almond oil, evening primrose oil, and safflower oil.",mommazoni,Scrubby Dub…,Use this before shaving and have had the softest legs.  It’s great at removing the dead skin or spray tan.  Rinses out easily and doesn’t get mildewy.,10/22/2024,5.0,Yes,2,0.296,0.187,0.124,0.69,0.007244127802550793,0.2016611546278,0.00760256452485919,0.033530205488204956,0.7098003625869751,0.034644968807697296,0.005516620818525553
438,"Tree Hut Vitamin C Shea Sugar Scrub, 18 oz, Ultra Hydrating and Exfoliating Scrub for Nourishing Essential Body Care","Our Tree Hut Vitamin C Sugar Scrub contains vitamin C, a powerhouse antioxidant that is known to help boost skin for a brighter, firmer, and more even-toned appearance. This Tree Hut Vitamin C Scrub also contains alpha-hydroxy acid (AHA) which can help to reveal a fresher-looking tone and texture. Sugar is Tree Hut’s natural exfoliant: it effectively polishes away dead skin while helping to boost circulation to the skin surface. Tree Hut exfoliating body scrub removes dull, dry skin to reveal glowing, soft, smooth skin. Deeply nourish and balance skin’s hydration to help restore skin's natural glow with Tree Hut Vitamin C Sugar Scrub. Natural Shea Butter is known to deeply moisturize, nourish, and soften dry skin while helping to promote elasticity. Natural oils condition skin to help prevent dryness and balance hydration for a refined, healthy glow. Tree Hut Shea Sugar Scrubs feature a 6-oil blend of: avocado oil, macadamia oil, sweet orange oil, sweet almond oil, evening primrose oil, and safflower oil.",MB,This is a most have for women!,"Love the way it cleans my face , the only thing I don't like is too tight on my wrist almost cuts my blood circulation.",10/4/2024,4.0,Yes,0,0.2921,0.149,0.142,0.709,0.02403900772333145,0.04224401339888573,0.00357273081317544,0.5621075630187988,0.17331437766551971,0.17546959221363068,0.01925266534090042
439,"Tree Hut Vitamin C Shea Sugar Scrub, 18 oz, Ultra Hydrating and Exfoliating Scrub for Nourishing Essential Body Care","Our Tree Hut Vitamin C Sugar Scrub contains vitamin C, a powerhouse antioxidant that is known to help boost skin for a brighter, firmer, and more even-toned appearance. This Tree Hut Vitamin C Scrub also contains alpha-hydroxy acid (AHA) which can help to reveal a fresher-looking tone and texture. Sugar is Tree Hut’s natural exfoliant: it effectively polishes away dead skin while helping to boost circulation to the skin surface. Tree Hut exfoliating body scrub removes dull, dry skin to reveal glowing, soft, smooth skin. Deeply nourish and balance skin’s hydration to help restore skin's natural glow with Tree Hut Vitamin C Sugar Scrub. Natural Shea Butter is known to deeply moisturize, nourish, and soften dry skin while helping to promote elasticity. Natural oils condition skin to help prevent dryness and balance hydration for a refined, healthy glow. Tree Hut Shea Sugar Scrubs feature a 6-oil blend of: avocado oil, macadamia oil, sweet orange oil, sweet almond oil, evening primrose oil, and safflower oil.",Mimi's Bees,Amazing Product,You will be shocked at how much dead skin this thing removes from your body. The key is to soak in the tub first. It works great - I would give it ten stars if I could.,10/17/2024,5.0,Yes,2,-0.3612,0.098,0.158,0.743,0.005796183831989765,0.01643318124115467,0.00407089339569211,0.0018216910539194942,0.015291743911802769,0.002476449590176344,0.9541098475456238
440,"Tree Hut Vitamin C Shea Sugar Scrub, 18 oz, Ultra Hydrating and Exfoliating Scrub for Nourishing Essential Body Care","Our Tree Hut Vitamin C Sugar Scrub contains vitamin C, a powerhouse antioxidant that is known to help boost skin for a brighter, firmer, and more even-toned appearance. This Tree Hut Vitamin C Scrub also contains alpha-hydroxy acid (AHA) which can help to reveal a fresher-looking tone and texture. Sugar is Tree Hut’s natural exfoliant: it effectively polishes away dead skin while helping to boost circulation to the skin surface. Tree Hut exfoliating body scrub removes dull, dry skin to reveal glowing, soft, smooth skin. Deeply nourish and balance skin’s hydration to help restore skin's natural glow with Tree Hut Vitamin C Sugar Scrub. Natural Shea Butter is known to deeply moisturize, nourish, and soften dry skin while helping to promote elasticity. Natural oils condition skin to help prevent dryness and balance hydration for a refined, healthy glow. Tree Hut Shea Sugar Scrubs feature a 6-oil blend of: avocado oil, macadamia oil, sweet orange oil, sweet almond oil, evening primrose oil, and safflower oil.",Kassandra,Ewwww,"My husbands back always has extra skin. After a bath if you run your nails over his back you get some pretty nasty stuff. I bought this for him only to be traumatized by how much dead skin was actually on his body. We live in Texas and it was like we left the bathroom window open during a winter snow storm. This was the most satisfying disgusting experience I've ever had.I was equally traumatized when I used it later and it looked like I spent my entire life growing up wanting to be a shedding snake. Ew.Feel so much cleaner. 😂 Gross experience, amazing product when used correctly. A negative review had that it didn't lather soap, don't put soap on it. It's not meant for that. Just soak yourself and scrub. We didn't even have to get the glove wet, the residual bath water on our skin was enough.10/10 does it's job. No issues with tearing for ours. Doesn't hurt at all, no skin agitation. Just clean, refreshed and a new part of our normal hygiene care.",9/21/2024,5.0,Yes,39,-0.5852,0.133,0.146,0.721,0.003402708563953638,0.9695348143577576,0.005304344929754734,0.0009188693948090076,0.013824613764882088,0.005392054561525583,0.001622761832550168
441,"Tree Hut Vitamin C Shea Sugar Scrub, 18 oz, Ultra Hydrating and Exfoliating Scrub for Nourishing Essential Body Care","Our Tree Hut Vitamin C Sugar Scrub contains vitamin C, a powerhouse antioxidant that is known to help boost skin for a brighter, firmer, and more even-toned appearance. This Tree Hut Vitamin C Scrub also contains alpha-hydroxy acid (AHA) which can help to reveal a fresher-looking tone and texture. Sugar is Tree Hut’s natural exfoliant: it effectively polishes away dead skin while helping to boost circulation to the skin surface. Tree Hut exfoliating body scrub removes dull, dry skin to reveal glowing, soft, smooth skin. Deeply nourish and balance skin’s hydration to help restore skin's natural glow with Tree Hut Vitamin C Sugar Scrub. Natural Shea Butter is known to deeply moisturize, nourish, and soften dry skin while helping to promote elasticity. Natural oils condition skin to help prevent dryness and balance hydration for a refined, healthy glow. Tree Hut Shea Sugar Scrubs feature a 6-oil blend of: avocado oil, macadamia oil, sweet orange oil, sweet almond oil, evening primrose oil, and safflower oil.",Anna Basler-White,Baby Butt Smooth!,I love the way my skin feels after I just this thing! I even had to purchase one for my husband bc of how much he loved the way my skin felt LOL!,10/29/2024,5.0,Yes,0,0.9219,0.312,0.0,0.688,0.005363506264984608,0.004035536199808121,0.0005261185579001904,0.9239919781684875,0.04361046105623245,0.0038377828896045685,0.018634559586644173
442,"Tree Hut Vitamin C Shea Sugar Scrub, 18 oz, Ultra Hydrating and Exfoliating Scrub for Nourishing Essential Body Care","Our Tree Hut Vitamin C Sugar Scrub contains vitamin C, a powerhouse antioxidant that is known to help boost skin for a brighter, firmer, and more even-toned appearance. This Tree Hut Vitamin C Scrub also contains alpha-hydroxy acid (AHA) which can help to reveal a fresher-looking tone and texture. Sugar is Tree Hut’s natural exfoliant: it effectively polishes away dead skin while helping to boost circulation to the skin surface. Tree Hut exfoliating body scrub removes dull, dry skin to reveal glowing, soft, smooth skin. Deeply nourish and balance skin’s hydration to help restore skin's natural glow with Tree Hut Vitamin C Sugar Scrub. Natural Shea Butter is known to deeply moisturize, nourish, and soften dry skin while helping to promote elasticity. Natural oils condition skin to help prevent dryness and balance hydration for a refined, healthy glow. Tree Hut Shea Sugar Scrubs feature a 6-oil blend of: avocado oil, macadamia oil, sweet orange oil, sweet almond oil, evening primrose oil, and safflower oil.",Jessica,Worth it,One of my favorite exfoliators. I use a lot of different products and have tried lots more but this is the easiest and most efficient exfoliator! Bought it three times and will continue to keep it in my skincare rotation!,10/11/2024,4.0,Yes,5,0.8866,0.229,0.0,0.771,0.016399355605244637,0.0058364421129226685,0.0008723617647774518,0.6534451842308044,0.2329532355070114,0.004444191697984934,0.08604927361011505
443,"Tree Hut Vitamin C Shea Sugar Scrub, 18 oz, Ultra Hydrating and Exfoliating Scrub for Nourishing Essential Body Care","Our Tree Hut Vitamin C Sugar Scrub contains vitamin C, a powerhouse antioxidant that is known to help boost skin for a brighter, firmer, and more even-toned appearance. This Tree Hut Vitamin C Scrub also contains alpha-hydroxy acid (AHA) which can help to reveal a fresher-looking tone and texture. Sugar is Tree Hut’s natural exfoliant: it effectively polishes away dead skin while helping to boost circulation to the skin surface. Tree Hut exfoliating body scrub removes dull, dry skin to reveal glowing, soft, smooth skin. Deeply nourish and balance skin’s hydration to help restore skin's natural glow with Tree Hut Vitamin C Sugar Scrub. Natural Shea Butter is known to deeply moisturize, nourish, and soften dry skin while helping to promote elasticity. Natural oils condition skin to help prevent dryness and balance hydration for a refined, healthy glow. Tree Hut Shea Sugar Scrubs feature a 6-oil blend of: avocado oil, macadamia oil, sweet orange oil, sweet almond oil, evening primrose oil, and safflower oil.",SM,Legit skin buffer,"Perfect tool to scrub away dead skin during the dry months. I use this once or twice a month not thinking it would make a difference, and every time, I’m wrong. Would recommend a place to hang dry it after washing, as it may mold eventually.",10/22/2024,5.0,Yes,3,-0.296,0.12,0.143,0.736,0.03462648391723633,0.27036261558532715,0.027547650039196014,0.003382753813639283,0.6420067548751831,0.017098208889365196,0.0049754902720451355
444,"Tree Hut Vitamin C Shea Sugar Scrub, 18 oz, Ultra Hydrating and Exfoliating Scrub for Nourishing Essential Body Care","Our Tree Hut Vitamin C Sugar Scrub contains vitamin C, a powerhouse antioxidant that is known to help boost skin for a brighter, firmer, and more even-toned appearance. This Tree Hut Vitamin C Scrub also contains alpha-hydroxy acid (AHA) which can help to reveal a fresher-looking tone and texture. Sugar is Tree Hut’s natural exfoliant: it effectively polishes away dead skin while helping to boost circulation to the skin surface. Tree Hut exfoliating body scrub removes dull, dry skin to reveal glowing, soft, smooth skin. Deeply nourish and balance skin’s hydration to help restore skin's natural glow with Tree Hut Vitamin C Sugar Scrub. Natural Shea Butter is known to deeply moisturize, nourish, and soften dry skin while helping to promote elasticity. Natural oils condition skin to help prevent dryness and balance hydration for a refined, healthy glow. Tree Hut Shea Sugar Scrubs feature a 6-oil blend of: avocado oil, macadamia oil, sweet orange oil, sweet almond oil, evening primrose oil, and safflower oil.",K4ndis,10/10 BUY IT. See pics and review,Does exactly as it’s supposed to. I’ve used this now 4 times. It takes a minute to figure out the proper balance of moisture. Here’s what I have learned:-MUST soak body (shower or bath) for approx 15-20 min. This loosens the dead skin.-Must towel dry off leaving the slightest amount of dampness on the skin. Stay in the shower!-Only add just a couple of DROPS of water to the mitt-flip the mitt on ver from side to side during use.-circles are not necessary but stay in one spot for a bit before moving in after skin releases.ENJOY THE SOFTEST SKIN OF YOUR LIFE,10/6/2024,5.0,Yes,35,-0.4482,0.0,0.029,0.971,0.09295832365751266,0.24262918531894684,0.05335206538438797,0.019475232809782028,0.4684228003025055,0.0894642323255539,0.03369806706905365
445,"Tree Hut Vitamin C Shea Sugar Scrub, 18 oz, Ultra Hydrating and Exfoliating Scrub for Nourishing Essential Body Care","Our Tree Hut Vitamin C Sugar Scrub contains vitamin C, a powerhouse antioxidant that is known to help boost skin for a brighter, firmer, and more even-toned appearance. This Tree Hut Vitamin C Scrub also contains alpha-hydroxy acid (AHA) which can help to reveal a fresher-looking tone and texture. Sugar is Tree Hut’s natural exfoliant: it effectively polishes away dead skin while helping to boost circulation to the skin surface. Tree Hut exfoliating body scrub removes dull, dry skin to reveal glowing, soft, smooth skin. Deeply nourish and balance skin’s hydration to help restore skin's natural glow with Tree Hut Vitamin C Sugar Scrub. Natural Shea Butter is known to deeply moisturize, nourish, and soften dry skin while helping to promote elasticity. Natural oils condition skin to help prevent dryness and balance hydration for a refined, healthy glow. Tree Hut Shea Sugar Scrubs feature a 6-oil blend of: avocado oil, macadamia oil, sweet orange oil, sweet almond oil, evening primrose oil, and safflower oil.",ps,Exfoliating,"It is okay, have found out that there are many others out there that do the same thing perhaps you should look longer because there are many more that are a lot cheaper",9/20/2024,3.0,Yes,5,0.2263,0.058,0.0,0.942,0.005764919798821211,0.004935537464916706,0.001532791182398796,0.005633026827126741,0.9715666174888611,0.0028824307955801487,0.007684782613068819
446,"Tree Hut Vitamin C Shea Sugar Scrub, 18 oz, Ultra Hydrating and Exfoliating Scrub for Nourishing Essential Body Care","Our Tree Hut Vitamin C Sugar Scrub contains vitamin C, a powerhouse antioxidant that is known to help boost skin for a brighter, firmer, and more even-toned appearance. This Tree Hut Vitamin C Scrub also contains alpha-hydroxy acid (AHA) which can help to reveal a fresher-looking tone and texture. Sugar is Tree Hut’s natural exfoliant: it effectively polishes away dead skin while helping to boost circulation to the skin surface. Tree Hut exfoliating body scrub removes dull, dry skin to reveal glowing, soft, smooth skin. Deeply nourish and balance skin’s hydration to help restore skin's natural glow with Tree Hut Vitamin C Sugar Scrub. Natural Shea Butter is known to deeply moisturize, nourish, and soften dry skin while helping to promote elasticity. Natural oils condition skin to help prevent dryness and balance hydration for a refined, healthy glow. Tree Hut Shea Sugar Scrubs feature a 6-oil blend of: avocado oil, macadamia oil, sweet orange oil, sweet almond oil, evening primrose oil, and safflower oil.",Jenna A.,Great,I love this and it does the job extremely well. Just be careful not to rub too hard. Make sure to wash this with laundry every time as well.,10/24/2024,5.0,Yes,2,0.8882,0.355,0.039,0.606,0.008340846747159958,0.01938548870384693,0.0034241832327097654,0.11410078406333923,0.8356037735939026,0.012575681321322918,0.006569169461727142
447,"Tree Hut Vitamin C Shea Sugar Scrub, 18 oz, Ultra Hydrating and Exfoliating Scrub for Nourishing Essential Body Care","Our Tree Hut Vitamin C Sugar Scrub contains vitamin C, a powerhouse antioxidant that is known to help boost skin for a brighter, firmer, and more even-toned appearance. This Tree Hut Vitamin C Scrub also contains alpha-hydroxy acid (AHA) which can help to reveal a fresher-looking tone and texture. Sugar is Tree Hut’s natural exfoliant: it effectively polishes away dead skin while helping to boost circulation to the skin surface. Tree Hut exfoliating body scrub removes dull, dry skin to reveal glowing, soft, smooth skin. Deeply nourish and balance skin’s hydration to help restore skin's natural glow with Tree Hut Vitamin C Sugar Scrub. Natural Shea Butter is known to deeply moisturize, nourish, and soften dry skin while helping to promote elasticity. Natural oils condition skin to help prevent dryness and balance hydration for a refined, healthy glow. Tree Hut Shea Sugar Scrubs feature a 6-oil blend of: avocado oil, macadamia oil, sweet orange oil, sweet almond oil, evening primrose oil, and safflower oil.",mommazoni,Scrubby Dub…,Use this before shaving and have had the softest legs.  It’s great at removing the dead skin or spray tan.  Rinses out easily and doesn’t get mildewy.,10/22/2024,5.0,Yes,2,0.296,0.187,0.124,0.69,0.007244127802550793,0.2016611546278,0.00760256452485919,0.033530205488204956,0.7098003625869751,0.034644968807697296,0.005516620818525553
448,"Tree Hut Vitamin C Shea Sugar Scrub, 18 oz, Ultra Hydrating and Exfoliating Scrub for Nourishing Essential Body Care","Our Tree Hut Vitamin C Sugar Scrub contains vitamin C, a powerhouse antioxidant that is known to help boost skin for a brighter, firmer, and more even-toned appearance. This Tree Hut Vitamin C Scrub also contains alpha-hydroxy acid (AHA) which can help to reveal a fresher-looking tone and texture. Sugar is Tree Hut’s natural exfoliant: it effectively polishes away dead skin while helping to boost circulation to the skin surface. Tree Hut exfoliating body scrub removes dull, dry skin to reveal glowing, soft, smooth skin. Deeply nourish and balance skin’s hydration to help restore skin's natural glow with Tree Hut Vitamin C Sugar Scrub. Natural Shea Butter is known to deeply moisturize, nourish, and soften dry skin while helping to promote elasticity. Natural oils condition skin to help prevent dryness and balance hydration for a refined, healthy glow. Tree Hut Shea Sugar Scrubs feature a 6-oil blend of: avocado oil, macadamia oil, sweet orange oil, sweet almond oil, evening primrose oil, and safflower oil.",MB,This is a most have for women!,"Love the way it cleans my face , the only thing I don't like is too tight on my wrist almost cuts my blood circulation.",10/4/2024,4.0,Yes,0,0.2921,0.149,0.142,0.709,0.02403900772333145,0.04224401339888573,0.00357273081317544,0.5621075630187988,0.17331437766551971,0.17546959221363068,0.01925266534090042
449,"Tree Hut Vitamin C Shea Sugar Scrub, 18 oz, Ultra Hydrating and Exfoliating Scrub for Nourishing Essential Body Care","Our Tree Hut Vitamin C Sugar Scrub contains vitamin C, a powerhouse antioxidant that is known to help boost skin for a brighter, firmer, and more even-toned appearance. This Tree Hut Vitamin C Scrub also contains alpha-hydroxy acid (AHA) which can help to reveal a fresher-looking tone and texture. Sugar is Tree Hut’s natural exfoliant: it effectively polishes away dead skin while helping to boost circulation to the skin surface. Tree Hut exfoliating body scrub removes dull, dry skin to reveal glowing, soft, smooth skin. Deeply nourish and balance skin’s hydration to help restore skin's natural glow with Tree Hut Vitamin C Sugar Scrub. Natural Shea Butter is known to deeply moisturize, nourish, and soften dry skin while helping to promote elasticity. Natural oils condition skin to help prevent dryness and balance hydration for a refined, healthy glow. Tree Hut Shea Sugar Scrubs feature a 6-oil blend of: avocado oil, macadamia oil, sweet orange oil, sweet almond oil, evening primrose oil, and safflower oil.",Mimi's Bees,Amazing Product,You will be shocked at how much dead skin this thing removes from your body. The key is to soak in the tub first. It works great - I would give it ten stars if I could.,10/17/2024,5.0,Yes,2,-0.3612,0.098,0.158,0.743,0.005796183831989765,0.01643318124115467,0.00407089339569211,0.0018216910539194942,0.015291743911802769,0.002476449590176344,0.9541098475456238
450,Dermasuri Deep Exfoliating Glove - Exfoliating Mitt Body Scrubber - Korean Skin Scrubber Exfoliator & Dead Skin Remover - Keratosis Pilaris Scrub - Spray Tan Remover - Shower Skincare (1 Pack),,Kassandra,Ewwww,"My husbands back always has extra skin. After a bath if you run your nails over his back you get some pretty nasty stuff. I bought this for him only to be traumatized by how much dead skin was actually on his body. We live in Texas and it was like we left the bathroom window open during a winter snow storm. This was the most satisfying disgusting experience I've ever had.I was equally traumatized when I used it later and it looked like I spent my entire life growing up wanting to be a shedding snake. Ew.Feel so much cleaner. 😂 Gross experience, amazing product when used correctly. A negative review had that it didn't lather soap, don't put soap on it. It's not meant for that. Just soak yourself and scrub. We didn't even have to get the glove wet, the residual bath water on our skin was enough.10/10 does it's job. No issues with tearing for ours. Doesn't hurt at all, no skin agitation. Just clean, refreshed and a new part of our normal hygiene care.",9/21/2024,5.0,Yes,39,-0.5852,0.133,0.146,0.721,0.003402708563953638,0.9695348143577576,0.005304344929754734,0.0009188693948090076,0.013824613764882088,0.005392054561525583,0.001622761832550168
451,Dermasuri Deep Exfoliating Glove - Exfoliating Mitt Body Scrubber - Korean Skin Scrubber Exfoliator & Dead Skin Remover - Keratosis Pilaris Scrub - Spray Tan Remover - Shower Skincare (1 Pack),,Anna Basler-White,Baby Butt Smooth!,I love the way my skin feels after I just this thing! I even had to purchase one for my husband bc of how much he loved the way my skin felt LOL!,10/29/2024,5.0,Yes,0,0.9219,0.312,0.0,0.688,0.005363506264984608,0.004035536199808121,0.0005261185579001904,0.9239919781684875,0.04361046105623245,0.0038377828896045685,0.018634559586644173
452,Dermasuri Deep Exfoliating Glove - Exfoliating Mitt Body Scrubber - Korean Skin Scrubber Exfoliator & Dead Skin Remover - Keratosis Pilaris Scrub - Spray Tan Remover - Shower Skincare (1 Pack),,Jessica,Worth it,One of my favorite exfoliators. I use a lot of different products and have tried lots more but this is the easiest and most efficient exfoliator! Bought it three times and will continue to keep it in my skincare rotation!,10/11/2024,4.0,Yes,5,0.8866,0.229,0.0,0.771,0.016399355605244637,0.0058364421129226685,0.0008723617647774518,0.6534451842308044,0.2329532355070114,0.004444191697984934,0.08604927361011505
453,Dermasuri Deep Exfoliating Glove - Exfoliating Mitt Body Scrubber - Korean Skin Scrubber Exfoliator & Dead Skin Remover - Keratosis Pilaris Scrub - Spray Tan Remover - Shower Skincare (1 Pack),,SM,Legit skin buffer,"Perfect tool to scrub away dead skin during the dry months. I use this once or twice a month not thinking it would make a difference, and every time, I’m wrong. Would recommend a place to hang dry it after washing, as it may mold eventually.",10/22/2024,5.0,Yes,3,-0.296,0.12,0.143,0.736,0.03462648391723633,0.27036261558532715,0.027547650039196014,0.003382753813639283,0.6420067548751831,0.017098208889365196,0.0049754902720451355
454,Dermasuri Deep Exfoliating Glove - Exfoliating Mitt Body Scrubber - Korean Skin Scrubber Exfoliator & Dead Skin Remover - Keratosis Pilaris Scrub - Spray Tan Remover - Shower Skincare (1 Pack),,K4ndis,10/10 BUY IT. See pics and review,Does exactly as it’s supposed to. I’ve used this now 4 times. It takes a minute to figure out the proper balance of moisture. Here’s what I have learned:-MUST soak body (shower or bath) for approx 15-20 min. This loosens the dead skin.-Must towel dry off leaving the slightest amount of dampness on the skin. Stay in the shower!-Only add just a couple of DROPS of water to the mitt-flip the mitt on ver from side to side during use.-circles are not necessary but stay in one spot for a bit before moving in after skin releases.ENJOY THE SOFTEST SKIN OF YOUR LIFE,10/6/2024,5.0,Yes,35,-0.4482,0.0,0.029,0.971,0.09295832365751266,0.24262918531894684,0.05335206538438797,0.019475232809782028,0.4684228003025055,0.0894642323255539,0.03369806706905365
455,Dermasuri Deep Exfoliating Glove - Exfoliating Mitt Body Scrubber - Korean Skin Scrubber Exfoliator & Dead Skin Remover - Keratosis Pilaris Scrub - Spray Tan Remover - Shower Skincare (1 Pack),,ps,Exfoliating,"It is okay, have found out that there are many others out there that do the same thing perhaps you should look longer because there are many more that are a lot cheaper",9/20/2024,3.0,Yes,5,0.2263,0.058,0.0,0.942,0.005764919798821211,0.004935537464916706,0.001532791182398796,0.005633026827126741,0.9715666174888611,0.0028824307955801487,0.007684782613068819
456,Dermasuri Deep Exfoliating Glove - Exfoliating Mitt Body Scrubber - Korean Skin Scrubber Exfoliator & Dead Skin Remover - Keratosis Pilaris Scrub - Spray Tan Remover - Shower Skincare (1 Pack),,Jenna A.,Great,I love this and it does the job extremely well. Just be careful not to rub too hard. Make sure to wash this with laundry every time as well.,10/24/2024,5.0,Yes,2,0.8882,0.355,0.039,0.606,0.008340846747159958,0.01938548870384693,0.0034241832327097654,0.11410078406333923,0.8356037735939026,0.012575681321322918,0.006569169461727142
457,Dermasuri Deep Exfoliating Glove - Exfoliating Mitt Body Scrubber - Korean Skin Scrubber Exfoliator & Dead Skin Remover - Keratosis Pilaris Scrub - Spray Tan Remover - Shower Skincare (1 Pack),,mommazoni,Scrubby Dub…,Use this before shaving and have had the softest legs.  It’s great at removing the dead skin or spray tan.  Rinses out easily and doesn’t get mildewy.,10/22/2024,5.0,Yes,2,0.296,0.187,0.124,0.69,0.007244127802550793,0.2016611546278,0.00760256452485919,0.033530205488204956,0.7098003625869751,0.034644968807697296,0.005516620818525553
458,Dermasuri Deep Exfoliating Glove - Exfoliating Mitt Body Scrubber - Korean Skin Scrubber Exfoliator & Dead Skin Remover - Keratosis Pilaris Scrub - Spray Tan Remover - Shower Skincare (1 Pack),,MB,This is a most have for women!,"Love the way it cleans my face , the only thing I don't like is too tight on my wrist almost cuts my blood circulation.",10/4/2024,4.0,Yes,0,0.2921,0.149,0.142,0.709,0.02403900772333145,0.04224401339888573,0.00357273081317544,0.5621075630187988,0.17331437766551971,0.17546959221363068,0.01925266534090042
459,Dermasuri Deep Exfoliating Glove - Exfoliating Mitt Body Scrubber - Korean Skin Scrubber Exfoliator & Dead Skin Remover - Keratosis Pilaris Scrub - Spray Tan Remover - Shower Skincare (1 Pack),,Mimi's Bees,Amazing Product,You will be shocked at how much dead skin this thing removes from your body. The key is to soak in the tub first. It works great - I would give it ten stars if I could.,10/17/2024,5.0,Yes,2,-0.3612,0.098,0.158,0.743,0.005796183831989765,0.01643318124115467,0.00407089339569211,0.0018216910539194942,0.015291743911802769,0.002476449590176344,0.9541098475456238
460,Dermasuri Deep Exfoliating Glove - Exfoliating Mitt Body Scrubber - Korean Skin Scrubber Exfoliator & Dead Skin Remover - Keratosis Pilaris Scrub - Spray Tan Remover - Shower Skincare (1 Pack),,Kassandra,Ewwww,"My husbands back always has extra skin. After a bath if you run your nails over his back you get some pretty nasty stuff. I bought this for him only to be traumatized by how much dead skin was actually on his body. We live in Texas and it was like we left the bathroom window open during a winter snow storm. This was the most satisfying disgusting experience I've ever had.I was equally traumatized when I used it later and it looked like I spent my entire life growing up wanting to be a shedding snake. Ew.Feel so much cleaner. 😂 Gross experience, amazing product when used correctly. A negative review had that it didn't lather soap, don't put soap on it. It's not meant for that. Just soak yourself and scrub. We didn't even have to get the glove wet, the residual bath water on our skin was enough.10/10 does it's job. No issues with tearing for ours. Doesn't hurt at all, no skin agitation. Just clean, refreshed and a new part of our normal hygiene care.",9/21/2024,5.0,Yes,39,-0.5852,0.133,0.146,0.721,0.003402708563953638,0.9695348143577576,0.005304344929754734,0.0009188693948090076,0.013824613764882088,0.005392054561525583,0.001622761832550168
461,Dermasuri Deep Exfoliating Glove - Exfoliating Mitt Body Scrubber - Korean Skin Scrubber Exfoliator & Dead Skin Remover - Keratosis Pilaris Scrub - Spray Tan Remover - Shower Skincare (1 Pack),,Anna Basler-White,Baby Butt Smooth!,I love the way my skin feels after I just this thing! I even had to purchase one for my husband bc of how much he loved the way my skin felt LOL!,10/29/2024,5.0,Yes,0,0.9219,0.312,0.0,0.688,0.005363506264984608,0.004035536199808121,0.0005261185579001904,0.9239919781684875,0.04361046105623245,0.0038377828896045685,0.018634559586644173
462,Dermasuri Deep Exfoliating Glove - Exfoliating Mitt Body Scrubber - Korean Skin Scrubber Exfoliator & Dead Skin Remover - Keratosis Pilaris Scrub - Spray Tan Remover - Shower Skincare (1 Pack),,Jessica,Worth it,One of my favorite exfoliators. I use a lot of different products and have tried lots more but this is the easiest and most efficient exfoliator! Bought it three times and will continue to keep it in my skincare rotation!,10/11/2024,4.0,Yes,5,0.8866,0.229,0.0,0.771,0.016399355605244637,0.0058364421129226685,0.0008723617647774518,0.6534451842308044,0.2329532355070114,0.004444191697984934,0.08604927361011505
463,Dermasuri Deep Exfoliating Glove - Exfoliating Mitt Body Scrubber - Korean Skin Scrubber Exfoliator & Dead Skin Remover - Keratosis Pilaris Scrub - Spray Tan Remover - Shower Skincare (1 Pack),,SM,Legit skin buffer,"Perfect tool to scrub away dead skin during the dry months. I use this once or twice a month not thinking it would make a difference, and every time, I’m wrong. Would recommend a place to hang dry it after washing, as it may mold eventually.",10/22/2024,5.0,Yes,3,-0.296,0.12,0.143,0.736,0.03462648391723633,0.27036261558532715,0.027547650039196014,0.003382753813639283,0.6420067548751831,0.017098208889365196,0.0049754902720451355
464,Dermasuri Deep Exfoliating Glove - Exfoliating Mitt Body Scrubber - Korean Skin Scrubber Exfoliator & Dead Skin Remover - Keratosis Pilaris Scrub - Spray Tan Remover - Shower Skincare (1 Pack),,K4ndis,10/10 BUY IT. See pics and review,Does exactly as it’s supposed to. I’ve used this now 4 times. It takes a minute to figure out the proper balance of moisture. Here’s what I have learned:-MUST soak body (shower or bath) for approx 15-20 min. This loosens the dead skin.-Must towel dry off leaving the slightest amount of dampness on the skin. Stay in the shower!-Only add just a couple of DROPS of water to the mitt-flip the mitt on ver from side to side during use.-circles are not necessary but stay in one spot for a bit before moving in after skin releases.ENJOY THE SOFTEST SKIN OF YOUR LIFE,10/6/2024,5.0,Yes,35,-0.4482,0.0,0.029,0.971,0.09295832365751266,0.24262918531894684,0.05335206538438797,0.019475232809782028,0.4684228003025055,0.0894642323255539,0.03369806706905365
465,Dermasuri Deep Exfoliating Glove - Exfoliating Mitt Body Scrubber - Korean Skin Scrubber Exfoliator & Dead Skin Remover - Keratosis Pilaris Scrub - Spray Tan Remover - Shower Skincare (1 Pack),,ps,Exfoliating,"It is okay, have found out that there are many others out there that do the same thing perhaps you should look longer because there are many more that are a lot cheaper",9/20/2024,3.0,Yes,5,0.2263,0.058,0.0,0.942,0.005764919798821211,0.004935537464916706,0.001532791182398796,0.005633026827126741,0.9715666174888611,0.0028824307955801487,0.007684782613068819
466,Dermasuri Deep Exfoliating Glove - Exfoliating Mitt Body Scrubber - Korean Skin Scrubber Exfoliator & Dead Skin Remover - Keratosis Pilaris Scrub - Spray Tan Remover - Shower Skincare (1 Pack),,Jenna A.,Great,I love this and it does the job extremely well. Just be careful not to rub too hard. Make sure to wash this with laundry every time as well.,10/24/2024,5.0,Yes,2,0.8882,0.355,0.039,0.606,0.008340846747159958,0.01938548870384693,0.0034241832327097654,0.11410078406333923,0.8356037735939026,0.012575681321322918,0.006569169461727142
467,Dermasuri Deep Exfoliating Glove - Exfoliating Mitt Body Scrubber - Korean Skin Scrubber Exfoliator & Dead Skin Remover - Keratosis Pilaris Scrub - Spray Tan Remover - Shower Skincare (1 Pack),,mommazoni,Scrubby Dub…,Use this before shaving and have had the softest legs.  It’s great at removing the dead skin or spray tan.  Rinses out easily and doesn’t get mildewy.,10/22/2024,5.0,Yes,2,0.296,0.187,0.124,0.69,0.007244127802550793,0.2016611546278,0.00760256452485919,0.033530205488204956,0.7098003625869751,0.034644968807697296,0.005516620818525553
468,Dermasuri Deep Exfoliating Glove - Exfoliating Mitt Body Scrubber - Korean Skin Scrubber Exfoliator & Dead Skin Remover - Keratosis Pilaris Scrub - Spray Tan Remover - Shower Skincare (1 Pack),,MB,This is a most have for women!,"Love the way it cleans my face , the only thing I don't like is too tight on my wrist almost cuts my blood circulation.",10/4/2024,4.0,Yes,0,0.2921,0.149,0.142,0.709,0.02403900772333145,0.04224401339888573,0.00357273081317544,0.5621075630187988,0.17331437766551971,0.17546959221363068,0.01925266534090042
469,Dermasuri Deep Exfoliating Glove - Exfoliating Mitt Body Scrubber - Korean Skin Scrubber Exfoliator & Dead Skin Remover - Keratosis Pilaris Scrub - Spray Tan Remover - Shower Skincare (1 Pack),,Mimi's Bees,Amazing Product,You will be shocked at how much dead skin this thing removes from your body. The key is to soak in the tub first. It works great - I would give it ten stars if I could.,10/17/2024,5.0,Yes,2,-0.3612,0.098,0.158,0.743,0.005796183831989765,0.01643318124115467,0.00407089339569211,0.0018216910539194942,0.015291743911802769,0.002476449590176344,0.9541098475456238
470,Dermasuri Deep Exfoliating Glove - Exfoliating Mitt Body Scrubber - Korean Skin Scrubber Exfoliator & Dead Skin Remover - Keratosis Pilaris Scrub - Spray Tan Remover - Shower Skincare (1 Pack),,Raynee,Disgustingly Amazing!!,Don’t push down too hard! This thing removes SO MUCH dead skin. I used to have to stand there forever trying to roll any dead skin off. This thing is a game changer! I removed a ton of dead skin that has been needing to be removed for years. Satisfying to see all of it on the skin and on the glove!! Skin will be slightly sensitive afterwards so be gentle and maybe turn down the heat a bit! Love it! Used it twice now!,11/3/2024,5.0,Yes,0,-0.8754,0.102,0.181,0.717,0.04637141153216362,0.22932061553001404,0.0045943851582705975,0.21884500980377197,0.4418579638004303,0.01796524040400982,0.04104539006948471
471,Dermasuri Deep Exfoliating Glove - Exfoliating Mitt Body Scrubber - Korean Skin Scrubber Exfoliator & Dead Skin Remover - Keratosis Pilaris Scrub - Spray Tan Remover - Shower Skincare (1 Pack),,Minelli,Works,"If you deal with executive dysfunction and go longer than maybe you should, this gets excess oil and dead skin off great in a bath. Just don’t over do it or you’ll be raw. Makes shaving your legs easier.",10/30/2024,5.0,Yes,0,-0.0516,0.144,0.148,0.708,0.018681440502405167,0.601915717124939,0.010774867609143257,0.004525369964540005,0.33218830823898315,0.028316546231508255,0.0035977244842797518
472,Dermasuri Deep Exfoliating Glove - Exfoliating Mitt Body Scrubber - Korean Skin Scrubber Exfoliator & Dead Skin Remover - Keratosis Pilaris Scrub - Spray Tan Remover - Shower Skincare (1 Pack),,Jessica,Worth it,One of my favorite exfoliators. I use a lot of different products and have tried lots more but this is the easiest and most efficient exfoliator! Bought it three times and will continue to keep it in my skincare rotation!,10/11/2024,4.0,Yes,5,0.8866,0.229,0.0,0.771,0.016399355605244637,0.0058364421129226685,0.0008723617647774518,0.6534451842308044,0.2329532355070114,0.004444191697984934,0.08604927361011505
473,Dermasuri Deep Exfoliating Glove - Exfoliating Mitt Body Scrubber - Korean Skin Scrubber Exfoliator & Dead Skin Remover - Keratosis Pilaris Scrub - Spray Tan Remover - Shower Skincare (1 Pack),,Kassandra,Ewwww,"My husbands back always has extra skin. After a bath if you run your nails over his back you get some pretty nasty stuff. I bought this for him only to be traumatized by how much dead skin was actually on his body. We live in Texas and it was like we left the bathroom window open during a winter snow storm. This was the most satisfying disgusting experience I've ever had.I was equally traumatized when I used it later and it looked like I spent my entire life growing up wanting to be a shedding snake. Ew.Feel so much cleaner. 😂 Gross experience, amazing product when used correctly. A negative review had that it didn't lather soap, don't put soap on it. It's not meant for that. Just soak yourself and scrub. We didn't even have to get the glove wet, the residual bath water on our skin was enough.10/10 does it's job. No issues with tearing for ours. Doesn't hurt at all, no skin agitation. Just clean, refreshed and a new part of our normal hygiene care.",9/21/2024,5.0,Yes,39,-0.5852,0.133,0.146,0.721,0.003402708563953638,0.9695348143577576,0.005304344929754734,0.0009188693948090076,0.013824613764882088,0.005392054561525583,0.001622761832550168
474,Dermasuri Deep Exfoliating Glove - Exfoliating Mitt Body Scrubber - Korean Skin Scrubber Exfoliator & Dead Skin Remover - Keratosis Pilaris Scrub - Spray Tan Remover - Shower Skincare (1 Pack),,Anna Basler-White,Baby Butt Smooth!,I love the way my skin feels after I just this thing! I even had to purchase one for my husband bc of how much he loved the way my skin felt LOL!,10/29/2024,5.0,Yes,0,0.9219,0.312,0.0,0.688,0.005363506264984608,0.004035536199808121,0.0005261185579001904,0.9239919781684875,0.04361046105623245,0.0038377828896045685,0.018634559586644173
475,Dermasuri Deep Exfoliating Glove - Exfoliating Mitt Body Scrubber - Korean Skin Scrubber Exfoliator & Dead Skin Remover - Keratosis Pilaris Scrub - Spray Tan Remover - Shower Skincare (1 Pack),,SM,Legit skin buffer,"Perfect tool to scrub away dead skin during the dry months. I use this once or twice a month not thinking it would make a difference, and every time, I’m wrong. Would recommend a place to hang dry it after washing, as it may mold eventually.",10/22/2024,5.0,Yes,3,-0.296,0.12,0.143,0.736,0.03462648391723633,0.27036261558532715,0.027547650039196014,0.003382753813639283,0.6420067548751831,0.017098208889365196,0.0049754902720451355
476,Dermasuri Deep Exfoliating Glove - Exfoliating Mitt Body Scrubber - Korean Skin Scrubber Exfoliator & Dead Skin Remover - Keratosis Pilaris Scrub - Spray Tan Remover - Shower Skincare (1 Pack),,K4ndis,10/10 BUY IT. See pics and review,Does exactly as it’s supposed to. I’ve used this now 4 times. It takes a minute to figure out the proper balance of moisture. Here’s what I have learned:-MUST soak body (shower or bath) for approx 15-20 min. This loosens the dead skin.-Must towel dry off leaving the slightest amount of dampness on the skin. Stay in the shower!-Only add just a couple of DROPS of water to the mitt-flip the mitt on ver from side to side during use.-circles are not necessary but stay in one spot for a bit before moving in after skin releases.ENJOY THE SOFTEST SKIN OF YOUR LIFE,10/6/2024,5.0,Yes,37,-0.4482,0.0,0.029,0.971,0.09295832365751266,0.24262918531894684,0.05335206538438797,0.019475232809782028,0.4684228003025055,0.0894642323255539,0.03369806706905365
477,Dermasuri Deep Exfoliating Glove - Exfoliating Mitt Body Scrubber - Korean Skin Scrubber Exfoliator & Dead Skin Remover - Keratosis Pilaris Scrub - Spray Tan Remover - Shower Skincare (1 Pack),,Jenna A.,Great,I love this and it does the job extremely well. Just be careful not to rub too hard. Make sure to wash this with laundry every time as well.,10/24/2024,5.0,Yes,2,0.8882,0.355,0.039,0.606,0.008340846747159958,0.01938548870384693,0.0034241832327097654,0.11410078406333923,0.8356037735939026,0.012575681321322918,0.006569169461727142
478,Dermasuri Deep Exfoliating Glove - Exfoliating Mitt Body Scrubber - Korean Skin Scrubber Exfoliator & Dead Skin Remover - Keratosis Pilaris Scrub - Spray Tan Remover - Shower Skincare (1 Pack),,MB,This is a most have for women!,"Love the way it cleans my face , the only thing I don't like is too tight on my wrist almost cuts my blood circulation.",10/4/2024,4.0,Yes,0,0.2921,0.149,0.142,0.709,0.02403900772333145,0.04224401339888573,0.00357273081317544,0.5621075630187988,0.17331437766551971,0.17546959221363068,0.01925266534090042
479,Dermasuri Deep Exfoliating Glove - Exfoliating Mitt Body Scrubber - Korean Skin Scrubber Exfoliator & Dead Skin Remover - Keratosis Pilaris Scrub - Spray Tan Remover - Shower Skincare (1 Pack),,mommazoni,Scrubby Dub…,Use this before shaving and have had the softest legs.  It’s great at removing the dead skin or spray tan.  Rinses out easily and doesn’t get mildewy.,10/22/2024,5.0,Yes,2,0.296,0.187,0.124,0.69,0.007244127802550793,0.2016611546278,0.00760256452485919,0.033530205488204956,0.7098003625869751,0.034644968807697296,0.005516620818525553
480,Dermasuri Deep Exfoliating Glove - Exfoliating Mitt Body Scrubber - Korean Skin Scrubber Exfoliator & Dead Skin Remover - Keratosis Pilaris Scrub - Spray Tan Remover - Shower Skincare (1 Pack),,Mimi's Bees,Amazing Product,You will be shocked at how much dead skin this thing removes from your body. The key is to soak in the tub first. It works great - I would give it ten stars if I could.,10/17/2024,5.0,Yes,2,-0.3612,0.098,0.158,0.743,0.005796183831989765,0.01643318124115467,0.00407089339569211,0.0018216910539194942,0.015291743911802769,0.002476449590176344,0.9541098475456238
481,Dermasuri Deep Exfoliating Glove - Exfoliating Mitt Body Scrubber - Korean Skin Scrubber Exfoliator & Dead Skin Remover - Keratosis Pilaris Scrub - Spray Tan Remover - Shower Skincare (1 Pack),,Rachel,Lightened my sensitive areas!,"I've been looking for creams to lighten between my thighs and more sensitive areas (booty) but have been too scared to make a purchase for fear of burning myself. I've been ""exfoliating"" with no improvement. I came across this body scrubbing mitt and saw the rave reviews so I figured I'd try it. Get it! I follow the instructions and stood in very warm water almost hot for 10 minutes, I didn't use any soap, I turned the shower off and squeezed the excess water out of the mitt and started exfoliating. I was careful since I wasn't sure what to expect but boy oh boy! It lightened between my legs, my butt, and left my skin so soft and healthy looking. Best purchase ever!!!",9/17/2024,5.0,Yes,19,0.8025,0.139,0.095,0.766,0.021968476474285126,0.02104761265218258,0.7438631057739258,0.01733066514134407,0.1417437493801117,0.014290389604866505,0.03975597023963928
482,Dermasuri Deep Exfoliating Glove - Exfoliating Mitt Body Scrubber - Korean Skin Scrubber Exfoliator & Dead Skin Remover - Keratosis Pilaris Scrub - Spray Tan Remover - Shower Skincare (1 Pack),,Walter A Anderson,Performed very well. Good purchase!,Very easy to use. Glove design makes it easy to reach all areas.,10/31/2024,5.0,Yes,0,0.7569,0.428,0.0,0.572,0.008188195526599884,0.01319302897900343,0.0014419362414628267,0.22541184723377228,0.7338007092475891,0.0056676496751606464,0.012296631932258606
483,Dermasuri Deep Exfoliating Glove - Exfoliating Mitt Body Scrubber - Korean Skin Scrubber Exfoliator & Dead Skin Remover - Keratosis Pilaris Scrub - Spray Tan Remover - Shower Skincare (1 Pack),,George whittley,Gift,Good price good product,10/13/2024,4.0,Yes,0,0.7003,0.744,0.0,0.256,0.005704144481569529,0.01025769766420126,0.0016796499257907271,0.13855305314064026,0.8237714767456055,0.009648100472986698,0.010385943576693535
484,Dermasuri Deep Exfoliating Glove - Exfoliating Mitt Body Scrubber - Korean Skin Scrubber Exfoliator & Dead Skin Remover - Keratosis Pilaris Scrub - Spray Tan Remover - Shower Skincare (1 Pack),,Cassandra,Great for the skin,"I use this product once a week while showering and it worked wonders. It left the skin smooth and soft, I would be gentle on the face as it can be a little rough, but overall great product. Highly recommend.",10/9/2024,5.0,Yes,0,0.906,0.255,0.0,0.745,0.005121644586324692,0.12023110687732697,0.00476020947098732,0.3988226652145386,0.43859297037124634,0.026160774752497673,0.006310641299933195
485,Dermasuri Deep Exfoliating Glove - Exfoliating Mitt Body Scrubber - Korean Skin Scrubber Exfoliator & Dead Skin Remover - Keratosis Pilaris Scrub - Spray Tan Remover - Shower Skincare (1 Pack),,AO,Best exfoliator ever,"This thing is great. It effectively exfoliates without damaging your skin. Is also durable, I use it once a week and have one from over a year ago thst still works the same.",10/14/2024,5.0,Yes,0,0.8658,0.264,0.0,0.736,0.007151891943067312,0.045107461512088776,0.0020409899298101664,0.07050742208957672,0.8514508605003357,0.010764265432953835,0.012977082282304764
486,Dermasuri Deep Exfoliating Glove - Exfoliating Mitt Body Scrubber - Korean Skin Scrubber Exfoliator & Dead Skin Remover - Keratosis Pilaris Scrub - Spray Tan Remover - Shower Skincare (1 Pack),,Ben,Love this product!,"Please don’t stop making this product! I don’t want to be dramatic, but it has been life changing! I have suffered from extremely dry skin all my life. No amount of moisturizing or exfoliating products corrected the issue. Avoided wearing dark clothes because of my flaky skin. This is the best product I have ever come across. I wish I had this product 40-50 years ago. I use it weekly and moisturize daily with great results.",9/27/2024,5.0,Yes,6,0.8217,0.202,0.129,0.669,0.19067226350307465,0.25414764881134033,0.10738489031791687,0.007080570328980684,0.2122216671705246,0.16739214956760406,0.061100803315639496
487,Dermasuri Deep Exfoliating Glove - Exfoliating Mitt Body Scrubber - Korean Skin Scrubber Exfoliator & Dead Skin Remover - Keratosis Pilaris Scrub - Spray Tan Remover - Shower Skincare (1 Pack),,KTL,Actually works!!,"I never leave reviews but I was very happy with the results of this exfoliator! It was almost gross to see how much dead skins cells I had. Be sure to stay in the shower or tub when you do it, will need to rinse it off and away. Highly recommend and now I’m buying the foot one. Have fun!",9/28/2024,5.0,Yes,0,0.8213,0.234,0.124,0.642,0.006402842700481415,0.7316724061965942,0.0037039504386484623,0.1960301697254181,0.047649480402469635,0.009866410866379738,0.004674747120589018
488,Dermasuri Deep Exfoliating Glove - Exfoliating Mitt Body Scrubber - Korean Skin Scrubber Exfoliator & Dead Skin Remover - Keratosis Pilaris Scrub - Spray Tan Remover - Shower Skincare (1 Pack),,Tanya,It just works. Does what it says on the box,"I used this the day it came in the mail. I had a soak in my pool before jumping in the shower. As I used the mit, I could feel the dead skin coming off under my hands. It was so satisfying and my skin is now really soft. Yes, it is kind of gross, but also really satisfying. And feeling your skin afterwards is the bonus.",9/25/2024,5.0,Yes,2,0.9148,0.217,0.063,0.719,0.0020728730596601963,0.9729005098342896,0.002873268909752369,0.001928610261529684,0.012110487557947636,0.006983635015785694,0.0011305571533739567
489,Dermasuri Deep Exfoliating Glove - Exfoliating Mitt Body Scrubber - Korean Skin Scrubber Exfoliator & Dead Skin Remover - Keratosis Pilaris Scrub - Spray Tan Remover - Shower Skincare (1 Pack),,Shively,Better than I initially thought,"When I first got this, I didn’t think it was scratchy enough, but it actually works much better than I thought. I’ll be buying again!",10/17/2024,5.0,Yes,0,0.63,0.165,0.0,0.835,0.026397736743092537,0.0093666547909379,0.0033770143054425716,0.12830989062786102,0.15024138987064362,0.004946352913975716,0.6773609519004822
490,Dermasuri Deep Exfoliating Glove - Exfoliating Mitt Body Scrubber - Korean Skin Scrubber Exfoliator & Dead Skin Remover - Keratosis Pilaris Scrub - Spray Tan Remover - Shower Skincare (1 Pack),,Justin Blake,Works great,This really works great . It leaves your sink feeling so soft . Plus u see all the dry skin on the mit.  Follow directions to get the best results .  Brought more for the whole family.  Gets all the dead skin .,10/1/2024,5.0,Yes,0,0.6983,0.208,0.089,0.703,0.00840828102082014,0.02431006170809269,0.009541510604321957,0.11578352749347687,0.0979796051979065,0.6861163377761841,0.057860616594552994
491,Dermasuri Deep Exfoliating Glove - Exfoliating Mitt Body Scrubber - Korean Skin Scrubber Exfoliator & Dead Skin Remover - Keratosis Pilaris Scrub - Spray Tan Remover - Shower Skincare (1 Pack),,Eva,Works great.,"I absolutely love my mitt. It works exactly like it should. However, I wish the quality of the stitching would have been better. It unraveled in a couple spots after the first couple of uses. I’m going to keep it and just deal with it because I really like the way it cleans. I will be buying more.",8/30/2024,4.0,Yes,11,0.9336,0.239,0.0,0.761,0.00558603135868907,0.011924834921956062,0.002175880130380392,0.6424463391304016,0.2495303750038147,0.0718836709856987,0.016452867537736893
492,Dermasuri Deep Exfoliating Glove - Exfoliating Mitt Body Scrubber - Korean Skin Scrubber Exfoliator & Dead Skin Remover - Keratosis Pilaris Scrub - Spray Tan Remover - Shower Skincare (1 Pack),,Ninet G.,Amazing product,It truly exfoliates the s&$@ out of your skin. I love the product and it is what I was looking for.,10/16/2024,5.0,Yes,0,0.7964,0.295,0.0,0.705,0.010688248090445995,0.15335384011268616,0.0015484204050153494,0.43739184737205505,0.3701038658618927,0.015599546954035759,0.011314165778458118
493,Dermasuri Deep Exfoliating Glove - Exfoliating Mitt Body Scrubber - Korean Skin Scrubber Exfoliator & Dead Skin Remover - Keratosis Pilaris Scrub - Spray Tan Remover - Shower Skincare (1 Pack),,Crystal,Amazing,"I'm glad I splurged for the ""real"" version of this type of product so I know how it is supposed to work. This is a game changer and so easy to use. Now to find a more budget version of it that works the same",9/29/2024,5.0,Yes,0,0.7745,0.147,0.0,0.853,0.001657190383411944,0.0011301429476588964,0.0002975196694023907,0.9722208380699158,0.01030302606523037,0.002280663466081023,0.012110594660043716
494,Dermasuri Deep Exfoliating Glove - Exfoliating Mitt Body Scrubber - Korean Skin Scrubber Exfoliator & Dead Skin Remover - Keratosis Pilaris Scrub - Spray Tan Remover - Shower Skincare (1 Pack),,Liz,Love it,I really like it. It helps a lot with dead skin but it does feel like sandpaper.,9/20/2024,4.0,Yes,0,0.577,0.351,0.126,0.523,0.006494665052741766,0.48246288299560547,0.0039617451839149,0.2869795858860016,0.18266230821609497,0.032569512724876404,0.004869202151894569
495,Dermasuri Deep Exfoliating Glove - Exfoliating Mitt Body Scrubber - Korean Skin Scrubber Exfoliator & Dead Skin Remover - Keratosis Pilaris Scrub - Spray Tan Remover - Shower Skincare (1 Pack),,Jan Cornett,Really works!!,I used this as directed and the very first time it worked amazingly. I can’t believe the dry skin it removed and how great my skin has felt since. Wonderful product.,10/5/2024,5.0,Yes,0,0.8316,0.224,0.0,0.776,0.0032034823670983315,0.005470694974064827,0.0034977702889591455,0.7776938676834106,0.039364028722047806,0.003182843327522278,0.16758723556995392
496,Dermasuri Deep Exfoliating Glove - Exfoliating Mitt Body Scrubber - Korean Skin Scrubber Exfoliator & Dead Skin Remover - Keratosis Pilaris Scrub - Spray Tan Remover - Shower Skincare (1 Pack),,Kelly Branyik,They mostly work!,"We just got these in the mail, so I still need time to properly test them out. But my boyfriend and I did do some exfoliating over the weekend to see how they work.I have strawberry skin so I have been on a search for anyway to have smoother more normal skin. I heard this exfoliating mitt can certainly help with that, so I immediately signed up, (thank you TikTok influencers for the recommendations).I regularly exfoliate and moisturize, so I didn't find much of the yucky residue scrub-offs that I see advertised. My filthy boyfriend (JK), however, sweats a lot, especially in the neck area, so there was the yucky residue when scrubbing his neck and back.Although I didn't see a lot of that residue on my own body, I cannot deny that my skin feels infinitely softer. Overall, we really do like it and I'm looking forward to seeing how it transforms my skin over time.",6/17/2024,4.0,Yes,21,0.6675,0.081,0.046,0.873,0.022743960842490196,0.4053843319416046,0.0032382013741880655,0.02769223228096962,0.5147687792778015,0.01380056794732809,0.012371926568448544
497,Dermasuri Deep Exfoliating Glove - Exfoliating Mitt Body Scrubber - Korean Skin Scrubber Exfoliator & Dead Skin Remover - Keratosis Pilaris Scrub - Spray Tan Remover - Shower Skincare (1 Pack),,Glove works grear,Great glove,The glove came on time I do not recommend using it with another explorer or product. I did an my face was way to raw my fault not the glove.,9/4/2024,4.0,Yes,0,-0.5873,0.0,0.156,0.844,0.1910320222377777,0.01992158219218254,0.012587200850248337,0.004815113730728626,0.6267205476760864,0.10122449696063995,0.04369909316301346
498,Dermasuri Deep Exfoliating Glove - Exfoliating Mitt Body Scrubber - Korean Skin Scrubber Exfoliator & Dead Skin Remover - Keratosis Pilaris Scrub - Spray Tan Remover - Shower Skincare (1 Pack),,Caitlin S,This works great!,It works just like I hoped it would. My skin feels so much better!,10/15/2024,5.0,Yes,0,0.821,0.462,0.0,0.538,0.005626555997878313,0.012728127650916576,0.00200839270837605,0.5320419669151306,0.37603670358657837,0.022559920325875282,0.04899834468960762
499,Dermasuri Deep Exfoliating Glove - Exfoliating Mitt Body Scrubber - Korean Skin Scrubber Exfoliator & Dead Skin Remover - Keratosis Pilaris Scrub - Spray Tan Remover - Shower Skincare (1 Pack),,Mir Sultan,A Game-Changer for Exfoliation: Highly Recommended!,"I was quite skeptical about trying this product and even left it unused for a while after purchasing. However, I decided to give it a shot to see if it lived up to the glowing reviews. To my delight, the results were truly impressive. Previously, I relied on a loofah, but after using this product just once, I noticed a significant improvement.One suggestion for the product makers: consider offering this as a pair rather than a single pack. It would be incredibly convenient for users like me.",9/10/2024,5.0,Yes,10,0.8483,0.142,0.021,0.837,0.007068832870572805,0.003193141659721732,0.0032029745634645224,0.6358541250228882,0.1550881266593933,0.0028439797461032867,0.19274884462356567
500,Dermasuri Deep Exfoliating Glove - Exfoliating Mitt Body Scrubber - Korean Skin Scrubber Exfoliator & Dead Skin Remover - Keratosis Pilaris Scrub - Spray Tan Remover - Shower Skincare (1 Pack),,K,Works Great for Exfoliating!,"The product works great! I wish the price weren't so expensive, $20 for two gloves is a lot.",9/7/2024,4.0,Yes,0,0.7959,0.336,0.0,0.664,0.005930319428443909,0.005599083844572306,0.0017463660333305597,0.2294277399778366,0.30878373980522156,0.028245126828551292,0.42026761174201965
501,Dermasuri Deep Exfoliating Glove - Exfoliating Mitt Body Scrubber - Korean Skin Scrubber Exfoliator & Dead Skin Remover - Keratosis Pilaris Scrub - Spray Tan Remover - Shower Skincare (1 Pack),,profcpa,Feels so good.  Its just the right texture for a good clean feeling,Feels so good.  Its just the right texture for a good clean feeling,10/9/2024,5.0,Yes,0,0.862,0.57,0.0,0.43,0.0009367188904434443,0.0014157128753140569,0.0003118161694146693,0.9616415500640869,0.022991769015789032,0.004087165463715792,0.008615336380898952
502,Dermasuri Deep Exfoliating Glove - Exfoliating Mitt Body Scrubber - Korean Skin Scrubber Exfoliator & Dead Skin Remover - Keratosis Pilaris Scrub - Spray Tan Remover - Shower Skincare (1 Pack),,Megan Boose,Disgusting,Absolutely disgusting. 5 stars.,10/18/2024,5.0,Yes,0,-0.5709,0.0,0.649,0.351,0.004102957434952259,0.9886256456375122,0.002753452630713582,0.00030757742933928967,0.00217624194920063,0.0013488413533195853,0.0006853188970126212
503,Dermasuri Deep Exfoliating Glove - Exfoliating Mitt Body Scrubber - Korean Skin Scrubber Exfoliator & Dead Skin Remover - Keratosis Pilaris Scrub - Spray Tan Remover - Shower Skincare (1 Pack),,Endless,This mitt will exfoliate years off of you!,"I purchased this on November 4th, of 2015 and I've used it 4 times in the last month prior to writing this review.When I really, really like something I will write an entire essay of a review.This mitt does exactly what it is advertised to do! You know that you are using it correctly when it feels almost unpleasant, but not painful.I know that pain is subjective to the individual but for me I know for a fact that what I don't find painful quite a few others would whine their little pants off over.Firstly let me say this: I am not stranger to exfoliation. The Salux Japanese Nylon Cloth has been a long-tome favorite of mine, however, they do soften up quickly and lose the sort of effectiveness that I enjoy - effectiveness itself.Also, they are getting rather pricey and I am weary of ordering them online for what I do not consider to be a practical price point.That aside, let me just get one thing clear - the Salux cloth never, ever, did for me exfoliation-wise what this Dermasuri mitt has done right from the first use. I didn't use the 5 minute shower method. To me soaking in a very warm bath (if at all possible) always made much more sense to soften up skin than standing under some running water. I filled up my tub using the warmest water I tolerate and the immersed myself up to my neck for a period of a 10 minute soak. Make sure your legs and arms stay under the water, you can also flip over onto your tummy for a few minutes too so that the front of you is evenly softened up also.After the 10 minutes and right before trying my mitt out for the first time I thought, ""Hey, I bet it would really help the exfoliation process of I washed first with Dr Bronner's soap.."". I figured it would remove any lotions/oils from my skin and really allow the mitt to ""grab on"" to the dead skin and roll it away. Sure enough, it worked like a charm. I dampened the mitt, wrung it out with both hands, put it on my hand, and then went to town vigorously rubbing in an up and down motion on my forearm (good test spot!), and wow the skin rolled right off like magic, truly like promised. I could feel the skin rolling under as I rubbed with the mitt, literally felt it through the mitt material.I used it on my legs, tummy, hips, back, and even the tops and sides of my feet and between my toes, what a wonderful mitt this is. Not to gross you out but you won't believe all of the skin you'll see in the tub after you unplug the drain and the tub empties. And to think; all of that was stuck on your body, making your skin look like crap, impeding your lotions and creams from penetrating your skin and actually moisturizing you..Because under all of that dead skin your poor little suffocated healthy skin is not being cared for, no moisture is reaching it, heck you may even be experiencing ""winter itch"" year-round thinking it's all the dry air when in reality all you needed was a good exfoliation.Anyways, buy this mitt, it works when you follow the instructions and it's way cheaper than a Baiden mitt, that's for sure!Things to note are:1) Warm soak in a bath2) Clean skin prior to exfoliating (preferable with an all natural soap so you don't leave any residues behind)3) Rub up and down fairly quickly using a very firm, even, pressure. (this may tire your arms out but it really gets that skin off!)4) Moisturize your newly exposed dewy, translucent, glowy, beautiful and healthy skin, and expect a ridiculous amount of compliments on how dang soft you are.*Don't use this on either your face or your neck/chest.",12/5/2015,5.0,Yes,14,0.9968,0.163,0.072,0.765,0.009964868426322937,0.4750083088874817,0.04485314339399338,0.008312770165503025,0.12411538511514664,0.303811252117157,0.03393423929810524
504,Dermasuri Deep Exfoliating Glove - Exfoliating Mitt Body Scrubber - Korean Skin Scrubber Exfoliator & Dead Skin Remover - Keratosis Pilaris Scrub - Spray Tan Remover - Shower Skincare (1 Pack),,Emma Baker,works great!,"It's so satisfying when I use this in the shower and can see the dead skin that it scrubs off. It works really well and makes my skin feel silky smooth. It can start having a bit of a smell after awhile, but I just threw it in the wash with the rest of my towels and that took care of the issue. I highly recommend this product!",9/10/2024,5.0,Yes,6,0.8582,0.167,0.036,0.797,0.006850718520581722,0.1342242956161499,0.002871600678190589,0.5646238327026367,0.25472062826156616,0.028927328065037727,0.007781604304909706
505,Dermasuri Deep Exfoliating Glove - Exfoliating Mitt Body Scrubber - Korean Skin Scrubber Exfoliator & Dead Skin Remover - Keratosis Pilaris Scrub - Spray Tan Remover - Shower Skincare (1 Pack),,ruth evans,Brilliant,Great for exfoliating,10/17/2024,5.0,Yes,0,0.6249,0.672,0.0,0.328,0.015412433072924614,0.2520463168621063,0.0038271432276815176,0.16156727075576782,0.5237089991569519,0.025181621313095093,0.018256278708577156
506,Dermasuri Deep Exfoliating Glove - Exfoliating Mitt Body Scrubber - Korean Skin Scrubber Exfoliator & Dead Skin Remover - Keratosis Pilaris Scrub - Spray Tan Remover - Shower Skincare (1 Pack),,Mario&ashley,Everyone needs this,It is so noticeable how much build up dead skin is on our bodies. . I recommend you to buy this it is worth it,9/28/2024,5.0,Yes,0,-0.2263,0.153,0.15,0.697,0.007894688285887241,0.07424172759056091,0.010846412740647793,0.019361024722456932,0.7332795262336731,0.07787223905324936,0.07650430500507355
507,Dermasuri Deep Exfoliating Glove - Exfoliating Mitt Body Scrubber - Korean Skin Scrubber Exfoliator & Dead Skin Remover - Keratosis Pilaris Scrub - Spray Tan Remover - Shower Skincare (1 Pack),,Dina,Cleansing skin,This really cleans your skin,10/12/2024,5.0,Yes,0,0.0,0.0,0.0,1.0,0.007855250500142574,0.08757524192333221,0.00306328060105443,0.08335767686367035,0.7667490243911743,0.027236925438046455,0.024162575602531433
508,Dermasuri Deep Exfoliating Glove - Exfoliating Mitt Body Scrubber - Korean Skin Scrubber Exfoliator & Dead Skin Remover - Keratosis Pilaris Scrub - Spray Tan Remover - Shower Skincare (1 Pack),,Amazon Customer,Say hello to smooth skin.,"I purchased this after seeing a person on YouTube talk about it. I have sensitive skin so I was a bit cautious, but I am happy I purchased this. It is easy to use and leaves your skin very smooth. Just don't go overboard with the scrubbing! It is good value for money and gets the job done.",9/9/2024,5.0,Yes,3,0.9502,0.254,0.021,0.725,0.002719612093642354,0.0021846021991223097,0.02688564360141754,0.916597843170166,0.04162611812353134,0.0022453786805272102,0.007740922272205353
509,Dermasuri Deep Exfoliating Glove - Exfoliating Mitt Body Scrubber - Korean Skin Scrubber Exfoliator & Dead Skin Remover - Keratosis Pilaris Scrub - Spray Tan Remover - Shower Skincare (1 Pack),,NEAL,👏🏽👏🏽👏🏽,Love it,10/15/2024,5.0,Yes,0,0.6369,0.808,0.0,0.192,0.02278798446059227,0.01142908725887537,0.0012772552436217666,0.23843440413475037,0.6954045295715332,0.012441257014870644,0.01822546310722828
510,Dermasuri Deep Exfoliating Glove - Exfoliating Mitt Body Scrubber - Korean Skin Scrubber Exfoliator & Dead Skin Remover - Keratosis Pilaris Scrub - Spray Tan Remover - Shower Skincare (1 Pack),,the dancing mermaid,much smaller than pictured,ikts much smaller and more flimsy than pictured,10/8/2024,5.0,Yes,0,0.0,0.0,0.0,1.0,0.03488883376121521,0.0054945265874266624,0.3354421854019165,0.016167286783456802,0.048908717930316925,0.24668258428573608,0.3124159574508667
511,Dermasuri Deep Exfoliating Glove - Exfoliating Mitt Body Scrubber - Korean Skin Scrubber Exfoliator & Dead Skin Remover - Keratosis Pilaris Scrub - Spray Tan Remover - Shower Skincare (1 Pack),,Yara,Really exfoliates,"I’ve been looking for an exfoliating scrub for a while now. This one made me feel like I had a professional Turkish hammam, it took off all the dead skin and made my skin sooo smooth.",9/17/2024,5.0,Yes,2,-0.4215,0.066,0.114,0.82,0.006209115963429213,0.12925061583518982,0.0033454529475420713,0.06538663059473038,0.7656519412994385,0.019880840554833412,0.010275398381054401
512,Dermasuri Deep Exfoliating Glove - Exfoliating Mitt Body Scrubber - Korean Skin Scrubber Exfoliator & Dead Skin Remover - Keratosis Pilaris Scrub - Spray Tan Remover - Shower Skincare (1 Pack),,Anna Otis,Great scrubber,This works great for getting dead skin off. However you really need to soak your body in hot water for a bit for it to truly work.,9/21/2024,5.0,Yes,0,0.4019,0.204,0.125,0.671,0.011091579683125019,0.1766541749238968,0.007254066877067089,0.011537037789821625,0.7629983425140381,0.02115112543106079,0.00931367464363575
513,Dermasuri Deep Exfoliating Glove - Exfoliating Mitt Body Scrubber - Korean Skin Scrubber Exfoliator & Dead Skin Remover - Keratosis Pilaris Scrub - Spray Tan Remover - Shower Skincare (1 Pack),,MickeyMouse,Works for me,Thank you. Fast shipping,8/28/2024,4.0,Yes,0,0.3612,0.455,0.0,0.545,0.009901965036988258,0.0027491848450154066,0.0023655148688703775,0.18704237043857574,0.6726833581924438,0.006780578754842281,0.11847705394029617
514,Dermasuri Deep Exfoliating Glove - Exfoliating Mitt Body Scrubber - Korean Skin Scrubber Exfoliator & Dead Skin Remover - Keratosis Pilaris Scrub - Spray Tan Remover - Shower Skincare (1 Pack),,Aaliyah,get it you probably dirty,i only used it once bc i got it today but when i say i feel soooooo clean like what!!! no shade i got this bc i felt dirty washing with a wash cloth & i was right!! so much dirt came off of me & im just relieved it’s gone,9/7/2024,5.0,Yes,4,0.2961,0.201,0.18,0.619,0.015635330229997635,0.052024584263563156,0.00405128626152873,0.01799345202744007,0.010840417817234993,0.7928063869476318,0.1066485047340393
515,Dermasuri Deep Exfoliating Glove - Exfoliating Mitt Body Scrubber - Korean Skin Scrubber Exfoliator & Dead Skin Remover - Keratosis Pilaris Scrub - Spray Tan Remover - Shower Skincare (1 Pack),,Michelle,Works great,Best exfoliate glove I've ever used. Works great,10/1/2024,5.0,Yes,0,0.8519,0.58,0.0,0.42,0.01033779326826334,0.0563364140689373,0.0015031633665785193,0.0749979242682457,0.8320703506469727,0.011286349035799503,0.01346802618354559
516,Dermasuri Deep Exfoliating Glove - Exfoliating Mitt Body Scrubber - Korean Skin Scrubber Exfoliator & Dead Skin Remover - Keratosis Pilaris Scrub - Spray Tan Remover - Shower Skincare (1 Pack),,BrenisNGod,Best Exfoliate Gloves Ever!,Excellent product. I recommend purchasing this item. I will by again and give as gifts.,9/25/2024,5.0,Yes,0,0.7351,0.36,0.0,0.64,0.00866616703569889,0.007036253809928894,0.002343886299058795,0.6485660076141357,0.3155565559864044,0.0073446608148515224,0.01048655342310667
517,Dermasuri Deep Exfoliating Glove - Exfoliating Mitt Body Scrubber - Korean Skin Scrubber Exfoliator & Dead Skin Remover - Keratosis Pilaris Scrub - Spray Tan Remover - Shower Skincare (1 Pack),,Natalie Lookenbill,Works well,I like this exfoliator but I need to use it more to see if it really really works,7/28/2024,4.0,Yes,0,0.1901,0.104,0.0,0.896,0.009408376179635525,0.02101672813296318,0.0047831786796450615,0.0322626568377018,0.8674538731575012,0.019830726087093353,0.045244306325912476
518,Dermasuri Deep Exfoliating Glove - Exfoliating Mitt Body Scrubber - Korean Skin Scrubber Exfoliator & Dead Skin Remover - Keratosis Pilaris Scrub - Spray Tan Remover - Shower Skincare (1 Pack),,IamDiamondRain,Love it,Really good but please wash it weekly so you don’t have bacteria growing but it’s really good,9/23/2024,5.0,Yes,0,0.8952,0.475,0.0,0.525,0.005883200094103813,0.047914210706949234,0.004840745124965906,0.12972784042358398,0.7736389636993408,0.019974470138549805,0.018020659685134888
519,Dermasuri Deep Exfoliating Glove - Exfoliating Mitt Body Scrubber - Korean Skin Scrubber Exfoliator & Dead Skin Remover - Keratosis Pilaris Scrub - Spray Tan Remover - Shower Skincare (1 Pack),,sameena aftaz fazal,Wonder scrub,The scrub mitten is really good. I have dry skin and this helps relieve it for a couple of days. It is amazing.,7/22/2024,4.0,Yes,0,0.9099,0.424,0.0,0.576,0.009495128877460957,0.22533327341079712,0.005933003965765238,0.17240124940872192,0.4390539228916168,0.021116260439157486,0.12666715681552887
520,Dermasuri Deep Exfoliating Glove - Exfoliating Mitt Body Scrubber - Korean Skin Scrubber Exfoliator & Dead Skin Remover - Keratosis Pilaris Scrub - Spray Tan Remover - Shower Skincare (1 Pack),,Pj,Very thin!,"They are easy on and off in the shower but very thin. Not sure why that bothers me though as they work great. Maybe they just feel flimsy?  Still, for the price and purpose I recommend!",7/13/2024,4.0,Yes,0,0.7966,0.241,0.109,0.65,0.015965471044182777,0.04604675620794296,0.17249611020088196,0.012997017242014408,0.08090943098068237,0.5988519787788391,0.07273317873477936
521,Dermasuri Deep Exfoliating Glove - Exfoliating Mitt Body Scrubber - Korean Skin Scrubber Exfoliator & Dead Skin Remover - Keratosis Pilaris Scrub - Spray Tan Remover - Shower Skincare (1 Pack),,C. Too,Nice feel,I’ve had gloves like this before that were too rough. These have the right amount of texture. Nice shape and durability.,9/15/2024,5.0,Yes,0,0.6486,0.218,0.0,0.782,0.005470850970596075,0.020521141588687897,0.002157077891752124,0.010886646807193756,0.9478795528411865,0.006838710512965918,0.006245915312319994
522,Dermasuri Deep Exfoliating Glove - Exfoliating Mitt Body Scrubber - Korean Skin Scrubber Exfoliator & Dead Skin Remover - Keratosis Pilaris Scrub - Spray Tan Remover - Shower Skincare (1 Pack),,Val,No sabía que tenía tanta piel muerta,Me encanta! La piel me queda súper suave lo volveré a comprar,9/26/2024,5.0,Yes,0,0.5093,0.248,0.0,0.752,0.014517532661557198,0.009640990756452084,0.002743186429142952,0.9242728352546692,0.027212848886847496,0.010246341116726398,0.011366245336830616
523,Dermasuri Deep Exfoliating Glove - Exfoliating Mitt Body Scrubber - Korean Skin Scrubber Exfoliator & Dead Skin Remover - Keratosis Pilaris Scrub - Spray Tan Remover - Shower Skincare (1 Pack),,MackenzieL,Wow! Works so well!,...that's all. 🙃,10/2/2024,5.0,Yes,0,0.0,0.0,0.0,1.0,0.04181355610489845,0.029980747029185295,0.013643336482346058,0.03938337787985802,0.8458432555198669,0.014268092811107635,0.015067731030285358
524,Dermasuri Deep Exfoliating Glove - Exfoliating Mitt Body Scrubber - Korean Skin Scrubber Exfoliator & Dead Skin Remover - Keratosis Pilaris Scrub - Spray Tan Remover - Shower Skincare (1 Pack),,M.C.,It Works,"This is a glove for exfoliating during showers and as such provides an alternative to a loofah. It advises biweekly use and replacement after six months.You stay in the showere for 5-10 minutes, turn off the water and rub the glove up and down the arms, legs or whatever you're exfoliating. You don't use soap with it because abrasion is how it works.My mom called our skin type ""cheap Irish material"" and before using it on my arms, which seem to be of the cheapest of that cheap material the skin looked truly awful. I wish I had before and after photos because I was amazed at the difference. While the skin is not perfect after on session I am confident when I use it again in a few days, it suggests every two weeks, there will be further improvement.",7/16/2024,5.0,Yes,23,0.8403,0.103,0.041,0.856,0.015336298383772373,0.6305531859397888,0.08228721469640732,0.0017193377716466784,0.118778757750988,0.013931293040513992,0.13739386200904846
525,Dermasuri Deep Exfoliating Glove - Exfoliating Mitt Body Scrubber - Korean Skin Scrubber Exfoliator & Dead Skin Remover - Keratosis Pilaris Scrub - Spray Tan Remover - Shower Skincare (1 Pack),,Courtney Adler,It surprisingly works,"So I purchased this and another brand (the other one hasn’t arrived) but this one arrived today and I used it. It took off skin I didn’t know I had. I tried using it within 5 minutes of my hot shower. It got some off but I wasn’t quite satisfied. So then I waited another 5 minutes and it worked wonders. I was trying to take pictures for y’all but my husband was to slow. I’m one of those people if the reviews aren’t like 99% good I’m skeptical about them. This one surprised me. I will say the material is a little abrasive, but nothing I couldn’t handle. My skin is a little red, but that’s probably because it did it twice. Otherwise my skin feels smoother than it has in a minute. I normally use those gloves you get from Walmart that says that’s exfoliate. This one is 100% better.",3/3/2024,4.0,Yes,31,0.9381,0.116,0.02,0.864,0.004990627057850361,0.0031536247115582228,0.00745459133759141,0.002354554133489728,0.03432910889387131,0.0014996418030932546,0.9462178349494934
526,Dermasuri Deep Exfoliating Glove - Exfoliating Mitt Body Scrubber - Korean Skin Scrubber Exfoliator & Dead Skin Remover - Keratosis Pilaris Scrub - Spray Tan Remover - Shower Skincare (1 Pack),,megan,it's alright,"It's a good dead skin exfoliator, I think it's a nice addition to my shower routine. I don't think it's life-changing necessarily though. i also don't really like the rubber scent. I do appreciate how some dead skin comes off, you just have to rub really hard.",6/26/2024,4.0,Yes,2,-0.6393,0.153,0.229,0.618,0.005142273847013712,0.2236374467611313,0.0031681263353675604,0.5318962931632996,0.1749134510755539,0.04694075882434845,0.014301657676696777
527,Dermasuri Deep Exfoliating Glove - Exfoliating Mitt Body Scrubber - Korean Skin Scrubber Exfoliator & Dead Skin Remover - Keratosis Pilaris Scrub - Spray Tan Remover - Shower Skincare (1 Pack),,Amazon Customer,It works,I liked this product because it does exactly what they advertised.,7/30/2024,4.0,Yes,0,0.4215,0.237,0.0,0.763,0.003302390919998288,0.005797896534204483,0.0005458093364723027,0.931847333908081,0.04679485410451889,0.002561280271038413,0.009150550700724125
528,Dermasuri Deep Exfoliating Glove - Exfoliating Mitt Body Scrubber - Korean Skin Scrubber Exfoliator & Dead Skin Remover - Keratosis Pilaris Scrub - Spray Tan Remover - Shower Skincare (1 Pack),,RICKYROCK,I've only tried it once and it seems to work.,So far I've only tried it once and it seems to work. I will check it over time,7/15/2024,4.0,Yes,0,0.0,0.0,0.0,1.0,0.003713993588462472,0.0015631010755896568,0.0013008189853280783,0.008661261759698391,0.9377592206001282,0.004509179852902889,0.04249243065714836
529,Dermasuri Deep Exfoliating Glove - Exfoliating Mitt Body Scrubber - Korean Skin Scrubber Exfoliator & Dead Skin Remover - Keratosis Pilaris Scrub - Spray Tan Remover - Shower Skincare (1 Pack),,natalie martin,5 stars,Love this for the shower. It had the perfect scratch to feel good and get all the dead skin off,9/14/2024,5.0,Yes,0,0.7579,0.347,0.138,0.514,0.007964450865983963,0.07480622082948685,0.0020643898751586676,0.33052152395248413,0.519993245601654,0.04688313975930214,0.017767000943422318
530,Dermasuri Deep Exfoliating Glove - Exfoliating Mitt Body Scrubber - Korean Skin Scrubber Exfoliator & Dead Skin Remover - Keratosis Pilaris Scrub - Spray Tan Remover - Shower Skincare (1 Pack),,Ernest,Service,Great product.,9/24/2024,5.0,Yes,0,0.6249,0.804,0.0,0.196,0.004917717073112726,0.007744657341390848,0.0016306828474625945,0.6958346962928772,0.26152414083480835,0.004824192263185978,0.023523913696408272
531,Dermasuri Deep Exfoliating Glove - Exfoliating Mitt Body Scrubber - Korean Skin Scrubber Exfoliator & Dead Skin Remover - Keratosis Pilaris Scrub - Spray Tan Remover - Shower Skincare (1 Pack),,Amy E Cantrell,It’s works so good … it’s horrible!,I had no idea that I needed a scrub mitt - I’m here to tell you I did!I was horrified at how much dead/dry skin that was peeled right off. It was all over the shower floor … in big nasty knarly chunks. I will forever use the mitt!I followed as directions and just like that … my skin rolled up and washed off.I am old enough to have used baby oil & iodine as sun screen so I’m sure my skin was screeming thank you.Cant wait to see how much comes off next time.Buy this product!!,7/24/2024,5.0,Yes,21,-0.598,0.076,0.105,0.82,0.023559849709272385,0.6146434545516968,0.2590427100658417,0.002996112685650587,0.03265995904803276,0.010365033522248268,0.0567329004406929
532,Dermasuri Deep Exfoliating Glove - Exfoliating Mitt Body Scrubber - Korean Skin Scrubber Exfoliator & Dead Skin Remover - Keratosis Pilaris Scrub - Spray Tan Remover - Shower Skincare (1 Pack),,Anne~Marie,Nice,"Most of the time I don't see ""visible"" exfoliation but it does make my skin very nice whenever I remember to use it... Important to moisturize well afterwards!",9/6/2024,5.0,Yes,2,0.8512,0.288,0.0,0.712,0.027966992929577827,0.12608925998210907,0.008004152216017246,0.30071353912353516,0.44875386357307434,0.03326338157057762,0.05520876124501228
533,Dermasuri Deep Exfoliating Glove - Exfoliating Mitt Body Scrubber - Korean Skin Scrubber Exfoliator & Dead Skin Remover - Keratosis Pilaris Scrub - Spray Tan Remover - Shower Skincare (1 Pack),,Mom of 3,Really Exfoliates!,I have never had anything work like this before to exfoliate my skin.  So easy to use and works just as it says!  It’s great!,9/3/2024,5.0,Yes,0,0.8854,0.331,0.0,0.669,0.010347572155296803,0.025768671184778214,0.0027601439505815506,0.7364706993103027,0.19240888953208923,0.008356614969670773,0.023887457326054573
534,Dermasuri Deep Exfoliating Glove - Exfoliating Mitt Body Scrubber - Korean Skin Scrubber Exfoliator & Dead Skin Remover - Keratosis Pilaris Scrub - Spray Tan Remover - Shower Skincare (1 Pack),,Monique  Tait,Great product for great price,Great product for great price,9/20/2024,5.0,Yes,0,0.8481,0.732,0.0,0.268,0.005225226283073425,0.006526666693389416,0.0016235564835369587,0.5296120643615723,0.4137595295906067,0.007571412716060877,0.03568148612976074
535,Dermasuri Deep Exfoliating Glove - Exfoliating Mitt Body Scrubber - Korean Skin Scrubber Exfoliator & Dead Skin Remover - Keratosis Pilaris Scrub - Spray Tan Remover - Shower Skincare (1 Pack),,daqdaq,Works great!,Love it.  Exfoliating must!,9/20/2024,5.0,Yes,0,0.6696,0.6,0.0,0.4,0.036078911274671555,0.08704874664545059,0.0014973361976444721,0.4675043523311615,0.3740893602371216,0.015951937064528465,0.017829280346632004
536,Dermasuri Deep Exfoliating Glove - Exfoliating Mitt Body Scrubber - Korean Skin Scrubber Exfoliator & Dead Skin Remover - Keratosis Pilaris Scrub - Spray Tan Remover - Shower Skincare (1 Pack),,Kimberly Z.,Best exfoliating glove ever!,"I probably use this at least once a week and it exfoliates so much. Also if you usually wear suncrean or use it after the beach, it will really scrub off that dead skin. I use it with or without dove body bar and it's amazing.",8/20/2024,5.0,Yes,5,-0.128,0.077,0.088,0.835,0.009113817475736141,0.15975642204284668,0.006147659849375486,0.13701020181179047,0.5815488696098328,0.015102171339094639,0.09132079035043716
537,Dermasuri Deep Exfoliating Glove - Exfoliating Mitt Body Scrubber - Korean Skin Scrubber Exfoliator & Dead Skin Remover - Keratosis Pilaris Scrub - Spray Tan Remover - Shower Skincare (1 Pack),,queen bee,"I liked it well enough, but I have had similar results with other products that cost less.","I did not have that soughing off of skin that others experienced, and I did soak quite a bit beforehand.I will say the instructions noted that not everyone sees the same result, that some people experience more of a microdemabrasion effect.  The results well enough, but I don't think I will repurchase if there's a similarly rated but cheaper option",5/6/2024,4.0,Yes,3,0.1406,0.029,0.0,0.971,0.004305105656385422,0.018228592351078987,0.00798389408737421,0.01962459832429886,0.8860746622085571,0.026215899735689163,0.037567220628261566
538,Dermasuri Deep Exfoliating Glove - Exfoliating Mitt Body Scrubber - Korean Skin Scrubber Exfoliator & Dead Skin Remover - Keratosis Pilaris Scrub - Spray Tan Remover - Shower Skincare (1 Pack),,Amy,Can’t be better,Perfectly exfoliated my dead skin. Really love it.,9/12/2024,5.0,Yes,0,0.659,0.483,0.239,0.278,0.020853009074926376,0.23422294855117798,0.0027185818180441856,0.16002312302589417,0.5406633615493774,0.025521403178572655,0.015997495502233505
539,Dermasuri Deep Exfoliating Glove - Exfoliating Mitt Body Scrubber - Korean Skin Scrubber Exfoliator & Dead Skin Remover - Keratosis Pilaris Scrub - Spray Tan Remover - Shower Skincare (1 Pack),,Only Me,Works very well,I was doubtful about buying this but my friend has one and she loves it. The scrubbing mitt works really well - actually it is slightly disturbing how much dead skin it buffs off. I would suggest not using it every time you shower because it works so well.,8/14/2024,5.0,Yes,5,0.5952,0.235,0.176,0.589,0.008396309800446033,0.788550853729248,0.02237093821167946,0.003021195763722062,0.1585470587015152,0.011893081478774548,0.007220662664622068
540,Dermasuri Deep Exfoliating Glove - Exfoliating Mitt Body Scrubber - Korean Skin Scrubber Exfoliator & Dead Skin Remover - Keratosis Pilaris Scrub - Spray Tan Remover - Shower Skincare (1 Pack),,taylor,Great Value for the Price!,"Loved it so much this is my second time buying! I've been looking for something to deal with dead skin buildup and bumps on my arms for a while. Always found the exfoliating scrubs didn't do enough. I went to a Korean Spa and was shocked by how smooth my skin felt after a scrub down. And since going to the spa regularly is not in my budget (I wish!) decided to try this out. Instructions were clear and I was SHOCKED at how effective this exfoliating glove was for an at home treatment, my skin was so glowy. Overall this item has worked far better than much more expensive options and has become a regular part of my self-care routine.",2/16/2024,4.0,Yes,7,0.5348,0.1,0.074,0.826,0.004371735733002424,0.0022135113831609488,0.005283281672745943,0.0033484434243291616,0.006468636449426413,0.001082819071598351,0.9772316217422485
541,Dermasuri Deep Exfoliating Glove - Exfoliating Mitt Body Scrubber - Korean Skin Scrubber Exfoliator & Dead Skin Remover - Keratosis Pilaris Scrub - Spray Tan Remover - Shower Skincare (1 Pack),,Kindle Customer,A Must Have In Your Shower,Absolutely love this product. After use it makes u feel so clean and your skin is so smooth... I have tried several products but nothing has came close to what this mit does!,8/25/2024,5.0,Yes,4,0.6467,0.154,0.0,0.846,0.0031610000878572464,0.004996363073587418,0.000598263053689152,0.9000735282897949,0.0657280683517456,0.005245832726359367,0.020196910947561264
542,Dermasuri Deep Exfoliating Glove - Exfoliating Mitt Body Scrubber - Korean Skin Scrubber Exfoliator & Dead Skin Remover - Keratosis Pilaris Scrub - Spray Tan Remover - Shower Skincare (1 Pack),,Abby S.,Love These,I’ve purchased these more than once…definitely a staple in my shower/bath routine!,9/7/2024,5.0,Yes,0,0.0,0.0,0.0,1.0,0.02663726918399334,0.006804296746850014,0.0035345314536243677,0.19123803079128265,0.5260162353515625,0.0068906876258552074,0.23887893557548523
543,Dermasuri Deep Exfoliating Glove - Exfoliating Mitt Body Scrubber - Korean Skin Scrubber Exfoliator & Dead Skin Remover - Keratosis Pilaris Scrub - Spray Tan Remover - Shower Skincare (1 Pack),,Yvette,Works!,"I was very skeptical on this exfoliate since I’ve used numerous scrubbers to try to help remove that skin or exfoliate my strawberry arms and legs. I have already used this probably four times and it really works. It helped my legs tremendously, but still have a little ways to go with my arms.",8/4/2024,5.0,Yes,3,0.0138,0.035,0.034,0.931,0.012441462837159634,0.04412354901432991,0.42773720622062683,0.012987863272428513,0.4277617931365967,0.0064377011731266975,0.06851048022508621
544,Dermasuri Deep Exfoliating Glove - Exfoliating Mitt Body Scrubber - Korean Skin Scrubber Exfoliator & Dead Skin Remover - Keratosis Pilaris Scrub - Spray Tan Remover - Shower Skincare (1 Pack),,Eloisa Fernandez,Yes this exfoliating mitten works!,I don't travel often to Mexico so I have had issues finding loofah here in the US. I kid you not these exfoliating mittens are amazing. This product really works. Without a doubt these are my new favorite product I will definitely be purchasing a few more to stock up because I  might not be able to live without them...YES THEY ARE THAT GOOD!!!,7/29/2024,5.0,Yes,0,0.9467,0.24,0.0,0.76,0.02352934516966343,0.030778180807828903,0.0037628626450896263,0.3170803487300873,0.3957110345363617,0.013182819820940495,0.21595539152622223
545,Dermasuri Deep Exfoliating Glove - Exfoliating Mitt Body Scrubber - Korean Skin Scrubber Exfoliator & Dead Skin Remover - Keratosis Pilaris Scrub - Spray Tan Remover - Shower Skincare (1 Pack),,Jacob seeley,Not to ruff on the skin,Works great crazy to see the dead skin,9/5/2024,5.0,Yes,0,-0.3818,0.259,0.424,0.316,0.013016688637435436,0.7228838801383972,0.02255202829837799,0.018381716683506966,0.10051282495260239,0.09115954488515854,0.03149329870939255
546,Dermasuri Deep Exfoliating Glove - Exfoliating Mitt Body Scrubber - Korean Skin Scrubber Exfoliator & Dead Skin Remover - Keratosis Pilaris Scrub - Spray Tan Remover - Shower Skincare (1 Pack),,Trisha Lea,As Described,I bought this to exfoliate my spray tans. This does just that wonderfully.,9/2/2024,5.0,Yes,0,0.5994,0.262,0.0,0.738,0.013540076091885567,0.13811419904232025,0.0027538342401385307,0.0937986969947815,0.7282165884971619,0.011303911916911602,0.012272704392671585
547,Dermasuri Deep Exfoliating Glove - Exfoliating Mitt Body Scrubber - Korean Skin Scrubber Exfoliator & Dead Skin Remover - Keratosis Pilaris Scrub - Spray Tan Remover - Shower Skincare (1 Pack),,Book Worm,LOVE THIS MITT!!,"Ever since I had Covid in 2022, my skin has been dry, flaky and just downright gross. I have tried EVERYTHING to get it to be normal again, but no matter what I did, my skin was still basically peeling off when I dried with a towel (sorry, TMI). I saw this and thought I'd give it a try. OMG!! I read (maybe in the product description or maybe another review) that you should thoroughly wet your skin but not stay under the shower while you use it. That was the best advice EVER! I used it in combination with a hydrating scrub, but I think I would have been very happy with the results just from the mitt. Definitely recommend!!",5/24/2024,5.0,Yes,8,0.9556,0.16,0.038,0.802,0.005489634815603495,0.9537819027900696,0.006149307359009981,0.0028350469656288624,0.018292022868990898,0.00499839847907424,0.008453669026494026
548,Dermasuri Deep Exfoliating Glove - Exfoliating Mitt Body Scrubber - Korean Skin Scrubber Exfoliator & Dead Skin Remover - Keratosis Pilaris Scrub - Spray Tan Remover - Shower Skincare (1 Pack),,JB-in-SB,Really works!,"I was surprised how well this worked! I did not think I had particularly dry skin but this glove proved me wrong.  It exfoliated a bunch of flaky skin and did not leave my skin sore at all, leaving  my skin is baby soft.  It is not recommended for the face.",8/1/2024,5.0,Yes,2,-0.8104,0.077,0.175,0.748,0.005085802637040615,0.006068054120987654,0.0027555020060390234,0.00350144668482244,0.0135947335511446,0.00471129547804594,0.9642831683158875
549,Dermasuri Deep Exfoliating Glove - Exfoliating Mitt Body Scrubber - Korean Skin Scrubber Exfoliator & Dead Skin Remover - Keratosis Pilaris Scrub - Spray Tan Remover - Shower Skincare (1 Pack),,Lillian Davis,Exfoliates amazingly,My only issue is I wish the glove was thicker. That way it is easy to get a grip before scrubbing. Other than that this is one of the best exfoliating gloves I've tried.,5/17/2024,4.0,Yes,0,0.8689,0.253,0.0,0.747,0.005303214769810438,0.025058278813958168,0.001813116599805653,0.017811231315135956,0.9249175190925598,0.00813541654497385,0.016961270943284035
550,Dermasuri Deep Exfoliating Glove - Exfoliating Mitt Body Scrubber - Korean Skin Scrubber Exfoliator & Dead Skin Remover - Keratosis Pilaris Scrub - Spray Tan Remover - Shower Skincare (1 Pack),,Bridget Clayborn,OMG SO GOOD,So good you can literally see the dead skin coming off!! I have used this for years and love it,8/26/2024,5.0,Yes,2,0.5686,0.282,0.152,0.566,0.009726541116833687,0.8428428769111633,0.008959549479186535,0.007511273492127657,0.08280923962593079,0.012376794591546059,0.03577375039458275
551,Dermasuri Deep Exfoliating Glove - Exfoliating Mitt Body Scrubber - Korean Skin Scrubber Exfoliator & Dead Skin Remover - Keratosis Pilaris Scrub - Spray Tan Remover - Shower Skincare (1 Pack),,Gail Campayne,Easy to use,"The ""mitt"" is easy to use. However the word mitt should not be used in advertising this product as it is not a sturdy or enforced in any way. It is in fact a very thin viscose material stitched together. It does soften the skin but I'm not quite sure how much exfoliating it does.",4/15/2024,4.0,Yes,0,-0.2067,0.035,0.05,0.915,0.008677644655108452,0.30127620697021484,0.0045944941230118275,0.006768734194338322,0.663764476776123,0.010417363606393337,0.004501073621213436
552,Dermasuri Deep Exfoliating Glove - Exfoliating Mitt Body Scrubber - Korean Skin Scrubber Exfoliator & Dead Skin Remover - Keratosis Pilaris Scrub - Spray Tan Remover - Shower Skincare (1 Pack),,Lauren,Works really well,I used the glove for the first time today and it definitely works. Took off a lot of dead skin on my body I didn’t realize was there. If you have really sensitive skin it might not be for you because it is pretty rough (I used it fairly gently but parts of my skin hurt more than others) but it does a great job exfoliating. My skin is now super soft!,3/21/2024,4.0,Yes,3,0.8748,0.202,0.085,0.714,0.012476662173867226,0.2853392958641052,0.008416983298957348,0.04373522102832794,0.5698796510696411,0.03252878412604332,0.0476233996450901
553,Dermasuri Deep Exfoliating Glove - Exfoliating Mitt Body Scrubber - Korean Skin Scrubber Exfoliator & Dead Skin Remover - Keratosis Pilaris Scrub - Spray Tan Remover - Shower Skincare (1 Pack),,Victoria S.,This works disgustingly well,"Was influenced to buy this from Tik Tok and it's one of the few products I don't regret purchasing. This thing works so well, while also not causing any skin inflammation. I'm throwing away every other non-chemical exfoliating product that I have.",7/30/2024,5.0,Yes,0,0.6216,0.118,0.0,0.882,0.012616397812962532,0.11446169763803482,0.0080128638073802,0.01445960346609354,0.5759600400924683,0.26732081174850464,0.0071685463190078735
554,Dermasuri Deep Exfoliating Glove - Exfoliating Mitt Body Scrubber - Korean Skin Scrubber Exfoliator & Dead Skin Remover - Keratosis Pilaris Scrub - Spray Tan Remover - Shower Skincare (1 Pack),,Paula G.,My favorite exfoliator,"Good quality, holding up well with heavy use. Works exactly as they said it would.",8/29/2024,5.0,Yes,0,0.6124,0.278,0.0,0.722,0.008054186590015888,0.011209623888134956,0.001520550693385303,0.037782132625579834,0.9292994737625122,0.006084001157432795,0.006050106603652239
555,Dermasuri Deep Exfoliating Glove - Exfoliating Mitt Body Scrubber - Korean Skin Scrubber Exfoliator & Dead Skin Remover - Keratosis Pilaris Scrub - Spray Tan Remover - Shower Skincare (1 Pack),,mg-CarrolltonGeorgia,Far better than expensive exfoliating creams?,"I was pleasantly surprised at how soft the easy-to-use pads are on my face. After just one use the dry skin on my face is largely gone. I had tried to remove the dry flaky skin with my usual expensive exfoliating cream, but it was slow going. I'm waiting one week to use the Dermasuri Deep Exfoliating Glove again and expect that the remaining dry skin will be completely removed.",7/11/2024,5.0,Yes,4,0.3612,0.05,0.0,0.95,0.002709744032472372,0.005188171751797199,0.0019369577057659626,0.007090961094945669,0.036518123000860214,0.002978913253173232,0.9435771107673645
556,Dermasuri Deep Exfoliating Glove - Exfoliating Mitt Body Scrubber - Korean Skin Scrubber Exfoliator & Dead Skin Remover - Keratosis Pilaris Scrub - Spray Tan Remover - Shower Skincare (1 Pack),,Alex C.,Works for what it’s intended for not your face!!!,"Anywhere on your body with tougher derma neck and maybe part of your face where your beard vm grows but anywhere near your softer delicate skin on your face and you will remove skin, scar your face and cause scabbing. Way too tough for above the cheek eyes forehead etc… use a much softer fabric on your face and forehead around the eyes",4/6/2024,4.0,Yes,2,-0.0258,0.042,0.028,0.931,0.20563970506191254,0.11419141292572021,0.0800965204834938,0.008834111504256725,0.42497074604034424,0.11896161735057831,0.04730584844946861
557,Dermasuri Deep Exfoliating Glove - Exfoliating Mitt Body Scrubber - Korean Skin Scrubber Exfoliator & Dead Skin Remover - Keratosis Pilaris Scrub - Spray Tan Remover - Shower Skincare (1 Pack),,Brandie A.,Wash it off Wednesdays,"I have a spray tanning business and absolutely reccomend this for my clients! It works wonders getting old tan off to be ready for a new tan! I like to do a 10 min super hot water soak in the tub, while water is draining I use this mitt to exfoliate all that old tan right off, turn the shower on and rinse and proceed with rest of my shower! This is also great for just regular exfoliating. Coming out of the box it does have a bit of a ""factory smell"" to it but that doesn't transfer to the body. Replace with a new one every 6 months!",5/24/2024,5.0,Yes,23,0.8257,0.092,0.0,0.908,0.03991246968507767,0.27701178193092346,0.01411050371825695,0.03990564122796059,0.5639516711235046,0.0193635243922472,0.04574447497725487
558,Dermasuri Deep Exfoliating Glove - Exfoliating Mitt Body Scrubber - Korean Skin Scrubber Exfoliator & Dead Skin Remover - Keratosis Pilaris Scrub - Spray Tan Remover - Shower Skincare (1 Pack),,Erin,"Best exfoliate on the market, better than a scrub and you can wash and reuse! Excellent value!","I love this exfoliating mitt! It has provided my skin the best exfoliation I’ve ever had from a product. Works way better than an exfoliating scrub, a loofah, sponge or body brush to remove layers of dead skin you never even realized was there to begin with.Made my skin exceptionally soft and smooth, and helped remove any rough/dry skin patches, including on elbows, knees and feet (all the toughest spots!)I also loved using this mitt to exfoliate areas where I shave (before shaving). Including my armpits—I never knew they needed a good scrub, but apparently it’s good to do that regularly! This mitt helps remove and prevent any ingrown hairs from shaving.Since you can wash the mitt, it’s reusable, and ends up saving you a lot of money instead of buying jars and jars of expensive exfoliating skin scrubs that can end up affecting your shower drain/pipes. It also is mess free, and there no clean up required unlike when using a physical exfoliating scrub.",1/31/2024,5.0,Yes,14,0.9582,0.158,0.054,0.788,0.02528875693678856,0.3143477141857147,0.004013159777969122,0.31143635511398315,0.3065544068813324,0.018622547388076782,0.019737133756279945
559,Dermasuri Deep Exfoliating Glove - Exfoliating Mitt Body Scrubber - Korean Skin Scrubber Exfoliator & Dead Skin Remover - Keratosis Pilaris Scrub - Spray Tan Remover - Shower Skincare (1 Pack),,Tay Carns,Softest skin,"If you want the worlds softest skin in the world, you need this! i use it once a week and my skin is so soft and smooth.",8/14/2024,5.0,Yes,0,0.1511,0.062,0.0,0.938,0.007576451171189547,0.02106214128434658,0.0012028873898088932,0.09367671608924866,0.8293759822845459,0.010249887593090534,0.03685593977570534
560,Dermasuri Deep Exfoliating Glove - Exfoliating Mitt Body Scrubber - Korean Skin Scrubber Exfoliator & Dead Skin Remover - Keratosis Pilaris Scrub - Spray Tan Remover - Shower Skincare (1 Pack),,Nat,Best exfoliating mitt ever!!,"I think I exfoliated an entire person! Finally, something that does what it says it'll do . My skin has never been so soft! I got the 2 pack so my daughter can use it on her Pilaris keratosis. I will update when she starts using hers.",7/21/2024,5.0,Yes,2,0.0,0.0,0.0,1.0,0.04462409391999245,0.11627297103404999,0.008363891392946243,0.030023429542779922,0.4881507456302643,0.025453021749854088,0.2871118485927582
561,Dermasuri Deep Exfoliating Glove - Exfoliating Mitt Body Scrubber - Korean Skin Scrubber Exfoliator & Dead Skin Remover - Keratosis Pilaris Scrub - Spray Tan Remover - Shower Skincare (1 Pack),,Baileigh Grisham,Great for Exfoliating!,I use this glove to exfoliate before shaving and it works wonders! Definitely makes a difference!,8/20/2024,5.0,Yes,0,0.508,0.202,0.0,0.798,0.024654900655150414,0.09406798332929611,0.003668170887976885,0.12147554755210876,0.7156558036804199,0.01080447155982256,0.029673142358660698
562,Dermasuri Deep Exfoliating Glove - Exfoliating Mitt Body Scrubber - Korean Skin Scrubber Exfoliator & Dead Skin Remover - Keratosis Pilaris Scrub - Spray Tan Remover - Shower Skincare (1 Pack),,Shasta,WORKS VERY WELL,"This thing is a game changer! My skin is so soft after using it. And it really does flake off all that dead skin like it says.The trick for me was to not use it right as I get in the shower. I usually wash my hair first, then my body, and then use it. I find it works better if my skin has time to soak in the water first.I also didn't realize there were 2 gloves in each box so I had 4 lol, gave them to my friends and they love it to!",5/20/2024,5.0,Yes,2,0.8971,0.158,0.053,0.79,0.03690270334482193,0.06580904126167297,0.009028740227222443,0.05865823104977608,0.487598180770874,0.02856501191854477,0.3134380877017975
563,Dermasuri Deep Exfoliating Glove - Exfoliating Mitt Body Scrubber - Korean Skin Scrubber Exfoliator & Dead Skin Remover - Keratosis Pilaris Scrub - Spray Tan Remover - Shower Skincare (1 Pack),,Stephanie H.,Does the job!,This is great for pre tan prep. Has a hanging piece loop for the shower. Fits like a mitten. Looks just like the pic.,5/10/2024,4.0,Yes,0,0.8442,0.324,0.0,0.676,0.013976866379380226,0.07926823943853378,0.001317602233029902,0.041091714054346085,0.8431488871574402,0.010633946396410465,0.010562684386968613
564,Dermasuri Deep Exfoliating Glove - Exfoliating Mitt Body Scrubber - Korean Skin Scrubber Exfoliator & Dead Skin Remover - Keratosis Pilaris Scrub - Spray Tan Remover - Shower Skincare (1 Pack),,Book Worm,I love it.,"Thin but sturdy. Dries quickly.  Easy to use.  Doesn't turn my skin beet red.  Exfoliates well.  Been using it for a while.Yes, I would recommend and yes I would repurchase.",7/31/2024,5.0,Yes,2,0.9231,0.366,0.0,0.634,0.006262350361794233,0.01255886908620596,0.001938049797900021,0.5317075252532959,0.4017360508441925,0.023671608418226242,0.022125553339719772
565,Dermasuri Deep Exfoliating Glove - Exfoliating Mitt Body Scrubber - Korean Skin Scrubber Exfoliator & Dead Skin Remover - Keratosis Pilaris Scrub - Spray Tan Remover - Shower Skincare (1 Pack),,Curstin Kinsey,WOW!,I was skeptical about it being better than any other exfoliation glove but decided to try it out. WOW! I could actually see the dead skin coming off. Probably the softest my legs have ever been. Can’t wait to use it to take off self tanner.,7/20/2024,5.0,Yes,0,0.2362,0.152,0.135,0.712,0.007670137099921703,0.12686538696289062,0.0344771109521389,0.00408914452418685,0.019435996189713478,0.016942616552114487,0.7905195951461792
566,Dermasuri Deep Exfoliating Glove - Exfoliating Mitt Body Scrubber - Korean Skin Scrubber Exfoliator & Dead Skin Remover - Keratosis Pilaris Scrub - Spray Tan Remover - Shower Skincare (1 Pack),,Pete,"Does what it advertises, and does it well.","I got this on a request from my girlfriend. She took a bath with it and asked me to scrub her back with it. I was amazed how well it worked for the exfoliation. The dead skin just rolled off her back, like worms. She has had other similar products in the past that she said do not even come close to the effectiveness of this.",6/10/2024,5.0,Yes,2,0.3612,0.111,0.061,0.827,0.013409559614956379,0.08176791667938232,0.0037854958791285753,0.00178732059430331,0.031208461150527,0.0035407165996730328,0.8645005226135254
567,Dermasuri Deep Exfoliating Glove - Exfoliating Mitt Body Scrubber - Korean Skin Scrubber Exfoliator & Dead Skin Remover - Keratosis Pilaris Scrub - Spray Tan Remover - Shower Skincare (1 Pack),,AG,It’s like I’m back in Morocco,I lived in Morocco for a year and one of my favorite parts was going to the Hammam to get my regular scrub down. I’ve been trying to replicate the experience with different gloves and this one has been the BEST one by far. 11/10 would recommend.,6/27/2024,5.0,Yes,6,0.8868,0.199,0.0,0.801,0.006863248534500599,0.020684976130723953,0.001964391442015767,0.08176226913928986,0.8354282975196838,0.005282146390527487,0.04801468178629875
568,Dermasuri Deep Exfoliating Glove - Exfoliating Mitt Body Scrubber - Korean Skin Scrubber Exfoliator & Dead Skin Remover - Keratosis Pilaris Scrub - Spray Tan Remover - Shower Skincare (1 Pack),,Joejoeo1414,first time using this product ( 65 year old male) very nice results,My daughter ordered this Exfoliating Mitt Body Scrubber for me. At first I didn't know what to expect. I had really bad dry skin on my legs. I used Dove Scrub Brown Sugar & Coconut Butter For Silky Smooth Skin Body Scrub Exfoliates & Restores Skin's Natural Nutrients 10.5 oz. I have used this combo 3 times already and I am impressed with the excellent outcome. My legs look healthy and feel fantastic. I am going to recommend this product combination to all my male friends.,5/17/2024,5.0,Yes,2,0.9559,0.246,0.04,0.714,0.008000468835234642,0.08851981908082962,0.006411707028746605,0.057692717760801315,0.4069617986679077,0.01217335369437933,0.4202401041984558
569,Dermasuri Deep Exfoliating Glove - Exfoliating Mitt Body Scrubber - Korean Skin Scrubber Exfoliator & Dead Skin Remover - Keratosis Pilaris Scrub - Spray Tan Remover - Shower Skincare (1 Pack),,Sarah,"My skin has never felt softer! If you have rough bumpy skin &/or self tan, you need this!","I was skeptical but this really does work. I have rough & bumpy skin on the back of my arms & just overall my skin was feeling rough. I use tanner & it never turns out smooth & even. After using this glove, my skin feels so soft & my tan looks great. Let your skin soak in a hot shower or bath first, then use the glove. You will see the dead skin coming off.",6/21/2024,5.0,Yes,7,-0.0516,0.095,0.097,0.808,0.007402345538139343,0.039936669170856476,0.24172745645046234,0.0030475170351564884,0.014250479638576508,0.6852338314056396,0.008401794359087944
570,"DRMTLGY Microdermabrasion Facial Scrub and Face Mask. Non-Abrasive Face Exfoliator Improves Acne Scars, Blackheads, Pore Size, and Skin Texture. 2 oz",,Lesha,Bottle not full,"I was excited to try this new face scrub by DRMTLGY. Then I opened the jar and it wasn't full of product. I was really disappointed. I guess it's true, you have to be careful on what you buy, but I'm still going to try it.",7/22/2024,3.0,Yes,9,0.1787,0.109,0.049,0.843,0.006751216482371092,0.004997944459319115,0.003066976321861148,0.1479947566986084,0.06896688044071198,0.37412047386169434,0.3941017687320709
571,"DRMTLGY Microdermabrasion Facial Scrub and Face Mask. Non-Abrasive Face Exfoliator Improves Acne Scars, Blackheads, Pore Size, and Skin Texture. 2 oz",,Joan Schmiemeier,No package,My product was supposed to be delivered on Saturday. Did not receive.message stated it was delayed and will be here by Sunday at 8:00 am. Today is Sunday at 6:10 pm. Still no package. However I have had this item before and I love it.,7/14/2024,3.0,Yes,0,0.2732,0.087,0.085,0.828,0.00741761177778244,0.003077117493376136,0.0031163902021944523,0.011063365265727043,0.13089662790298462,0.6826949715614319,0.16173389554023743
572,"DRMTLGY Microdermabrasion Facial Scrub and Face Mask. Non-Abrasive Face Exfoliator Improves Acne Scars, Blackheads, Pore Size, and Skin Texture. 2 oz",,C'est La Vie,A good quality product and not drying,"A plus for this product is it isn't drying as other clay masks, while helps absorbing excess oil and dirt on the skin. A tiny scrub-like feeling is tolerable; and it is easy to wash off.",5/22/2024,3.0,Yes,0,0.5574,0.178,0.061,0.761,0.0132540762424469,0.11599460989236832,0.0013281895080581307,0.5968841314315796,0.2589411735534668,0.010016143321990967,0.003581624012440443
573,"DRMTLGY Microdermabrasion Facial Scrub and Face Mask. Non-Abrasive Face Exfoliator Improves Acne Scars, Blackheads, Pore Size, and Skin Texture. 2 oz",,Nikki,just not for my skin,overall a great product cleans out your pores,6/19/2024,3.0,Yes,0,0.6249,0.406,0.0,0.594,0.010694177821278572,0.005394844803959131,0.0024419676046818495,0.6157394647598267,0.2745645046234131,0.013930210843682289,0.07723482698202133
574,"DRMTLGY Microdermabrasion Facial Scrub and Face Mask. Non-Abrasive Face Exfoliator Improves Acne Scars, Blackheads, Pore Size, and Skin Texture. 2 oz",,Aliya,Not my favorite,"As a big DRMTLGY fan, I have to admit, I'm not sure I get the hype on this one. While it smells great and leaves my skin feeling AMAZING and soft right after use, I'm not really seeing the long-term results. I'll keep using it to see if it takes some time to see results, but after two jars, I'm moving on.",5/2/2024,3.0,Yes,4,0.7299,0.15,0.023,0.827,0.002945610322058201,0.0029039322398602962,0.003647275734692812,0.2877049148082733,0.05577815696597099,0.0053871688432991505,0.6416329741477966
575,"DRMTLGY Microdermabrasion Facial Scrub and Face Mask. Non-Abrasive Face Exfoliator Improves Acne Scars, Blackheads, Pore Size, and Skin Texture. 2 oz",,Cecilia Gonzales,Not for sensitive skin.,"This was abrasive on the skin. I would use it on other areas of the body like elbows, feet or rough patches. I ran out of my scrub and was looking for something. It's in a creamy base and has good slip, but the pumice was just too much for a bi-weekly facial scrub.",3/2/2024,3.0,Yes,0,0.4019,0.072,0.0,0.928,0.024970127269625664,0.6363791823387146,0.007663259282708168,0.0029735323041677475,0.2887108325958252,0.027824079617857933,0.011478981003165245
576,"DRMTLGY Microdermabrasion Facial Scrub and Face Mask. Non-Abrasive Face Exfoliator Improves Acne Scars, Blackheads, Pore Size, and Skin Texture. 2 oz",,Amazon Customer,Allergic reaction,"Wow, had I read the ingredients, I would have never ever purchased this. Lithium and blue?! Not good one bit",10/18/2024,2.0,Yes,0,0.3991,0.182,0.107,0.711,0.0037358582485467196,0.00733921118080616,0.0027319923974573612,0.0016564375255256891,0.006828936282545328,0.0032746789511293173,0.9744328856468201
577,"DRMTLGY Microdermabrasion Facial Scrub and Face Mask. Non-Abrasive Face Exfoliator Improves Acne Scars, Blackheads, Pore Size, and Skin Texture. 2 oz",,Haley Hurtado,Rough,This was very rough on my skin and it was pretty painful. Will not be using again.,10/26/2024,2.0,Yes,0,0.0772,0.152,0.137,0.711,0.008214850910007954,0.1209331750869751,0.04727749899029732,0.0036070053465664387,0.046358104795217514,0.7680245041847229,0.00558493984863162
578,"DRMTLGY Microdermabrasion Facial Scrub and Face Mask. Non-Abrasive Face Exfoliator Improves Acne Scars, Blackheads, Pore Size, and Skin Texture. 2 oz",,nehal,Scrub for face,"Just started using it , Not any side effects so far , still I have to use face mask after this scrub because my skin is sensitive and I can’t use only scrub , has to be face mask , it’s going to open the pores from only scrub so don’t want to take chance, will continue using it if no side effects",3/2/2024,3.0,Yes,0,0.0972,0.06,0.037,0.903,0.04266410320997238,0.03342647850513458,0.04538165032863617,0.008295132778584957,0.7717527151107788,0.06757979094982147,0.03090018779039383
579,"DRMTLGY Microdermabrasion Facial Scrub and Face Mask. Non-Abrasive Face Exfoliator Improves Acne Scars, Blackheads, Pore Size, and Skin Texture. 2 oz",,Stephanie,Reaction?,"This product definitely made my face smoother, but first it made my face bright red and burned. I have sensitive skin, so maybe this product was too much for my skin.",3/20/2024,3.0,Yes,2,0.6908,0.169,0.0,0.831,0.12099574506282806,0.4582682251930237,0.009927596896886826,0.005928621627390385,0.24462556838989258,0.15446819365024567,0.00578609574586153
580,"DRMTLGY Microdermabrasion Facial Scrub and Face Mask. Non-Abrasive Face Exfoliator Improves Acne Scars, Blackheads, Pore Size, and Skin Texture. 2 oz",,violetcrystal,Too harsh for my face,Maybe I scrubbed too hard but this messed up my skin for 2 weeks. Destroyed the skin barrier. I almost feel like this should be for feet as it’s pumice stone.,3/20/2024,3.0,Yes,0,-0.7592,0.078,0.286,0.636,0.11966818571090698,0.6826835870742798,0.01808747835457325,0.0017455103807151318,0.08877349644899368,0.07671064138412476,0.012331153266131878
581,"DRMTLGY Microdermabrasion Facial Scrub and Face Mask. Non-Abrasive Face Exfoliator Improves Acne Scars, Blackheads, Pore Size, and Skin Texture. 2 oz",,Sidney B.,Not for me..,I was really looking forward to this. I have combo skin and get dry and needed something more abrasive to get the dead skin off. But it broke me out. Everytime I used it I got TONS of white heads! I figured it was just pulling the junk out of my skin and would eventually stop but it didn’t. As soon as I stopped using this my skin cleared up.. not sure if it’s an issue with the ingredients or just too harsh.. beware for sensitive skin.,4/5/2024,2.0,Yes,0,-0.9124,0.018,0.157,0.826,0.13303765654563904,0.45525500178337097,0.0910319909453392,0.001890602638013661,0.16652539372444153,0.10593178123235703,0.04632759094238281
582,"DRMTLGY Microdermabrasion Facial Scrub and Face Mask. Non-Abrasive Face Exfoliator Improves Acne Scars, Blackheads, Pore Size, and Skin Texture. 2 oz",,Mary Ann raimondi,For acne,Was hoping it would be comparable to Rodsn & Firlds microdermabrasion scrub but not same texture,12/21/2023,3.0,Yes,9,0.2263,0.119,0.0,0.881,0.00894366204738617,0.010479641146957874,0.004687607288360596,0.006438592914491892,0.8270723819732666,0.01728743687272072,0.12509077787399292
583,"DRMTLGY Microdermabrasion Facial Scrub and Face Mask. Non-Abrasive Face Exfoliator Improves Acne Scars, Blackheads, Pore Size, and Skin Texture. 2 oz",,flbeachbabe,How frustrating!,"I was so glad to get this because I've been having some slight dry skin issues on my face. I got in the shower with it and took the lid off, only to find that there's not even a ""lip"" or tab to pull the inner seal off!!! The seal is completely flush with the edge of the container all the way around, so there's absolutely nothing to get ahold of to peel off the inner seal to actually use the product!! So there I am, soaking wet in the shower, trying to just access the product, and I am unable!! I had to take the handle of my razor and stab the seal several times to finally get through it, and then product went everywhere!!! It is so simple to have a little ""pull tab"" on a product to actually be able to open it, and I can't believe this does not.",3/30/2022,3.0,Yes,0,-0.397,0.022,0.033,0.945,0.04330454766750336,0.08917539566755295,0.007377915550023317,0.045526716858148575,0.06194324418902397,0.03071679174900055,0.7219553589820862
584,"DRMTLGY Microdermabrasion Facial Scrub and Face Mask. Non-Abrasive Face Exfoliator Improves Acne Scars, Blackheads, Pore Size, and Skin Texture. 2 oz",,Stephanie Baumeister,Was excited to use this but…,"I was excited to use this product. It has a nice consistency and the granules are small. Unfortunately  it left red, very itchy patches on my cheeks. So I will be returning it.",6/18/2024,2.0,Yes,0,0.1045,0.144,0.133,0.722,0.004013907629996538,0.006960783153772354,0.0030531107913702726,0.7133033871650696,0.10981176048517227,0.1364700347185135,0.026387063786387444
585,"DRMTLGY Microdermabrasion Facial Scrub and Face Mask. Non-Abrasive Face Exfoliator Improves Acne Scars, Blackheads, Pore Size, and Skin Texture. 2 oz",,Jane,I have acne prone oily skin.,I found this product too harsh for my skin. I break out after using this. I am a woman in my 30s with adult acne.,6/12/2024,2.0,Yes,0,-0.4404,0.0,0.127,0.873,0.11452899128198624,0.5802563428878784,0.029637929052114487,0.0013109066057950258,0.04486682265996933,0.22455373406410217,0.004845421761274338
586,"DRMTLGY Microdermabrasion Facial Scrub and Face Mask. Non-Abrasive Face Exfoliator Improves Acne Scars, Blackheads, Pore Size, and Skin Texture. 2 oz",,NBell,It does work but beware if you have sensitive skin,"Out of the box I really liked this product.  But after about a week of use, I started to have a breakout.  I continued using it a couple more times and then stopped.  I was having breakouts that I haven't had since I was a teenager.  It's taken about a week for it to clear but it is starting too.Loved the texture and the smell but there is something in it that my skin just did not like.",5/16/2023,3.0,Yes,0,0.1107,0.074,0.068,0.858,0.021707680076360703,0.45014700293540955,0.03822413831949234,0.036624450236558914,0.2058110237121582,0.22108645737171173,0.02639929950237274
587,"DRMTLGY Microdermabrasion Facial Scrub and Face Mask. Non-Abrasive Face Exfoliator Improves Acne Scars, Blackheads, Pore Size, and Skin Texture. 2 oz",,Kathleen M Bransom,Mild abrasion,I’ve used this product a couple times so far. It is mildly abrasive. I would have like it to be a little more of a scrub.,10/6/2023,3.0,Yes,3,0.3612,0.106,0.0,0.894,0.07704487442970276,0.5683289766311646,0.009830587543547153,0.002986700041219592,0.3089645504951477,0.024715812876820564,0.008128457702696323
588,"DRMTLGY Microdermabrasion Facial Scrub and Face Mask. Non-Abrasive Face Exfoliator Improves Acne Scars, Blackheads, Pore Size, and Skin Texture. 2 oz",,sdb,Ok,I have been using ZO skin polish but saw good reviews for this and thought I’d save a few bucks. It is not the same quality. It is like a cream with a little fine grained sand in it. The ZO is much more dense and exfoliates much better. I’ll use it up but won’t repurchase.,6/10/2023,3.0,Yes,2,0.9517,0.266,0.0,0.734,0.022067425772547722,0.10342682152986526,0.004481506533920765,0.00960421934723854,0.8293580412864685,0.02262115105986595,0.00844088476151228
589,"DRMTLGY Microdermabrasion Facial Scrub and Face Mask. Non-Abrasive Face Exfoliator Improves Acne Scars, Blackheads, Pore Size, and Skin Texture. 2 oz",,AC,Gaping hole in the jar…,The media could not be loaded.First of all I was so exited to receive this product but upon opening the jar I was VERY disappointed to see that the jar was not full with a gaping hole in it for the price they I paid.  The jar is very small with begin with and to pay full price of $20 is unacceptable.  I either want a replacement or want a full refund.,9/9/2024,1.0,Yes,2,-0.8857,0.039,0.152,0.809,0.0765276849269867,0.021318281069397926,0.013592325150966644,0.002847233321517706,0.059627097100019455,0.7176908850669861,0.1083964928984642
590,"DRMTLGY Microdermabrasion Facial Scrub and Face Mask. Non-Abrasive Face Exfoliator Improves Acne Scars, Blackheads, Pore Size, and Skin Texture. 2 oz",,Libby,Okay,This scrub is just okay. I haven’t seen a significant difference.,12/3/2023,3.0,Yes,0,0.4019,0.346,0.0,0.654,0.02250075526535511,0.07222723960876465,0.004846091382205486,0.002969395136460662,0.8844249844551086,0.005070643033832312,0.007960894145071507
591,"DRMTLGY Microdermabrasion Facial Scrub and Face Mask. Non-Abrasive Face Exfoliator Improves Acne Scars, Blackheads, Pore Size, and Skin Texture. 2 oz",,Renna,Half full container,"I like the cream itself but it comes in a small container to begin with and upon opening, it was literally half empty already. It’s an expensive product and the least I would ask is for it to be fill. It had a bubble in the middle full of air.",10/7/2024,1.0,Yes,0,-0.1154,0.036,0.046,0.918,0.03879823908209801,0.764634907245636,0.004680069629102945,0.0013018990866839886,0.116975799202919,0.027393361553549767,0.0462157242000103
592,"DRMTLGY Microdermabrasion Facial Scrub and Face Mask. Non-Abrasive Face Exfoliator Improves Acne Scars, Blackheads, Pore Size, and Skin Texture. 2 oz",,Lilly,Freshly opened,"Opened the product and it was sealed. Peeled the seal and saw that a good portion of the product was not there due to the air pocket. This is irritating because since it is already a small product, to then have less product in the container is disappointing to say the least. Like a bag of lays chips. I have yet to try the product. If the product is good then I will edit this.",9/21/2022,3.0,Yes,3,-0.3632,0.073,0.105,0.822,0.1100994125008583,0.6455866098403931,0.002405748004093766,0.0027745552361011505,0.1883239895105362,0.02824711799621582,0.02256252057850361
593,"DRMTLGY Microdermabrasion Facial Scrub and Face Mask. Non-Abrasive Face Exfoliator Improves Acne Scars, Blackheads, Pore Size, and Skin Texture. 2 oz",,Leticia McRae,Only used once so far.,"You want reviews before we have any time to try. Used once, leaves skin feeling smooth and refreshed. Time will tell. Giving  3  stars as I don’t yet know long term effects.",4/13/2023,3.0,Yes,0,0.4939,0.161,0.0,0.839,0.004511093720793724,0.004652705043554306,0.0006852126098237932,0.18237149715423584,0.7697718739509583,0.013597974553704262,0.024409644305706024
594,"DRMTLGY Microdermabrasion Facial Scrub and Face Mask. Non-Abrasive Face Exfoliator Improves Acne Scars, Blackheads, Pore Size, and Skin Texture. 2 oz",,RJ Wallace,Terrible rash,"I should have known better.I used this product once, and 2 days later I have a terrible itchy rash along my jawline and down my neck. It’s raised, red and even more problematic near my eyes. I will not be using this product ever again. It is incredibly drying, too.In a quest to maintain exfoliated skin between my monthly facials with my esthetician I mistakenly tried this. An urgent care visit and prescription topical cream later, this rash will surely take a week to clear up. So much for any weekend plans. I wouldn’t classify myself as someone with sensitive skin, so beware!",3/14/2024,1.0,Yes,2,-0.6989,0.095,0.147,0.758,0.04570109024643898,0.27923262119293213,0.46247774362564087,0.0024786964058876038,0.09204009920358658,0.10353253036737442,0.014537197537720203
595,"DRMTLGY Microdermabrasion Facial Scrub and Face Mask. Non-Abrasive Face Exfoliator Improves Acne Scars, Blackheads, Pore Size, and Skin Texture. 2 oz",,Amazon Customer,Broken capillaries!!,"bought this because I saw some raving reviews on it on Facebook..so I decided to give it a try..at first I loved how it made my complexion more even and smooth but then, I don't know if it was a coincidence or what,but I noticed several not just one,new small broken capillaries around my side of nose and a new one on my cheek..I read microdermabrasion products can do this...I may have been rubbing it in too hard but I don't think so...very strange that right after using this I've developed hard to get rid of broken capillaries",4/13/2023,2.0,Yes,0,-0.7999,0.044,0.116,0.84,0.0036922383587807417,0.004290958400815725,0.010980702936649323,0.0017593917436897755,0.010337788611650467,0.002802722854539752,0.9661362171173096
596,"DRMTLGY Microdermabrasion Facial Scrub and Face Mask. Non-Abrasive Face Exfoliator Improves Acne Scars, Blackheads, Pore Size, and Skin Texture. 2 oz",,Blake Ahart,Inconsistent Shipping,"Great product - have ordered many times, and unfortunately only gets delivered ~50% of the time. Have never had an issue like this with any product from Amazon, so can only assume it’s on the seller’s end. Know that there’s a solid chance you’ll order, pay, and never see this scrub!",11/28/2023,2.0,Yes,0,0.8122,0.21,0.066,0.724,0.008327579125761986,0.0052569895051419735,0.00429995683953166,0.016106633469462395,0.8044140934944153,0.08807036280632019,0.07352441549301147
597,"DRMTLGY Microdermabrasion Facial Scrub and Face Mask. Non-Abrasive Face Exfoliator Improves Acne Scars, Blackheads, Pore Size, and Skin Texture. 2 oz",,Viviana,Not for sensitive skin,"I just received  this product to get rid of my black heads . Only used it once and not sure if I’ll use it again . I have very sensitive skin only left the product on for 2 mins because I started to feel my face burning and when I removed the product my face was very red . I should have done a small patch test , so that’s very important if this is your first time using it .Dont recommend for those who have sensitive skin . Apart from the redness I did see my skin a bit more clear even from first use and product does smell good.",5/4/2020,3.0,Yes,2,0.6221,0.078,0.039,0.883,0.37440377473831177,0.18020543456077576,0.018315725028514862,0.015138506889343262,0.18166068196296692,0.20062585175037384,0.029650041833519936
598,"DRMTLGY Microdermabrasion Facial Scrub and Face Mask. Non-Abrasive Face Exfoliator Improves Acne Scars, Blackheads, Pore Size, and Skin Texture. 2 oz",,Amazon Customer,Ok,"Not really for my skin didn’t notice difference unfortunately after reading all great reviews purchased, but maybe works for someone else:(",6/20/2023,3.0,Yes,0,0.2144,0.11,0.073,0.817,0.020711911842226982,0.020353825762867928,0.010039826855063438,0.012221796438097954,0.641516387462616,0.04379954934120178,0.2513568103313446
599,"DRMTLGY Microdermabrasion Facial Scrub and Face Mask. Non-Abrasive Face Exfoliator Improves Acne Scars, Blackheads, Pore Size, and Skin Texture. 2 oz",,J. Marie,ONLY FOR DRY SKIN.,"This is an alright product. I wouldn’t recommend it for people with sensitive skin or oily. There’s a few ingredients in it that I don’t like. Dimithicone is a silicone and is a pores clogging ingredient if you have a dry skin type, it’s not a huge deal. But for someone with oily or acneic skin. It will cause break outs.I’m also not a big fan of added fragrance or coloring, because they are skin irritantants.Personally I have combination skin. I hardly ever get inflamed acne. But a couple days after using this products two big rudolf pimples showed up on my nose.There are better products out there.",8/21/2020,3.0,Yes,2,0.3008,0.084,0.063,0.853,0.03209370747208595,0.6440701484680176,0.012343106791377068,0.002504386007785797,0.26377952098846436,0.04159904643893242,0.0036101313307881355
600,"DRMTLGY Microdermabrasion Facial Scrub and Face Mask. Non-Abrasive Face Exfoliator Improves Acne Scars, Blackheads, Pore Size, and Skin Texture. 2 oz",,Audrey Oliver,Sandpaper scrub,Very confused as to all of the reviews saying this product feels nice while it’s on the skin. It has 0 slip to it so it feels like you’re literally plastering sand onto your face and rubbing it..,8/2/2024,1.0,Yes,0,0.4535,0.132,0.062,0.807,0.010003717616200447,0.27570584416389465,0.007782904896885157,0.027174819260835648,0.6200849413871765,0.021135760471224785,0.038112059235572815
601,"DRMTLGY Microdermabrasion Facial Scrub and Face Mask. Non-Abrasive Face Exfoliator Improves Acne Scars, Blackheads, Pore Size, and Skin Texture. 2 oz",,Cindy,Alright,"I forgot to check reviews before purchasing so the fact that it came half full was a bit of a surprise. I'm not sure if that's due to manhandling or the product itself tho. It has a very faint smell that's pleasant and not too strong. Lastly, I know people have said that it's gentle and the grains are small but I actually thought they were a lot rougher than what I was used to. It still gets the dead skin cells off tho, so can't complain. Will have to use it a bit longer to see if there are any results and if I'll purchase again, but so far so good.",11/5/2019,3.0,Yes,2,0.6195,0.121,0.078,0.801,0.0036121555604040623,0.1867162436246872,0.011112826876342297,0.24492141604423523,0.27713656425476074,0.013778270222246647,0.26272258162498474
602,"DRMTLGY Microdermabrasion Facial Scrub and Face Mask. Non-Abrasive Face Exfoliator Improves Acne Scars, Blackheads, Pore Size, and Skin Texture. 2 oz",,Darek Krasinski,Hard to rinse off and not full!,Underwhelmed by this product. It arrived under filled and it’s very difficult to rinse off thoroughly. Extremely gritty texture leaves sand like particles in eyelashes during the rinse process.,1/5/2024,2.0,Yes,0,-0.0754,0.077,0.086,0.836,0.015206077136099339,0.3123045265674591,0.29735100269317627,0.003170548938214779,0.04432731866836548,0.1051739901304245,0.22246646881103516
603,"DRMTLGY Microdermabrasion Facial Scrub and Face Mask. Non-Abrasive Face Exfoliator Improves Acne Scars, Blackheads, Pore Size, and Skin Texture. 2 oz",,Debra L.,Caused rashes on face,Too harsh. Tried using a few times a week. Caused a rash on my face.,9/13/2024,1.0,Yes,0,-0.6808,0.0,0.359,0.641,0.5343914031982422,0.26815158128738403,0.014826152473688126,0.0013588741421699524,0.04179135710000992,0.13575416803359985,0.003726480295881629
604,"DRMTLGY Microdermabrasion Facial Scrub and Face Mask. Non-Abrasive Face Exfoliator Improves Acne Scars, Blackheads, Pore Size, and Skin Texture. 2 oz",,Joe W.,FALSE ADVERTISING,The product description says fragrance free however in the continued ingredients there is fragrance.,9/6/2024,1.0,Yes,2,0.5106,0.202,0.0,0.798,0.012673471122980118,0.3648930788040161,0.004855000413954258,0.005107189994305372,0.5883556008338928,0.018425583839416504,0.005690069869160652
605,"DRMTLGY Microdermabrasion Facial Scrub and Face Mask. Non-Abrasive Face Exfoliator Improves Acne Scars, Blackheads, Pore Size, and Skin Texture. 2 oz",,Amazon Customer,New recipe made me breakout like crazy,"I’ve been using this for a year and a half and it always did wonders for my skin. I loved it and it made my skin feel smooth and clean afterwards with no issues. However, I noticed they changed the recipe in this. I could tell by how it looked so I compared my bottles - same product but slightly different stuff in it. Well, my skin broke out in a rash on my forehead and I have pimples on my cheeks and chin. I NEVER had problems with breakouts my entire life, seriously. After stopping all products to let my skin heal I finally used this again and I immediately got bumps all over my face. Sad to say this about something I loved, but it’s the truth.",2/21/2022,2.0,Yes,2,0.293,0.13,0.122,0.748,0.016603639349341393,0.11789785325527191,0.00963856652379036,0.02084822580218315,0.6851813793182373,0.08116306364536285,0.06866728514432907
606,"DRMTLGY Microdermabrasion Facial Scrub and Face Mask. Non-Abrasive Face Exfoliator Improves Acne Scars, Blackheads, Pore Size, and Skin Texture. 2 oz",,A Rabbit's Tale,Fine Grit,"I have dry skin which needs semi-regular exfoliation. I had been looking for a skin ""scrub"" which was gentle and did not contain goodness Walnut she's or apricot pits which always tend to abrade my face. The texture of this facial is like the fine grit used in the last stage of rock polishing/tumbling. It is a very uncomfortable feel. While I don't feel that it abrades my skin, it doesn't leave it softened either. Not what I was looking for, bit may work for younger skin. (I am 60 years of age.)",12/19/2019,3.0,Yes,0,0.2441,0.088,0.057,0.855,0.007543026469647884,0.650123119354248,0.14959342777729034,0.003216913901269436,0.14989402890205383,0.03228195011615753,0.007347606588155031
607,"DRMTLGY Microdermabrasion Facial Scrub and Face Mask. Non-Abrasive Face Exfoliator Improves Acne Scars, Blackheads, Pore Size, and Skin Texture. 2 oz",,Robert,Facial cream,When we got it was cracked but still used it,3/24/2024,2.0,Yes,0,0.0,0.0,0.0,1.0,0.146498903632164,0.19394750893115997,0.009330188855528831,0.0043479627929627895,0.32015568017959595,0.267093300819397,0.05862651392817497
608,"DRMTLGY Microdermabrasion Facial Scrub and Face Mask. Non-Abrasive Face Exfoliator Improves Acne Scars, Blackheads, Pore Size, and Skin Texture. 2 oz",,Sharon,Nothing Earth Shattering...,"It's decent. Good exfoliator / scrub, that's it. I've had cheaper scrubs with larger amount of product be much better.",4/17/2023,3.0,Yes,0,0.7003,0.254,0.0,0.746,0.0078996941447258,0.12021220475435257,0.0017417257186025381,0.05331333354115486,0.7995284199714661,0.009523803368210793,0.007780797313898802
609,"DRMTLGY Microdermabrasion Facial Scrub and Face Mask. Non-Abrasive Face Exfoliator Improves Acne Scars, Blackheads, Pore Size, and Skin Texture. 2 oz",,Lisa M. Crosby,Just Average For Me,"I purchased this based on all the positive reviews. It’s not as exfoliating as I had hoped. It smells nice and is moisturizing, but I wish it did a better job exfoliating:(",9/13/2022,3.0,Yes,0,0.9081,0.368,0.0,0.632,0.006691455375403166,0.08108105510473251,0.005078006070107222,0.0686117485165596,0.6299880146980286,0.18636080622673035,0.02218889445066452
610,"DRMTLGY Microdermabrasion Facial Scrub and Face Mask. Non-Abrasive Face Exfoliator Improves Acne Scars, Blackheads, Pore Size, and Skin Texture. 2 oz",,Terri Williams,Not too 'gritty',"I have had microdermabrasion done at spas before.  Some use a scrub that feels like sandpaper and others use something that you would hardly notice.  This isn't like sandpaper but you do notice that you have something 'gritty' rubbing your skin.As I get older, the less abrasive stuff I want to use on my face.  I have enough problems without making my face red from having it rubbed with sandpaper.  This is very easy to use, low odor and not very abrasive.  I know that I am using something rougher than just a foam cleanser but after I am done, my face is still intact with no red or angry looking areas.  That is a plus.",9/26/2024,5.0,Yes,8,-0.6604,0.091,0.111,0.798,0.1067245677113533,0.6592565774917603,0.011312196031212807,0.004194745793938637,0.1663624495267868,0.04514915123581886,0.007000416982918978
611,"DRMTLGY Microdermabrasion Facial Scrub and Face Mask. Non-Abrasive Face Exfoliator Improves Acne Scars, Blackheads, Pore Size, and Skin Texture. 2 oz",,Candace Johnson,Feels so good!,I have had skin cancer and treatments on my face.  This scrub is wonderful.  It helps even out my skin tone and get rid of the dry flaky patches.  I would highly recommend this scrub.,10/28/2024,5.0,Yes,0,0.5709,0.214,0.104,0.682,0.008196933194994926,0.08662091940641403,0.019614381715655327,0.39627671241760254,0.3920672535896301,0.08703572303056717,0.010188028216362
612,"DRMTLGY Microdermabrasion Facial Scrub and Face Mask. Non-Abrasive Face Exfoliator Improves Acne Scars, Blackheads, Pore Size, and Skin Texture. 2 oz",,Shirlmart,This is a great scrub!,This scrub is really good. Its small granules and not to harsh on your skin. It washes off easily and leaves your skin soft and smooth.,10/29/2024,5.0,Yes,0,0.7905,0.258,0.0,0.742,0.018992740660905838,0.1804858297109604,0.0035496142227202654,0.037506647408008575,0.7285398840904236,0.02381339855492115,0.007111883256584406
613,"DRMTLGY Microdermabrasion Facial Scrub and Face Mask. Non-Abrasive Face Exfoliator Improves Acne Scars, Blackheads, Pore Size, and Skin Texture. 2 oz",,angie,great,"this product exfoliates super well! my only complaint is that it has a really strong fragrance, and i tend to avoid putting perfumey things on my face, but other than that it really works",10/13/2024,4.0,Yes,0,0.5249,0.179,0.087,0.734,0.030963798984885216,0.08127863705158234,0.002072157571092248,0.41957011818885803,0.38872700929641724,0.031719643622636795,0.04566856101155281
614,"DRMTLGY Microdermabrasion Facial Scrub and Face Mask. Non-Abrasive Face Exfoliator Improves Acne Scars, Blackheads, Pore Size, and Skin Texture. 2 oz",,Kathleen D.,Love it,I just recently gave this product line a try. This facial scrub is mild but also does its job leaving my skin feel clean and refreshed.,10/28/2024,5.0,Yes,0,0.5499,0.134,0.0,0.866,0.005367278587073088,0.0241522416472435,0.0008329839329235256,0.6240243911743164,0.31609904766082764,0.021359864622354507,0.00816421676427126
615,"DRMTLGY Microdermabrasion Facial Scrub and Face Mask. Non-Abrasive Face Exfoliator Improves Acne Scars, Blackheads, Pore Size, and Skin Texture. 2 oz",,Nicole,LOVE IT,I have sensitive acne prone skin.  I've been using it every other day for about two weeks.  I love it!!!!!! My skin looks amazing in the morning.  Do this at night as you might get pretty red.  The scrub is very very fine which I love.  Not too abrasive either,10/8/2024,5.0,Yes,0,0.9635,0.311,0.0,0.689,0.14464889466762543,0.14036260545253754,0.04344538599252701,0.13699640333652496,0.28019750118255615,0.07505423575639725,0.17929498851299286
616,"DRMTLGY Microdermabrasion Facial Scrub and Face Mask. Non-Abrasive Face Exfoliator Improves Acne Scars, Blackheads, Pore Size, and Skin Texture. 2 oz",,marie,DRMTLGY Microdermabrasion Facial Scrub and Face Mask,"Twice a week is all needed for clean, moisturizing your face, non-drying, awesome....",11/1/2024,5.0,Yes,0,0.4019,0.197,0.0,0.803,0.012007774785161018,0.03557068482041359,0.003455360885709524,0.16267132759094238,0.7222754955291748,0.021221067756414413,0.04279835522174835
617,"DRMTLGY Microdermabrasion Facial Scrub and Face Mask. Non-Abrasive Face Exfoliator Improves Acne Scars, Blackheads, Pore Size, and Skin Texture. 2 oz",,Stephanie Bailey,GREAT PRODUCT OVERALL!,"I really like the DRMTLGY brand. After years of struggling with skin issues and trying to find a product that didn’t enhance my pores or make my skin too oily, I finally learned that I needed to be on the search for a good facial scrub (esthetician recommended) I came across this brand that seemed to have a lot of the ingredients we talked about for sensitive skin! Reviews were great, so I purchased. This is something you should only use 2-3 times a week, but I use it maybe once every 2 weeks (only pea sized amount). You notice a difference in skin texture, tone and vibrancy immediately after use! The only downfall to this product is that it leaves a film like texture for around 48hrs (for me at least). When I go to apply my makeup the next morning, I have noticed my foundation does not adhere to my face as usual and gives it a “cakey” look. I also experience this same issue after I get professional facials, so it may be certain products that don’t mix well.All in all, it’s a great scrub! This Microdermabrasion gives your skin a glowing/clean feeling as it uses the fine grit exfoliation to free any dirt and oil that may be lingering on your face after a long day.Jump in the shower for better effects (warm water opens pores), scrub well all over face, then gentle rinse and pat. It’s well worth the cost to give it a try (especially if you have sensitive skin like me)",7/18/2024,5.0,Yes,18,0.991,0.173,0.018,0.809,0.006784123834222555,0.03253821283578873,0.0018718716455623507,0.09317141026258469,0.8386834859848022,0.008324080146849155,0.01862688548862934
618,"DRMTLGY Microdermabrasion Facial Scrub and Face Mask. Non-Abrasive Face Exfoliator Improves Acne Scars, Blackheads, Pore Size, and Skin Texture. 2 oz",,KARRIE R.,Very fine particles and chock full of scrubbers.,"Cream type base and essentially all scrubber particles. Particles are very fine. A little goes a long way. Use to help peel off dead skin from Retin-a use. Leaves my skin tight, shiny and glowing. I don’t know the quality of the cream the “scrub” is suspended in but as far as the exfoliating quality it’s as good or better than any of the very expensive scrubs and I rarely have found a scrubbing exfoliation product that is as dense as this one. Highly recommend.",9/24/2024,5.0,Yes,10,0.8775,0.16,0.051,0.789,0.009267782792448997,0.24217066168785095,0.003585155587643385,0.01719089224934578,0.7122842073440552,0.009542129933834076,0.005959231406450272
619,"DRMTLGY Microdermabrasion Facial Scrub and Face Mask. Non-Abrasive Face Exfoliator Improves Acne Scars, Blackheads, Pore Size, and Skin Texture. 2 oz",,Natalie Johnson,Love,Love this,10/30/2024,5.0,Yes,0,0.6369,0.808,0.0,0.192,0.012060078792273998,0.014548137784004211,0.0009904196485877037,0.5726927518844604,0.3592337667942047,0.01726236753165722,0.023212606087327003
620,"DRMTLGY Microdermabrasion Facial Scrub and Face Mask. Non-Abrasive Face Exfoliator Improves Acne Scars, Blackheads, Pore Size, and Skin Texture. 2 oz",,me,Great product,Makes my skin very smooth.,10/28/2024,5.0,Yes,0,0.0,0.0,0.0,1.0,0.004914885852485895,0.028755055740475655,0.003156776772812009,0.12235042452812195,0.8137654066085815,0.022018447518348694,0.0050389752723276615
621,"DRMTLGY Microdermabrasion Facial Scrub and Face Mask. Non-Abrasive Face Exfoliator Improves Acne Scars, Blackheads, Pore Size, and Skin Texture. 2 oz",,Florida sunshine,Good exfoliating,Great and easy to use! Skin feels soft after application,10/21/2024,5.0,Yes,0,0.807,0.477,0.0,0.523,0.003105544950813055,0.0182313434779644,0.0015719274524599314,0.8035141825675964,0.14906921982765198,0.014335475862026215,0.01017226092517376
622,"DRMTLGY Microdermabrasion Facial Scrub and Face Mask. Non-Abrasive Face Exfoliator Improves Acne Scars, Blackheads, Pore Size, and Skin Texture. 2 oz",,Martha Rebecca Tipton,Amazing,I was buying something similar that cost three times as much. My face feels amazing!!,10/18/2024,5.0,Yes,0,0.658,0.252,0.0,0.748,0.005268080625683069,0.0025318677071481943,0.005892863031476736,0.016373123973608017,0.006523862015455961,0.0013271281495690346,0.9620830416679382
623,"DRMTLGY Microdermabrasion Facial Scrub and Face Mask. Non-Abrasive Face Exfoliator Improves Acne Scars, Blackheads, Pore Size, and Skin Texture. 2 oz",,Michael G.,New favorite,This is my favorite face product! It works well! My face feels so soft afterwards.,10/14/2024,5.0,Yes,0,0.6892,0.304,0.0,0.696,0.006342324893921614,0.17907534539699554,0.004102933220565319,0.3278004229068756,0.3995981812477112,0.06452573835849762,0.018554991111159325
624,"DRMTLGY Microdermabrasion Facial Scrub and Face Mask. Non-Abrasive Face Exfoliator Improves Acne Scars, Blackheads, Pore Size, and Skin Texture. 2 oz",,Pollyanna M Malone,Improved skin texture and look,"This was suggested by a coworker, not exactly this one but the brand. She talked about how it made her face feel n look after using and she is in her 50’ s . I’m in my 40’s and have been exposed to a lot of harsh weather during my service time and this stuff is amazing. Really made my skin feel smooth, closed up the large pores. I use it 2-3 times a week and I have gotten to the point I wear little to no foundation because of how it was helped my over skin appearance.",9/2/2024,5.0,Yes,4,-0.1236,0.053,0.078,0.868,0.012540343217551708,0.04296132177114487,0.005607808008790016,0.09688850492238998,0.6663268208503723,0.027391131967306137,0.14828404784202576
625,"DRMTLGY Microdermabrasion Facial Scrub and Face Mask. Non-Abrasive Face Exfoliator Improves Acne Scars, Blackheads, Pore Size, and Skin Texture. 2 oz",,Steve Holt,True Grit!,Much more grit then even Kate Sommerville exfolikate! Really feels like a spa like microdermabrasion! Would recommend!!,10/11/2024,5.0,Yes,0,0.8491,0.415,0.0,0.585,0.007293406408280134,0.015915267169475555,0.0029719264712184668,0.6764747500419617,0.21261566877365112,0.0109533267095685,0.0737757459282875
626,"DRMTLGY Microdermabrasion Facial Scrub and Face Mask. Non-Abrasive Face Exfoliator Improves Acne Scars, Blackheads, Pore Size, and Skin Texture. 2 oz",,tkat,Love,"Leaves your face feeling refreshed. Tingles for about 5 minutes after use, but makes your skin feel perfectly smooth.",10/9/2024,5.0,Yes,0,0.7935,0.306,0.0,0.694,0.004102913662791252,0.010628522373735905,0.0006117974407970905,0.7372329235076904,0.22241036593914032,0.018648819997906685,0.006364667322486639
627,"DRMTLGY Microdermabrasion Facial Scrub and Face Mask. Non-Abrasive Face Exfoliator Improves Acne Scars, Blackheads, Pore Size, and Skin Texture. 2 oz",,debra l ramirez,Happy camper,There is absolutely nothing that I didn’t like about this product. I got compliments on my skin and I am very pleased,10/7/2024,5.0,Yes,0,0.5835,0.246,0.088,0.667,0.0018448338378220797,0.0039597852155566216,0.000436486880062148,0.9813951849937439,0.006845246534794569,0.0020094572100788355,0.003508881200104952
628,"DRMTLGY Microdermabrasion Facial Scrub and Face Mask. Non-Abrasive Face Exfoliator Improves Acne Scars, Blackheads, Pore Size, and Skin Texture. 2 oz",,KitKat,A very good product,It works very well. Noticed a difference after first use. Face was smoother appearing and feeling. It had very fine exfoliation to get more of a face polish affect. Just what I was hoping for.,9/28/2024,5.0,Yes,0,0.7774,0.239,0.0,0.761,0.007753570098429918,0.05842016264796257,0.004153725225478411,0.0363934189081192,0.8397896885871887,0.01641206257045269,0.037077397108078
629,"DRMTLGY Microdermabrasion Facial Scrub and Face Mask. Non-Abrasive Face Exfoliator Improves Acne Scars, Blackheads, Pore Size, and Skin Texture. 2 oz",,David Whittaker,Cleared my skin,"I have been wearing makeup everyday for 15 years. I bought this and a few weeks later I ran out of coverup. I noticed that my skin actually looked amazing without coverup, so I just stopped using it! This product smoothed my skin and got rid of my insecurities.",9/20/2024,5.0,Yes,0,-0.1206,0.077,0.107,0.815,0.03086261637508869,0.1652570366859436,0.013132845982909203,0.26455315947532654,0.23545975983142853,0.10039199888706207,0.19034254550933838
630,"DRMTLGY Microdermabrasion Facial Scrub and Face Mask. Non-Abrasive Face Exfoliator Improves Acne Scars, Blackheads, Pore Size, and Skin Texture. 2 oz",,skyler cohen,I’ve purchased this a few times!,Slowly purchasing more of this line and loving it!! Very refreshing product,10/10/2024,5.0,Yes,0,0.6688,0.29,0.0,0.71,0.0011748741380870342,0.0010819867020472884,0.00040789987542666495,0.9711765050888062,0.0146631533280015,0.0022581315133720636,0.0092374412342906
631,"DRMTLGY Microdermabrasion Facial Scrub and Face Mask. Non-Abrasive Face Exfoliator Improves Acne Scars, Blackheads, Pore Size, and Skin Texture. 2 oz",,Suzie Kay,Good product …a little goes a long way,"This product is very textured so if you don’t like the little rough beads, this might not be for you and it’s kind of hard to completely get off the face everywhere but it does exactly what it’s supposed to do which is manual exfoliation",9/20/2024,5.0,Yes,0,0.1036,0.038,0.029,0.933,0.008221352472901344,0.15096688270568848,0.0024609146639704704,0.007397372275590897,0.8147631883621216,0.009077051654458046,0.007113186176866293
632,"DRMTLGY Microdermabrasion Facial Scrub and Face Mask. Non-Abrasive Face Exfoliator Improves Acne Scars, Blackheads, Pore Size, and Skin Texture. 2 oz",,Jill,A new favorite,"I use an app called OnSkin to find healthy/clean beauty and skincare products. This was a match for my skin type and rated well for ingredients so I opted to try it out - just amazing. I use it in the shower about 2-3x/week and my face feels so smooth and fresh after. Usually exfoliating beads are too big, but these are small like sand grains— I only use a small amount each time, feels like it will last awhile!",9/2/2024,5.0,Yes,3,0.9173,0.182,0.0,0.818,0.00789227057248354,0.013926471583545208,0.0024252324365079403,0.3156854808330536,0.4025779664516449,0.008394397795200348,0.24909822642803192
633,"DRMTLGY Microdermabrasion Facial Scrub and Face Mask. Non-Abrasive Face Exfoliator Improves Acne Scars, Blackheads, Pore Size, and Skin Texture. 2 oz",,Kaleb Brooks,Best Scrub,"Tried other exfoliating scrubs, but this is the best one on the market. It lasts quite a while also.",10/5/2024,5.0,Yes,0,0.7783,0.254,0.0,0.746,0.0036006334703415632,0.026573142036795616,0.001055892207659781,0.09116789698600769,0.8238899111747742,0.015887660905718803,0.037824880331754684
634,"DRMTLGY Microdermabrasion Facial Scrub and Face Mask. Non-Abrasive Face Exfoliator Improves Acne Scars, Blackheads, Pore Size, and Skin Texture. 2 oz",,Nelly,Works great,"I use this every week, and definitely have noticed a difference my skin is more clear my nose black heads are gone. Love it",9/29/2024,5.0,Yes,0,0.8687,0.34,0.0,0.66,0.009372738189995289,0.018586261197924614,0.00108568265568465,0.07150416821241379,0.8534712195396423,0.018267326056957245,0.027712658047676086
635,"DRMTLGY Microdermabrasion Facial Scrub and Face Mask. Non-Abrasive Face Exfoliator Improves Acne Scars, Blackheads, Pore Size, and Skin Texture. 2 oz",,Tanya,Effective and powerful scrub but gentle,"I’ve been on the hunt, for years, for an effective microdermabrasion scrub. My previous brand was discontinued and I thought I would never find a comparable. I did. This product is even better — an effective and powerful scrub but so gentle on my skin. I am really happy I tried this product.",9/15/2024,5.0,Yes,0,0.9555,0.317,0.0,0.683,0.0010359386214986444,0.0013027534587308764,0.00034869826049543917,0.9731428623199463,0.01078482810407877,0.005158036015927792,0.008226796984672546
636,"DRMTLGY Microdermabrasion Facial Scrub and Face Mask. Non-Abrasive Face Exfoliator Improves Acne Scars, Blackheads, Pore Size, and Skin Texture. 2 oz",,MERLINA MARCELLIN,good product,works well on the face,9/26/2024,4.0,Yes,0,0.2732,0.344,0.0,0.656,0.018515922129154205,0.014511154033243656,0.003609247272834182,0.10288442671298981,0.8152784705162048,0.02732197381556034,0.01787870191037655
637,"DRMTLGY Microdermabrasion Facial Scrub and Face Mask. Non-Abrasive Face Exfoliator Improves Acne Scars, Blackheads, Pore Size, and Skin Texture. 2 oz",,Lisdeyni Gonzalez,Buena crema,"Ha sido un buen exfoliante para la cara, me ha ayudado con unas manchas en la cara y me deja la piel suave, la recomiendo mucho.",9/25/2024,5.0,Yes,0,0.7783,0.262,0.0,0.738,0.04580875486135483,0.08307346701622009,0.024602705612778664,0.08966835588216782,0.6568635106086731,0.05906151607632637,0.04092172160744667
638,"DRMTLGY Microdermabrasion Facial Scrub and Face Mask. Non-Abrasive Face Exfoliator Improves Acne Scars, Blackheads, Pore Size, and Skin Texture. 2 oz",,Randy,A real face smoothie!,"Product goes on a bit sandy, somewhat difficult to spread...however, it does such a great job of smoothing out skin / face / neck. I look very polished after using it - shining bright after application of my moisturizer!  I do believe that I will only use it 3X / week at most as I see where it could cause facial drying if overused.  (I have also used a wee, tiny bit of moist fingers to apply product to tone down the sandy feel of applying it...it still works just as great).",8/15/2024,5.0,Yes,0,0.7257,0.083,0.025,0.891,0.011173902079463005,0.02520810067653656,0.00417639035731554,0.36892569065093994,0.5368169546127319,0.032583799213171005,0.021115180104970932
639,"DRMTLGY Microdermabrasion Facial Scrub and Face Mask. Non-Abrasive Face Exfoliator Improves Acne Scars, Blackheads, Pore Size, and Skin Texture. 2 oz",,Sharesher,Nice product,"Good light scent to this product and nice fine, micro beads, gentle exfoliation.",9/7/2024,4.0,Yes,0,0.8555,0.536,0.0,0.464,0.010511161759495735,0.599362850189209,0.0029890306759625673,0.0657615065574646,0.30094224214553833,0.01649574376642704,0.003937468398362398
640,"DRMTLGY Microdermabrasion Facial Scrub and Face Mask. Non-Abrasive Face Exfoliator Improves Acne Scars, Blackheads, Pore Size, and Skin Texture. 2 oz",,Stephanie Youngblood,Best Facial Scrub Ive tried!,I've tried several facial scrubs through out the years. Some leave my face really dry and others leave an oily residue. This scrub goes a long way. You don't need much to scrub your face. I use it about 3 times a week and it helps with black heads on my nose. Even my husband loves this facial scrub.,8/23/2024,5.0,Yes,0,0.7096,0.106,0.04,0.854,0.01657629944384098,0.5925573706626892,0.004977962002158165,0.004227100871503353,0.35341718792915344,0.02365836687386036,0.004585850052535534
641,"DRMTLGY Microdermabrasion Facial Scrub and Face Mask. Non-Abrasive Face Exfoliator Improves Acne Scars, Blackheads, Pore Size, and Skin Texture. 2 oz",,Faye Powell,Goop Dupe!!,"The scrub texture of this product is amazing! I’m addicted and thrilled about this product!  I had a sample of Goop scrub from sephora and loved it, but had absolutely no intention of spending $125 to buy it.  This stuff perfectly replaces it.",9/1/2024,5.0,Yes,2,0.8734,0.251,0.062,0.687,0.003265397623181343,0.0023183131124824286,0.0011352722067385912,0.9414902925491333,0.026188887655735016,0.0014851756859570742,0.024116581305861473
642,"DRMTLGY Microdermabrasion Facial Scrub and Face Mask. Non-Abrasive Face Exfoliator Improves Acne Scars, Blackheads, Pore Size, and Skin Texture. 2 oz",,Amazon Customer,Great exfoliant!,"This product is far superior to any product I’ve ever used.  The “grit” is so tiny, that it doesn’t feel like scrubbing rocks on my face.  It even got rid of the blackheads on my nose that I have NEVER been able to get rid of.  I told my hubs to use it for his large nose pores.  This is a keeper!",8/21/2024,5.0,Yes,3,0.7424,0.099,0.0,0.901,0.02488105744123459,0.29048824310302734,0.010646935552358627,0.034044548869132996,0.5236756205558777,0.01578988879919052,0.10047366470098495
643,"DRMTLGY Microdermabrasion Facial Scrub and Face Mask. Non-Abrasive Face Exfoliator Improves Acne Scars, Blackheads, Pore Size, and Skin Texture. 2 oz",,Adri,Love this!,"I have sensitive skin, and I love this product. It leaves my face really soft and even though it's a exfoliating cream, it is very gentle.",9/6/2024,5.0,Yes,0,0.8122,0.26,0.0,0.74,0.008164139464497566,0.17303566634655,0.00228925165720284,0.5675116181373596,0.2232947051525116,0.02149001508951187,0.004214633721858263
644,"DRMTLGY Microdermabrasion Facial Scrub and Face Mask. Non-Abrasive Face Exfoliator Improves Acne Scars, Blackheads, Pore Size, and Skin Texture. 2 oz",,Theresa B,Works,I believe it really works! My skin feels really clean and smooth.,8/17/2024,4.0,Yes,0,0.5081,0.247,0.0,0.753,0.015687650069594383,0.032356906682252884,0.001255817012861371,0.44777753949165344,0.3626357316970825,0.008659396320581436,0.13162697851657867
645,"DRMTLGY Microdermabrasion Facial Scrub and Face Mask. Non-Abrasive Face Exfoliator Improves Acne Scars, Blackheads, Pore Size, and Skin Texture. 2 oz",,Janel Miller,Skin feels amazing,I love dermatology products! I have the tinted moisturizer as well and they are both great! It really exfoliates your skin and you feel rejuvenated and all the dead skin cells are gone! I'll be purchasing again!,7/30/2024,4.0,Yes,0,0.8057,0.247,0.092,0.661,0.0021043121814727783,0.0036518918350338936,0.0002931988565251231,0.9639450907707214,0.021707583218812943,0.00458921305835247,0.003708801232278347
646,"DRMTLGY Microdermabrasion Facial Scrub and Face Mask. Non-Abrasive Face Exfoliator Improves Acne Scars, Blackheads, Pore Size, and Skin Texture. 2 oz",,Deanna J,Holy Grail face scrub,"I have a fair share of skin imperfections, my skin can be dry, large pores, discolored, and now at 27 I have begun developing fine lines on my forehead and around my eyes (I went from acne straight to wrinkles, go figure). I loved Neutrogenas microdermabrasion system and I was very upset when it was discontinued, I have not tried any other microdermabrasion products until now.. and I am so happy that I did! I used this immediately after it was delivered and it's perfect! Honestly much more than the scrub pads ever gave my skin. I honestly feel like I'm glowing and call me crazy but my fine lines look softer after one use, let alone a baby soft face and bright skin. Will probably be using this forever until it is discontinued like everything else I love, but for now we will stay positive 😆",6/26/2024,5.0,Yes,14,0.9848,0.247,0.038,0.715,0.006935427896678448,0.0013573374599218369,0.00045287853572517633,0.9444973468780518,0.012842350639402866,0.014625366777181625,0.019289275631308556
647,"DRMTLGY Microdermabrasion Facial Scrub and Face Mask. Non-Abrasive Face Exfoliator Improves Acne Scars, Blackheads, Pore Size, and Skin Texture. 2 oz",,Den Motta,Meh,"I like it alright. Makes the sebaceous filaments on my nose less visible. Smells pretty strong, which I am not a fan of. I do not know why they always put scent in facial products, makes no sense to me, Even if you don't have a sensitivity to it, it can't be great for your skin. I don't think I will buy it again because of the scent. A very little goes a long way and the exfoliation ""sand"" or whatever it is called, the main exfoliant part, is very fine.",5/22/2024,4.0,Yes,4,0.6568,0.136,0.079,0.785,0.00786900520324707,0.8915004134178162,0.004198694135993719,0.004502801690250635,0.08071369677782059,0.009308758191764355,0.0019065525848418474
648,"DRMTLGY Microdermabrasion Facial Scrub and Face Mask. Non-Abrasive Face Exfoliator Improves Acne Scars, Blackheads, Pore Size, and Skin Texture. 2 oz",,JC,Clean,"Very gentle scrubbing. I wash my face, apply this and leave it on for a couple minutes before rubbing it off. Skin always feels fresh after.",7/20/2024,4.0,Yes,0,0.6478,0.198,0.043,0.758,0.009028006345033646,0.18463566899299622,0.003851636778563261,0.024246493354439735,0.7489349842071533,0.019319508224725723,0.009983756579458714
649,"DRMTLGY Microdermabrasion Facial Scrub and Face Mask. Non-Abrasive Face Exfoliator Improves Acne Scars, Blackheads, Pore Size, and Skin Texture. 2 oz",,lynda smith,perfect,ive been looking for a small grained exfoliant and this fits the bill.a very small amount does the trick.,8/31/2024,5.0,Yes,0,-0.0516,0.0,0.066,0.934,0.008436191827058792,0.004326025024056435,0.0010242630960419774,0.18253891170024872,0.6830306649208069,0.020248794928193092,0.10039503127336502
650,"DRMTLGY Microdermabrasion Facial Scrub and Face Mask. Non-Abrasive Face Exfoliator Improves Acne Scars, Blackheads, Pore Size, and Skin Texture. 2 oz",,Dominique Oehme,Love it,"Love this product I use it like it’s directed two times a week. Just a little bit goes a long way and the scrub oh my God it feels so good. I can feel the dead skin coming off. My face feels great after I rinse it off. Nice and smooth love this product and the sad thing is I found this product on Snapchat, and love it",5/30/2024,4.0,Yes,0,0.9659,0.323,0.086,0.591,0.0013627863954752684,0.004391332156956196,0.0011578663252294064,0.1241258829832077,0.025198837742209435,0.8244025707244873,0.019360685721039772
651,"DRMTLGY Microdermabrasion Facial Scrub and Face Mask. Non-Abrasive Face Exfoliator Improves Acne Scars, Blackheads, Pore Size, and Skin Texture. 2 oz",,HG,Love this!,"Great deal and really effective! I was looking for a mask that was a good scrub, too, and this is it!",8/26/2024,5.0,Yes,0,0.8996,0.423,0.0,0.577,0.014458109624683857,0.030340852215886116,0.001899262424558401,0.3576418161392212,0.4824329614639282,0.006234506610780954,0.1069924607872963
652,"DRMTLGY Microdermabrasion Facial Scrub and Face Mask. Non-Abrasive Face Exfoliator Improves Acne Scars, Blackheads, Pore Size, and Skin Texture. 2 oz",,ra,Great,Love this,9/10/2024,5.0,Yes,0,0.6369,0.808,0.0,0.192,0.012060078792273998,0.014548137784004211,0.0009904196485877037,0.5726927518844604,0.3592337667942047,0.01726236753165722,0.023212606087327003
653,"DRMTLGY Microdermabrasion Facial Scrub and Face Mask. Non-Abrasive Face Exfoliator Improves Acne Scars, Blackheads, Pore Size, and Skin Texture. 2 oz",,Suzanne Coopersmith,Facial scrub,I was a bit disappointed because it was only 3/4 full when I opened it. I do like it though.,7/4/2024,4.0,Yes,2,-0.1531,0.128,0.158,0.714,0.006765922997146845,0.011989624239504337,0.002318172948434949,0.08051077276468277,0.35134050250053406,0.33143413066864014,0.2156408131122589
654,"DRMTLGY Microdermabrasion Facial Scrub and Face Mask. Non-Abrasive Face Exfoliator Improves Acne Scars, Blackheads, Pore Size, and Skin Texture. 2 oz",,Karih,Good Investment,"I was skeptical because the container is small but a little bit goes a long way. Once it was washed away skin was smooth, clean smelling and refreshed. Use 3 times a week for best results. It's actually a nice product overall.",8/2/2024,5.0,Yes,0,0.9246,0.279,0.035,0.685,0.006197028793394566,0.023561552166938782,0.04711388424038887,0.10602270066738129,0.7756192684173584,0.004437238443642855,0.03704840689897537
655,"DRMTLGY Microdermabrasion Facial Scrub and Face Mask. Non-Abrasive Face Exfoliator Improves Acne Scars, Blackheads, Pore Size, and Skin Texture. 2 oz",,Anonymous V,Smooth skin,I was having flaky dry skin on my cheeks and forehead. I’m turning 50 and up till now had oily skin but it’s changed. I tried a couple drug store exfoliations with zero success. Ordered this based on reviews and so far I’m pleased. I’ve used it three times in the span of a week. First use I saw slight improvement. Second use most of the dry flakes had disappeared. Third use and the dry flakes are gone. Oddly it also seemed to smooth my elevens out too. I have sensitive skin and it is not irritating me at all. My skin is smooth. I’m pleased with this product especially since it was affordable and a little goes a long way.,5/15/2024,5.0,Yes,19,0.9657,0.16,0.018,0.822,0.008038117550313473,0.03163132816553116,0.001160881482064724,0.6439672112464905,0.27278459072113037,0.03025992028415203,0.01215802226215601
656,"DRMTLGY Microdermabrasion Facial Scrub and Face Mask. Non-Abrasive Face Exfoliator Improves Acne Scars, Blackheads, Pore Size, and Skin Texture. 2 oz",,morgan lynn knabb,Great exfoliant,This is the only physical scrub I use and I absolutely love it. It's so gentle and my skin is left so smooth. Highly recommend!,8/14/2024,5.0,Yes,0,0.9115,0.367,0.0,0.633,0.012846948578953743,0.05874975398182869,0.0026966650038957596,0.30664190649986267,0.5961347222328186,0.010714522562921047,0.012215487658977509
657,"DRMTLGY Microdermabrasion Facial Scrub and Face Mask. Non-Abrasive Face Exfoliator Improves Acne Scars, Blackheads, Pore Size, and Skin Texture. 2 oz",,Lisa,Feels good,"So far I like it. As I have a more mature skin and want it to look the best it can without breaking the bank I am giving different products a try. So far I do like this one,but I havent used it long enough to give it a long term rating. Hoping for the best though!!!",7/19/2024,5.0,Yes,3,0.9733,0.373,0.0,0.627,0.00777988787740469,0.0027360012754797935,0.001254464266821742,0.8533480763435364,0.10790031403303146,0.008744410239160061,0.018236765637993813
658,"DRMTLGY Microdermabrasion Facial Scrub and Face Mask. Non-Abrasive Face Exfoliator Improves Acne Scars, Blackheads, Pore Size, and Skin Texture. 2 oz",,Mariana Gonzalez,Instant results!,"Clearer and smoother skin, tighter pores since the first treatment. Looking forward to more and better results as I continue to use. I trust that this is the product that will improve the texture of my 50 yr old facial skin.",7/23/2024,5.0,Yes,0,0.8548,0.207,0.0,0.793,0.006511092651635408,0.0366162545979023,0.0059213233180344105,0.21716739237308502,0.7130453586578369,0.012349928729236126,0.008388644084334373
659,"DRMTLGY Microdermabrasion Facial Scrub and Face Mask. Non-Abrasive Face Exfoliator Improves Acne Scars, Blackheads, Pore Size, and Skin Texture. 2 oz",,Healthy Girl!,Amazing product!,"I absolutely love this product!It transforms my skin and it prepares it for makeup so well.  My makeup glides on and it's so clean.I apply it on my face and work the product in small circles for a minute or two and then use a wash cloth to take it off with warm water.  Then I spray my face with cold Evian spray mist, then toner,  moisturizer and I'm ready to go!  This product is excellent.  Go for it!",6/23/2024,5.0,Yes,19,0.9452,0.188,0.0,0.812,0.02257070690393448,0.011161326430737972,0.006153532303869724,0.6140272617340088,0.3090915381908417,0.0076073650270700455,0.02938813902437687
660,"DRMTLGY Microdermabrasion Facial Scrub and Face Mask. Non-Abrasive Face Exfoliator Improves Acne Scars, Blackheads, Pore Size, and Skin Texture. 2 oz",,Ashley,Obsessed,"Literally obsessed with this! I have a couple different products from this line and this scrub just leaves my face feeling so clean and refreshed. I feel like it’s not to harsh on my skin at all and help get most of the dead skin off, leaving my face feeling nice and smooth. I also love that it doesn’t leave behind that thin sticky reside feeling that some facial scrubs leave behind. I also think it’s very reasonably priced for what it does. Buy it!",6/14/2024,5.0,Yes,5,0.9262,0.235,0.088,0.678,0.00877740141004324,0.021099772304296494,0.000636082433629781,0.7271134853363037,0.2193232625722885,0.011978862807154655,0.01107116974890232
661,"DRMTLGY Microdermabrasion Facial Scrub and Face Mask. Non-Abrasive Face Exfoliator Improves Acne Scars, Blackheads, Pore Size, and Skin Texture. 2 oz",,Orlando1108,Works Great!,I really love this product. I do not need to use a lot either. I loved the Dr. Brandts version but the price tag on it was excessive. I also tried a $14 version Bliss and this pretty damn close to the Brandt version for less.,7/16/2024,5.0,Yes,0,0.9,0.274,0.067,0.659,0.02081884816288948,0.010698345489799976,0.0008191343513317406,0.8017048239707947,0.07080818712711334,0.05344719439744949,0.04170337691903114
662,"DRMTLGY Microdermabrasion Facial Scrub and Face Mask. Non-Abrasive Face Exfoliator Improves Acne Scars, Blackheads, Pore Size, and Skin Texture. 2 oz",,Let:it:be,Very good,"Before this I was using a high-end microdermabrasion scrub that costs a ridiculous $125. That scrub, while I liked it very much, quickly was out-shined by this one for a few reasons:1. A little goes a long way- the product is concentrated and very exfoliating2. The particles in this scrub are smaller and appear to be much more uniform…these qualities are paramount to a good microdermabrasion, as opposed to a simple exfoliating scrub that has bigger chunkier pieces (think the popular walnut and apricot shell based scrubs you’d get at the drugstore-these are good for smoothing yes, but they are not all that great for your delicate face skin since the sharp and jagged particles actually cause micro tears/micro abrasions that can lead to damage over time and actually contribute to the look of aging. For this reason, more rounded particles are preferred)3. Did not irritate my sensitive skin (I have pre-rosacea). Liked that it had a barely-there pleasant fragrance4. It works when used properly- a derm friend once told me to make sure I spend quality time with my microdermabrasions lol. Use on wet, clean skin (preferably after a warm steam) and apply a small amount, working the product into small circles. Concentrate on areas little by little- go in circles the diameter of about a quarter. Do not rub too harshly and make sure to avoid the eye area where the skin is thin. Add water if needed as you are going along as the product did tend to dry up a bit on my face but comes quickly back to life with a dab of water.I do recommend this before the shower. I like to steam my face with a washcloth, use this before I hop in, then take my normal shower so I can really rinse every little particle off. Never going back to the crazy expensive brand I was using. I actually preferred this quite a bit more to that one, as well as compared to a couple of other drugstore/makeup store brands I’ve tried in the past.",10/13/2021,5.0,Yes,25,0.9842,0.141,0.045,0.814,0.12638801336288452,0.07726078480482101,0.00775899225845933,0.02564319409430027,0.7031049728393555,0.016755586490035057,0.04308843985199928
663,"DRMTLGY Microdermabrasion Facial Scrub and Face Mask. Non-Abrasive Face Exfoliator Improves Acne Scars, Blackheads, Pore Size, and Skin Texture. 2 oz",,Sara Stuart,Perfect scrub,I have been looking for the perfect scrub and this is it. I have aging skin and use this once a week. Need very little and has lasted for a long time. Worth the price.,7/22/2024,5.0,Yes,0,0.6808,0.162,0.0,0.838,0.006299133878201246,0.005659526214003563,0.0011705588549375534,0.052013471722602844,0.897769570350647,0.010938139632344246,0.026149677112698555
664,"DRMTLGY Microdermabrasion Facial Scrub and Face Mask. Non-Abrasive Face Exfoliator Improves Acne Scars, Blackheads, Pore Size, and Skin Texture. 2 oz",,Excelente producto...,Bueno,Me gusta y me ayuda a eliminar la piel muerta dejando suavidad...,8/15/2024,5.0,Yes,0,0.0,0.0,0.0,1.0,0.09415780007839203,0.18199776113033295,0.03394726663827896,0.11709039658308029,0.45266246795654297,0.0711047574877739,0.04903953894972801
665,"DRMTLGY Microdermabrasion Facial Scrub and Face Mask. Non-Abrasive Face Exfoliator Improves Acne Scars, Blackheads, Pore Size, and Skin Texture. 2 oz",,Julie A. Williams,Very Nice Exfoliator,"For years, I have used St. Ives apricot scrub and haven't found anything that exfoliates as well.  So many exfoliating cleansers just don't have enough beads in them.  This stuff is the exception!  Very nice, smooth texture with tons of crystals that really do the job.  And you only need a tiny amount to cover your face. I've only used it once but I am impressed enough to give it a good review.  My skin was super smooth after using it once.  Highly recommend!",5/9/2024,5.0,Yes,11,0.9691,0.223,0.0,0.777,0.009089536033570766,0.00957715418189764,0.004217670299112797,0.08059170842170715,0.2886813282966614,0.0055257524363696575,0.6023168563842773
666,"DRMTLGY Microdermabrasion Facial Scrub and Face Mask. Non-Abrasive Face Exfoliator Improves Acne Scars, Blackheads, Pore Size, and Skin Texture. 2 oz",,melanie sharp,Non abrasive facial scrub,"Part of my skin issues probably stem from not using scrubs to remove the dead skin cells often enough.  I have sensitive skin, and once Micellar water became available, I admit to getting a bit lazy with cleansers.This scrub is pretty gentle, but my skin feels mother and cleaner after I use it.  Sometimes I do have a bit of a breakout the following day, but my skin care was lacking for a bit, so not surprised. I went through a six month stretch with what I call ‘kitty hospice’ going on with my two 20 year old cats and a third younger fella with kidney cancer.  I was too exhausted to wash my face much of the time.Taking care of my skin has become a priority in the self care department, now that my three sweet babies have crossed over.  Noticing a huge difference, slightly less noticeable eye crinkles and a little glow vs sallow and wiped out from grief.Two very enthusiastic thumbs up 👍👍",7/11/2023,4.0,Yes,28,0.9425,0.175,0.088,0.737,0.007939226925373077,0.006930699571967125,0.008415642194449902,0.03793340176343918,0.14869476854801178,0.16308443248271942,0.6270017623901367
667,"DRMTLGY Microdermabrasion Facial Scrub and Face Mask. Non-Abrasive Face Exfoliator Improves Acne Scars, Blackheads, Pore Size, and Skin Texture. 2 oz",,Good vibes,Feel good,I just try it I didn’t feel any difference but i will use it again,4/30/2024,4.0,Yes,0,0.0,0.0,0.0,1.0,0.016683977097272873,0.020068882033228874,0.003820020006969571,0.009996065869927406,0.9166575074195862,0.02506503462791443,0.007708374410867691
668,"DRMTLGY Microdermabrasion Facial Scrub and Face Mask. Non-Abrasive Face Exfoliator Improves Acne Scars, Blackheads, Pore Size, and Skin Texture. 2 oz",,esoben,Leaves skin squeaky clean.,My skin felt clean brand new. Highly recommended,8/5/2024,5.0,Yes,0,0.5849,0.444,0.0,0.556,0.009406144730746746,0.138902485370636,0.0035945544950664043,0.1796979159116745,0.6059396266937256,0.026638751849532127,0.03582049906253815
669,"DRMTLGY Microdermabrasion Facial Scrub and Face Mask. Non-Abrasive Face Exfoliator Improves Acne Scars, Blackheads, Pore Size, and Skin Texture. 2 oz",,Brittany Smith,Wow,"So I have used many different brands for microdermabrasion and my favorite was always “needles no more” by Dr. Brandt, but this one does such an amazing job and literally is a fracture of the price! I was paying $70 for a small tube of Dr, Brandt and this little tub has the same amount for only $17! Insane!!!I have used it 3 times now and have to say I absolutely love it! I recommend if u dnt have Oily skin to use it only 1-2 times a week. It did dry my skin out a bit because I used it back to back which I should have known better, but a deep moisturizer did the trick. Makes my face feel so soft and looks more vibrant! Will def but again!",10/2/2023,4.0,Yes,34,0.9822,0.194,0.021,0.785,0.055468179285526276,0.0587342344224453,0.004573014099150896,0.03356247395277023,0.13859695196151733,0.01404290460050106,0.6950222849845886
670,"DRMTLGY Microdermabrasion Facial Scrub and Face Mask. Non-Abrasive Face Exfoliator Improves Acne Scars, Blackheads, Pore Size, and Skin Texture. 2 oz",,T. H,As Expected,Ordered this mask to use along with my facial steamer. I love it.,7/29/2024,5.0,Yes,0,0.6369,0.276,0.0,0.724,0.007932528853416443,0.017128324136137962,0.0017902562394738197,0.8076481819152832,0.1460917592048645,0.008940872736275196,0.010468068532645702
671,"DRMTLGY Microdermabrasion Facial Scrub and Face Mask. Non-Abrasive Face Exfoliator Improves Acne Scars, Blackheads, Pore Size, and Skin Texture. 2 oz",,Magebauer,Love this stuff,My face was so soft after using this and you don’t need a lot at one time. Satisfying on the skin,4/2/2024,4.0,Yes,0,0.4588,0.136,0.0,0.864,0.006656291428953409,0.19886991381645203,0.003921260125935078,0.18300092220306396,0.5532949566841125,0.04154152423143387,0.012715082615613937
672,"DRMTLGY Microdermabrasion Facial Scrub and Face Mask. Non-Abrasive Face Exfoliator Improves Acne Scars, Blackheads, Pore Size, and Skin Texture. 2 oz",,Richard A,Facial scrub,"This facial scrub has worked well since it was first used, and has continued to provide positive results.",7/12/2024,5.0,Yes,0,0.6908,0.263,0.0,0.737,0.011524057947099209,0.020840812474489212,0.002560193417593837,0.18276134133338928,0.7681123614311218,0.0056699528358876705,0.008531338535249233
673,"DRMTLGY Microdermabrasion Facial Scrub and Face Mask. Non-Abrasive Face Exfoliator Improves Acne Scars, Blackheads, Pore Size, and Skin Texture. 2 oz",,Vi Ng,Settle nicely on Skin,"Out of all the sunblocks I have used, this one really hits all the goals.It might feel a bit oily at first, but it settle quickly and nicely on the skin after with no mark or white cast. My skin tone is a bit difficult to blend when it comes to tinted base, but this moisturizer blend perfectly!Highly recommend it!",5/10/2024,5.0,Yes,0,0.3887,0.115,0.091,0.794,0.026308493688702583,0.15397551655769348,0.009715983644127846,0.25290820002555847,0.39604103565216064,0.14823000133037567,0.012820759788155556
674,"DRMTLGY Microdermabrasion Facial Scrub and Face Mask. Non-Abrasive Face Exfoliator Improves Acne Scars, Blackheads, Pore Size, and Skin Texture. 2 oz",,Mary McMichael,AMAZING!,"This tinted moisturizer is AMAZING!! I will never go back to foundation! This has no creasing, is buildable, and color is perfect! The dewy finish is taking me a little getting use to, but it’s only been 3 days and it just looks so awesome! Love it!",5/31/2024,5.0,Yes,0,0.9693,0.329,0.026,0.645,0.0046861134469509125,0.005136883817613125,0.0013298646081238985,0.7986116409301758,0.11379165947437286,0.0056932419538497925,0.07075056433677673
675,"DRMTLGY Microdermabrasion Facial Scrub and Face Mask. Non-Abrasive Face Exfoliator Improves Acne Scars, Blackheads, Pore Size, and Skin Texture. 2 oz",,Beata,I really wanted for this work!,"I am using another product from this brand and love it - wanted to live this just as much! It is a super fine grain which I love, it feels great to massage on the face. My only issue is - my sensitive skin does not like it all. I had red blotches reaction after using it... bummer...",1/28/2024,4.0,Yes,4,0.9544,0.278,0.032,0.691,0.015080604702234268,0.049863480031490326,0.0018315055640414357,0.44675666093826294,0.19778858125209808,0.27016979455947876,0.018509352579712868
676,"DRMTLGY Microdermabrasion Facial Scrub and Face Mask. Non-Abrasive Face Exfoliator Improves Acne Scars, Blackheads, Pore Size, and Skin Texture. 2 oz",,Mel T,Super fine scrub,"This cream's exfoliating tiny granules are my favorite part.  After using it, my skin feels really smooth.  It was gentle enough to use even on my most delicate skin.  This is something I use at least twice a week.",6/10/2024,5.0,Yes,4,0.7501,0.179,0.0,0.821,0.0060749840922653675,0.0759834423661232,0.007436471991240978,0.37044569849967957,0.5068584084510803,0.024687621742486954,0.008513364009559155
677,"DRMTLGY Microdermabrasion Facial Scrub and Face Mask. Non-Abrasive Face Exfoliator Improves Acne Scars, Blackheads, Pore Size, and Skin Texture. 2 oz",,Spilt tea gal,Makes your skin feel amaze-balls!,"This is the kind of scrub you want! Not the kind that hangs out the passenger side of his best friend's ride trying to holler at you. This scrub is amazing! It makes your skin feel so soft and clean afterward. I love using their BHA toner right after, it makes your skin feel brand new. 100% would recommend it!",5/2/2024,5.0,Yes,11,0.963,0.272,0.0,0.728,0.021119380369782448,0.18638555705547333,0.0072776516899466515,0.15550419688224792,0.48733168840408325,0.02227921225130558,0.12010223418474197
678,"DRMTLGY Microdermabrasion Facial Scrub and Face Mask. Non-Abrasive Face Exfoliator Improves Acne Scars, Blackheads, Pore Size, and Skin Texture. 2 oz",,Vanessa C,Perfect Scrub!,"I've spent days trying to find a face scrub that I feel would do the job to brighten my skin and just feel smooth. This scrub definitely does the job! It made my skin feel so smooth and clean. I usually buy cheaper products (think under $10), but I'm glad I made this purchase. Better quality and I've already purchased other DRMTLGY products :)A bonus is that it comes in a visually appealing container!",4/4/2024,5.0,Yes,3,0.9582,0.231,0.0,0.769,0.0019783074967563152,0.0030075963586568832,0.00029963080305606127,0.9609556794166565,0.024068094789981842,0.002297270344570279,0.007393357809633017
679,"DRMTLGY Microdermabrasion Facial Scrub and Face Mask. Non-Abrasive Face Exfoliator Improves Acne Scars, Blackheads, Pore Size, and Skin Texture. 2 oz",,Amazon Customer,Works well,It works great and I have noticed many of my blackheads have gone away after using it! Great item,3/22/2024,4.0,Yes,2,0.8588,0.347,0.0,0.653,0.006212009582668543,0.0027988029178231955,0.0009643256780691445,0.6185921430587769,0.2879685163497925,0.006292149890214205,0.07717203348875046
680,"DRMTLGY Microdermabrasion Facial Scrub and Face Mask. Non-Abrasive Face Exfoliator Improves Acne Scars, Blackheads, Pore Size, and Skin Texture. 2 oz",,KC,Wonderful Scrub!,"I switched to this after many years of using ZO Exfoliating polish.  The results are the same…very smooth, soft, glowing skin and at a much more affordable price.  Plus, when you use this product, you’ll need even less of your other serums and moisturizers, because they seem to be more effective after I use this product.I really love this product and will continue to use it because it makes my 52 yo skin look better than it did when I was in my 30’s.",3/14/2024,5.0,Yes,6,0.8953,0.123,0.0,0.877,0.0037283366546034813,0.0052140094339847565,0.0010094445897266269,0.86379075050354,0.1105743870139122,0.006138640455901623,0.009544368833303452
681,"DRMTLGY Microdermabrasion Facial Scrub and Face Mask. Non-Abrasive Face Exfoliator Improves Acne Scars, Blackheads, Pore Size, and Skin Texture. 2 oz",,Dan,"Great, Affordable Product",I love how my skin feels after using this product. Only a small amount is required so the jar will last a long time. I use twice a week and feel that it has helped minimize the size of my pores.,5/22/2024,5.0,Yes,2,0.6369,0.107,0.0,0.893,0.002903020940721035,0.01916774921119213,0.0007294797687791288,0.8733932971954346,0.09128967672586441,0.007963123731315136,0.004553660750389099
682,"DRMTLGY Microdermabrasion Facial Scrub and Face Mask. Non-Abrasive Face Exfoliator Improves Acne Scars, Blackheads, Pore Size, and Skin Texture. 2 oz",,Kylie,Smells so good,"I looooove the smell of this stuff! I also love that it's easy to apply, easy to rinse, and doesn't feel like your scraping your skin off with the microbeads. The texture is smooth, but you can definitely feel the microbeads working their magic! It's definitely my new favorite",5/14/2024,5.0,Yes,0,0.9488,0.304,0.026,0.67,0.008625135757029057,0.2060948759317398,0.0024641675408929586,0.48321259021759033,0.2787422239780426,0.01050722599029541,0.010353846475481987
683,"DRMTLGY Microdermabrasion Facial Scrub and Face Mask. Non-Abrasive Face Exfoliator Improves Acne Scars, Blackheads, Pore Size, and Skin Texture. 2 oz",,Amazon Customer,Will repurchase,"I love this scrub for every other day use. It’s coarse enough to get a good scrub, and a great price. Will definitely buy again when it’s gone.",2/14/2024,4.0,Yes,0,0.9313,0.398,0.0,0.602,0.008448856882750988,0.027741115540266037,0.0015824255533516407,0.5610063672065735,0.3858196437358856,0.009776890277862549,0.005624610930681229
684,"DRMTLGY Microdermabrasion Facial Scrub and Face Mask. Non-Abrasive Face Exfoliator Improves Acne Scars, Blackheads, Pore Size, and Skin Texture. 2 oz",,Jeanne O,Works great even for my dry/sensitive skin,I have dry/sensitive skin but am able to use twice per week. Love how smooth my skin feels after using.,6/27/2024,5.0,Yes,3,0.7783,0.244,0.0,0.756,0.0036472135689109564,0.02944456972181797,0.0026849634014070034,0.36488279700279236,0.5378103852272034,0.046752817928791046,0.014777209609746933
685,"DRMTLGY Microdermabrasion Facial Scrub and Face Mask. Non-Abrasive Face Exfoliator Improves Acne Scars, Blackheads, Pore Size, and Skin Texture. 2 oz",,Amanda P,Works Good But Not Great,"I like this scrub, it is convenient and easy to use and doesn’t irritate the skin. Personally, it made my skin look clean but did not reduce the visibility of my pores. I will continue to use it because I like it, but will to continue looking for a pore minimizing solution.",1/10/2024,4.0,Yes,4,0.8338,0.211,0.034,0.755,0.32715341448783875,0.26388052105903625,0.002345884684473276,0.22975094616413116,0.15851952135562897,0.015813561156392097,0.0025361638981848955
686,"DRMTLGY Microdermabrasion Facial Scrub and Face Mask. Non-Abrasive Face Exfoliator Improves Acne Scars, Blackheads, Pore Size, and Skin Texture. 2 oz",,Stephanie,Best facial scrub ever!,"I was skeptical, because I’m very picky about facial scrubs, but this one is so finely milled. It almost feels like it’s buffing your skin. I absolutely love it and will continue to buy it. The jar is extremely small but last forever.",5/24/2024,5.0,Yes,25,0.8563,0.186,0.034,0.78,0.008821490220725536,0.0239032581448555,0.08666839450597763,0.08606157451868057,0.6971695423126221,0.003010047832503915,0.09436572343111038
687,"DRMTLGY Microdermabrasion Facial Scrub and Face Mask. Non-Abrasive Face Exfoliator Improves Acne Scars, Blackheads, Pore Size, and Skin Texture. 2 oz",,Beth Mical,Perfect for the Job!,I was looking for a light manual exfoliant and this does the trick! Its got a nice grit to it but not abrasive. My skin looks and feels great after I use.,5/31/2024,5.0,Yes,2,0.829,0.231,0.032,0.737,0.05282781273126602,0.09425615519285202,0.002221397589892149,0.04903518036007881,0.7637552618980408,0.017474673688411713,0.020429491996765137
688,"DRMTLGY Microdermabrasion Facial Scrub and Face Mask. Non-Abrasive Face Exfoliator Improves Acne Scars, Blackheads, Pore Size, and Skin Texture. 2 oz",,Amazon Customer,great exfoliator,really cleans and exfoliates the skin!!!!,7/14/2024,5.0,Yes,0,0.0,0.0,0.0,1.0,0.04708300530910492,0.450733482837677,0.006367184687405825,0.04253719002008438,0.30122238397598267,0.029991837218403816,0.12206487357616425
689,"DRMTLGY Microdermabrasion Facial Scrub and Face Mask. Non-Abrasive Face Exfoliator Improves Acne Scars, Blackheads, Pore Size, and Skin Texture. 2 oz",,Joan,Easy to use,"I used it every other day on facial dark spots, a slow but real response, not harsh, but definitele helpful.",2/26/2024,4.0,Yes,0,0.7788,0.299,0.0,0.701,0.053019002079963684,0.35558122396469116,0.01110063772648573,0.0022341327276080847,0.5344089865684509,0.03774261847138405,0.005913421045988798
690,"DRMTLGY Microdermabrasion Facial Scrub and Face Mask. Non-Abrasive Face Exfoliator Improves Acne Scars, Blackheads, Pore Size, and Skin Texture. 2 oz",,Alexandra,Smooth skin,"My skin has never felt fresher, and smoother since using this product.",7/1/2024,5.0,Yes,0,0.0,0.0,0.0,1.0,0.006540102418512106,0.15460316836833954,0.005519917234778404,0.2976316213607788,0.4952854514122009,0.0269455648958683,0.01347415056079626
691,"DRMTLGY Microdermabrasion Facial Scrub and Face Mask. Non-Abrasive Face Exfoliator Improves Acne Scars, Blackheads, Pore Size, and Skin Texture. 2 oz",,Amazon Customer,Super fine granules,I loved this microderm cleanser. It was superfine which reminded me of one I used to get from Mary Kay. I will say that it dries quickly though so I kept having to wet my fingers to keep spreading it. They would do well to add a stronger moisturizer in this. But my skin felt really smooth after!,4/2/2024,5.0,Yes,2,0.6239,0.109,0.0,0.891,0.005224662832915783,0.016715772449970245,0.0012105077039450407,0.7611088752746582,0.18933691084384918,0.0068960851058363914,0.019507160410284996
692,"DRMTLGY Microdermabrasion Facial Scrub and Face Mask. Non-Abrasive Face Exfoliator Improves Acne Scars, Blackheads, Pore Size, and Skin Texture. 2 oz",,Christie Clark,Worth the hype,I’m always hesitant to purchase overly advertised face care products. This brand kept popping up on Pinterest and figured I’d give it a shot. My husband & I both use it 2x a week. My face is so smooth and my hyperpigmentation seems to be reduced. My husband uses it before shaving and now has fewer ingrown hairs. Great product and it lasts a very long time.,3/29/2024,5.0,Yes,7,0.743,0.107,0.029,0.864,0.001255142386071384,0.0028774200472980738,0.9671990275382996,0.0035160761326551437,0.01831643283367157,0.0019682643469423056,0.004867685493081808
693,"DRMTLGY Microdermabrasion Facial Scrub and Face Mask. Non-Abrasive Face Exfoliator Improves Acne Scars, Blackheads, Pore Size, and Skin Texture. 2 oz",,Karen L,I love the product,"When I opened it, it was not full",3/11/2024,4.0,Yes,0,0.0,0.0,0.0,1.0,0.03622221201658249,0.1381322592496872,0.04158550500869751,0.002054451499134302,0.08084949105978012,0.1798967719078064,0.5212592482566833
694,"DRMTLGY Microdermabrasion Facial Scrub and Face Mask. Non-Abrasive Face Exfoliator Improves Acne Scars, Blackheads, Pore Size, and Skin Texture. 2 oz",,LJW,It dries your skin out.,I bought this to help with my pours. But it dries your skin out to much. It left me with dry spots scale on my face.,2/6/2024,4.0,Yes,0,0.2144,0.072,0.0,0.928,0.02323569916188717,0.6326085329055786,0.008238890208303928,0.0020711752586066723,0.2147076278924942,0.10284922271966934,0.016288846731185913
695,"DRMTLGY Microdermabrasion Facial Scrub and Face Mask. Non-Abrasive Face Exfoliator Improves Acne Scars, Blackheads, Pore Size, and Skin Texture. 2 oz",,Katie,Pleasantly surprised,"At first I was surprised at the size, but honestly you don’t need that much and it works really well. My face is so smooth after using it. I use it maybe 1 or 2 times a week so this will last awhile.",4/20/2024,5.0,Yes,3,0.8196,0.196,0.0,0.804,0.00344866793602705,0.0017459264490753412,0.0013193562626838684,0.0023703700862824917,0.008980533108115196,0.0008388281567022204,0.9812963604927063
696,"DRMTLGY Microdermabrasion Facial Scrub and Face Mask. Non-Abrasive Face Exfoliator Improves Acne Scars, Blackheads, Pore Size, and Skin Texture. 2 oz",,Johnson Family,Pretty good,"Skin do feel soft after, but don't use everyday if you have dry skin",2/21/2024,4.0,Yes,0,0.0,0.0,0.0,1.0,0.007643796503543854,0.27351778745651245,0.017073120921850204,0.010552406311035156,0.27094757556915283,0.411792516708374,0.008472793735563755
697,"DRMTLGY Microdermabrasion Facial Scrub and Face Mask. Non-Abrasive Face Exfoliator Improves Acne Scars, Blackheads, Pore Size, and Skin Texture. 2 oz",,Scott Hill,Transformative,I use this once a week and it really does a great job of exfoliating without feeling too abrasive. So glad I have this on hand to give myself cheap facials! Will gift for mothers day as well,5/6/2024,5.0,Yes,0,0.9412,0.355,0.03,0.615,0.9902549386024475,0.002847525756806135,0.000682327663525939,0.0007472251891158521,0.0021073922980576754,0.0022895028814673424,0.0010709965135902166
698,"DRMTLGY Microdermabrasion Facial Scrub and Face Mask. Non-Abrasive Face Exfoliator Improves Acne Scars, Blackheads, Pore Size, and Skin Texture. 2 oz",,Vi,"So Far, So Good","I've only been using this for a week, so I haven't noticed much in the way of change in skin texture. However, initially I started off using it only twice a week (just so my skin wouldn't get irritated) but my skin actually likes this stuff so I'm able to use it three times a week (once each day.) It doesn't have a fragrance, which is a plus. You don't need to use a lot so this tiny container should last you for a month or two. It gives the feeling of a salt scrub on your face but it softens while you're putting it on your face so you don't have to worry about redness. I'm still waiting to see if it will change the pronounced texture around my nose area though.",5/14/2023,4.0,Yes,5,0.8205,0.067,0.0,0.933,0.11184985190629959,0.03313064947724342,0.005488474853336811,0.010254079475998878,0.8222284913063049,0.008325960487127304,0.008722412399947643
699,"DRMTLGY Microdermabrasion Facial Scrub and Face Mask. Non-Abrasive Face Exfoliator Improves Acne Scars, Blackheads, Pore Size, and Skin Texture. 2 oz",,jess,THE BEST!!!,"This is the best exfoliating scrub…. EVER! This little jar lasted me 6 months. I use it 2-3 times a week and a little goes a long way. It’s gentle yet effective at fluffing away dead dull skin and debris, yet leaves your face feeling smooth and hydrated. I’ve tried one other scrub since buying this one, and this one wins by far! So glad I found this product!",3/5/2024,5.0,Yes,9,0.9112,0.24,0.086,0.674,0.003109951503574848,0.00607769750058651,0.0004640217812266201,0.9061699509620667,0.05070740729570389,0.012004845775663853,0.021466229110956192
700,"DRMTLGY Microdermabrasion Facial Scrub and Face Mask. Non-Abrasive Face Exfoliator Improves Acne Scars, Blackheads, Pore Size, and Skin Texture. 2 oz",,kim carrigan,Awesome product,Used for the first time. Skin feels clean and so soft after. Excited for next use.,6/15/2024,5.0,Yes,0,0.6557,0.277,0.0,0.723,0.010080228559672832,0.03753269091248512,0.031777478754520416,0.10926048457622528,0.6164377331733704,0.03426554054021835,0.16064585745334625
701,"DRMTLGY Microdermabrasion Facial Scrub and Face Mask. Non-Abrasive Face Exfoliator Improves Acne Scars, Blackheads, Pore Size, and Skin Texture. 2 oz",,monique n.,Face,Cleans it good,7/9/2024,5.0,Yes,0,0.4404,0.592,0.0,0.408,0.026342269033193588,0.05129944905638695,0.001388869946822524,0.05274714156985283,0.8472239375114441,0.016318095847964287,0.004680273123085499
702,"DRMTLGY Microdermabrasion Facial Scrub and Face Mask. Non-Abrasive Face Exfoliator Improves Acne Scars, Blackheads, Pore Size, and Skin Texture. 2 oz",,Angela Adams,Loveeee,Could not say better things about this scrub. Love it so much!,6/18/2024,5.0,Yes,0,0.4742,0.266,0.142,0.592,0.01161187607795,0.007959947921335697,0.0010432734852656722,0.8013539910316467,0.11390573531389236,0.013006850145757198,0.051118385046720505
703,"DRMTLGY Microdermabrasion Facial Scrub and Face Mask. Non-Abrasive Face Exfoliator Improves Acne Scars, Blackheads, Pore Size, and Skin Texture. 2 oz",,Kindle Customer,My favorite,"I've tried a lot of exfoliation products over the years, but this stuff is my favorite. The fine grit in this product is gentle, yet works wonderfully on dry, peeling skin to leave my face smooth. Bonus is that little goes a long way, so it lasts quite a while.",2/24/2024,5.0,Yes,4,0.9676,0.323,0.021,0.657,0.013133379630744457,0.1629699319601059,0.0029438857454806566,0.05542494356632233,0.7439551949501038,0.014895841479301453,0.006676807999610901
704,"DRMTLGY Microdermabrasion Facial Scrub and Face Mask. Non-Abrasive Face Exfoliator Improves Acne Scars, Blackheads, Pore Size, and Skin Texture. 2 oz",,Suzanne Jackson,Fantastic exfoliator,Used this in my weekly routine and my skin is baby soft. It is very fine and moisturizing. Make sure to moisturize heavily after use as well.,4/22/2024,5.0,Yes,0,0.6697,0.213,0.0,0.787,0.014069699682295322,0.08559884130954742,0.008287821896374226,0.008567381650209427,0.8507376909255981,0.024865956977009773,0.00787259265780449
705,"DRMTLGY Microdermabrasion Facial Scrub and Face Mask. Non-Abrasive Face Exfoliator Improves Acne Scars, Blackheads, Pore Size, and Skin Texture. 2 oz",,Chana,Great,Wonderful product,7/4/2024,5.0,Yes,0,0.5719,0.787,0.0,0.213,0.009826160036027431,0.005857771262526512,0.019432183355093002,0.37865689396858215,0.14996133744716644,0.012348947115242481,0.42391669750213623
706,"DRMTLGY Microdermabrasion Facial Scrub and Face Mask. Non-Abrasive Face Exfoliator Improves Acne Scars, Blackheads, Pore Size, and Skin Texture. 2 oz",,bluegrassgirl,Great Exfoliating Paste,"This stuff is great for getting all the dead cells off and smoothing my face. It does not dry my skin. It really makes a difference. It's has a very, very fine grit and does a great job for me. It's a very small container, but you only need to use a little bit.  I will definitely buy again.",2/1/2024,5.0,Yes,3,0.7423,0.164,0.044,0.792,0.009752467274665833,0.08250482380390167,0.00336948549374938,0.058642417192459106,0.8265989422798157,0.012187916785478592,0.006944012362509966
707,"DRMTLGY Microdermabrasion Facial Scrub and Face Mask. Non-Abrasive Face Exfoliator Improves Acne Scars, Blackheads, Pore Size, and Skin Texture. 2 oz",,Kie,Love product!,Love this line of products! Can’t say enough good things about these products!,5/16/2024,5.0,Yes,0,0.8264,0.411,0.0,0.589,0.022121567279100418,0.0073824538849294186,0.0011095087975263596,0.6431981325149536,0.05133005976676941,0.01900932379066944,0.25584903359413147
708,"DRMTLGY Microdermabrasion Facial Scrub and Face Mask. Non-Abrasive Face Exfoliator Improves Acne Scars, Blackheads, Pore Size, and Skin Texture. 2 oz",,Jayme Cooper,Worth the $,It is a small jar but you only need a little bit.  Light scent. Left my skin feeling soft but not irritated.,4/28/2024,5.0,Yes,0,0.6085,0.216,0.0,0.784,0.9466872215270996,0.020713316276669502,0.001152698532678187,0.0011539484839886427,0.013197660446166992,0.014877289533615112,0.0022178038489073515
709,"DRMTLGY Microdermabrasion Facial Scrub and Face Mask. Non-Abrasive Face Exfoliator Improves Acne Scars, Blackheads, Pore Size, and Skin Texture. 2 oz",,Jody B,Great product,Feels really good on the skin. Has all the important ingredients needed for good skin care and it’s cruelty free.,5/26/2024,5.0,Yes,0,0.8685,0.451,0.12,0.43,0.01298774965107441,0.3034091591835022,0.0024421100970357656,0.18773497641086578,0.47396108508110046,0.015772445127367973,0.003692478407174349
710,"Exfoliating Brush to Treat and Prevent Razor Bumps and Ingrown Hairs - Eliminate Shaving Irritation for Face, Armpit, Legs, Neck, Bikini Line - Silky Smooth Skin Solution for Men and Women, Dylonic","Imagine beautiful, bump-free skin. With Dylonic, it’s Just a Brush Away!",Macae2359,Works great!,"This works great, however it's a bit too harsh on my skin to exfoliate everywhere. More sensitive areas like neck & underarms need something a bit softer. It's also quite hard to rinse off for some reason... I've used body scrub & soap, both seem to linger & require soaking the brush to fully clean it in-between uses.",9/17/2024,3.0,Yes,0,0.7402,0.158,0.074,0.769,0.03427731245756149,0.5910561084747314,0.01966792345046997,0.0035699009895324707,0.19563715159893036,0.1472075879573822,0.008584045805037022
711,"Exfoliating Brush to Treat and Prevent Razor Bumps and Ingrown Hairs - Eliminate Shaving Irritation for Face, Armpit, Legs, Neck, Bikini Line - Silky Smooth Skin Solution for Men and Women, Dylonic","Imagine beautiful, bump-free skin. With Dylonic, it’s Just a Brush Away!",Brittany,Traps water inside and bristles are very rough on skin,I used this once in the shower. The bristles were hard but work good for exfoliating. I dropped it by accident as it gets slippery due to the handle being plastic mixed with the soap made it hard to hold onto. After dropping it I noticed it has a crack in it and water is inside of the brush. It seemed to have trapped water/soap between the handle and the bristles. I hoped the crack in it would at least allow the water to drain out. Two days after I checked it and there is still water trapped inside. This bothers me after only one use. I can’t imagine after multiple uses how much water and build up would accumulate. I went ahead and ordered the wooden brush instead as I won’t be returning this after using it and thought I’d let others know. Other than the water issue and the slippery handle my only other concern is how rough the plastic bristles are and what it would do to your skin over time. Just seems a little harsh. The instructions say “use lightly on skin until you get use to it”. For $10 after taxes seems too much for what you get.,10/14/2024,2.0,Yes,0,-0.9034,0.045,0.102,0.854,0.04742753505706787,0.6313678026199341,0.016684161499142647,0.0012565500801429152,0.22530566155910492,0.03887117654085159,0.03908716142177582
712,"Exfoliating Brush to Treat and Prevent Razor Bumps and Ingrown Hairs - Eliminate Shaving Irritation for Face, Armpit, Legs, Neck, Bikini Line - Silky Smooth Skin Solution for Men and Women, Dylonic","Imagine beautiful, bump-free skin. With Dylonic, it’s Just a Brush Away!",Don’t waste your money. I have not seen any difference and I’ve been using it for almost 2 weeks now. Pretty annoyed,A little rough,You have to be careful because it can hurt if you have sensitive skin. It’s a good exfoliation but it’s a bit rough,10/5/2024,3.0,Yes,0,0.0129,0.139,0.094,0.768,0.013959871605038643,0.2914622724056244,0.039987385272979736,0.00975867547094822,0.5602097511291504,0.07714638113975525,0.007475588005036116
713,"Exfoliating Brush to Treat and Prevent Razor Bumps and Ingrown Hairs - Eliminate Shaving Irritation for Face, Armpit, Legs, Neck, Bikini Line - Silky Smooth Skin Solution for Men and Women, Dylonic","Imagine beautiful, bump-free skin. With Dylonic, it’s Just a Brush Away!",Tonya Vosberg,Exfoliate brush,Still not sure what to think about this product. It can’t be used like I hoped,9/30/2024,3.0,Yes,0,0.4833,0.268,0.103,0.63,0.006552134640514851,0.009572488255798817,0.023891521617770195,0.005902215838432312,0.7284039258956909,0.04990990832448006,0.17576777935028076
714,"Exfoliating Brush to Treat and Prevent Razor Bumps and Ingrown Hairs - Eliminate Shaving Irritation for Face, Armpit, Legs, Neck, Bikini Line - Silky Smooth Skin Solution for Men and Women, Dylonic","Imagine beautiful, bump-free skin. With Dylonic, it’s Just a Brush Away!",Laura Jacobs,Harder plastic,It's a little harder plastic than I hoped for but still feels good on your skin.,9/13/2024,3.0,Yes,0,0.6858,0.32,0.0,0.68,0.003987540025264025,0.10676366835832596,0.0024072725791484118,0.08320700377225876,0.755672812461853,0.03590448945760727,0.012057308107614517
715,"Exfoliating Brush to Treat and Prevent Razor Bumps and Ingrown Hairs - Eliminate Shaving Irritation for Face, Armpit, Legs, Neck, Bikini Line - Silky Smooth Skin Solution for Men and Women, Dylonic","Imagine beautiful, bump-free skin. With Dylonic, it’s Just a Brush Away!",Shaine,"Great Quality, Unsightly logo","Brush is not pictured with hideous logo in photos. I wish these brands would realize that not everyone wants your logo on a product their purchasing. Images were intentionally depicted without showing the other side of brush. If the brand is proud to have their logo showcased, then why deviously not display it in the photos?Tried removing the logo with nail polish remover, ended up ruining the finish of the brush (obviously of my own volition). Ended up trashing the brush and ordering another one with no brand.As far as the quality of the brush, it’s great! Superior quality than others I’ve tried. These kind of brushes really do a good job at exfoliating. After continued use, the blackheads that you don’t immediately remove in the shower will come to the surface, due to removing the dead layers of skin.If the logo doesn’t bother you, I’d recommend.",3/20/2024,3.0,Yes,11,0.858,0.118,0.066,0.816,0.02977037988603115,0.8499188423156738,0.010941321030259132,0.0024420684203505516,0.0927165150642395,0.011612771078944206,0.002598087303340435
716,"Exfoliating Brush to Treat and Prevent Razor Bumps and Ingrown Hairs - Eliminate Shaving Irritation for Face, Armpit, Legs, Neck, Bikini Line - Silky Smooth Skin Solution for Men and Women, Dylonic","Imagine beautiful, bump-free skin. With Dylonic, it’s Just a Brush Away!",These were perfect for our graduation party! Very sturdy and didn’t get soggy. We got so many compliments.,It feels very scratchy to the skin,"I bought this to help exfoliate during shower time, but the bristles are extremely rigid making it very uncomfortable while using if you have sensitive skin. I don’t think I’d buy this again.",7/1/2024,3.0,Yes,0,-0.6345,0.052,0.168,0.78,0.013145496137440205,0.5888976454734802,0.12941811978816986,0.00222258223220706,0.23466269671916962,0.022809768095612526,0.008843609131872654
717,"Exfoliating Brush to Treat and Prevent Razor Bumps and Ingrown Hairs - Eliminate Shaving Irritation for Face, Armpit, Legs, Neck, Bikini Line - Silky Smooth Skin Solution for Men and Women, Dylonic","Imagine beautiful, bump-free skin. With Dylonic, it’s Just a Brush Away!",Michelle,Love the idea of this but painful to use,When I saw this brush I thought it would be a perfect tool to get leftover deodorant off but way to painful to use. Also the top of this brush holds water and is a sure mold magnet!,6/18/2024,3.0,Yes,2,0.4482,0.187,0.092,0.72,0.021459616720676422,0.7506072521209717,0.02433822862803936,0.002655514283105731,0.06329506635665894,0.1255139857530594,0.012130319140851498
718,"Exfoliating Brush to Treat and Prevent Razor Bumps and Ingrown Hairs - Eliminate Shaving Irritation for Face, Armpit, Legs, Neck, Bikini Line - Silky Smooth Skin Solution for Men and Women, Dylonic","Imagine beautiful, bump-free skin. With Dylonic, it’s Just a Brush Away!",Amazon Customer,WAY too rough on my bumpy arms,Bristels are WAY more stiff than I thought - tried it for the bumps on my arms (keratosis pilaris) and it actually hurt,7/3/2024,3.0,Yes,0,-0.5267,0.0,0.145,0.855,0.023373687639832497,0.014168974943459034,0.012527676299214363,0.005410893354564905,0.12427439540624619,0.2547774612903595,0.5654669404029846
719,"Exfoliating Brush to Treat and Prevent Razor Bumps and Ingrown Hairs - Eliminate Shaving Irritation for Face, Armpit, Legs, Neck, Bikini Line - Silky Smooth Skin Solution for Men and Women, Dylonic","Imagine beautiful, bump-free skin. With Dylonic, it’s Just a Brush Away!",Christine,Good for a short period of time,"These start out great but after a short while they become very sharp and grow moldy.  I’m not sure what happens to the silicone nubs, but they seem to harden and become so sharp that it’s no longer usable.  Water also gets in somehow, so it grows moldy inside over time.  I would say that one unit is functional for approximately 4 months.",3/11/2024,3.0,Yes,0,-0.4005,0.039,0.081,0.88,0.02631445974111557,0.14119140803813934,0.024417752400040627,0.006526383105665445,0.6523446440696716,0.07550431042909622,0.07370100915431976
720,"Exfoliating Brush to Treat and Prevent Razor Bumps and Ingrown Hairs - Eliminate Shaving Irritation for Face, Armpit, Legs, Neck, Bikini Line - Silky Smooth Skin Solution for Men and Women, Dylonic","Imagine beautiful, bump-free skin. With Dylonic, it’s Just a Brush Away!",Stacy,Trapped water,"I noticed water would get trapped within this brush. Sadly, had to throw it out due to a bit of musty smell as I could not find a way to drain the water without breaking it.",5/1/2024,3.0,Yes,2,-0.7351,0.0,0.171,0.829,0.009309986606240273,0.6927798986434937,0.04348963499069214,0.0026985404547303915,0.08401285111904144,0.15613029897212982,0.011578761972486973
721,"Exfoliating Brush to Treat and Prevent Razor Bumps and Ingrown Hairs - Eliminate Shaving Irritation for Face, Armpit, Legs, Neck, Bikini Line - Silky Smooth Skin Solution for Men and Women, Dylonic","Imagine beautiful, bump-free skin. With Dylonic, it’s Just a Brush Away!",Jessica Larssen,Na,"Very small and compact. It was ok, kind of cheap",6/10/2024,3.0,Yes,2,0.296,0.196,0.0,0.804,0.004559224937111139,0.00766769191250205,0.002334508579224348,0.45628002285957336,0.4908229112625122,0.008369709365069866,0.02996591478586197
722,"Exfoliating Brush to Treat and Prevent Razor Bumps and Ingrown Hairs - Eliminate Shaving Irritation for Face, Armpit, Legs, Neck, Bikini Line - Silky Smooth Skin Solution for Men and Women, Dylonic","Imagine beautiful, bump-free skin. With Dylonic, it’s Just a Brush Away!",Annie,"Used to be much stronger, but still a good exfoliator","Hi, I have been using this brush since Nov 2019 and have always loved it.However, it’s 3 stars because .. recently they feel like they are made differently? I have bought this brush 4 times. The first one was PERFECT. I suffered from extremely itchy legs after hair removal of any kind, to the point I’d be scratching and making myself bleed. The first dylonic exfoliator I bought was almost too rough, but once I got used to it, it was finally my solution to my itchy legs.However, I bought a second one to travel with, and it wasn’t nearly as strong… so it doesn’t solve my itchiness. No problem, I still had the first one.Now my dumb self lost the first one I bought while traveling. I’ve actually bought 4 of the same kind of exfoliator hoping to find another as tough as the first, but they are all too soft.I’m sure this exfoliator is still good for most people, but I am super sad that I can’t use it anymore. I’m not sure if they changed the way they manufacture them or what. I will have to find something stronger for my legs.",4/26/2022,3.0,Yes,0,0.9425,0.183,0.117,0.699,0.004870976321399212,0.01979953609406948,0.005271823611110449,0.012711386196315289,0.22300924360752106,0.6614303588867188,0.07290658354759216
723,"Exfoliating Brush to Treat and Prevent Razor Bumps and Ingrown Hairs - Eliminate Shaving Irritation for Face, Armpit, Legs, Neck, Bikini Line - Silky Smooth Skin Solution for Men and Women, Dylonic","Imagine beautiful, bump-free skin. With Dylonic, it’s Just a Brush Away!",becks,"Too stiff, it hurts to use :(","This is too stiff to use without hurting or scratching myself. I've tried rubbing it on a firm surface to soften it, and using it with hot water, but it's even too stiff to use on my callused farmer hands. I gave it two stars anyway, because it's pretty, and well made. Maybe I can use it for a goat brush instead...",8/1/2024,2.0,Yes,2,0.8215,0.135,0.0,0.865,0.04394710063934326,0.3522486984729767,0.010256154462695122,0.007038814947009087,0.5201759338378906,0.057056356221437454,0.009276981465518475
724,"Exfoliating Brush to Treat and Prevent Razor Bumps and Ingrown Hairs - Eliminate Shaving Irritation for Face, Armpit, Legs, Neck, Bikini Line - Silky Smooth Skin Solution for Men and Women, Dylonic","Imagine beautiful, bump-free skin. With Dylonic, it’s Just a Brush Away!",DENISE C,Scrunchie missing from 2pc set,"It was supposed to be a 2pc set - dress and scrunchie. except, the scrunchie didn’t arrive with the dress.",4/22/2024,3.0,Yes,0,0.0,0.0,0.0,1.0,0.005662067327648401,0.008605829440057278,0.0029537943191826344,0.02792220376431942,0.48160338401794434,0.1519765406847,0.3212762475013733
725,"Exfoliating Brush to Treat and Prevent Razor Bumps and Ingrown Hairs - Eliminate Shaving Irritation for Face, Armpit, Legs, Neck, Bikini Line - Silky Smooth Skin Solution for Men and Women, Dylonic","Imagine beautiful, bump-free skin. With Dylonic, it’s Just a Brush Away!",Klove,not to hard,bristles are to hard,10/16/2024,2.0,Yes,0,-0.1027,0.0,0.318,0.682,0.024867961183190346,0.023524446412920952,0.01841920055449009,0.004386899992823601,0.18043577671051025,0.6507145762443542,0.0976511612534523
726,"Exfoliating Brush to Treat and Prevent Razor Bumps and Ingrown Hairs - Eliminate Shaving Irritation for Face, Armpit, Legs, Neck, Bikini Line - Silky Smooth Skin Solution for Men and Women, Dylonic","Imagine beautiful, bump-free skin. With Dylonic, it’s Just a Brush Away!",Allyson,works but hurts,"This is great for exfoliating but I have to use it extremely lightly because it is slightly painful on my skin. If you don't have sensitive skin, then it is probably great for you.",2/13/2024,3.0,Yes,4,0.6994,0.197,0.082,0.721,0.010086449794471264,0.49205929040908813,0.02102518081665039,0.014338244684040546,0.3723730146884918,0.0852188766002655,0.00489897420629859
727,"Exfoliating Brush to Treat and Prevent Razor Bumps and Ingrown Hairs - Eliminate Shaving Irritation for Face, Armpit, Legs, Neck, Bikini Line - Silky Smooth Skin Solution for Men and Women, Dylonic","Imagine beautiful, bump-free skin. With Dylonic, it’s Just a Brush Away!",Marie Walker,Has not helped me,"I struggle with keratosis pilaris, and this has not helped me, I think a rougher cloth would be better for me.",9/10/2024,2.0,Yes,0,0.1531,0.137,0.108,0.755,0.010732634924352169,0.18848200142383575,0.051439691334962845,0.016354674473404884,0.6472486853599548,0.07979367673397064,0.005948690697550774
728,"Exfoliating Brush to Treat and Prevent Razor Bumps and Ingrown Hairs - Eliminate Shaving Irritation for Face, Armpit, Legs, Neck, Bikini Line - Silky Smooth Skin Solution for Men and Women, Dylonic","Imagine beautiful, bump-free skin. With Dylonic, it’s Just a Brush Away!",Samantha,It’s okay..,It’s really rough so you have to be gentle with it,3/18/2024,3.0,Yes,0,0.4404,0.225,0.0,0.775,0.023611586540937424,0.13106852769851685,0.17975886166095734,0.012947975657880306,0.5286387801170349,0.10912713408470154,0.014847214333713055
729,"Exfoliating Brush to Treat and Prevent Razor Bumps and Ingrown Hairs - Eliminate Shaving Irritation for Face, Armpit, Legs, Neck, Bikini Line - Silky Smooth Skin Solution for Men and Women, Dylonic","Imagine beautiful, bump-free skin. With Dylonic, it’s Just a Brush Away!",Minnie,For those who don’t prefer brush bristles,"I have been using this for a few months and I can’t say for sure if this product is worth it. It does exfoliate the skin but you have to be careful the first few times as the silicone is not dull and it can hurt! A big downside is when you have to take out the rubber from the handle part to rinse it, it’s difficult to do so. It’s not easy to feel relaxed with a silicone brush, so I might opt to try an actual body brush with bristles.",8/27/2023,3.0,Yes,0,-0.6072,0.118,0.137,0.745,0.007556171156466007,0.06220925971865654,0.005226340144872665,0.04215175285935402,0.8482949137687683,0.029749246314167976,0.004812301602214575
730,"Exfoliating Brush to Treat and Prevent Razor Bumps and Ingrown Hairs - Eliminate Shaving Irritation for Face, Armpit, Legs, Neck, Bikini Line - Silky Smooth Skin Solution for Men and Women, Dylonic","Imagine beautiful, bump-free skin. With Dylonic, it’s Just a Brush Away!",David,No tight skin.,I'm a guy and I use this on my face every morning after my shower. No tight or dry skin when using this and no fumes so my eyes won't complain either. Love it.,7/16/2024,5.0,Yes,4,-0.6964,0.056,0.234,0.711,0.12362121045589447,0.14673908054828644,0.002669430570676923,0.04692818969488144,0.6605921387672424,0.015648456290364265,0.003801399376243353
731,"Exfoliating Brush to Treat and Prevent Razor Bumps and Ingrown Hairs - Eliminate Shaving Irritation for Face, Armpit, Legs, Neck, Bikini Line - Silky Smooth Skin Solution for Men and Women, Dylonic","Imagine beautiful, bump-free skin. With Dylonic, it’s Just a Brush Away!",Stephanie R.,Long time user! Face feels great,There’s nothing like the feeling after a shower when you use this on your face and you just feel your skin and pores all breathe. It’s so nice there is  no biting sensation from any alcohol because this is alcohol free. I use this twice a day and it’s a key part of my skin care routine. I’m a firm believer this helps open all the pores so your skin can absorb all the creams/moisturizers/ anti wrinkle products that come next in your skincare routine. I have been using this for years and 100% recommend this product. The bottle lasts so long that you really only have to buy this once or twice a year.,3/15/2024,5.0,Yes,2,0.8637,0.127,0.065,0.808,0.013513855636119843,0.10470111668109894,0.003529245499521494,0.0796138271689415,0.7842649221420288,0.007603425532579422,0.006773703265935183
732,"Exfoliating Brush to Treat and Prevent Razor Bumps and Ingrown Hairs - Eliminate Shaving Irritation for Face, Armpit, Legs, Neck, Bikini Line - Silky Smooth Skin Solution for Men and Women, Dylonic","Imagine beautiful, bump-free skin. With Dylonic, it’s Just a Brush Away!",J. P.,Gentle,"The toner is gentle, fragrance free and super simple to use.",8/5/2024,5.0,Yes,0,0.8779,0.558,0.0,0.442,0.00922751147300005,0.09287815541028976,0.0020403822418302298,0.0813063457608223,0.7922988533973694,0.01637956127524376,0.005869145505130291
733,"Exfoliating Brush to Treat and Prevent Razor Bumps and Ingrown Hairs - Eliminate Shaving Irritation for Face, Armpit, Legs, Neck, Bikini Line - Silky Smooth Skin Solution for Men and Women, Dylonic","Imagine beautiful, bump-free skin. With Dylonic, it’s Just a Brush Away!",Marie,Great!,"Cleans any makeup residue left on face, very moisturizing",8/2/2024,5.0,Yes,0,0.0,0.0,0.0,1.0,0.021375907585024834,0.3250090777873993,0.0039316266775131226,0.010761957615613937,0.6010938882827759,0.03379952907562256,0.004027990158647299
734,"Exfoliating Brush to Treat and Prevent Razor Bumps and Ingrown Hairs - Eliminate Shaving Irritation for Face, Armpit, Legs, Neck, Bikini Line - Silky Smooth Skin Solution for Men and Women, Dylonic","Imagine beautiful, bump-free skin. With Dylonic, it’s Just a Brush Away!",Amazon Customer,Nice item,this product has worked  well for me,8/4/2024,5.0,Yes,0,0.2732,0.259,0.0,0.741,0.0019184607081115246,0.0006169566768221557,0.000617245037574321,0.9193439483642578,0.04681497812271118,0.005611393600702286,0.02507702447474003
735,"Exfoliating Brush to Treat and Prevent Razor Bumps and Ingrown Hairs - Eliminate Shaving Irritation for Face, Armpit, Legs, Neck, Bikini Line - Silky Smooth Skin Solution for Men and Women, Dylonic","Imagine beautiful, bump-free skin. With Dylonic, it’s Just a Brush Away!",Kate Cheramy,Using for years,I've been using this toner for about 2 decades now as it does not have an astringent to hurt skin.  Very soothing and will keep using!,7/9/2024,5.0,Yes,3,-0.273,0.089,0.126,0.785,0.002430092543363571,0.0034669344313442707,0.002759849652647972,0.8845824003219604,0.062115322798490524,0.028802528977394104,0.015842879191040993
736,"Exfoliating Brush to Treat and Prevent Razor Bumps and Ingrown Hairs - Eliminate Shaving Irritation for Face, Armpit, Legs, Neck, Bikini Line - Silky Smooth Skin Solution for Men and Women, Dylonic","Imagine beautiful, bump-free skin. With Dylonic, it’s Just a Brush Away!",OceanLady91,I love this toner!!,"Neutrogena does it again with a great product! I’ve been using it for a couple months and my skin feels great!I will say though, I did pour it into a mini spray bottle so I didn’t have to pour it onto a cloth to spread on my face. I wish they made it in a spray bottle form.",5/9/2024,5.0,Yes,2,0.8118,0.133,0.0,0.867,0.004371568560600281,0.011578048579394817,0.0017370739951729774,0.6845073103904724,0.2332245111465454,0.011567012406885624,0.05301452800631523
737,"Exfoliating Brush to Treat and Prevent Razor Bumps and Ingrown Hairs - Eliminate Shaving Irritation for Face, Armpit, Legs, Neck, Bikini Line - Silky Smooth Skin Solution for Men and Women, Dylonic","Imagine beautiful, bump-free skin. With Dylonic, it’s Just a Brush Away!",Tesha Satison,Great for pre-teens and adults with sensitive skin,Bought this for my pre-teen girls and they love it. Doesn't dry them out and works well with their other skin care stuff to keep their skin or to clear up a blemish when one pops up. I have used it also and have really sensitive skin and I didn't have any issues.,5/17/2024,5.0,Yes,2,0.9022,0.208,0.0,0.792,0.009943664073944092,0.06199338287115097,0.0037141810171306133,0.03256310522556305,0.8540323376655579,0.027934186160564423,0.009819170460104942
738,"Exfoliating Brush to Treat and Prevent Razor Bumps and Ingrown Hairs - Eliminate Shaving Irritation for Face, Armpit, Legs, Neck, Bikini Line - Silky Smooth Skin Solution for Men and Women, Dylonic","Imagine beautiful, bump-free skin. With Dylonic, it’s Just a Brush Away!",Classy Mom Hall,Amazing,"Love this toner. Alcohol drys the skin way too much. So for it to be Alcohol free, it adds great value to my business",6/26/2024,5.0,Yes,2,0.9325,0.412,0.0,0.588,0.0041039809584617615,0.012317556887865067,0.0007436499581672251,0.844768762588501,0.11073461920022964,0.01587989740073681,0.011451606638729572
739,"Exfoliating Brush to Treat and Prevent Razor Bumps and Ingrown Hairs - Eliminate Shaving Irritation for Face, Armpit, Legs, Neck, Bikini Line - Silky Smooth Skin Solution for Men and Women, Dylonic","Imagine beautiful, bump-free skin. With Dylonic, it’s Just a Brush Away!",dixiepeach,Ok as a replacement to the original product,"It seems to be doing a better job on my skin that the original product, and it isn't drying me out like the astringent product.  I'm 71 and still have break outs.  :-(The best part?  The first bottle arrived over half empty due to shipping.  The company sent out a new bottle immediately, and it arrived in just a few days as opposed to months.  I'm in Alaska where Prime and free shipping still means the product will arrive in weeks .....",2/27/2024,5.0,Yes,5,0.9246,0.169,0.02,0.811,0.024172302335500717,0.011354445479810238,0.02603466622531414,0.09536962956190109,0.3097882866859436,0.11303392052650452,0.42024677991867065
740,"Exfoliating Brush to Treat and Prevent Razor Bumps and Ingrown Hairs - Eliminate Shaving Irritation for Face, Armpit, Legs, Neck, Bikini Line - Silky Smooth Skin Solution for Men and Women, Dylonic","Imagine beautiful, bump-free skin. With Dylonic, it’s Just a Brush Away!",vpa,You Can't Always Get What You Want . . . You Get What You Need,"I don't wear makeup, but I have always used a toner to clean, moisturize and exfoliate my face and neck. For years, I used Physician's Formula  Skin Refreshener. It was gentle and effective and had a lovely mild, singular scent. Unfortunately, Physician's Formula ceased offering several products--the skin refreshener was one of them.  Since then, I have tried innumerable products, with no success. Finally, I found Neutrogena's Fragrance Free Face Toner; it does exactly what the Physician's Formula product did, just without the lovely, mild, singular scent.",2/27/2024,5.0,Yes,6,0.9827,0.29,0.054,0.655,0.009845876134932041,0.02939615584909916,0.027376672253012657,0.011053753085434437,0.208082377910614,0.6996382474899292,0.014606918208301067
741,"Exfoliating Brush to Treat and Prevent Razor Bumps and Ingrown Hairs - Eliminate Shaving Irritation for Face, Armpit, Legs, Neck, Bikini Line - Silky Smooth Skin Solution for Men and Women, Dylonic","Imagine beautiful, bump-free skin. With Dylonic, it’s Just a Brush Away!",Mich,Works well,Comparable to more expensive beauty products. Dislike the new packaging as it looks cheap. Good product though!,7/3/2024,5.0,Yes,3,0.6879,0.305,0.109,0.587,0.012188609689474106,0.799316942691803,0.005149828735738993,0.027215149253606796,0.09306585043668747,0.053488221019506454,0.00957546941936016
742,"Exfoliating Brush to Treat and Prevent Razor Bumps and Ingrown Hairs - Eliminate Shaving Irritation for Face, Armpit, Legs, Neck, Bikini Line - Silky Smooth Skin Solution for Men and Women, Dylonic","Imagine beautiful, bump-free skin. With Dylonic, it’s Just a Brush Away!",mhudders,Great toner,I have sensitive skin - this toner does not irritate my skin. It goes on easily and without any irritation. It is not oily nor does it dry out my skin.,6/14/2024,5.0,Yes,0,0.7531,0.222,0.0,0.778,0.7249600887298584,0.12127324938774109,0.003200298175215721,0.0037583219818770885,0.13164369761943817,0.012498978525400162,0.0026654391549527645
743,"Exfoliating Brush to Treat and Prevent Razor Bumps and Ingrown Hairs - Eliminate Shaving Irritation for Face, Armpit, Legs, Neck, Bikini Line - Silky Smooth Skin Solution for Men and Women, Dylonic","Imagine beautiful, bump-free skin. With Dylonic, it’s Just a Brush Away!",Nancy Barreda,Light and refreshing,After use the skin feels fresh and clean.  There is no alcohol burn with use.,3/8/2024,4.0,Yes,4,0.4215,0.26,0.115,0.625,0.007901507429778576,0.07628661394119263,0.0016826569335535169,0.41717398166656494,0.4646585285663605,0.021441664546728134,0.010855121538043022
744,"Exfoliating Brush to Treat and Prevent Razor Bumps and Ingrown Hairs - Eliminate Shaving Irritation for Face, Armpit, Legs, Neck, Bikini Line - Silky Smooth Skin Solution for Men and Women, Dylonic","Imagine beautiful, bump-free skin. With Dylonic, it’s Just a Brush Away!",Sandra,Great Product,"I’ve been using this product for years. I have somewhat oily skin, so I like that this toner does not make my skin feel tight after using. There is little to no fragrance.",5/30/2024,5.0,Yes,0,0.3225,0.095,0.056,0.849,0.009477884508669376,0.5570836663246155,0.02810746431350708,0.02781389281153679,0.31561532616615295,0.05789804086089134,0.004003784153610468
745,"Exfoliating Brush to Treat and Prevent Razor Bumps and Ingrown Hairs - Eliminate Shaving Irritation for Face, Armpit, Legs, Neck, Bikini Line - Silky Smooth Skin Solution for Men and Women, Dylonic","Imagine beautiful, bump-free skin. With Dylonic, it’s Just a Brush Away!",Valerie Rivera,Great toner!,"I started using toner recently to incorporate it into my skin routine. I instantly loved the product, it absorbs fast, leaves me feeling clean, and is gentle on my sensitive skin. It's a great price point vs a lot of other expensive brands. The bottle also lasts a long time, so I will be buying it again.",4/8/2024,5.0,Yes,2,0.9337,0.247,0.0,0.753,0.005176926497370005,0.021872440353035927,0.0011335130548104644,0.527647852897644,0.42505133152008057,0.0094526382163167,0.009665275923907757
746,"Exfoliating Brush to Treat and Prevent Razor Bumps and Ingrown Hairs - Eliminate Shaving Irritation for Face, Armpit, Legs, Neck, Bikini Line - Silky Smooth Skin Solution for Men and Women, Dylonic","Imagine beautiful, bump-free skin. With Dylonic, it’s Just a Brush Away!",Kerry C.,Leaky bottle,"This is one of few toners that my skin isn't allergic to but I wish they'd make a bottle that doesn't drip down the edge every time you use it. I can't set it on furniture, and it picks up pet hair and dust 🤢",12/30/2023,4.0,Yes,0,0.6116,0.114,0.0,0.886,0.045168373733758926,0.5613147020339966,0.036227066069841385,0.0023567816242575645,0.28924763202667236,0.035308778285980225,0.030376631766557693
747,"Exfoliating Brush to Treat and Prevent Razor Bumps and Ingrown Hairs - Eliminate Shaving Irritation for Face, Armpit, Legs, Neck, Bikini Line - Silky Smooth Skin Solution for Men and Women, Dylonic","Imagine beautiful, bump-free skin. With Dylonic, it’s Just a Brush Away!",anika patel,My favorite toner!,I really like this toner and I've been using it for years and definitely will keep using it for years because it keeps my face very moisturized and feels very good.,5/30/2024,5.0,Yes,0,0.8265,0.243,0.0,0.757,0.003031487576663494,0.017721176147460938,0.000781769456807524,0.9063981771469116,0.05973187834024429,0.008939193561673164,0.003396409098058939
748,"Exfoliating Brush to Treat and Prevent Razor Bumps and Ingrown Hairs - Eliminate Shaving Irritation for Face, Armpit, Legs, Neck, Bikini Line - Silky Smooth Skin Solution for Men and Women, Dylonic","Imagine beautiful, bump-free skin. With Dylonic, it’s Just a Brush Away!",Amazon Customer,Refreshing,"Used after I cleanse my face.  Very refreshing!  I then apply my moisturizer.  Neutrogenia made another one which I liked better but discontinued it, otherwise I would have given it 5 stars.  The original one had a nicer sent.",1/6/2024,4.0,Yes,3,0.8733,0.274,0.0,0.726,0.0018415830563753843,0.0022299736738204956,0.0009232002194039524,0.8586323261260986,0.07601313292980194,0.024401120841503143,0.03595869243144989
749,"Exfoliating Brush to Treat and Prevent Razor Bumps and Ingrown Hairs - Eliminate Shaving Irritation for Face, Armpit, Legs, Neck, Bikini Line - Silky Smooth Skin Solution for Men and Women, Dylonic","Imagine beautiful, bump-free skin. With Dylonic, it’s Just a Brush Away!",Kayla Brookshire,Good toner for the price!,This toner is pretty good for the price. I was on a budget so decided to order this toner instead of my usual toner and so far so good as far as a substitute. It doesn’t leave my skin feeling different and it still gets the job done. I say 4/5 for sure. If you are looking for a descent toner for a good price or simply on a budget this toner will be the right one for you.,10/1/2023,4.0,Yes,4,0.926,0.192,0.015,0.794,0.003931619226932526,0.008425278589129448,0.0011345049133524299,0.14765435457229614,0.8094660639762878,0.008507107384502888,0.020881038159132004
750,"Exfoliating Brush to Treat and Prevent Razor Bumps and Ingrown Hairs - Eliminate Shaving Irritation for Face, Armpit, Legs, Neck, Bikini Line - Silky Smooth Skin Solution for Men and Women, Dylonic","Imagine beautiful, bump-free skin. With Dylonic, it’s Just a Brush Away!",Victoria,I like this!,"I have used toners throughout my ever-changing skincare journey and like this product, as it makes my skin feel clean and hydrated. It came packaged safely. It has no noticeable smell and is a thin liquid that I have to apply with a cotton pad. It dries quickly and I do feel like it sets my skin up for my serum and moisturizers. I would recommend this as it seems like it is good quality for a good price.",2/15/2024,5.0,Yes,2,0.9552,0.25,0.025,0.725,0.010938674211502075,0.11382279545068741,0.002201503375545144,0.24976231157779694,0.607350766658783,0.009580663405358791,0.0063433474861085415
751,"Exfoliating Brush to Treat and Prevent Razor Bumps and Ingrown Hairs - Eliminate Shaving Irritation for Face, Armpit, Legs, Neck, Bikini Line - Silky Smooth Skin Solution for Men and Women, Dylonic","Imagine beautiful, bump-free skin. With Dylonic, it’s Just a Brush Away!",Casey,Really great for not drying out sensitive skin,"I live in a frigid climate and it's always windy and cold - so typically being outside is harsh on my sensitive skin.  I've typically always toned with something that has alcohol in it, but this has toned as if the alcohol is still present but doesn't provide the harsh dry out of my skin like most other products.  It's scent free and easy to use.  I would absolutely recommend to all the girlies who have sensitive skin or it's the winter months and your skin is feeling a little bit of the harshness!",12/28/2023,5.0,Yes,6,0.9096,0.164,0.055,0.78,0.345785915851593,0.5516711473464966,0.0144640589132905,0.0014865865232422948,0.020723938941955566,0.06347473710775375,0.0023935716599226
752,"Exfoliating Brush to Treat and Prevent Razor Bumps and Ingrown Hairs - Eliminate Shaving Irritation for Face, Armpit, Legs, Neck, Bikini Line - Silky Smooth Skin Solution for Men and Women, Dylonic","Imagine beautiful, bump-free skin. With Dylonic, it’s Just a Brush Away!",Fh,Gentle and refreshing,I highly recommend this product. It's gentle and it cleanses my face well. It isn't drying at all.,6/16/2024,5.0,Yes,0,0.7778,0.358,0.0,0.642,0.006301109679043293,0.10456792265176773,0.0036899044644087553,0.08268857002258301,0.7724832892417908,0.024777548387646675,0.005491658113896847
753,"Exfoliating Brush to Treat and Prevent Razor Bumps and Ingrown Hairs - Eliminate Shaving Irritation for Face, Armpit, Legs, Neck, Bikini Line - Silky Smooth Skin Solution for Men and Women, Dylonic","Imagine beautiful, bump-free skin. With Dylonic, it’s Just a Brush Away!",denali830,Great,Good price and delivery,7/9/2024,5.0,Yes,0,0.4404,0.492,0.0,0.508,0.0061605568043887615,0.005025222897529602,0.000999506446532905,0.04910979047417641,0.9251222610473633,0.005853625014424324,0.00772912846878171
754,"Exfoliating Brush to Treat and Prevent Razor Bumps and Ingrown Hairs - Eliminate Shaving Irritation for Face, Armpit, Legs, Neck, Bikini Line - Silky Smooth Skin Solution for Men and Women, Dylonic","Imagine beautiful, bump-free skin. With Dylonic, it’s Just a Brush Away!",Clara,Unsealed bottle,"I ordered one but the bottle was not sealed. I’m kind off worried if it’s not real one. I have very sensitive skin and don’t want to take the risk. Anyone who received a bottle like mine and used the product, please let me know if it’s the right one.",12/8/2023,4.0,Yes,0,-0.3536,0.132,0.158,0.71,0.03026610240340233,0.008567777462303638,0.7424676418304443,0.004893141333013773,0.16274750232696533,0.02173358015716076,0.02932426519691944
755,"Exfoliating Brush to Treat and Prevent Razor Bumps and Ingrown Hairs - Eliminate Shaving Irritation for Face, Armpit, Legs, Neck, Bikini Line - Silky Smooth Skin Solution for Men and Women, Dylonic","Imagine beautiful, bump-free skin. With Dylonic, it’s Just a Brush Away!",Cynarra Harris Pitre,Does the job,This is a good product,3/13/2024,4.0,Yes,0,0.4404,0.492,0.0,0.508,0.004436471965163946,0.00849207118153572,0.0011329256230965257,0.5957169532775879,0.3662945330142975,0.0042290580458939075,0.019697949290275574
756,"Exfoliating Brush to Treat and Prevent Razor Bumps and Ingrown Hairs - Eliminate Shaving Irritation for Face, Armpit, Legs, Neck, Bikini Line - Silky Smooth Skin Solution for Men and Women, Dylonic","Imagine beautiful, bump-free skin. With Dylonic, it’s Just a Brush Away!",Eva Oxenham,does great job,It leaves my skin fresh without the perfume smell that dries out the skin,6/24/2024,5.0,Yes,2,0.3182,0.15,0.0,0.85,0.02006806805729866,0.8451492786407471,0.002921729814261198,0.007058416493237019,0.0908321738243103,0.03130830079317093,0.002662100363522768
757,"Exfoliating Brush to Treat and Prevent Razor Bumps and Ingrown Hairs - Eliminate Shaving Irritation for Face, Armpit, Legs, Neck, Bikini Line - Silky Smooth Skin Solution for Men and Women, Dylonic","Imagine beautiful, bump-free skin. With Dylonic, it’s Just a Brush Away!",Karla N Smith,Great product!,The best toner!,7/10/2024,5.0,Yes,2,0.6696,0.692,0.0,0.308,0.010916000232100487,0.009760119952261448,0.0011831492884084582,0.5558691620826721,0.2523031234741211,0.007036976516246796,0.16293148696422577
758,"Exfoliating Brush to Treat and Prevent Razor Bumps and Ingrown Hairs - Eliminate Shaving Irritation for Face, Armpit, Legs, Neck, Bikini Line - Silky Smooth Skin Solution for Men and Women, Dylonic","Imagine beautiful, bump-free skin. With Dylonic, it’s Just a Brush Away!",Hanna,Less breakouts,I have tried so many different toners. This one has been my favorite! It doesn’t make my skin feel super oily but also doesn’t dry my skin out like a lot seem to do. Highly recommend!,5/1/2024,5.0,Yes,0,0.8995,0.285,0.0,0.715,0.029993362724781036,0.4661220908164978,0.0064812409691512585,0.0571843758225441,0.31194111704826355,0.1007932499051094,0.02748466655611992
759,"Exfoliating Brush to Treat and Prevent Razor Bumps and Ingrown Hairs - Eliminate Shaving Irritation for Face, Armpit, Legs, Neck, Bikini Line - Silky Smooth Skin Solution for Men and Women, Dylonic","Imagine beautiful, bump-free skin. With Dylonic, it’s Just a Brush Away!",Cere Visiae,Nice toner,"I used to use L’Oreal toner until they changed the formulation. This is almost as good as the previous L’Oreal product. The new L’Oreal product is awful IMO, so I was looking for something else. This Neutragena toner is odorless, which I like, and feels fresh on my face. The price is very reasonable too.",11/11/2023,4.0,Yes,4,0.5302,0.127,0.051,0.822,0.003570763161405921,0.9395290613174438,0.008513567969202995,0.0021851579658687115,0.03930722549557686,0.0047548809088766575,0.002139163902029395
760,"Exfoliating Brush to Treat and Prevent Razor Bumps and Ingrown Hairs - Eliminate Shaving Irritation for Face, Armpit, Legs, Neck, Bikini Line - Silky Smooth Skin Solution for Men and Women, Dylonic","Imagine beautiful, bump-free skin. With Dylonic, it’s Just a Brush Away!",Cari Hansson,That is sooo soothing to skin.,As a toner for skin.,2/26/2024,4.0,Yes,0,0.0,0.0,0.0,1.0,0.014991724863648415,0.5261428952217102,0.03107091411948204,0.018119482323527336,0.3021162450313568,0.09540852159261703,0.012150188907980919
761,"Exfoliating Brush to Treat and Prevent Razor Bumps and Ingrown Hairs - Eliminate Shaving Irritation for Face, Armpit, Legs, Neck, Bikini Line - Silky Smooth Skin Solution for Men and Women, Dylonic","Imagine beautiful, bump-free skin. With Dylonic, it’s Just a Brush Away!",Bteach,Clean feeling,This toner makes my skin feel clean before I moisturize. Excellent product.,6/18/2024,5.0,Yes,0,0.7506,0.416,0.0,0.584,0.010877699591219425,0.11549905687570572,0.0032059988006949425,0.06162561848759651,0.7836647033691406,0.015184174291789532,0.009942775592207909
762,"Exfoliating Brush to Treat and Prevent Razor Bumps and Ingrown Hairs - Eliminate Shaving Irritation for Face, Armpit, Legs, Neck, Bikini Line - Silky Smooth Skin Solution for Men and Women, Dylonic","Imagine beautiful, bump-free skin. With Dylonic, it’s Just a Brush Away!",Juan Caro,buen producto,excelente producto recomiendo al vendedor,6/28/2024,5.0,Yes,0,0.0,0.0,0.0,1.0,0.007927018217742443,0.004814037587493658,0.004659044090658426,0.005879832897335291,0.9151012897491455,0.007441096939146519,0.05417769029736519
763,"Exfoliating Brush to Treat and Prevent Razor Bumps and Ingrown Hairs - Eliminate Shaving Irritation for Face, Armpit, Legs, Neck, Bikini Line - Silky Smooth Skin Solution for Men and Women, Dylonic","Imagine beautiful, bump-free skin. With Dylonic, it’s Just a Brush Away!",Jodi Girl FL,Old Standby Is Still The Best,"I have been using Neutrogena products since college days. A sorority sister whose father was a dermatologist suggested I try it for my skin issues. After using them for short time, I saw a drastic improvement. And, have used them ever since.I stuck with them for that, and the fact that they are available most anywhere on the planet. And the price is right. I like the fact that they typically add new discoveries and innovations as the cosmetic industry discovers them. But do not add them just to be ""trendy"".There are other products out there that work for others, but let's be honest - we all have differences in our bodies that make some products that work for me not work for them.OVERALL - This works for me, and has for decades. It's a keeper!",4/9/2023,5.0,Yes,7,0.7901,0.064,0.011,0.924,0.02285798452794552,0.02244553156197071,0.0017311263363808393,0.08031919598579407,0.8343253135681152,0.009406509809195995,0.028914310038089752
764,"Exfoliating Brush to Treat and Prevent Razor Bumps and Ingrown Hairs - Eliminate Shaving Irritation for Face, Armpit, Legs, Neck, Bikini Line - Silky Smooth Skin Solution for Men and Women, Dylonic","Imagine beautiful, bump-free skin. With Dylonic, it’s Just a Brush Away!",Barbie,Best toner,Love this toner. Best drugstore brand. Leave skin feeling nice and does not stripe the oils from my face,5/26/2024,5.0,Yes,0,0.91,0.455,0.043,0.502,0.003947158809751272,0.012506847269833088,0.0005588118219748139,0.7210115790367126,0.23673124611377716,0.014264860190451145,0.01097953412681818
765,"Exfoliating Brush to Treat and Prevent Razor Bumps and Ingrown Hairs - Eliminate Shaving Irritation for Face, Armpit, Legs, Neck, Bikini Line - Silky Smooth Skin Solution for Men and Women, Dylonic","Imagine beautiful, bump-free skin. With Dylonic, it’s Just a Brush Away!",Bermuda Shorts,Great for removing excess facial oil,It's a good astringent for removing oil around the face. No sting or smell.,6/5/2024,5.0,Yes,0,0.1779,0.18,0.137,0.683,0.2147902250289917,0.614175021648407,0.006334607023745775,0.007347000762820244,0.1302359700202942,0.02450493536889553,0.0026121698319911957
766,"Exfoliating Brush to Treat and Prevent Razor Bumps and Ingrown Hairs - Eliminate Shaving Irritation for Face, Armpit, Legs, Neck, Bikini Line - Silky Smooth Skin Solution for Men and Women, Dylonic","Imagine beautiful, bump-free skin. With Dylonic, it’s Just a Brush Away!",vincent,Part of my daily skin care routine,Exactly as described.,6/22/2024,5.0,Yes,0,0.0,0.0,0.0,1.0,0.012406263500452042,0.008264290168881416,0.006450725719332695,0.007462519686669111,0.9342322945594788,0.008863752707839012,0.022320155054330826
767,"Exfoliating Brush to Treat and Prevent Razor Bumps and Ingrown Hairs - Eliminate Shaving Irritation for Face, Armpit, Legs, Neck, Bikini Line - Silky Smooth Skin Solution for Men and Women, Dylonic","Imagine beautiful, bump-free skin. With Dylonic, it’s Just a Brush Away!",Sheryl S.,The Best Deal,"I had just purchased a bottle about 3/4 of the size of this bottle for $13, so I was very, very happy when I received not only the lower priced bottle, but also a larger quantity!!!",4/3/2024,5.0,Yes,0,0.6067,0.146,0.0,0.854,0.0011544973822310567,0.00046765420120209455,0.00031478068558499217,0.9811768531799316,0.0022053676657378674,0.00188363844063133,0.012797189876437187
768,"Exfoliating Brush to Treat and Prevent Razor Bumps and Ingrown Hairs - Eliminate Shaving Irritation for Face, Armpit, Legs, Neck, Bikini Line - Silky Smooth Skin Solution for Men and Women, Dylonic","Imagine beautiful, bump-free skin. With Dylonic, it’s Just a Brush Away!",CMB,Works well,I have sensitive skin & this is perfect for my skin. It has no smell which is great! Some toners I’ve used in the past had witch hazel in it which had a gross odor.,11/5/2023,4.0,Yes,0,0.3164,0.182,0.189,0.629,0.0034996916074305773,0.9826306700706482,0.0031260428950190544,0.000886780908331275,0.006274592597037554,0.0026401455979794264,0.0009421386639587581
769,"Exfoliating Brush to Treat and Prevent Razor Bumps and Ingrown Hairs - Eliminate Shaving Irritation for Face, Armpit, Legs, Neck, Bikini Line - Silky Smooth Skin Solution for Men and Women, Dylonic","Imagine beautiful, bump-free skin. With Dylonic, it’s Just a Brush Away!",Cassie,Works great!,"I loved this product! It worked well for my sensitive skin! It doesn’t sting, which is usually always something I have to look out for.",5/2/2024,5.0,Yes,0,0.7639,0.239,0.0,0.761,0.8619279861450195,0.08489502966403961,0.002885354682803154,0.019718995317816734,0.023812372237443924,0.004664386156946421,0.002095907460898161
770,"Exfoliating Brush to Treat and Prevent Razor Bumps and Ingrown Hairs - Eliminate Shaving Irritation for Face, Armpit, Legs, Neck, Bikini Line - Silky Smooth Skin Solution for Men and Women, Dylonic","Imagine beautiful, bump-free skin. With Dylonic, it’s Just a Brush Away!",SGB,Toner,Good!  I've used before.,6/10/2024,5.0,Yes,0,0.4926,0.516,0.0,0.484,0.008585060015320778,0.004065719433128834,0.001220482517965138,0.8072558641433716,0.12331900000572205,0.004234961234033108,0.05131888389587402
771,"Exfoliating Brush to Treat and Prevent Razor Bumps and Ingrown Hairs - Eliminate Shaving Irritation for Face, Armpit, Legs, Neck, Bikini Line - Silky Smooth Skin Solution for Men and Women, Dylonic","Imagine beautiful, bump-free skin. With Dylonic, it’s Just a Brush Away!",MSGirl62,Helpful to my skin,I like this product very much was recommended by my Skincare salon.  This help my pores stay open allowing my skin to breathe as she stated. I will be using this for as long as needed.,3/19/2024,5.0,Yes,0,0.7402,0.19,0.0,0.81,0.005029901396483183,0.009947161190211773,0.006644449196755886,0.8684354424476624,0.09300723671913147,0.011063742451369762,0.005871923640370369
772,"Exfoliating Brush to Treat and Prevent Razor Bumps and Ingrown Hairs - Eliminate Shaving Irritation for Face, Armpit, Legs, Neck, Bikini Line - Silky Smooth Skin Solution for Men and Women, Dylonic","Imagine beautiful, bump-free skin. With Dylonic, it’s Just a Brush Away!",LiliJaramillo,Fantástico,Lo estoy disfrutando muchísimo. Es fresco y viene mucha cantidad,5/24/2024,5.0,Yes,0,0.0,0.0,0.0,1.0,0.03970891237258911,0.2587713301181793,0.06874863803386688,0.020651010796427727,0.55170077085495,0.04747695103287697,0.012942397966980934
773,"Exfoliating Brush to Treat and Prevent Razor Bumps and Ingrown Hairs - Eliminate Shaving Irritation for Face, Armpit, Legs, Neck, Bikini Line - Silky Smooth Skin Solution for Men and Women, Dylonic","Imagine beautiful, bump-free skin. With Dylonic, it’s Just a Brush Away!","Great aesthetic but they’re not plant shape, just sticks with leaves so hard to keep in the pot.",Great for sensitive skin!,Love this product so much! I have sensitive skin and this product is great and doesn’t make my skin burn or my eyes water! 10/10!,4/12/2024,5.0,Yes,0,0.88,0.294,0.0,0.706,0.013937896117568016,0.01139746606349945,0.0013163669500499964,0.8693459630012512,0.07762947678565979,0.007494769990444183,0.01887798123061657
774,"Exfoliating Brush to Treat and Prevent Razor Bumps and Ingrown Hairs - Eliminate Shaving Irritation for Face, Armpit, Legs, Neck, Bikini Line - Silky Smooth Skin Solution for Men and Women, Dylonic","Imagine beautiful, bump-free skin. With Dylonic, it’s Just a Brush Away!",Alan,Very good toner in new bottle,"I've used this product for years.  I have sensitive skin and this is a good toner for my skin type.  Just note that this same product used to come in a blue bottle.  They changed both the shape and the color of the new  bottle, but it is the same product.Sadly, some unscrupulous sellers on Amazon are still selling the old, discontinued bottles at a very steep premium.  I couldn't imagine how the price was so high until I searched more and found out the company merely changed the look of the bottle.  Please don't get fooled!!",9/12/2023,5.0,Yes,8,0.8523,0.106,0.0,0.894,0.13859300315380096,0.0776166319847107,0.042651623487472534,0.006017963867634535,0.18850485980510712,0.16969645023345947,0.37691938877105713
775,"Exfoliating Brush to Treat and Prevent Razor Bumps and Ingrown Hairs - Eliminate Shaving Irritation for Face, Armpit, Legs, Neck, Bikini Line - Silky Smooth Skin Solution for Men and Women, Dylonic","Imagine beautiful, bump-free skin. With Dylonic, it’s Just a Brush Away!",Amazon Customer,Good Toner,Love to use after I clean my face.  Closes the pores.,1/3/2024,4.0,Yes,0,0.7845,0.463,0.0,0.537,0.01437581330537796,0.17083217203617096,0.004099132493138313,0.08715623617172241,0.480919748544693,0.21895122528076172,0.02366568148136139
776,"Exfoliating Brush to Treat and Prevent Razor Bumps and Ingrown Hairs - Eliminate Shaving Irritation for Face, Armpit, Legs, Neck, Bikini Line - Silky Smooth Skin Solution for Men and Women, Dylonic","Imagine beautiful, bump-free skin. With Dylonic, it’s Just a Brush Away!",Beatriz,Alcohol freeee,I purchased this toner because I have very sensitive skin this was the only toner that didn’t sting one bit definitely suitable for dry sensitive skin .,4/1/2024,5.0,Yes,0,0.4019,0.105,0.0,0.895,0.8634335994720459,0.08136371523141861,0.007813329808413982,0.0012672613374888897,0.031530287116765976,0.011716804467141628,0.0028748405165970325
777,"Exfoliating Brush to Treat and Prevent Razor Bumps and Ingrown Hairs - Eliminate Shaving Irritation for Face, Armpit, Legs, Neck, Bikini Line - Silky Smooth Skin Solution for Men and Women, Dylonic","Imagine beautiful, bump-free skin. With Dylonic, it’s Just a Brush Away!",Pamela S,Great product,"Out of the many toners I have tried, including some high- end brands, this one is gentle, effective, and the least pricey. Neutrogena works wonders on sensitive skin. It helps clean your skin, but doesn’t irritate it.",3/18/2024,5.0,Yes,0,0.2382,0.181,0.087,0.732,0.419016033411026,0.2351553738117218,0.00274662091396749,0.009741160087287426,0.31752946972846985,0.011997616849839687,0.003813758259639144
778,"Exfoliating Brush to Treat and Prevent Razor Bumps and Ingrown Hairs - Eliminate Shaving Irritation for Face, Armpit, Legs, Neck, Bikini Line - Silky Smooth Skin Solution for Men and Women, Dylonic","Imagine beautiful, bump-free skin. With Dylonic, it’s Just a Brush Away!",J,i use this every day,I've used this product for 25 years daily and it's a great gentle cleanser.,5/3/2024,5.0,Yes,0,0.7906,0.389,0.0,0.611,0.0057046678848564625,0.053481098264455795,0.0019273507641628385,0.10908294469118118,0.8061307072639465,0.01628776453435421,0.0073854560032486916
779,"Exfoliating Brush to Treat and Prevent Razor Bumps and Ingrown Hairs - Eliminate Shaving Irritation for Face, Armpit, Legs, Neck, Bikini Line - Silky Smooth Skin Solution for Men and Women, Dylonic","Imagine beautiful, bump-free skin. With Dylonic, it’s Just a Brush Away!",David,I’ve always used Neutrogena toner.,I have almost always used Neutrogena Toner. I especially like this Alcohol-Free because it is non drying.,4/25/2024,5.0,Yes,0,0.4201,0.166,0.0,0.834,0.01003084983676672,0.03698347136378288,0.002254366409033537,0.055625900626182556,0.8716466426849365,0.016325004398822784,0.007133700884878635
780,"Exfoliating Brush to Treat and Prevent Razor Bumps and Ingrown Hairs - Eliminate Shaving Irritation for Face, Armpit, Legs, Neck, Bikini Line - Silky Smooth Skin Solution for Men and Women, Dylonic","Imagine beautiful, bump-free skin. With Dylonic, it’s Just a Brush Away!",Taylor Young,Good,The media could not be loaded.It has absolutely no smell. Wasn't broken when received. The only thing I don't like is there's no security seal on it so if the cap breaks during shipping it's going to spill everywhere.,10/4/2023,4.0,Yes,6,-0.2828,0.11,0.158,0.733,0.031037811189889908,0.809902012348175,0.016636189073324203,0.0017075800569728017,0.11779363453388214,0.017856603488326073,0.005066253710538149
781,"Exfoliating Brush to Treat and Prevent Razor Bumps and Ingrown Hairs - Eliminate Shaving Irritation for Face, Armpit, Legs, Neck, Bikini Line - Silky Smooth Skin Solution for Men and Women, Dylonic","Imagine beautiful, bump-free skin. With Dylonic, it’s Just a Brush Away!",KR,Your skin will love it,It is in fact very gentle on your skin and removes all impurities! Love!,4/20/2024,5.0,Yes,0,0.8392,0.399,0.0,0.601,0.045592050999403,0.13552595674991608,0.005972481798380613,0.1910194456577301,0.5920416712760925,0.02328444831073284,0.006563930306583643
782,"Exfoliating Brush to Treat and Prevent Razor Bumps and Ingrown Hairs - Eliminate Shaving Irritation for Face, Armpit, Legs, Neck, Bikini Line - Silky Smooth Skin Solution for Men and Women, Dylonic","Imagine beautiful, bump-free skin. With Dylonic, it’s Just a Brush Away!",mnorq,Super Product!,I have used this product for many years and it is a great toner to use after cleaning your face and before moisturizing.  It has no alcohol and doesn't dry out your skin. It just leaves your skin clean(er) and ready to absorb more moisture. I'm told all the time how great my skin looks and I'm 76 years old!,12/14/2023,5.0,Yes,5,0.8687,0.164,0.033,0.804,0.012353936210274696,0.02464415691792965,0.006158084142953157,0.10937091708183289,0.7456244826316833,0.019202791154384613,0.08264561742544174
783,"Exfoliating Brush to Treat and Prevent Razor Bumps and Ingrown Hairs - Eliminate Shaving Irritation for Face, Armpit, Legs, Neck, Bikini Line - Silky Smooth Skin Solution for Men and Women, Dylonic","Imagine beautiful, bump-free skin. With Dylonic, it’s Just a Brush Away!",Deelala,First time toner user,First time using toner I like the way it clean my face after washing it my only issue is my face is oily seems to get more oily so I don't apply anything else accept sunblock that's why I used the toner at night only and not using it every day or night,7/14/2023,4.0,Yes,2,0.7783,0.142,0.0,0.858,0.03073861449956894,0.21811440587043762,0.02709268033504486,0.15211991965770721,0.4048739969730377,0.15020178258419037,0.0168585404753685
784,"Exfoliating Brush to Treat and Prevent Razor Bumps and Ingrown Hairs - Eliminate Shaving Irritation for Face, Armpit, Legs, Neck, Bikini Line - Silky Smooth Skin Solution for Men and Women, Dylonic","Imagine beautiful, bump-free skin. With Dylonic, it’s Just a Brush Away!",TomTom,Very good toner,"Works great -  I'm really happy with this toner.  Cleans thoroughly.  It not as moisturizing as I'd like, but that's fine since I follow up with a separate moisturizer as part of my cleaning routine anyway.",2/17/2024,5.0,Yes,0,0.7904,0.237,0.0,0.763,0.0009257885394617915,0.0006781729753129184,0.00025151646696031094,0.9835430383682251,0.00580588961020112,0.002438897732645273,0.006356808356940746
785,"Exfoliating Brush to Treat and Prevent Razor Bumps and Ingrown Hairs - Eliminate Shaving Irritation for Face, Armpit, Legs, Neck, Bikini Line - Silky Smooth Skin Solution for Men and Women, Dylonic","Imagine beautiful, bump-free skin. With Dylonic, it’s Just a Brush Away!",Cynthia D. Jackson,Great skin toner,So far this toner is good. I've used Neutrogena products before and they have always been good products.,3/11/2024,5.0,Yes,0,0.7003,0.266,0.0,0.734,0.004276605788618326,0.012397048063576221,0.001248086802661419,0.3770623505115509,0.5841607451438904,0.0052468799985945225,0.015608269721269608
786,"Exfoliating Brush to Treat and Prevent Razor Bumps and Ingrown Hairs - Eliminate Shaving Irritation for Face, Armpit, Legs, Neck, Bikini Line - Silky Smooth Skin Solution for Men and Women, Dylonic","Imagine beautiful, bump-free skin. With Dylonic, it’s Just a Brush Away!",VICKI M,Works great,Works as well or better than the high end toners.,3/28/2024,5.0,Yes,0,0.6124,0.385,0.0,0.615,0.004934599623084068,0.005448251962661743,0.001058609108440578,0.08560158312320709,0.8458779454231262,0.012328854762017727,0.04475013539195061
787,"Exfoliating Brush to Treat and Prevent Razor Bumps and Ingrown Hairs - Eliminate Shaving Irritation for Face, Armpit, Legs, Neck, Bikini Line - Silky Smooth Skin Solution for Men and Women, Dylonic","Imagine beautiful, bump-free skin. With Dylonic, it’s Just a Brush Away!",waterilly62,No burning,I like this product because it has a good name and it doesn't burn your skin because ots alcohol free. Makes my skin feel fresh.,2/23/2024,5.0,Yes,0,0.875,0.367,0.0,0.633,0.003519002813845873,0.02425898052752018,0.0006110306712798774,0.8714206218719482,0.08947014063596725,0.0063321636989712715,0.00438799848780036
788,"Exfoliating Brush to Treat and Prevent Razor Bumps and Ingrown Hairs - Eliminate Shaving Irritation for Face, Armpit, Legs, Neck, Bikini Line - Silky Smooth Skin Solution for Men and Women, Dylonic","Imagine beautiful, bump-free skin. With Dylonic, it’s Just a Brush Away!",Melanie,Different ≠ Bad,"I’m only writing this review because I nearly wrote this off before trying it because of all the negative reviews. I used ‘the blue bottle’, too. Yes, for years. Yes, I loved it. Yes, it’s different. NO, it is NOT bad. These things are subjective and everyone’s skin is different, of course, but this is still a fantastic product. I don’t notice much of a difference, and I have very sensitive, acne-prone skin that’s very pale and reddens easily. I’ve been using this for over a month now and I really love it. Give it a chance before you write it off. Different isn’t always bad!",6/9/2023,5.0,Yes,14,0.9786,0.258,0.036,0.706,0.013623565435409546,0.07627809792757034,0.003622818272560835,0.11717028170824051,0.7569575309753418,0.01250939629971981,0.019838379696011543
789,"Exfoliating Brush to Treat and Prevent Razor Bumps and Ingrown Hairs - Eliminate Shaving Irritation for Face, Armpit, Legs, Neck, Bikini Line - Silky Smooth Skin Solution for Men and Women, Dylonic","Imagine beautiful, bump-free skin. With Dylonic, it’s Just a Brush Away!",dutchess,Helps with pores,I have rather large pores and my skin is sensitive I am able to use on a daily basis and it does not dry out my skin.,2/15/2024,5.0,Yes,2,0.0,0.0,0.0,1.0,0.024534495547413826,0.06393349915742874,0.009195352904498577,0.009760483168065548,0.83399897813797,0.044145502150058746,0.014431594870984554
790,"Exfoliating Brush to Treat and Prevent Razor Bumps and Ingrown Hairs - Eliminate Shaving Irritation for Face, Armpit, Legs, Neck, Bikini Line - Silky Smooth Skin Solution for Men and Women, Dylonic","Imagine beautiful, bump-free skin. With Dylonic, it’s Just a Brush Away!",Judi Penn,Does not dry out skin,Very mild alcohol free and refreshing,4/18/2024,5.0,Yes,0,0.552,0.416,0.0,0.584,0.004101429134607315,0.017146160826086998,0.0011528743198141456,0.7384101152420044,0.22012822329998016,0.014175700955092907,0.004885472822934389
791,"Exfoliating Brush to Treat and Prevent Razor Bumps and Ingrown Hairs - Eliminate Shaving Irritation for Face, Armpit, Legs, Neck, Bikini Line - Silky Smooth Skin Solution for Men and Women, Dylonic","Imagine beautiful, bump-free skin. With Dylonic, it’s Just a Brush Away!",Betsey,"Alcohol free, so good for your skin!","The media could not be loaded.The stuff makes my face feel great and gets off all the little dirt and leftover makeup that my face cleanser doesn’t get! Alcohol free toner is the best for your face, it doesn’t dry it out. Make me feel clean and tight 🙂",12/10/2023,5.0,Yes,4,0.9258,0.244,0.035,0.72,0.013643342070281506,0.07483886182308197,0.002468629041686654,0.37211987376213074,0.5034529566764832,0.021888284012675285,0.011588006280362606
792,"Exfoliating Brush to Treat and Prevent Razor Bumps and Ingrown Hairs - Eliminate Shaving Irritation for Face, Armpit, Legs, Neck, Bikini Line - Silky Smooth Skin Solution for Men and Women, Dylonic","Imagine beautiful, bump-free skin. With Dylonic, it’s Just a Brush Away!",Abbe,Feels just like water on my face,This feels just like water on my face and at the same time gets rid of any excess dirt still remaining on the face after using cleaner. It does not leave you face feeling dry after use.,7/30/2023,4.0,Yes,0,0.3502,0.166,0.058,0.776,0.032229285687208176,0.5125717520713806,0.007493142504245043,0.005385200027376413,0.19832471013069153,0.23142702877521515,0.012568826787173748
793,"Exfoliating Brush to Treat and Prevent Razor Bumps and Ingrown Hairs - Eliminate Shaving Irritation for Face, Armpit, Legs, Neck, Bikini Line - Silky Smooth Skin Solution for Men and Women, Dylonic","Imagine beautiful, bump-free skin. With Dylonic, it’s Just a Brush Away!",Erika A Mims,Good price for great product,This helps take oils away without over drying! Will continue to buy,3/28/2024,5.0,Yes,0,0.4389,0.208,0.0,0.792,0.01095891185104847,0.005973738618195057,0.0011076725786551833,0.49742624163627625,0.425378680229187,0.0191193874925375,0.04003537818789482
794,"Exfoliating Brush to Treat and Prevent Razor Bumps and Ingrown Hairs - Eliminate Shaving Irritation for Face, Armpit, Legs, Neck, Bikini Line - Silky Smooth Skin Solution for Men and Women, Dylonic","Imagine beautiful, bump-free skin. With Dylonic, it’s Just a Brush Away!",Sharon Griffith,Perfect for my sensitive skin,This toner has been my go-to for a while.  It is not harsh on my sensitive skin and leaves no residue.  It does not dry out my skin and leaves it feeling clean and fresh.  I have this on my subscribe and save now!,11/7/2023,5.0,Yes,0,0.848,0.245,0.043,0.711,0.02401428297162056,0.04221111163496971,0.0022564767859876156,0.36638888716697693,0.5191248059272766,0.02804141491651535,0.017962967976927757
795,"Exfoliating Brush to Treat and Prevent Razor Bumps and Ingrown Hairs - Eliminate Shaving Irritation for Face, Armpit, Legs, Neck, Bikini Line - Silky Smooth Skin Solution for Men and Women, Dylonic","Imagine beautiful, bump-free skin. With Dylonic, it’s Just a Brush Away!",Dave,Good value for the money,"This toner works as well as any I have used. Sometimes I feel a bit of tingling with other toners, I do not feel that with this brand.",12/26/2023,5.0,Yes,2,0.2732,0.084,0.0,0.916,0.014801451936364174,0.4085690677165985,0.018607303500175476,0.007508976850658655,0.4262285828590393,0.11659075319766998,0.0076938895508646965
796,"Exfoliating Brush to Treat and Prevent Razor Bumps and Ingrown Hairs - Eliminate Shaving Irritation for Face, Armpit, Legs, Neck, Bikini Line - Silky Smooth Skin Solution for Men and Women, Dylonic","Imagine beautiful, bump-free skin. With Dylonic, it’s Just a Brush Away!",Mom of 3,New packaging  same product,Love this product. Changed packaging but seems the same,3/13/2024,5.0,Yes,0,0.3818,0.245,0.0,0.755,0.00870859157294035,0.01597929187119007,0.0014032172039151192,0.5790190100669861,0.18649893999099731,0.0880839079618454,0.12030703574419022
797,"Exfoliating Brush to Treat and Prevent Razor Bumps and Ingrown Hairs - Eliminate Shaving Irritation for Face, Armpit, Legs, Neck, Bikini Line - Silky Smooth Skin Solution for Men and Women, Dylonic","Imagine beautiful, bump-free skin. With Dylonic, it’s Just a Brush Away!",Magoogs,"Great for dry and sensitive skin, but not for oily, breakout prone","I have combination skin with an oily t-zone and I realized I really need a toner that can clean out my pores of everything left after cleansing, and though this toner is very nourishing, it doesn't clean well, which is why I gave it a lower rating.I had more breakouts when I switched from my usual biore witch hazel toner, to this, however it does leave your skin very soft.I think it would be great if you have dry or sensitive skin. But if you are even a little prone to breakouts I'd steer clear of this one.",7/8/2024,3.0,Yes,3,0.6997,0.099,0.06,0.841,0.0068047367967665195,0.16777320206165314,0.006611914373934269,0.008277558721601963,0.7605137825012207,0.04296460375189781,0.007054067216813564
798,"Exfoliating Brush to Treat and Prevent Razor Bumps and Ingrown Hairs - Eliminate Shaving Irritation for Face, Armpit, Legs, Neck, Bikini Line - Silky Smooth Skin Solution for Men and Women, Dylonic","Imagine beautiful, bump-free skin. With Dylonic, it’s Just a Brush Away!",Jake,Hopefully not used.,"Just got this product, was excited to use but the bottle showed up like this and the bottle is dirty and a little sticky. I really hope after I clean the bottle up my mind won’t think that it was used.",8/8/2024,3.0,Yes,0,0.8376,0.258,0.078,0.665,0.023429304361343384,0.773999035358429,0.0096253277733922,0.003965259995311499,0.10698220878839493,0.06383133679628372,0.018167564645409584
799,"Exfoliating Brush to Treat and Prevent Razor Bumps and Ingrown Hairs - Eliminate Shaving Irritation for Face, Armpit, Legs, Neck, Bikini Line - Silky Smooth Skin Solution for Men and Women, Dylonic","Imagine beautiful, bump-free skin. With Dylonic, it’s Just a Brush Away!",Lynn Woods,Sticky,Leaves your face feeling sticky,5/26/2024,3.0,Yes,0,0.128,0.273,0.0,0.727,0.149532750248909,0.48321062326431274,0.019126921892166138,0.006014189682900906,0.20131847262382507,0.12394946068525314,0.016847528517246246
800,"Exfoliating Brush to Treat and Prevent Razor Bumps and Ingrown Hairs - Eliminate Shaving Irritation for Face, Armpit, Legs, Neck, Bikini Line - Silky Smooth Skin Solution for Men and Women, Dylonic","Imagine beautiful, bump-free skin. With Dylonic, it’s Just a Brush Away!",Zachary,too watery and burning sensation,"I've tried aveeno oat products as well and had the same burning feeling so I think my skin is not a fan of the oat?? not sure, but this gave me a burning feeling and my face got red. it was also too watery for me.",8/3/2024,2.0,Yes,0,0.2378,0.107,0.065,0.828,0.4227010905742645,0.12310054153203964,0.004817369394004345,0.0038908845745027065,0.05135803297162056,0.345883309841156,0.04824875295162201
801,"Exfoliating Brush to Treat and Prevent Razor Bumps and Ingrown Hairs - Eliminate Shaving Irritation for Face, Armpit, Legs, Neck, Bikini Line - Silky Smooth Skin Solution for Men and Women, Dylonic","Imagine beautiful, bump-free skin. With Dylonic, it’s Just a Brush Away!",avidreader,Why does it smell like that?,"I use mostly fragrance free products and wanted to try this product for that reason and the simple ingredient list. I have sensitive, dry and dehydrated skin. I like that this toner isn’t heavy, but the smell, it truly is atrocious. I was using a bliss toner before this which had a faint fresh scent. I expected something similar with this one, but I am not sure what ingredient causes it to smell awful. To me the scent is awful enough that even though it is faint, it completely puts me off using it. I would rather have them add some scent to mask whatever it is (I think that it might be the oat) that creates the current smell in the product.",3/15/2023,3.0,Yes,5,0.788,0.137,0.078,0.785,0.004285045433789492,0.9646963477134705,0.01554363127797842,0.0004063322558067739,0.0065432763658463955,0.007220874540507793,0.0013044936349615455
802,"Exfoliating Brush to Treat and Prevent Razor Bumps and Ingrown Hairs - Eliminate Shaving Irritation for Face, Armpit, Legs, Neck, Bikini Line - Silky Smooth Skin Solution for Men and Women, Dylonic","Imagine beautiful, bump-free skin. With Dylonic, it’s Just a Brush Away!",Jessica Grater,Allergic Reaction,The only thing I noticed while using this product was that it caused my eyes to swell and look puffy. I'm assuming it was an allergic reaction so be careful and if you notice it once stop using it.,5/8/2024,2.0,Yes,0,-0.3657,0.046,0.107,0.848,0.01262843981385231,0.26997247338294983,0.042052414268255234,0.004995671566575766,0.5069921016693115,0.13989031314849854,0.02346862480044365
803,"Exfoliating Brush to Treat and Prevent Razor Bumps and Ingrown Hairs - Eliminate Shaving Irritation for Face, Armpit, Legs, Neck, Bikini Line - Silky Smooth Skin Solution for Men and Women, Dylonic","Imagine beautiful, bump-free skin. With Dylonic, it’s Just a Brush Away!",f km,no just no,"okay so i got this thinking it’ll smooth my skin out since i have acne prone + sensitive skin. i have these annoying stubborn little bumps on the side of my face, i used this toner but not sure how long it takes. but did notice 4 red spots/dots on my face after using this … didn’t have them before and don’t know if this is causing it. the red dots feel like pimples coming in bc they hurt when put pressure onto them. not sure if i want to return this or keep using.. wanted to see if my skin is just “plurging” and it will clear out later on as i keep using this. i will update !update: i stopped using this bc it made my face feel weird , didn’t work for me !",1/11/2023,1.0,Yes,3,-0.9043,0.057,0.157,0.787,0.009415663778781891,0.032617151737213135,0.15175245702266693,0.003405408700928092,0.021075358614325523,0.046737778931856155,0.7349961400032043
804,"Exfoliating Brush to Treat and Prevent Razor Bumps and Ingrown Hairs - Eliminate Shaving Irritation for Face, Armpit, Legs, Neck, Bikini Line - Silky Smooth Skin Solution for Men and Women, Dylonic","Imagine beautiful, bump-free skin. With Dylonic, it’s Just a Brush Away!",Mailahni,Wasn’t impressed,Made me breakout sort of and smells like a diaper,6/9/2023,2.0,Yes,0,0.3612,0.238,0.0,0.762,0.010333780199289322,0.8504970669746399,0.03432169929146767,0.0029067404102534056,0.060574550181627274,0.008524905890226364,0.03284117951989174
805,"Exfoliating Brush to Treat and Prevent Razor Bumps and Ingrown Hairs - Eliminate Shaving Irritation for Face, Armpit, Legs, Neck, Bikini Line - Silky Smooth Skin Solution for Men and Women, Dylonic","Imagine beautiful, bump-free skin. With Dylonic, it’s Just a Brush Away!",judith street,Oily skin reaction,This was a waste of my money. It made my dry skin peel and was greasy after using.,2/10/2024,1.0,Yes,0,-0.4215,0.0,0.149,0.851,0.014280918054282665,0.9698202013969421,0.002097283024340868,0.00040756366797722876,0.006023036316037178,0.006724304519593716,0.0006467782659456134
806,"Exfoliating Brush to Treat and Prevent Razor Bumps and Ingrown Hairs - Eliminate Shaving Irritation for Face, Armpit, Legs, Neck, Bikini Line - Silky Smooth Skin Solution for Men and Women, Dylonic","Imagine beautiful, bump-free skin. With Dylonic, it’s Just a Brush Away!",C.Smith,No Change!,I love ELF products except this toner. I seen no change in my skin after a month of using this product.,1/13/2024,1.0,Yes,0,0.4588,0.188,0.098,0.714,0.003658879082649946,0.027986742556095123,0.001666189287789166,0.8408090472221375,0.10107708722352982,0.012318406254053116,0.012483579106628895
807,"Exfoliating Brush to Treat and Prevent Razor Bumps and Ingrown Hairs - Eliminate Shaving Irritation for Face, Armpit, Legs, Neck, Bikini Line - Silky Smooth Skin Solution for Men and Women, Dylonic","Imagine beautiful, bump-free skin. With Dylonic, it’s Just a Brush Away!",Miss Debora,There is a irritant in this product,It broke my skin out,4/24/2023,1.0,Yes,0,-0.4215,0.0,0.412,0.588,0.2191944122314453,0.05397525057196617,0.1479520946741104,0.004819600377231836,0.08172500878572464,0.39727577567100525,0.09505800902843475
808,"Exfoliating Brush to Treat and Prevent Razor Bumps and Ingrown Hairs - Eliminate Shaving Irritation for Face, Armpit, Legs, Neck, Bikini Line - Silky Smooth Skin Solution for Men and Women, Dylonic","Imagine beautiful, bump-free skin. With Dylonic, it’s Just a Brush Away!",AmazonWoman,Nice toner,"I found the e.l.f. Pure Skin Daily Toner to be a nice addition to my beauty routine.  I always use a toner right after my shower to keep my pores small.  It has proven to be a lifesaver in keeping my skin smooth and fresh.The reason for my 3-star rating is that while the toner did do its job, getting the product from the bottle to a cotton round was rather difficult.  The hole that dispenses the product did seem to release it.  I found myself touching the cotton to see if any toner had been expelled.  Upon closer examination, I saw that when the toner did come out of the bottle it was in very small drops and I had to squeeze the bottle in order for that to happen.While I did find that the product does work, it is difficult and rather frustrating to coax the product out of its container.  I have used similar items with similar results that did not take a quarter of the effort to use.  I feel this would be great when traveling, as I think the probability of the item dispensing all over your luggage would be low.  For everyday use, it's a no-go for me.",7/4/2022,3.0,No,0,0.6705,0.07,0.058,0.872,0.017797470092773438,0.05934840068221092,0.013498429208993912,0.059198684990406036,0.7735179662704468,0.04336947202682495,0.033269576728343964
809,"Exfoliating Brush to Treat and Prevent Razor Bumps and Ingrown Hairs - Eliminate Shaving Irritation for Face, Armpit, Legs, Neck, Bikini Line - Silky Smooth Skin Solution for Men and Women, Dylonic","Imagine beautiful, bump-free skin. With Dylonic, it’s Just a Brush Away!",Morgan,not good,i have fairly sensitive skin and this left it feeling dry and irritated. soon after applying the product my skin started to break out in red bumps where it was applied and then began to dry up and crack. the consistency is nice and the smell is okay but it did not work for my skin.,1/5/2024,1.0,No,0,0.1531,0.08,0.035,0.885,0.9867966175079346,0.004732906818389893,0.00032846914837136865,0.0016450185794383287,0.001957888016477227,0.003866425948217511,0.000672615657094866
810,"Exfoliating Brush to Treat and Prevent Razor Bumps and Ingrown Hairs - Eliminate Shaving Irritation for Face, Armpit, Legs, Neck, Bikini Line - Silky Smooth Skin Solution for Men and Women, Dylonic","Imagine beautiful, bump-free skin. With Dylonic, it’s Just a Brush Away!",Hawaii,"Non-Irritating, No Visible Results","My wife used the e.l.f. skin toner several times and found it to be gentle and non-irritating.  But she didn't notice any improvement in her skin (not smoother, healthier looking).  Often times when you use a skin toner, the application cotton pad gets a little color, but not so with this product.  This one has no obvious scent.  She likes the sturdy bottle.",7/16/2022,3.0,No,0,-0.0951,0.082,0.088,0.83,0.01743832603096962,0.2286507785320282,0.004141343757510185,0.10255316644906998,0.618777334690094,0.02293342351913452,0.005505608394742012
811,"Exfoliating Brush to Treat and Prevent Razor Bumps and Ingrown Hairs - Eliminate Shaving Irritation for Face, Armpit, Legs, Neck, Bikini Line - Silky Smooth Skin Solution for Men and Women, Dylonic","Imagine beautiful, bump-free skin. With Dylonic, it’s Just a Brush Away!",Alejandro G.,Product was opened. Stained.,I believe I may have received a previously opened product. There was no box and no seal.,6/30/2022,2.0,No,0,-0.5267,0.0,0.268,0.732,0.007612979970872402,0.00565814645960927,0.004959811922162771,0.0035879502538591623,0.43367451429367065,0.006115899421274662,0.5383906960487366
812,"Exfoliating Brush to Treat and Prevent Razor Bumps and Ingrown Hairs - Eliminate Shaving Irritation for Face, Armpit, Legs, Neck, Bikini Line - Silky Smooth Skin Solution for Men and Women, Dylonic","Imagine beautiful, bump-free skin. With Dylonic, it’s Just a Brush Away!",Avery Commons,No seal,No seal around or under the lid. Did not use.,6/28/2022,1.0,No,0,-0.296,0.0,0.196,0.804,0.038066498935222626,0.21964403986930847,0.017707200720906258,0.00406464422121644,0.6058336496353149,0.08942198753356934,0.02526194229722023
813,"Exfoliating Brush to Treat and Prevent Razor Bumps and Ingrown Hairs - Eliminate Shaving Irritation for Face, Armpit, Legs, Neck, Bikini Line - Silky Smooth Skin Solution for Men and Women, Dylonic","Imagine beautiful, bump-free skin. With Dylonic, it’s Just a Brush Away!",D,usable,"works pretty good for sensitive skin, smells weird but it does moisturize",1/14/2024,3.0,Yes,0,0.4019,0.281,0.094,0.625,0.005276569630950689,0.9164640307426453,0.029717082157731056,0.003103048074990511,0.01568794995546341,0.016388054937124252,0.013363211415708065
814,"Exfoliating Brush to Treat and Prevent Razor Bumps and Ingrown Hairs - Eliminate Shaving Irritation for Face, Armpit, Legs, Neck, Bikini Line - Silky Smooth Skin Solution for Men and Women, Dylonic","Imagine beautiful, bump-free skin. With Dylonic, it’s Just a Brush Away!",Ashley,,I have psoriasis on my face and it caused me to break out. Personally not a fan but it would probably work very well for most people.,6/19/2024,,Yes,0,0.3835,0.112,0.054,0.834,0.02863132767379284,0.19764484465122223,0.14869855344295502,0.027734659612178802,0.301138311624527,0.2809445261955261,0.015207778662443161
815,"Exfoliating Brush to Treat and Prevent Razor Bumps and Ingrown Hairs - Eliminate Shaving Irritation for Face, Armpit, Legs, Neck, Bikini Line - Silky Smooth Skin Solution for Men and Women, Dylonic","Imagine beautiful, bump-free skin. With Dylonic, it’s Just a Brush Away!",izabela,,Very sticky and kinda letf wierd texture on my skin i used it with their moisturizer not very hydrating at least for me. My skin felt dry not soft tp touch,3/7/2023,,Yes,2,0.0,0.0,0.0,1.0,0.04974653571844101,0.43171849846839905,0.007825618609786034,0.015259514562785625,0.05281888693571091,0.43464240431785583,0.007988443598151207
816,"Exfoliating Brush to Treat and Prevent Razor Bumps and Ingrown Hairs - Eliminate Shaving Irritation for Face, Armpit, Legs, Neck, Bikini Line - Silky Smooth Skin Solution for Men and Women, Dylonic","Imagine beautiful, bump-free skin. With Dylonic, it’s Just a Brush Away!",C,,Makes my sensitive face burn,5/21/2024,,Yes,0,0.0,0.0,0.0,1.0,0.6141998767852783,0.060960203409194946,0.03428373113274574,0.0015331752365455031,0.050725072622299194,0.23222650587558746,0.006071426440030336
817,"Exfoliating Brush to Treat and Prevent Razor Bumps and Ingrown Hairs - Eliminate Shaving Irritation for Face, Armpit, Legs, Neck, Bikini Line - Silky Smooth Skin Solution for Men and Women, Dylonic","Imagine beautiful, bump-free skin. With Dylonic, it’s Just a Brush Away!",Hilary,,Good product for the price.  Definitely buy again,9/7/2023,,Yes,0,0.6808,0.483,0.0,0.517,0.002029944211244583,0.0014355675084516406,0.001188593334518373,0.6811277270317078,0.20707282423973083,0.019701050594449043,0.08744434267282486
818,"Exfoliating Brush to Treat and Prevent Razor Bumps and Ingrown Hairs - Eliminate Shaving Irritation for Face, Armpit, Legs, Neck, Bikini Line - Silky Smooth Skin Solution for Men and Women, Dylonic","Imagine beautiful, bump-free skin. With Dylonic, it’s Just a Brush Away!",tatyana,,Have never seen such indistructable packaging. Have not been able  to open it to be able to try it. Will have to find someone super strong to open it for me.,1/8/2024,,Yes,0,0.802,0.199,0.0,0.801,0.004694333299994469,0.010515955276787281,0.007068169768899679,0.0030910144560039043,0.7650017142295837,0.01131228543817997,0.1983165442943573
819,"Exfoliating Brush to Treat and Prevent Razor Bumps and Ingrown Hairs - Eliminate Shaving Irritation for Face, Armpit, Legs, Neck, Bikini Line - Silky Smooth Skin Solution for Men and Women, Dylonic","Imagine beautiful, bump-free skin. With Dylonic, it’s Just a Brush Away!",Alicia,,Was very drying on my skin. Had to return.,4/2/2024,,Yes,0,0.0,0.0,0.0,1.0,0.02994420751929283,0.5228255987167358,0.01339261420071125,0.004303388763219118,0.09910722821950912,0.31494343280792236,0.015483500435948372
820,"Exfoliating Brush to Treat and Prevent Razor Bumps and Ingrown Hairs - Eliminate Shaving Irritation for Face, Armpit, Legs, Neck, Bikini Line - Silky Smooth Skin Solution for Men and Women, Dylonic","Imagine beautiful, bump-free skin. With Dylonic, it’s Just a Brush Away!",iampalindrome,,I really wanted to like this product as I had heard great reviews and the price was great.  I used it on my face and it got hot and red very fast! I didn't want to take a pic of my face which was awful but here is a pic of the product that dripped down my arm!  Would not recommend.  Do not buy if you've got sensitive skin!,7/9/2023,,Yes,4,0.4497,0.111,0.083,0.805,0.04403568431735039,0.6019176840782166,0.1893233060836792,0.01053431537002325,0.019322987645864487,0.09065737575292587,0.044208697974681854
821,"Exfoliating Brush to Treat and Prevent Razor Bumps and Ingrown Hairs - Eliminate Shaving Irritation for Face, Armpit, Legs, Neck, Bikini Line - Silky Smooth Skin Solution for Men and Women, Dylonic","Imagine beautiful, bump-free skin. With Dylonic, it’s Just a Brush Away!",Find-Smart-Value,,"The toner is great on my sensitive skin, and I like to apply it after cleansing. It is very gentle in exfoliating and has a calming effect. Prepares the skin for the next step: moisturizing. For all 3 steps (cleansing, toning, moisturizing) I used e.l.f. products. I am very happy with the results.Looking at the ingredients, I understand why this formula is so effective:  Oat Milk to nourish & soothe skin, Niacinamide to shrink pores & even out skin tone, ceramides to build up the skin's moisture barrier & Hyaluronic Acid to lock in moisture& plump.Effective & affordable product, but I need to give only 3 stars because the quantity promised in the title is not reflected in the product I received (5 Oz instead 6 Oz) and one photo belongs to the e.l.f. moisturizer.E.l.f. is a good brand and needs matching advertising, without mistakes.",7/2/2022,,No,0,0.9661,0.171,0.009,0.821,0.0019583546090871096,0.0029372042044997215,0.00045241156476549804,0.9574330449104309,0.024395426735281944,0.007604609709233046,0.005218951031565666
822,"Exfoliating Brush to Treat and Prevent Razor Bumps and Ingrown Hairs - Eliminate Shaving Irritation for Face, Armpit, Legs, Neck, Bikini Line - Silky Smooth Skin Solution for Men and Women, Dylonic","Imagine beautiful, bump-free skin. With Dylonic, it’s Just a Brush Away!",Brenda P,,"I didn't really notice any benefits of using this toner. I felt like I was putting water on my face. It didn't seem to make my skin feel cleaner and didn't remove anything left behind after cleansing, but using another toner picked up dirt. My skin didn't look any better.The bottle for this is way too stiff. I found it hard to get the toner out on my cotton round. I had to shake it out.I was a little surprised at the price of it since e.l.f. usually had products cheaper than drugstore but now it is a little more than drugstore price.I wouldn't get it again. I have others that work much better.",8/15/2022,,No,0,0.4665,0.093,0.058,0.848,0.004726981278508902,0.00975451897829771,0.005348800681531429,0.0015911473892629147,0.012819529511034489,0.0022982703521847725,0.9634607434272766
823,"Exfoliating Brush to Treat and Prevent Razor Bumps and Ingrown Hairs - Eliminate Shaving Irritation for Face, Armpit, Legs, Neck, Bikini Line - Silky Smooth Skin Solution for Men and Women, Dylonic","Imagine beautiful, bump-free skin. With Dylonic, it’s Just a Brush Away!",Jelena D,,"This review is for e.l.f. Pure Skin Toner, Gentle, Soothing & Exfoliating Daily Toner, Helps Protect & Maintain The Skin's Barrier, 6 Oz, $12e.l.f. cosmetic products have very good reputations so I decided to try this toner. I am kind of disappointed.- it's only 5oz not 6oz as listed- my skin is not sensitive but it still stings- priceyEverything else is good.",7/7/2022,,No,0,0.8843,0.21,0.019,0.771,0.006381944753229618,0.011681819334626198,0.0029409974813461304,0.04222499951720238,0.11957243084907532,0.7617172598838806,0.055480554699897766
824,"Exfoliating Brush to Treat and Prevent Razor Bumps and Ingrown Hairs - Eliminate Shaving Irritation for Face, Armpit, Legs, Neck, Bikini Line - Silky Smooth Skin Solution for Men and Women, Dylonic","Imagine beautiful, bump-free skin. With Dylonic, it’s Just a Brush Away!",Shay M.,Great job Good Molecules!,"Yeah….. this stuff will make you a believer! The left photo is from May 2022. The right photo is from tonight (Oct. 2024).I purchased this May 2024 and have been using it intermittently. I noticed some difference at first but about a month ago.. I really started noticing a difference! That’s because instead of applying it on a cotton swab & then using it.. I know just pour it in my palm and then apply it! I think my skin just absorbs it better.My problem area is around my mouth/chin. For some reason, it’s the darkest area on my face (aside from dark circles). However this stuff has lightened that area and it’s AHHHMAZING!",10/28/2024,5.0,Yes,2,-0.8755,0.0,0.081,0.919,0.030320845544338226,0.11226307600736618,0.006892668083310127,0.021162299439311028,0.5896742343902588,0.016544809564948082,0.2231421321630478
825,"Exfoliating Brush to Treat and Prevent Razor Bumps and Ingrown Hairs - Eliminate Shaving Irritation for Face, Armpit, Legs, Neck, Bikini Line - Silky Smooth Skin Solution for Men and Women, Dylonic","Imagine beautiful, bump-free skin. With Dylonic, it’s Just a Brush Away!",Rosco Reviews,"Lightweight, works well",This has become a must have in my morning skin care routine. This product is so affordable that I’m happy to buy it again when I run out of it.It is very lightweight and I find it doesn’t take much so this bottle lasts me a long time. I usually dab a bit into my palm and spread it over my face and neck. Or sometimes on a cotton ball.I have combination skin and I haven’t had any issues with it drying my skin out or breakouts. I’ve noticed my skin looks healthier and my scars are lighter than before.It’s perfect to put on daily with no irritation. I always use moisturizer on top of it. I will be buying more when I run out!,10/19/2024,5.0,Yes,2,0.8016,0.101,0.044,0.856,0.024911852553486824,0.015274849720299244,0.001761150429956615,0.5790053009986877,0.35002565383911133,0.014591187238693237,0.014430006965994835
826,"Exfoliating Brush to Treat and Prevent Razor Bumps and Ingrown Hairs - Eliminate Shaving Irritation for Face, Armpit, Legs, Neck, Bikini Line - Silky Smooth Skin Solution for Men and Women, Dylonic","Imagine beautiful, bump-free skin. With Dylonic, it’s Just a Brush Away!",Ava,It works!,If you are just starting your skincare journey or looking for a toner to help with discoloration then this is the toner for you.  I have been using for two months and I have already notice a difference with my skin texture and my Malala is also fading I use it along with the discoloration correcting serum day and night.,10/30/2024,5.0,Yes,0,0.4019,0.048,0.0,0.952,0.006811631843447685,0.018161803483963013,0.0027026808820664883,0.002387943444773555,0.9460992813110352,0.007905949838459492,0.015930693596601486
827,"Exfoliating Brush to Treat and Prevent Razor Bumps and Ingrown Hairs - Eliminate Shaving Irritation for Face, Armpit, Legs, Neck, Bikini Line - Silky Smooth Skin Solution for Men and Women, Dylonic","Imagine beautiful, bump-free skin. With Dylonic, it’s Just a Brush Away!",Isabelle Ogando Garay,Opinión en español,"Mi piel: mixta y MUY SENSIBLE.Esta es mi primera usada del producto, en 3 meses vuelvo para decirles si funciono.El producto trae muy buena cantidad, vence en 12 meses después de abierto.Es un líquido con un poco de aroma, el aroma no me gusto mucho pero no es tan molestoso, solo se siente al ponerlo, ya después no huele.Normalmente compro productos que digan skin sensitive para evitar que me arda (y al ser mi cara MUY sensible aun así me arden la mayoría), pero con este me aventuré porque decía que es para todo tipos de pieles y busque reseñas y decían que lo puede usar una piel sensible.No me ardió, no sentí una molestia y sobre todo no me activó la rosácea. En la primera aplicada me gusto bastante.",9/14/2024,5.0,Yes,8,-0.8402,0.0,0.084,0.916,0.04011482372879982,0.2113913744688034,0.02137247659265995,0.055985622107982635,0.6219735145568848,0.026908451691269875,0.02225373685359955
828,"Exfoliating Brush to Treat and Prevent Razor Bumps and Ingrown Hairs - Eliminate Shaving Irritation for Face, Armpit, Legs, Neck, Bikini Line - Silky Smooth Skin Solution for Men and Women, Dylonic","Imagine beautiful, bump-free skin. With Dylonic, it’s Just a Brush Away!",Natalia,Shrink flation,"So I bought this product from ulta almost a yr ago, and I have to save receiving this product again after a yr today there’s a big difference in size. This bottle used to be bigger definitely for the same price would get way more product, and the sad thing is I enjoy this product but with the way it gets used it’s just money stealing. The economy is going to hell to be honest. Again great product!",10/27/2024,4.0,Yes,0,0.2363,0.175,0.144,0.681,0.0038368653040379286,0.005130634177476168,0.0010464924853295088,0.15526045858860016,0.03817850351333618,0.7280813455581665,0.06846575438976288
829,"Exfoliating Brush to Treat and Prevent Razor Bumps and Ingrown Hairs - Eliminate Shaving Irritation for Face, Armpit, Legs, Neck, Bikini Line - Silky Smooth Skin Solution for Men and Women, Dylonic","Imagine beautiful, bump-free skin. With Dylonic, it’s Just a Brush Away!",Dakiesha Thomas,It really works!,I like this product doesn’t have my face feeling too dry and I see that a difference after two weeks of me using it,10/31/2024,5.0,Yes,0,0.4588,0.174,0.0,0.826,0.014147165231406689,0.083590067923069,0.0019659886602312326,0.1802224963903427,0.4695558249950409,0.22898410260677338,0.021534467115998268
830,"Exfoliating Brush to Treat and Prevent Razor Bumps and Ingrown Hairs - Eliminate Shaving Irritation for Face, Armpit, Legs, Neck, Bikini Line - Silky Smooth Skin Solution for Men and Women, Dylonic","Imagine beautiful, bump-free skin. With Dylonic, it’s Just a Brush Away!",Jasmine,I love it,You can use it with cotton pads or just your hands. I love it so far happy with the results.,10/26/2024,5.0,Yes,0,0.8473,0.325,0.0,0.675,0.002452498534694314,0.0020563029684126377,0.00027108227368444204,0.9682407975196838,0.018087437376379967,0.003883203724399209,0.005008665379136801
831,"Exfoliating Brush to Treat and Prevent Razor Bumps and Ingrown Hairs - Eliminate Shaving Irritation for Face, Armpit, Legs, Neck, Bikini Line - Silky Smooth Skin Solution for Men and Women, Dylonic","Imagine beautiful, bump-free skin. With Dylonic, it’s Just a Brush Away!",Hackelia Walker,Brightening Serum,All items are great quality and it’s same as shown on display photosI purchased this item to help with my skincare routine,10/23/2024,5.0,Yes,0,0.7783,0.254,0.0,0.746,0.005991853773593903,0.005176673177629709,0.0012873020023107529,0.29756709933280945,0.6607592105865479,0.0076574478298425674,0.021560391411185265
832,"Exfoliating Brush to Treat and Prevent Razor Bumps and Ingrown Hairs - Eliminate Shaving Irritation for Face, Armpit, Legs, Neck, Bikini Line - Silky Smooth Skin Solution for Men and Women, Dylonic","Imagine beautiful, bump-free skin. With Dylonic, it’s Just a Brush Away!",allison,Brightening  and refreshing,Light weight formula that doesn’t clog pores or take forever to dry,10/28/2024,5.0,Yes,0,0.0,0.0,0.0,1.0,0.004681017715483904,0.018397068604826927,0.0014945175498723984,0.027729962021112442,0.9293597936630249,0.012653426267206669,0.005684072617441416
833,"Exfoliating Brush to Treat and Prevent Razor Bumps and Ingrown Hairs - Eliminate Shaving Irritation for Face, Armpit, Legs, Neck, Bikini Line - Silky Smooth Skin Solution for Men and Women, Dylonic","Imagine beautiful, bump-free skin. With Dylonic, it’s Just a Brush Away!",Daniella D,Amazing product,I will be ordering again!,11/1/2024,5.0,Yes,0,0.0,0.0,0.0,1.0,0.09834633767604828,0.012458592653274536,0.01796386018395424,0.11890696734189987,0.26236602663993835,0.11640312522649765,0.37355509400367737
834,"Exfoliating Brush to Treat and Prevent Razor Bumps and Ingrown Hairs - Eliminate Shaving Irritation for Face, Armpit, Legs, Neck, Bikini Line - Silky Smooth Skin Solution for Men and Women, Dylonic","Imagine beautiful, bump-free skin. With Dylonic, it’s Just a Brush Away!",Muy bueno producto,Ese toner es el final,Muy bueno para persona k tiene acne . Empecé a ver resultado después d 1 semana,10/25/2024,5.0,Yes,0,0.0,0.0,0.0,1.0,0.06426570564508438,0.06717907637357712,0.05401117354631424,0.0648304745554924,0.5932535529136658,0.12990975379943848,0.026550302281975746
835,"Exfoliating Brush to Treat and Prevent Razor Bumps and Ingrown Hairs - Eliminate Shaving Irritation for Face, Armpit, Legs, Neck, Bikini Line - Silky Smooth Skin Solution for Men and Women, Dylonic","Imagine beautiful, bump-free skin. With Dylonic, it’s Just a Brush Away!",Jem,Works great when consistent,Saw improve within weeks of pairing with serum.,10/28/2024,5.0,Yes,0,0.4404,0.293,0.0,0.707,0.009669940918684006,0.41857653856277466,0.035927195101976395,0.011870458722114563,0.33491796255111694,0.04383841156959534,0.1451994627714157
836,"Exfoliating Brush to Treat and Prevent Razor Bumps and Ingrown Hairs - Eliminate Shaving Irritation for Face, Armpit, Legs, Neck, Bikini Line - Silky Smooth Skin Solution for Men and Women, Dylonic","Imagine beautiful, bump-free skin. With Dylonic, it’s Just a Brush Away!",Stephanie,The BEST,"For the price, vegan, clean and fragrance free this is now my go to products. It's hydrated my skin, improved my wrinkles, redness in my skin has all but disappeared, my skin texture is soft and even.It is slightly sticky but once I put on the Good Molecules light moisturizer everything softens and it's a good base for makeup. My skin is brighter and it does what it says it does, very effective.",9/25/2024,5.0,Yes,11,0.9606,0.25,0.027,0.723,0.013737427070736885,0.14309638738632202,0.002631556708365679,0.12408185750246048,0.6902155876159668,0.021009178832173347,0.005228052381426096
837,"Exfoliating Brush to Treat and Prevent Razor Bumps and Ingrown Hairs - Eliminate Shaving Irritation for Face, Armpit, Legs, Neck, Bikini Line - Silky Smooth Skin Solution for Men and Women, Dylonic","Imagine beautiful, bump-free skin. With Dylonic, it’s Just a Brush Away!",Michelle M,Love this stuff!,Keeps my face bright and clear from blemishes I love this stuff!!,10/23/2024,5.0,Yes,0,0.8829,0.562,0.0,0.438,0.004708020482212305,0.002549252938479185,0.0006047894130460918,0.9535961747169495,0.020043417811393738,0.014966988004744053,0.0035313658881932497
838,"Exfoliating Brush to Treat and Prevent Razor Bumps and Ingrown Hairs - Eliminate Shaving Irritation for Face, Armpit, Legs, Neck, Bikini Line - Silky Smooth Skin Solution for Men and Women, Dylonic","Imagine beautiful, bump-free skin. With Dylonic, it’s Just a Brush Away!",Juana Iris,Empaque excelente,Llego en perfecto estado,10/29/2024,5.0,Yes,0,0.3182,0.434,0.0,0.566,0.012690067291259766,0.07313018292188644,0.046697311103343964,0.07222867757081985,0.7449995875358582,0.025874294340610504,0.024379832670092583
839,"Exfoliating Brush to Treat and Prevent Razor Bumps and Ingrown Hairs - Eliminate Shaving Irritation for Face, Armpit, Legs, Neck, Bikini Line - Silky Smooth Skin Solution for Men and Women, Dylonic","Imagine beautiful, bump-free skin. With Dylonic, it’s Just a Brush Away!",Rahab,Like this oil,"Love ,love ,love,",10/27/2024,5.0,Yes,0,0.8555,0.894,0.0,0.106,0.009113997220993042,0.003997943364083767,0.0016745143802836537,0.6099444627761841,0.0962720736861229,0.25861120223999023,0.020385848358273506
840,"Exfoliating Brush to Treat and Prevent Razor Bumps and Ingrown Hairs - Eliminate Shaving Irritation for Face, Armpit, Legs, Neck, Bikini Line - Silky Smooth Skin Solution for Men and Women, Dylonic","Imagine beautiful, bump-free skin. With Dylonic, it’s Just a Brush Away!",Loodjee Augustin,Good product,"I like it, it's very important for my face 🩷🩷🩷",10/21/2024,5.0,Yes,0,0.5563,0.396,0.0,0.604,0.00840259250253439,0.011032645590603352,0.002054929966107011,0.8987395167350769,0.06976771354675293,0.007355605252087116,0.002647101180627942
841,"Exfoliating Brush to Treat and Prevent Razor Bumps and Ingrown Hairs - Eliminate Shaving Irritation for Face, Armpit, Legs, Neck, Bikini Line - Silky Smooth Skin Solution for Men and Women, Dylonic","Imagine beautiful, bump-free skin. With Dylonic, it’s Just a Brush Away!",Adriana Mendoza Diaz,Excelente,Quiero empezar a utilizar el producto para ver los resultados,10/21/2024,5.0,Yes,0,0.0,0.0,0.0,1.0,0.0763801634311676,0.08938593417406082,0.029424970969557762,0.03149615600705147,0.7170159816741943,0.04035794734954834,0.01593882031738758
842,"Exfoliating Brush to Treat and Prevent Razor Bumps and Ingrown Hairs - Eliminate Shaving Irritation for Face, Armpit, Legs, Neck, Bikini Line - Silky Smooth Skin Solution for Men and Women, Dylonic","Imagine beautiful, bump-free skin. With Dylonic, it’s Just a Brush Away!",Felicia,First Toner and a holy grail product for me.,"This was my first toner I tried a few months ago when I was getting into skincare…. I’ve graduated to k beauty and using some others but this will remain my base!!!! It really brightened my skin and tightened my pores. I ran out and tried to use something else but noticed I didn’t glow as much, wasn’t as smooth,  and pores were more noticeable…. So I repurchased immediately. It has vitamin c, hyaluronic acid, arbutin, and niacinamide. It’s a great toner!",9/11/2024,5.0,Yes,7,0.9559,0.192,0.0,0.808,0.014782845042645931,0.014710748568177223,0.004739308264106512,0.1683160811662674,0.6482603549957275,0.018660202622413635,0.13053053617477417
843,"Exfoliating Brush to Treat and Prevent Razor Bumps and Ingrown Hairs - Eliminate Shaving Irritation for Face, Armpit, Legs, Neck, Bikini Line - Silky Smooth Skin Solution for Men and Women, Dylonic","Imagine beautiful, bump-free skin. With Dylonic, it’s Just a Brush Away!",Brittany brad,Works wonders,Started my face routine with this product and I’ve noticed a big difference will be buying again,10/14/2024,5.0,Yes,0,0.0,0.0,0.0,1.0,0.014339340850710869,0.010324157774448395,0.009666044265031815,0.007042122073471546,0.6403266787528992,0.008191222324967384,0.3101104199886322
844,"Exfoliating Brush to Treat and Prevent Razor Bumps and Ingrown Hairs - Eliminate Shaving Irritation for Face, Armpit, Legs, Neck, Bikini Line - Silky Smooth Skin Solution for Men and Women, Dylonic","Imagine beautiful, bump-free skin. With Dylonic, it’s Just a Brush Away!",Dre,It works,"Love this product so much, cleared up my discoloration within weeks. Definitely repurchasing",10/16/2024,5.0,Yes,0,0.8214,0.462,0.0,0.538,0.003761785803362727,0.0033314931206405163,0.002698671305552125,0.8693011403083801,0.07699505984783173,0.02047378569841385,0.023437976837158203
845,"Exfoliating Brush to Treat and Prevent Razor Bumps and Ingrown Hairs - Eliminate Shaving Irritation for Face, Armpit, Legs, Neck, Bikini Line - Silky Smooth Skin Solution for Men and Women, Dylonic","Imagine beautiful, bump-free skin. With Dylonic, it’s Just a Brush Away!",LUZYELY MEDINA,Excelente,Muy bien producto lo uso a diario,10/19/2024,5.0,Yes,0,0.0,0.0,0.0,1.0,0.012370484881103039,0.09427870810031891,0.016311803832650185,0.0065490491688251495,0.7958185076713562,0.013394838199019432,0.0612766407430172
846,"Exfoliating Brush to Treat and Prevent Razor Bumps and Ingrown Hairs - Eliminate Shaving Irritation for Face, Armpit, Legs, Neck, Bikini Line - Silky Smooth Skin Solution for Men and Women, Dylonic","Imagine beautiful, bump-free skin. With Dylonic, it’s Just a Brush Away!",Judith E Rivera,Works good,Im using it on my face and I see improvement. Great product,10/15/2024,5.0,Yes,0,0.7964,0.441,0.0,0.559,0.0033419758547097445,0.005589235574007034,0.0010507408296689391,0.9282944798469543,0.019199971109628677,0.0058408682234585285,0.03668280318379402
847,"Exfoliating Brush to Treat and Prevent Razor Bumps and Ingrown Hairs - Eliminate Shaving Irritation for Face, Armpit, Legs, Neck, Bikini Line - Silky Smooth Skin Solution for Men and Women, Dylonic","Imagine beautiful, bump-free skin. With Dylonic, it’s Just a Brush Away!",Sharon Holloway Pittman,It works,"When I say I'm serious  about u this product.  As you can see I have ordering my second  bottle. I don't  keep  it in the sun. I just  wanted  you all to see that  i really  do use it.I will not run-out  again.  The box  was damaged, BUT THANK GOD the bottle  wasn't  broken",9/10/2024,5.0,Yes,2,0.8842,0.199,0.054,0.747,0.015637801960110664,0.0019505118252709508,0.004984255414456129,0.02051745168864727,0.06599468737840652,0.6609808206558228,0.2299344837665558
848,"Exfoliating Brush to Treat and Prevent Razor Bumps and Ingrown Hairs - Eliminate Shaving Irritation for Face, Armpit, Legs, Neck, Bikini Line - Silky Smooth Skin Solution for Men and Women, Dylonic","Imagine beautiful, bump-free skin. With Dylonic, it’s Just a Brush Away!",Amarachi,Loveee ittt,I've used a couple of toners but this one doesn't dry out my skin and it leaves it moisturized while clearing out the dark spots I have. I wish it were bigger for this price because I used it up in a month,9/23/2024,5.0,Yes,4,0.5499,0.088,0.0,0.912,0.005991768557578325,0.07775723934173584,0.006802736781537533,0.009584078565239906,0.5539892911911011,0.29134348034858704,0.05453142523765564
849,"Exfoliating Brush to Treat and Prevent Razor Bumps and Ingrown Hairs - Eliminate Shaving Irritation for Face, Armpit, Legs, Neck, Bikini Line - Silky Smooth Skin Solution for Men and Women, Dylonic","Imagine beautiful, bump-free skin. With Dylonic, it’s Just a Brush Away!",CLAUDIA COLMAN,Funciona,"Dudaba al comienzo, luego de una semama de usarlo veo la diferencia en mi piel. Es un aliado mas para mi skincare diario.",10/4/2024,5.0,Yes,2,0.0,0.0,0.0,1.0,0.03897404298186302,0.19306066632270813,0.11024962365627289,0.20865438878536224,0.23041102290153503,0.187599316239357,0.031050918623805046
850,"Exfoliating Brush to Treat and Prevent Razor Bumps and Ingrown Hairs - Eliminate Shaving Irritation for Face, Armpit, Legs, Neck, Bikini Line - Silky Smooth Skin Solution for Men and Women, Dylonic","Imagine beautiful, bump-free skin. With Dylonic, it’s Just a Brush Away!",Terr,Really good,This product help to clear my skin this brand is good,10/12/2024,5.0,Yes,0,0.802,0.506,0.0,0.494,0.007392503786832094,0.03449253365397453,0.0032813684083521366,0.15884171426296234,0.7707780599594116,0.015110809355974197,0.010102990083396435
851,"Exfoliating Brush to Treat and Prevent Razor Bumps and Ingrown Hairs - Eliminate Shaving Irritation for Face, Armpit, Legs, Neck, Bikini Line - Silky Smooth Skin Solution for Men and Women, Dylonic","Imagine beautiful, bump-free skin. With Dylonic, it’s Just a Brush Away!",Love this set…on time delivery 🤌🏾🤌🏾,Its amazing,Leaves your face absolutely soothing,10/16/2024,5.0,Yes,0,0.3804,0.393,0.0,0.607,0.007823880761861801,0.026898495852947235,0.0029961634427309036,0.3724212348461151,0.5577216148376465,0.02793559618294239,0.004203047603368759
852,"Exfoliating Brush to Treat and Prevent Razor Bumps and Ingrown Hairs - Eliminate Shaving Irritation for Face, Armpit, Legs, Neck, Bikini Line - Silky Smooth Skin Solution for Men and Women, Dylonic","Imagine beautiful, bump-free skin. With Dylonic, it’s Just a Brush Away!",Carlos,Does the job,Size is worth the money,10/14/2024,5.0,Yes,0,0.2263,0.322,0.0,0.678,0.012396958656609058,0.00679436232894659,0.001603973563760519,0.2139289826154709,0.6971045732498169,0.00838361494243145,0.059787485748529434
853,"Exfoliating Brush to Treat and Prevent Razor Bumps and Ingrown Hairs - Eliminate Shaving Irritation for Face, Armpit, Legs, Neck, Bikini Line - Silky Smooth Skin Solution for Men and Women, Dylonic","Imagine beautiful, bump-free skin. With Dylonic, it’s Just a Brush Away!",Tayla,Good product,Product is good and does what it is supposed to.I have fairly sensitive skin and had no allergy or sensitivity to the product.,9/30/2024,5.0,Yes,2,0.1779,0.111,0.084,0.805,0.01326537225395441,0.07000494003295898,0.004301207605749369,0.057165805250406265,0.833930492401123,0.017378009855747223,0.0039541698060929775
854,"Exfoliating Brush to Treat and Prevent Razor Bumps and Ingrown Hairs - Eliminate Shaving Irritation for Face, Armpit, Legs, Neck, Bikini Line - Silky Smooth Skin Solution for Men and Women, Dylonic","Imagine beautiful, bump-free skin. With Dylonic, it’s Just a Brush Away!",LYDA NAXIRE TOVAR SUAREZ,Excelente,Lo compro cada vez que se me va a agotar es un producto maravilloso,10/5/2024,5.0,Yes,0,0.0,0.0,0.0,1.0,0.05634947866201401,0.059102967381477356,0.04250546917319298,0.05206293985247612,0.7332017421722412,0.026210496202111244,0.030566910281777382
855,"Exfoliating Brush to Treat and Prevent Razor Bumps and Ingrown Hairs - Eliminate Shaving Irritation for Face, Armpit, Legs, Neck, Bikini Line - Silky Smooth Skin Solution for Men and Women, Dylonic","Imagine beautiful, bump-free skin. With Dylonic, it’s Just a Brush Away!",antonieka campbell,Affordable,"I love love this toner. I've seen so much reviews on it and I had to buy it since I'm already using some stuff from the brand. It's easy to use, it's not too heavy, not too sticky, doesn't have any odor and it clean your face well. If you're into skincare you can get this.",8/26/2024,4.0,Yes,0,0.9442,0.247,0.0,0.753,0.012907503172755241,0.18387041985988617,0.002673838520422578,0.1838994175195694,0.5961525440216064,0.01270720362663269,0.007789043243974447
856,"Exfoliating Brush to Treat and Prevent Razor Bumps and Ingrown Hairs - Eliminate Shaving Irritation for Face, Armpit, Legs, Neck, Bikini Line - Silky Smooth Skin Solution for Men and Women, Dylonic","Imagine beautiful, bump-free skin. With Dylonic, it’s Just a Brush Away!",RN888,It works it works!,I use this morning and night but wow it takes away redness and clears pours. Love this product.,9/30/2024,5.0,Yes,0,0.9253,0.471,0.0,0.529,0.0018960105953738093,0.0023736406583338976,0.0013291053473949432,0.04498087242245674,0.01698850467801094,0.006059630308300257,0.926372230052948
857,"Exfoliating Brush to Treat and Prevent Razor Bumps and Ingrown Hairs - Eliminate Shaving Irritation for Face, Armpit, Legs, Neck, Bikini Line - Silky Smooth Skin Solution for Men and Women, Dylonic","Imagine beautiful, bump-free skin. With Dylonic, it’s Just a Brush Away!",cassi gonzalez,good!,i used it for a while and it shows very fast improvement i have pretty red skin and it really helps with that :),9/14/2024,4.0,Yes,3,0.9076,0.421,0.0,0.579,0.001455114223062992,0.0010861624032258987,0.0002009765594266355,0.9770335555076599,0.008386378176510334,0.004597965162247419,0.00723981810733676
858,"Exfoliating Brush to Treat and Prevent Razor Bumps and Ingrown Hairs - Eliminate Shaving Irritation for Face, Armpit, Legs, Neck, Bikini Line - Silky Smooth Skin Solution for Men and Women, Dylonic","Imagine beautiful, bump-free skin. With Dylonic, it’s Just a Brush Away!",JBeenz,"Absolutely, Absolutely Love It","I am so glad that I purchased this product as well as several others from this brand. I have been seeing how great the products have been working to clear up my skin as a result of homone imbalance.The products from this brand are very suited to my very sensitive skin and I have not had any unwanted reaction to them at all. These products are very reasonably priced, and are truly exceptionally formulated.I recommend this brand without hesitation because I have been reaping the wonderful benefits of their effectiveness with my skin.",8/25/2024,5.0,Yes,7,0.9765,0.264,0.0,0.736,0.013406994752585888,0.004396374803036451,0.5604982376098633,0.3514379858970642,0.055838607251644135,0.004013680852949619,0.010408133268356323
859,"Exfoliating Brush to Treat and Prevent Razor Bumps and Ingrown Hairs - Eliminate Shaving Irritation for Face, Armpit, Legs, Neck, Bikini Line - Silky Smooth Skin Solution for Men and Women, Dylonic","Imagine beautiful, bump-free skin. With Dylonic, it’s Just a Brush Away!",Keisha Timmons,Awesome Product,"Discovering the Niacinamide Brightening Toner has been a revelation for my skincare routine. Here's why I can't stop raving about it:From the first use, I noticed an immediate improvement in my skin's brightness and clarity. The toner's lightweight texture feels refreshing and absorbs quickly, leaving my skin feeling hydrated and balanced without any greasy residue.What sets this toner apart is its powerhouse ingredients. Niacinamide, a true skincare hero, has visibly reduced the appearance of dark spots and uneven tone. My complexion looks more even and radiant with each application.I also appreciate the thoughtful formulation. It's alcohol-free and fragrance-free, which is perfect for my sensitive skin. Plus, it's packed with antioxidants and soothing botanical extracts that nourish and protect my skin throughout the day.The packaging is another win. The bottle comes with a convenient pump dispenser that dispenses just the right amount of product, ensuring no wastage. It's practical and hygienic, fitting seamlessly into my skincare routine.In terms of value, this toner is worth every penny. Considering its effectiveness and the visible results, it's a skincare investment that delivers. I've tried many toners, but none have matched the brightening power of this one.Overall, if you're looking to enhance your skincare routine and achieve a radiant glow, look no further than this Niacinamide Brightening Toner. It's become a staple in my regimen, and I can't recommend it enough. Your skin will thank you!",7/3/2024,5.0,Yes,38,0.9883,0.2,0.028,0.772,0.0033505025785416365,0.006150501314550638,0.0005777233745902777,0.8855612277984619,0.09245561808347702,0.004526103846728802,0.007378389127552509
860,"Exfoliating Brush to Treat and Prevent Razor Bumps and Ingrown Hairs - Eliminate Shaving Irritation for Face, Armpit, Legs, Neck, Bikini Line - Silky Smooth Skin Solution for Men and Women, Dylonic","Imagine beautiful, bump-free skin. With Dylonic, it’s Just a Brush Away!",Karina Guzman,Good,Good product,9/24/2024,4.0,Yes,0,0.4404,0.744,0.0,0.256,0.008780872449278831,0.02597375027835369,0.002139480784535408,0.13650324940681458,0.8071948885917664,0.009893683716654778,0.009514090605080128
861,"Exfoliating Brush to Treat and Prevent Razor Bumps and Ingrown Hairs - Eliminate Shaving Irritation for Face, Armpit, Legs, Neck, Bikini Line - Silky Smooth Skin Solution for Men and Women, Dylonic","Imagine beautiful, bump-free skin. With Dylonic, it’s Just a Brush Away!",Chenell Griffiths,Radiance,"Sun kissed looking skin even when the moon is out, just after 1 week of including it in my daily skin care routine.",9/22/2024,5.0,Yes,0,0.7003,0.225,0.0,0.775,0.00567215820774436,0.05992496386170387,0.00510120065882802,0.01804068312048912,0.853293776512146,0.04094969853758812,0.017017491161823273
862,"Exfoliating Brush to Treat and Prevent Razor Bumps and Ingrown Hairs - Eliminate Shaving Irritation for Face, Armpit, Legs, Neck, Bikini Line - Silky Smooth Skin Solution for Men and Women, Dylonic","Imagine beautiful, bump-free skin. With Dylonic, it’s Just a Brush Away!",Tamoya,Fast acting,Works really fast you can see the difference in like 2days I’m gonna add a before after photo when I can. I recommend using it every two days as it works really fast. I cleared my dark spots and I’m loving it. Highly recommended.,9/10/2024,5.0,Yes,0,0.8927,0.266,0.0,0.734,0.0040733995847404,0.003199160099029541,0.0012322538532316685,0.05602741241455078,0.895995020866394,0.006367234047502279,0.03310564160346985
863,"Exfoliating Brush to Treat and Prevent Razor Bumps and Ingrown Hairs - Eliminate Shaving Irritation for Face, Armpit, Legs, Neck, Bikini Line - Silky Smooth Skin Solution for Men and Women, Dylonic","Imagine beautiful, bump-free skin. With Dylonic, it’s Just a Brush Away!",Smokieethepear,Love it,Love this so much minimizes my pores and makes my dark spots go away really great toner compared to others I’ve used . I’m 31 with oily skin,9/17/2024,5.0,Yes,0,0.8622,0.256,0.0,0.744,0.008063191547989845,0.0734950378537178,0.008848229423165321,0.07211009413003922,0.22508341073989868,0.6019705533981323,0.010429481975734234
864,"Exfoliating Brush to Treat and Prevent Razor Bumps and Ingrown Hairs - Eliminate Shaving Irritation for Face, Armpit, Legs, Neck, Bikini Line - Silky Smooth Skin Solution for Men and Women, Dylonic","Imagine beautiful, bump-free skin. With Dylonic, it’s Just a Brush Away!",Cavell,Great product,This toner works great on skin.,10/1/2024,5.0,Yes,2,0.6249,0.451,0.0,0.549,0.009317154996097088,0.08959421515464783,0.0051419856026768684,0.05544225499033928,0.8104614019393921,0.0181799978017807,0.011863002553582191
865,"Exfoliating Brush to Treat and Prevent Razor Bumps and Ingrown Hairs - Eliminate Shaving Irritation for Face, Armpit, Legs, Neck, Bikini Line - Silky Smooth Skin Solution for Men and Women, Dylonic","Imagine beautiful, bump-free skin. With Dylonic, it’s Just a Brush Away!",N.Sim,Toner,Works extremely  well.,9/30/2024,5.0,Yes,2,0.3384,0.545,0.0,0.455,0.005738310515880585,0.004328311420977116,0.0011593091767281294,0.27588850259780884,0.6786059141159058,0.01129270251840353,0.02298692800104618
866,"Exfoliating Brush to Treat and Prevent Razor Bumps and Ingrown Hairs - Eliminate Shaving Irritation for Face, Armpit, Legs, Neck, Bikini Line - Silky Smooth Skin Solution for Men and Women, Dylonic","Imagine beautiful, bump-free skin. With Dylonic, it’s Just a Brush Away!",Halle,Love it,The price is really cheap and this product is really good! I will continute to buy more,8/28/2024,4.0,Yes,0,0.54,0.189,0.0,0.811,0.003134755650535226,0.0016481266357004642,0.0005389346624724567,0.8922179341316223,0.07344407588243484,0.00423241825774312,0.024783706292510033
867,"Exfoliating Brush to Treat and Prevent Razor Bumps and Ingrown Hairs - Eliminate Shaving Irritation for Face, Armpit, Legs, Neck, Bikini Line - Silky Smooth Skin Solution for Men and Women, Dylonic","Imagine beautiful, bump-free skin. With Dylonic, it’s Just a Brush Away!",Virgo ♍️ Queen,Great,The media could not be loaded.It’s perfect to put on daily with no irritation. I always use moisturizer on top of it. I will be buying more when I run,10/31/2024,5.0,Yes,0,-0.7716,0.054,0.255,0.691,0.5264888405799866,0.03101377747952938,0.0026068855077028275,0.011045919731259346,0.4119826853275299,0.01041618175804615,0.006445688661187887
868,"Exfoliating Brush to Treat and Prevent Razor Bumps and Ingrown Hairs - Eliminate Shaving Irritation for Face, Armpit, Legs, Neck, Bikini Line - Silky Smooth Skin Solution for Men and Women, Dylonic","Imagine beautiful, bump-free skin. With Dylonic, it’s Just a Brush Away!",Daniel,Belleza,Buena calidad,9/7/2024,4.0,Yes,0,0.0,0.0,0.0,1.0,0.009121017530560493,0.0080953948199749,0.0038689353968948126,0.01660984754562378,0.9458272457122803,0.009131147526204586,0.007346406579017639
869,"Exfoliating Brush to Treat and Prevent Razor Bumps and Ingrown Hairs - Eliminate Shaving Irritation for Face, Armpit, Legs, Neck, Bikini Line - Silky Smooth Skin Solution for Men and Women, Dylonic","Imagine beautiful, bump-free skin. With Dylonic, it’s Just a Brush Away!",Kallese Topping,"Awesome Toner, Beginner Friendly","This is one of my favourite toners out there. I have seen improvements to my uneven skin tone when I added this toner to my skin care routine. This product is very affordable and I love the key ingredient Niacinamide. If you’re looking for a foundation/beginner friendly toner, I recommend this. It cleans really well while improving the look of my skin subtly. Has no fragrance, subtle smell. Very gentle.",7/22/2024,4.0,Yes,5,0.9687,0.295,0.027,0.679,0.00587648106738925,0.0874503031373024,0.0030142448376864195,0.10231952369213104,0.7822969555854797,0.012431809678673744,0.006610744167119265
870,"Exfoliating Brush to Treat and Prevent Razor Bumps and Ingrown Hairs - Eliminate Shaving Irritation for Face, Armpit, Legs, Neck, Bikini Line - Silky Smooth Skin Solution for Men and Women, Dylonic","Imagine beautiful, bump-free skin. With Dylonic, it’s Just a Brush Away!",Tamika,Great,,9/26/2024,5.0,Yes,2,0.0,0.0,0.0,1.0,0.023308759555220604,0.05606509745121002,0.05168873444199562,0.014370659366250038,0.5968263745307922,0.15775170922279358,0.09998871386051178
871,"Exfoliating Brush to Treat and Prevent Razor Bumps and Ingrown Hairs - Eliminate Shaving Irritation for Face, Armpit, Legs, Neck, Bikini Line - Silky Smooth Skin Solution for Men and Women, Dylonic","Imagine beautiful, bump-free skin. With Dylonic, it’s Just a Brush Away!",Lilah,Glowy,This product is so good. It has taken away my dark spots and is leaving my skin like glass!!,9/7/2024,5.0,Yes,0,0.7799,0.286,0.0,0.714,0.028765305876731873,0.4767632782459259,0.018117355182766914,0.053809259086847305,0.3437994122505188,0.038169559091329575,0.04057587310671806
872,"Exfoliating Brush to Treat and Prevent Razor Bumps and Ingrown Hairs - Eliminate Shaving Irritation for Face, Armpit, Legs, Neck, Bikini Line - Silky Smooth Skin Solution for Men and Women, Dylonic","Imagine beautiful, bump-free skin. With Dylonic, it’s Just a Brush Away!",Ash,It brightens my skin,It does the job,9/20/2024,5.0,Yes,0,0.0,0.0,0.0,1.0,0.009682944044470787,0.007807051297277212,0.001886573270894587,0.057381145656108856,0.9076129198074341,0.00702893640846014,0.008600430563092232
873,"Exfoliating Brush to Treat and Prevent Razor Bumps and Ingrown Hairs - Eliminate Shaving Irritation for Face, Armpit, Legs, Neck, Bikini Line - Silky Smooth Skin Solution for Men and Women, Dylonic","Imagine beautiful, bump-free skin. With Dylonic, it’s Just a Brush Away!",Sherice Brooks,One of the best,One of the best toners I’ve used . Does exactly what it’s supposed to do. However it did tingle at first use,9/9/2024,5.0,Yes,2,0.6369,0.174,0.0,0.826,0.004671221133321524,0.021038029342889786,0.007951412349939346,0.04534351825714111,0.864290177822113,0.016062187030911446,0.04064343497157097
874,"Exfoliating Brush to Treat and Prevent Razor Bumps and Ingrown Hairs - Eliminate Shaving Irritation for Face, Armpit, Legs, Neck, Bikini Line - Silky Smooth Skin Solution for Men and Women, Dylonic","Imagine beautiful, bump-free skin. With Dylonic, it’s Just a Brush Away!",Paula-Gaye Clarke,Honest review,I have between using this product for tow weeks now and I can say that it is working well for my skin.,9/6/2024,5.0,Yes,0,0.2732,0.1,0.0,0.9,0.003557437565177679,0.009556659497320652,0.002167366212233901,0.43531250953674316,0.5266185998916626,0.00970062892884016,0.013086812570691109
875,"Exfoliating Brush to Treat and Prevent Razor Bumps and Ingrown Hairs - Eliminate Shaving Irritation for Face, Armpit, Legs, Neck, Bikini Line - Silky Smooth Skin Solution for Men and Women, Dylonic","Imagine beautiful, bump-free skin. With Dylonic, it’s Just a Brush Away!",Pam I Am,"Brightening, Non Irritating, but hasn’t affected Pore size.","My skin is sensitive to Vitamin C serums so I hoped to buy something where Vitamin C is not the main ingredient.  I have seen noticeable overall brightening (not lightening) of my medium brown African American complexion.  Haven’t seen much change in acne scar hyperpigmentation.  And no change at all in the texture of my skin or appearance of some larger pores.  Still, it hasn’t caused me any irritation, for which I am thankful.  I guess I need to use the entire bottle to really tell.  So far, it’s not a miracle but it has shown some promise for my particular combination skin.",6/13/2024,4.0,Yes,10,0.7105,0.122,0.055,0.823,0.07072369009256363,0.027324000373482704,0.003298697294667363,0.05533834174275398,0.7635619044303894,0.06234433129429817,0.017409075051546097
876,"Exfoliating Brush to Treat and Prevent Razor Bumps and Ingrown Hairs - Eliminate Shaving Irritation for Face, Armpit, Legs, Neck, Bikini Line - Silky Smooth Skin Solution for Men and Women, Dylonic","Imagine beautiful, bump-free skin. With Dylonic, it’s Just a Brush Away!","Got it as a gift, she loved it! especially the cupwould definitely purchase again.",Unscented!,"i’ve only been using it for almost 2 weeks now so i can’t say i’ve seen an HUGE difference. I mean my skin is glowy after putting it on and as for my dark spots, It’s definitely helped lighten them. it’s my first actual “toner” and i really love the fact that it’s unscented",7/18/2024,4.0,Yes,3,0.8814,0.179,0.0,0.821,0.0016093871090561152,0.004606765694916248,0.0005768573028035462,0.9439335465431213,0.032411132007837296,0.007017648778855801,0.00984466914087534
877,"Exfoliating Brush to Treat and Prevent Razor Bumps and Ingrown Hairs - Eliminate Shaving Irritation for Face, Armpit, Legs, Neck, Bikini Line - Silky Smooth Skin Solution for Men and Women, Dylonic","Imagine beautiful, bump-free skin. With Dylonic, it’s Just a Brush Away!",Mimi,Works well,So far I have seen a difference in the appearance of the dark spots on my face. Working good so far,9/9/2024,5.0,Yes,0,0.4404,0.139,0.0,0.861,0.006059696432203054,0.15210939943790436,0.03326134383678436,0.011504240334033966,0.628677248954773,0.14241912961006165,0.02596895582973957
878,"Exfoliating Brush to Treat and Prevent Razor Bumps and Ingrown Hairs - Eliminate Shaving Irritation for Face, Armpit, Legs, Neck, Bikini Line - Silky Smooth Skin Solution for Men and Women, Dylonic","Imagine beautiful, bump-free skin. With Dylonic, it’s Just a Brush Away!",Nika,Toner,I love this product so much I see the improvements.,9/18/2024,5.0,Yes,0,0.7579,0.52,0.0,0.48,0.0017840286018326879,0.00142856000456959,0.00030905153835192323,0.9834624528884888,0.004958289675414562,0.0025825498159974813,0.005475115496665239
879,"Exfoliating Brush to Treat and Prevent Razor Bumps and Ingrown Hairs - Eliminate Shaving Irritation for Face, Armpit, Legs, Neck, Bikini Line - Silky Smooth Skin Solution for Men and Women, Dylonic","Imagine beautiful, bump-free skin. With Dylonic, it’s Just a Brush Away!",This product works like magic within 2weeks of purchase 👌😍,Good Molecules indeed,It really works like magic within two weeks of purchase👌😍,9/9/2024,5.0,Yes,0,0.4173,0.236,0.0,0.764,0.030425798147916794,0.005702943541109562,0.02191704325377941,0.40962666273117065,0.47209638357162476,0.0064544109627604485,0.053776759654283524
880,"Exfoliating Brush to Treat and Prevent Razor Bumps and Ingrown Hairs - Eliminate Shaving Irritation for Face, Armpit, Legs, Neck, Bikini Line - Silky Smooth Skin Solution for Men and Women, Dylonic","Imagine beautiful, bump-free skin. With Dylonic, it’s Just a Brush Away!",Felimikes..,I will recommend,It cleared my face after 2 weeks..,9/12/2024,5.0,Yes,0,0.1027,0.219,0.0,0.781,0.01624346897006035,0.04977504909038544,0.05193088948726654,0.10001102089881897,0.5066825151443481,0.13961727917194366,0.13573983311653137
881,"Exfoliating Brush to Treat and Prevent Razor Bumps and Ingrown Hairs - Eliminate Shaving Irritation for Face, Armpit, Legs, Neck, Bikini Line - Silky Smooth Skin Solution for Men and Women, Dylonic","Imagine beautiful, bump-free skin. With Dylonic, it’s Just a Brush Away!",Lizzy Gabriel,love it,smoothed out my skin and evened it out so much! helped lighten up pimple scars too!,9/7/2024,5.0,Yes,0,0.0,0.0,0.0,1.0,0.017457008361816406,0.007583375088870525,0.0019201567629352212,0.6869831681251526,0.14719414710998535,0.07800579816102982,0.06085622310638428
882,"Exfoliating Brush to Treat and Prevent Razor Bumps and Ingrown Hairs - Eliminate Shaving Irritation for Face, Armpit, Legs, Neck, Bikini Line - Silky Smooth Skin Solution for Men and Women, Dylonic","Imagine beautiful, bump-free skin. With Dylonic, it’s Just a Brush Away!",Nieyell Pergerson,Good for sensitive skin,I love this brand so much my skin really sensitive so I be skeptical to put anything on my face but this brand ? top tier,8/22/2024,5.0,Yes,0,0.4608,0.181,0.067,0.752,0.0024340017698705196,0.0007418381283059716,0.9504770040512085,0.0071234568022191525,0.012381055392324924,0.0016952075529843569,0.025147566571831703
883,"Exfoliating Brush to Treat and Prevent Razor Bumps and Ingrown Hairs - Eliminate Shaving Irritation for Face, Armpit, Legs, Neck, Bikini Line - Silky Smooth Skin Solution for Men and Women, Dylonic","Imagine beautiful, bump-free skin. With Dylonic, it’s Just a Brush Away!",Kay,Good,It’s good but after a while my skin broke out. I have extremely sensitive skin so after a while my body didn’t like it.,7/18/2024,4.0,Yes,0,0.128,0.193,0.138,0.669,0.031126273795962334,0.599965512752533,0.019102072343230247,0.011533618904650211,0.21068012714385986,0.11872616410255432,0.008866136893630028
884,"Exfoliating Brush to Treat and Prevent Razor Bumps and Ingrown Hairs - Eliminate Shaving Irritation for Face, Armpit, Legs, Neck, Bikini Line - Silky Smooth Skin Solution for Men and Women, Dylonic","Imagine beautiful, bump-free skin. With Dylonic, it’s Just a Brush Away!",God’s Favorite ❤️☺️🙏,Face,It was great,9/8/2024,5.0,Yes,0,0.6249,0.672,0.0,0.328,0.0008813676540739834,0.0008696915465407073,0.0011752666905522346,0.9619405269622803,0.014421987347304821,0.0025641557294875383,0.01814696192741394
885,"Exfoliating Brush to Treat and Prevent Razor Bumps and Ingrown Hairs - Eliminate Shaving Irritation for Face, Armpit, Legs, Neck, Bikini Line - Silky Smooth Skin Solution for Men and Women, Dylonic","Imagine beautiful, bump-free skin. With Dylonic, it’s Just a Brush Away!",Bambi,Brightens dark spots and overall face!,"I’ve been using this on my face once a day for a lil over a month and the difference in my face has been tremendous. Not only are my dark spots fading gradually, but my skin overall has been looking “lighter” and brighter/less dull. It’s a great product for hyperpigmentation. Didn’t break me out and it leaves my face feeling soft.",8/4/2024,5.0,Yes,6,0.5927,0.114,0.055,0.831,0.0037094613071531057,0.059650398790836334,0.002624881686642766,0.1128191351890564,0.3233003318309784,0.48155680298805237,0.016338899731636047
886,"Exfoliating Brush to Treat and Prevent Razor Bumps and Ingrown Hairs - Eliminate Shaving Irritation for Face, Armpit, Legs, Neck, Bikini Line - Silky Smooth Skin Solution for Men and Women, Dylonic","Imagine beautiful, bump-free skin. With Dylonic, it’s Just a Brush Away!",April,A MUST HAVE !,I noticed a difference within a week of using,9/6/2024,5.0,Yes,0,0.0,0.0,0.0,1.0,0.00856063887476921,0.015195767395198345,0.008764066733419895,0.005332977510988712,0.1114688441157341,0.002290438860654831,0.8483872413635254
887,"Exfoliating Brush to Treat and Prevent Razor Bumps and Ingrown Hairs - Eliminate Shaving Irritation for Face, Armpit, Legs, Neck, Bikini Line - Silky Smooth Skin Solution for Men and Women, Dylonic","Imagine beautiful, bump-free skin. With Dylonic, it’s Just a Brush Away!",Darlene Toulon,FRESH and NATURAL,This is a Wholesome Product without addedFragrance which makes me very content.  I was gifted a smaller size and have bought this twice already.  This made my face feel smoother and it is not greasy. I am convinced this Company is producing a high standard of products and I look forward to buying a Wide assortment that they offer.  “ Customer for Life “ 👏🏻!!!!!!,8/1/2024,5.0,Yes,0,-0.5308,0.0,0.059,0.941,0.0038613113574683666,0.0018002307042479515,0.0012659429339691997,0.9352732300758362,0.047458354383707047,0.0027687731198966503,0.007572065573185682
888,"Exfoliating Brush to Treat and Prevent Razor Bumps and Ingrown Hairs - Eliminate Shaving Irritation for Face, Armpit, Legs, Neck, Bikini Line - Silky Smooth Skin Solution for Men and Women, Dylonic","Imagine beautiful, bump-free skin. With Dylonic, it’s Just a Brush Away!",Brandi,Love!,Works wonders and I will continue to use.,9/6/2024,5.0,Yes,0,0.0,0.0,0.0,1.0,0.009414181113243103,0.005089202430099249,0.005384393967688084,0.2502003312110901,0.5481247901916504,0.022989992052316666,0.15879715979099274
889,"Exfoliating Brush to Treat and Prevent Razor Bumps and Ingrown Hairs - Eliminate Shaving Irritation for Face, Armpit, Legs, Neck, Bikini Line - Silky Smooth Skin Solution for Men and Women, Dylonic","Imagine beautiful, bump-free skin. With Dylonic, it’s Just a Brush Away!",JMARIE,Toner,Trying this on my dark spots. Hopefully it works. Feels light and has little to no fragrance,7/16/2024,4.0,Yes,0,0.197,0.138,0.098,0.764,0.006977749522775412,0.20047065615653992,0.009541746228933334,0.05020624399185181,0.5721045136451721,0.1549045741558075,0.00579453632235527
890,"Exfoliating Brush to Treat and Prevent Razor Bumps and Ingrown Hairs - Eliminate Shaving Irritation for Face, Armpit, Legs, Neck, Bikini Line - Silky Smooth Skin Solution for Men and Women, Dylonic","Imagine beautiful, bump-free skin. With Dylonic, it’s Just a Brush Away!",Snaydine Forine,Excellent,I love this product help me clear out my dark spots,8/30/2024,5.0,Yes,0,0.8591,0.576,0.0,0.424,0.002544279443100095,0.00415033521130681,0.0046116686426103115,0.9355937242507935,0.022278307005763054,0.026034332811832428,0.004787396173924208
891,"Exfoliating Brush to Treat and Prevent Razor Bumps and Ingrown Hairs - Eliminate Shaving Irritation for Face, Armpit, Legs, Neck, Bikini Line - Silky Smooth Skin Solution for Men and Women, Dylonic","Imagine beautiful, bump-free skin. With Dylonic, it’s Just a Brush Away!",Genesis,Love it,I used every day,9/4/2024,5.0,Yes,0,0.0,0.0,0.0,1.0,0.025010311976075172,0.01702636294066906,0.008356951177120209,0.008241666480898857,0.8594600558280945,0.026680495589971542,0.0552242174744606
892,"Exfoliating Brush to Treat and Prevent Razor Bumps and Ingrown Hairs - Eliminate Shaving Irritation for Face, Armpit, Legs, Neck, Bikini Line - Silky Smooth Skin Solution for Men and Women, Dylonic","Imagine beautiful, bump-free skin. With Dylonic, it’s Just a Brush Away!",Shanae Patterson,Product Quality,I can say this is an amazing product. I’m definitely seeing some improvement in my facial area after using this product. My dark spots are fading and I can definitely say I’m impressed.,8/12/2024,5.0,Yes,0,0.936,0.37,0.0,0.63,0.003426759270951152,0.010320547968149185,0.0034524225629866123,0.00692374911159277,0.0589866004884243,0.001806748448871076,0.9150832295417786
893,"Exfoliating Brush to Treat and Prevent Razor Bumps and Ingrown Hairs - Eliminate Shaving Irritation for Face, Armpit, Legs, Neck, Bikini Line - Silky Smooth Skin Solution for Men and Women, Dylonic","Imagine beautiful, bump-free skin. With Dylonic, it’s Just a Brush Away!",Tara K,Just buy it if you want glass skin,Great . I love this my favorite toner right now!,8/25/2024,5.0,Yes,0,0.9117,0.699,0.0,0.301,0.0020051170140504837,0.0009936580900102854,0.00035526955616660416,0.9743331670761108,0.010884900577366352,0.002481902716681361,0.008945990353822708
894,"Exfoliating Brush to Treat and Prevent Razor Bumps and Ingrown Hairs - Eliminate Shaving Irritation for Face, Armpit, Legs, Neck, Bikini Line - Silky Smooth Skin Solution for Men and Women, Dylonic","Imagine beautiful, bump-free skin. With Dylonic, it’s Just a Brush Away!",Jada Andrea,Larger size needed,Great product. I just need a larger size.,8/24/2024,5.0,Yes,0,0.6249,0.451,0.0,0.549,0.0044705565087497234,0.0061268736608326435,0.0013997550122439861,0.3260929584503174,0.6040091514587402,0.0070117381401360035,0.050888895988464355
895,"Exfoliating Brush to Treat and Prevent Razor Bumps and Ingrown Hairs - Eliminate Shaving Irritation for Face, Armpit, Legs, Neck, Bikini Line - Silky Smooth Skin Solution for Men and Women, Dylonic","Imagine beautiful, bump-free skin. With Dylonic, it’s Just a Brush Away!",SAKFi,Great Product!,"Worth to try! My 2nd bottle, large pores become smaller!",7/9/2024,4.0,Yes,0,0.3578,0.216,0.0,0.784,0.01618795096874237,0.022885195910930634,0.006886715535074472,0.13360187411308289,0.3143807053565979,0.03759230300784111,0.46846526861190796
896,"Exfoliating Brush to Treat and Prevent Razor Bumps and Ingrown Hairs - Eliminate Shaving Irritation for Face, Armpit, Legs, Neck, Bikini Line - Silky Smooth Skin Solution for Men and Women, Dylonic","Imagine beautiful, bump-free skin. With Dylonic, it’s Just a Brush Away!",Consuelo Cortes rosillo,amo los productos de good molecules,quite la tapa y puse un atomizador y lo pongo en la mañana y en la noche y siento mi piel mas losana,8/16/2024,5.0,Yes,0,0.0,0.0,0.0,1.0,0.0493386946618557,0.03658049553632736,0.02983458898961544,0.33017632365226746,0.29148074984550476,0.1551244854927063,0.10746464878320694
897,"Exfoliating Brush to Treat and Prevent Razor Bumps and Ingrown Hairs - Eliminate Shaving Irritation for Face, Armpit, Legs, Neck, Bikini Line - Silky Smooth Skin Solution for Men and Women, Dylonic","Imagine beautiful, bump-free skin. With Dylonic, it’s Just a Brush Away!",Madison,Great toner - not sure on the brightening,"This toner is lightweight and feels great on the skin. I feel it does a great job of cleaning any leftover dirt after washing, though I'm not sure how well it does with brightening dark spots. I have been using it for a while and did just reorder, but I believe other products I have are doing more in the lightening of dark spots category than this toner.",4/27/2024,4.0,Yes,6,0.5806,0.108,0.068,0.824,0.005484896246343851,0.0640968456864357,0.002404051134362817,0.1567506641149521,0.7500973343849182,0.014614170417189598,0.006551958620548248
898,"Exfoliating Brush to Treat and Prevent Razor Bumps and Ingrown Hairs - Eliminate Shaving Irritation for Face, Armpit, Legs, Neck, Bikini Line - Silky Smooth Skin Solution for Men and Women, Dylonic","Imagine beautiful, bump-free skin. With Dylonic, it’s Just a Brush Away!",Good product,Good,Good,9/2/2024,5.0,Yes,0,0.4404,1.0,0.0,0.0,0.05551932752132416,0.24031905829906464,0.008016170002520084,0.17202068865299225,0.4931046664714813,0.023890899494290352,0.007129109930247068
899,"Exfoliating Brush to Treat and Prevent Razor Bumps and Ingrown Hairs - Eliminate Shaving Irritation for Face, Armpit, Legs, Neck, Bikini Line - Silky Smooth Skin Solution for Men and Women, Dylonic","Imagine beautiful, bump-free skin. With Dylonic, it’s Just a Brush Away!",Casey lynn,Game changer,"This is by far the best toner I have ever used. I never was really big into toners, but just started getting into toners. Whatever is in this toner is outstanding. This is one product that I can say changed my face in many amazing ways. You don’t need much. I put a little on a cotton round an put all over my face and neck day and night. A within a few days my face was so much brighter and glowing. This company makes amazing skincare an I have  told everyone i know about this company and their products . Even told a stranger at the store about this. They looked at me like I was crazy but I had to it’s to good not to be told to everyone you meet or come across. So run don’t sleep or walk on this product or any of there products an you will thank me later. You will be hooked immediately just how I was. And my skin is tough. Normally products don’t work on my face, but what I’m using now like I said game changer..will never be without this product again. Thanks  @goodmolecule for making amazing products.",2/25/2024,5.0,Yes,42,0.9923,0.205,0.022,0.773,0.010853617452085018,0.0006517486181110144,0.003768469672650099,0.6779540777206421,0.08616629987955093,0.01340144220739603,0.20720425248146057
900,"Exfoliating Brush to Treat and Prevent Razor Bumps and Ingrown Hairs - Eliminate Shaving Irritation for Face, Armpit, Legs, Neck, Bikini Line - Silky Smooth Skin Solution for Men and Women, Dylonic","Imagine beautiful, bump-free skin. With Dylonic, it’s Just a Brush Away!",Nicoleen flowers,Great product,Great product this product is a god  sent product I have before and after pictures to prove get this now you won’t regret it.,8/10/2024,5.0,Yes,0,0.5267,0.221,0.1,0.679,0.006564627401530743,0.0019369935616850853,0.0046799019910395145,0.4309457838535309,0.31423506140708923,0.07472151517868042,0.1669161468744278
901,"Exfoliating Brush to Treat and Prevent Razor Bumps and Ingrown Hairs - Eliminate Shaving Irritation for Face, Armpit, Legs, Neck, Bikini Line - Silky Smooth Skin Solution for Men and Women, Dylonic","Imagine beautiful, bump-free skin. With Dylonic, it’s Just a Brush Away!",Alicia,Found,"I found my new skin care routine product, love this",8/23/2024,5.0,Yes,0,0.8126,0.514,0.0,0.486,0.006265806034207344,0.0032084432896226645,0.0013196864165365696,0.7245516777038574,0.15012581646442413,0.006944202817976475,0.10758429765701294
902,"Exfoliating Brush to Treat and Prevent Razor Bumps and Ingrown Hairs - Eliminate Shaving Irritation for Face, Armpit, Legs, Neck, Bikini Line - Silky Smooth Skin Solution for Men and Women, Dylonic","Imagine beautiful, bump-free skin. With Dylonic, it’s Just a Brush Away!",Noble,Radiant Skin Must-Have!,"I've been using the Niacinamide Brightening Toner for a little over a month now. This product has truly become a staple in my skincare routine.My skin looks more radiant and even-toned than ever before. The niacinamide really does wonders in fading those pesky dark spots and acne marks. It's like a magic eraser for blemishes!The texture of this toner is light and refreshing, making it a joy to apply. It doesn't leave any sticky residue, and my skin absorbs it almost instantly. Plus, it's gentle and suitable for daily use, even for my sensitive skin.I appreciate that it's also packed with hydrating ingredients, which keeps my skin feeling moisturized throughout the day. So, no need to worry about that dreaded dryness.Overall, this Niacinamide Brightening Toner is a great addition to my skincare routine. I've noticed a significant improvement in my skin's tone and texture, and I can confidently say that it lives up to its brightening claims. If you want to achieve a radiant complexion, give it a try – you won't be disappointed!",10/16/2023,4.0,Yes,29,0.989,0.252,0.056,0.693,0.003652762621641159,0.007684789132326841,0.001553318346850574,0.8465046286582947,0.12382195144891739,0.009911644272506237,0.006870852317661047
903,"Exfoliating Brush to Treat and Prevent Razor Bumps and Ingrown Hairs - Eliminate Shaving Irritation for Face, Armpit, Legs, Neck, Bikini Line - Silky Smooth Skin Solution for Men and Women, Dylonic","Imagine beautiful, bump-free skin. With Dylonic, it’s Just a Brush Away!",Adrianna,HONEST,"LOVE IT!! Works miracles, not thickness to it, like water. Doesn’t smell bad, use at night for better results!! Nothing wrong with it, it doesn’t come a big small though! Works good on brightness with dark marks/scars. I would buy again!😁 I have oily skin but it works!!",7/27/2024,5.0,Yes,5,0.8447,0.249,0.042,0.709,0.05796120688319206,0.3376762568950653,0.019757317379117012,0.07446234673261642,0.4366757869720459,0.0424506813287735,0.031016383320093155
904,"Exfoliating Brush to Treat and Prevent Razor Bumps and Ingrown Hairs - Eliminate Shaving Irritation for Face, Armpit, Legs, Neck, Bikini Line - Silky Smooth Skin Solution for Men and Women, Dylonic","Imagine beautiful, bump-free skin. With Dylonic, it’s Just a Brush Away!",Jackeline Quintanilla,Es muy bueno,Es bueno me funciona bien para mi piel,8/20/2024,5.0,Yes,0,0.0,0.0,0.0,1.0,0.02384381741285324,0.04036369174718857,0.021610097959637642,0.721213698387146,0.10653816163539886,0.07444271445274353,0.011987801641225815
905,"Exfoliating Brush to Treat and Prevent Razor Bumps and Ingrown Hairs - Eliminate Shaving Irritation for Face, Armpit, Legs, Neck, Bikini Line - Silky Smooth Skin Solution for Men and Women, Dylonic","Imagine beautiful, bump-free skin. With Dylonic, it’s Just a Brush Away!",Amber,Great results,I started using this along with other skin products to help get rid of my hyperpigmentation. I phased each of the products in starting with this toner and noticed this product gave me the most prominent results. My skin is definitely brighter and most of the hyperpigmentation on my face has cleared up. It hasn’t worked on my neck as well but I do notice a slight difference.,7/9/2024,5.0,Yes,14,0.7224,0.148,0.0,0.852,0.017763201147317886,0.04362284764647484,0.004226904362440109,0.04319444298744202,0.8167877793312073,0.01953502930700779,0.05486993491649628
906,"Exfoliating Brush to Treat and Prevent Razor Bumps and Ingrown Hairs - Eliminate Shaving Irritation for Face, Armpit, Legs, Neck, Bikini Line - Silky Smooth Skin Solution for Men and Women, Dylonic","Imagine beautiful, bump-free skin. With Dylonic, it’s Just a Brush Away!",Sue,Works Great,Has a lot of product in bottle and is definitely worth the price,6/9/2024,4.0,Yes,0,0.5574,0.315,0.0,0.685,0.004907949361950159,0.004740684758871794,0.0009210403659380972,0.6507783532142639,0.31291887164115906,0.0049957092851400375,0.020737407729029655
907,"Exfoliating Brush to Treat and Prevent Razor Bumps and Ingrown Hairs - Eliminate Shaving Irritation for Face, Armpit, Legs, Neck, Bikini Line - Silky Smooth Skin Solution for Men and Women, Dylonic","Imagine beautiful, bump-free skin. With Dylonic, it’s Just a Brush Away!",Amazon Customer,Great toner,"I use daily, it does a great job at brightening my dull complexion and making my pores smaller.",8/14/2024,5.0,Yes,0,0.7096,0.326,0.116,0.558,0.002516377018764615,0.02684503234922886,0.0026428643614053726,0.008221413008868694,0.06693308055400848,0.8878364562988281,0.005004750564694405
908,"Exfoliating Brush to Treat and Prevent Razor Bumps and Ingrown Hairs - Eliminate Shaving Irritation for Face, Armpit, Legs, Neck, Bikini Line - Silky Smooth Skin Solution for Men and Women, Dylonic","Imagine beautiful, bump-free skin. With Dylonic, it’s Just a Brush Away!",Gorillaguerilla,"It's fine, not great not bad","I used a neutrogenia toner before this, and I think that product did a slightly better job and is cheaper. This one is fine, doesn't make skin look worse, I just question if there is improvement after using this product or if it maintains what you have.",5/13/2024,4.0,Yes,4,0.5118,0.153,0.064,0.783,0.018894994631409645,0.6575482487678528,0.005023227538913488,0.005401737987995148,0.3008597493171692,0.007332210429012775,0.004939884413033724
909,"Exfoliating Brush to Treat and Prevent Razor Bumps and Ingrown Hairs - Eliminate Shaving Irritation for Face, Armpit, Legs, Neck, Bikini Line - Silky Smooth Skin Solution for Men and Women, Dylonic","Imagine beautiful, bump-free skin. With Dylonic, it’s Just a Brush Away!",Omotoyosi,Amazing toner,I highly recommend this toner. I am surely repurchasing it. Soothes my skin each time I use it,8/11/2024,5.0,Yes,0,0.6901,0.305,0.0,0.695,0.008671226911246777,0.009989695623517036,0.00580073706805706,0.0313037633895874,0.9236029386520386,0.00676089059561491,0.013870800845324993
910,"Exfoliating Brush to Treat and Prevent Razor Bumps and Ingrown Hairs - Eliminate Shaving Irritation for Face, Armpit, Legs, Neck, Bikini Line - Silky Smooth Skin Solution for Men and Women, Dylonic","Imagine beautiful, bump-free skin. With Dylonic, it’s Just a Brush Away!",Fallon Paige Bundick,SO refreshing on skin!,"My face has never felt or looked better until I started using Good Molecules Brightening toner, period.",8/7/2024,5.0,Yes,0,0.8519,0.417,0.0,0.583,0.006169818341732025,0.038593944162130356,0.003891786327585578,0.08608432114124298,0.7892206311225891,0.04734731838107109,0.02869214303791523
911,"Exfoliating Brush to Treat and Prevent Razor Bumps and Ingrown Hairs - Eliminate Shaving Irritation for Face, Armpit, Legs, Neck, Bikini Line - Silky Smooth Skin Solution for Men and Women, Dylonic","Imagine beautiful, bump-free skin. With Dylonic, it’s Just a Brush Away!",Amazon Customer,Works great,"Very gentle on skin, only have been using a week but my pores are noticibly smaller, my skin is INCREDIBLY soft, and my skin texture has improved (I'm also using their Dark spot corrector) I saw results literally over night. My parents complimented how nice and bright my skin was, literally the morning after I first applied the products. Great sized bottle for price and it's working!Highly recommend.",6/29/2024,5.0,Yes,10,0.9812,0.315,0.0,0.685,0.10746735334396362,0.04572904855012894,0.0042904759757220745,0.2342694252729416,0.4459751546382904,0.024003254249691963,0.13826529681682587
912,"Exfoliating Brush to Treat and Prevent Razor Bumps and Ingrown Hairs - Eliminate Shaving Irritation for Face, Armpit, Legs, Neck, Bikini Line - Silky Smooth Skin Solution for Men and Women, Dylonic","Imagine beautiful, bump-free skin. With Dylonic, it’s Just a Brush Away!",Debra,Great for sensitive skin,I have sensitive skin and I tried a smaller bottle from ulta and I’ve been loving the smaller bottle so I decided to just get the 4 oz bottle and so far working great.,7/24/2024,5.0,Yes,5,0.8505,0.234,0.0,0.766,0.005796882789582014,0.01303293276578188,0.006980348844081163,0.1455364227294922,0.7592722177505493,0.04401390254497528,0.02536729723215103
913,"Exfoliating Brush to Treat and Prevent Razor Bumps and Ingrown Hairs - Eliminate Shaving Irritation for Face, Armpit, Legs, Neck, Bikini Line - Silky Smooth Skin Solution for Men and Women, Dylonic","Imagine beautiful, bump-free skin. With Dylonic, it’s Just a Brush Away!",Onecia W.,Good brand to start with,Just started using it so no result as yet. But so far I just trust it would work.,8/9/2024,5.0,Yes,0,0.601,0.222,0.089,0.689,0.006692637223750353,0.0037511512637138367,0.006163300015032291,0.03366473689675331,0.9380486607551575,0.003052658634260297,0.008626820519566536
914,"Exfoliating Brush to Treat and Prevent Razor Bumps and Ingrown Hairs - Eliminate Shaving Irritation for Face, Armpit, Legs, Neck, Bikini Line - Silky Smooth Skin Solution for Men and Women, Dylonic","Imagine beautiful, bump-free skin. With Dylonic, it’s Just a Brush Away!",Joyce,Great product,So far I’m loving this product and how it’s making my skin feel. There’s no harsh smell and the quality is good.,5/22/2024,4.0,Yes,0,0.4522,0.234,0.169,0.597,0.01681865192949772,0.2993791401386261,0.002159605035558343,0.502561092376709,0.15417733788490295,0.022591551765799522,0.00231256359256804
915,"Exfoliating Brush to Treat and Prevent Razor Bumps and Ingrown Hairs - Eliminate Shaving Irritation for Face, Armpit, Legs, Neck, Bikini Line - Silky Smooth Skin Solution for Men and Women, Dylonic","Imagine beautiful, bump-free skin. With Dylonic, it’s Just a Brush Away!",Ms G,Working Well,"I've been using this on my son face in the beard area along with a Neoprosone Brightening Serum and the results are fantastic. I wash his face with Nivea Mens Moisturizing Face Wash, then I use this toner then the serum and his beard area has lightened up perfectly. Usually men get dark in that area and this has helped to combat that problem. His face is looking so nice bright and even toned. I'm going to keep buying this toner because I am very pleased with the results.",5/24/2024,5.0,Yes,10,0.953,0.206,0.049,0.745,0.0036443029530346394,0.010094990953803062,0.001215228228829801,0.8395798206329346,0.12485453486442566,0.008454971946775913,0.012156219221651554
916,"Exfoliating Brush to Treat and Prevent Razor Bumps and Ingrown Hairs - Eliminate Shaving Irritation for Face, Armpit, Legs, Neck, Bikini Line - Silky Smooth Skin Solution for Men and Women, Dylonic","Imagine beautiful, bump-free skin. With Dylonic, it’s Just a Brush Away!",Omeca Humphrey,Its the glow for me,I love this product for my hyperpigmentation it has taken Some of the darkness out and I have a bit of a glow love this product,5/16/2024,4.0,Yes,0,0.8126,0.286,0.068,0.646,0.0009987012017518282,0.0013093383749946952,0.0005893054185435176,0.9671034812927246,0.013541394844651222,0.01348080113530159,0.0029771130066365004
917,"Exfoliating Brush to Treat and Prevent Razor Bumps and Ingrown Hairs - Eliminate Shaving Irritation for Face, Armpit, Legs, Neck, Bikini Line - Silky Smooth Skin Solution for Men and Women, Dylonic","Imagine beautiful, bump-free skin. With Dylonic, it’s Just a Brush Away!",FlowWidit,I love their products,"This product I use after using the facewash , I can literally see my color coming together. It's such a beautiful thing. Then using the hyaluronic ácid serum. I give a a minute inbetween using these products allowing each one to settle in. And they last a good month and half which is amazing. I am using this day and night. I love good molécules.",6/23/2024,5.0,Yes,5,0.9565,0.261,0.0,0.739,0.005494685843586922,0.11387734860181808,0.009837563149631023,0.694802463054657,0.132330983877182,0.01355366688221693,0.030103366822004318
918,"Exfoliating Brush to Treat and Prevent Razor Bumps and Ingrown Hairs - Eliminate Shaving Irritation for Face, Armpit, Legs, Neck, Bikini Line - Silky Smooth Skin Solution for Men and Women, Dylonic","Imagine beautiful, bump-free skin. With Dylonic, it’s Just a Brush Away!",Ttrluv,Extra skincare regimen,I added this to my night time skincare regimen.  I can definitely tell the difference when adding it.i have gotten many compliments ans I will continue to buy it. I can NOT run low!!,7/19/2024,5.0,Yes,2,0.7781,0.224,0.0,0.776,0.015147731639444828,0.0015824440633878112,0.005798734724521637,0.21306566894054413,0.24774126708507538,0.12153179943561554,0.3951323628425598
919,"Exfoliating Brush to Treat and Prevent Razor Bumps and Ingrown Hairs - Eliminate Shaving Irritation for Face, Armpit, Legs, Neck, Bikini Line - Silky Smooth Skin Solution for Men and Women, Dylonic","Imagine beautiful, bump-free skin. With Dylonic, it’s Just a Brush Away!",Jahzee Baybiee,Feel,I love this for my face. Especially the fact that I put it in my mini fridge and use it afterwards to cool my face after cleansing. Things a very good toner especially for my melanin.,7/15/2024,5.0,Yes,4,0.8655,0.244,0.0,0.756,0.006049634888768196,0.023688264191150665,0.0010072699515148997,0.7124515175819397,0.23517552018165588,0.011130090802907944,0.010497686453163624
920,"Exfoliating Brush to Treat and Prevent Razor Bumps and Ingrown Hairs - Eliminate Shaving Irritation for Face, Armpit, Legs, Neck, Bikini Line - Silky Smooth Skin Solution for Men and Women, Dylonic","Imagine beautiful, bump-free skin. With Dylonic, it’s Just a Brush Away!",Sunshine30,Gentle,Been using for 3 weeks and my pores are smaller and my face is much brighter .. It looks so healthy. I like that is gentle no stinging. Would buy again,7/23/2024,5.0,Yes,5,0.8614,0.31,0.058,0.632,0.0015792204067111015,0.0034943055361509323,0.0004263594455551356,0.9132447838783264,0.044429659843444824,0.025214750319719315,0.011610934510827065
921,"Exfoliating Brush to Treat and Prevent Razor Bumps and Ingrown Hairs - Eliminate Shaving Irritation for Face, Armpit, Legs, Neck, Bikini Line - Silky Smooth Skin Solution for Men and Women, Dylonic","Imagine beautiful, bump-free skin. With Dylonic, it’s Just a Brush Away!",Treina,Clears skin brighter,I like the way it clears your skin and make it lighter for you,8/6/2024,5.0,Yes,0,0.4215,0.257,0.0,0.743,0.001882947632111609,0.007370311766862869,0.0005503309657797217,0.9739177823066711,0.009582225233316422,0.004381848499178886,0.0023145803716033697
922,"Exfoliating Brush to Treat and Prevent Razor Bumps and Ingrown Hairs - Eliminate Shaving Irritation for Face, Armpit, Legs, Neck, Bikini Line - Silky Smooth Skin Solution for Men and Women, Dylonic","Imagine beautiful, bump-free skin. With Dylonic, it’s Just a Brush Away!",Jocline Leilani,Game changer,"When I tell you my skin has never been better! This product is a staple in my routine, I was experiencing some dullness and hyperpigmentation. This plus the discoloration serum has me looking 10 years younger!",7/12/2024,5.0,Yes,6,-0.6586,0.0,0.148,0.852,0.0020880617666989565,0.03238034248352051,0.00483923964202404,0.0031534277368336916,0.022415298968553543,0.9194243550300598,0.015699291601777077
923,"Exfoliating Brush to Treat and Prevent Razor Bumps and Ingrown Hairs - Eliminate Shaving Irritation for Face, Armpit, Legs, Neck, Bikini Line - Silky Smooth Skin Solution for Men and Women, Dylonic","Imagine beautiful, bump-free skin. With Dylonic, it’s Just a Brush Away!",Elvisovara Francis,Worth it!,"This toner was very good. I suspected it wouldn’t be worth it but does make the skin brighter.I have super sensitive skin and it’s non irritating, does not make the skin dry and is very good when layering skincare.I would recommend using it twice a with the brightening serum and sunscreen for best results.You won’t regret it!",6/7/2024,5.0,Yes,8,0.9637,0.334,0.114,0.552,0.047518547624349594,0.06327205896377563,0.004111056681722403,0.024584531784057617,0.7544615268707275,0.08798568695783615,0.018066540360450745
