index,Product Name,Description,Reviewer Name,Review Title,Review,Date,Rating,Verified Purchase,Helpful Votes,compound,positive,negative,neutral_sentiment,anger,disgust,fear,joy,neutral,sadness,surprise
0,"BIODANCE Bio-Collagen Real Deep Mask, Hydrating Overnight Hydrogel Mask, Pore Minimizing, Elasticity Improvement, 34g x4ea",,Lauren Rodriguez,"Works great for young, dry skin.","I followed the directions, and used a serum before applying. It does move a tiny bit, but if you’re patient and hold it in places it doesn’t stick well, like your eye sockets by your nose, it will eventually do its thing within a short time.The mask is large enough, but still small to where there are gaps of your face that go uncovered. I used the mouth, and eye pieces to cover the tiny areas of my face that the mask didn’t reach. Even overlapping the mask, my skin still absorbed everything. I have sensitive, and dry skin with semi-large pores. There is a distinct smell, but it didn’t bother me or my skin at all. When applying, the mask will be surprising more slippery coming from the package than when placing on your face. You do need to be careful with the mask, because it can be easily punctured or ripped if you are too rough trying to get it to reach beyond its limits. However, it easily goes back to its form if you don’t completely rip it, so just be careful. Punctures aren’t the end of the world and don’t change the efficiency of the mask.After taking it off the next morning, I did see the difference between the skin on my face the mask reached, to the skin it didn’t. The mask made my skin hydrated, and softened my tired eye bags along with other tiny lines on my face. As other reviewers have mentioned, it does leave your skin shiny yet feeling sticky. I just splashed my face with water to make it less sticky from the mask residue, and that was enough for me to feel okay.Overall, I recommend for occasional use, not daily or even weekly at their price point. There are other products that will absorb collagen into your skin much better, and cover your whole face without taking hours. However, if you have a special next-day occasion, or just want to pamper yourself because your skin needs the extra hydration, I do recommend mixing these in with your routine.",9/29/2024,5,Yes,101,0.9827,0.116,0.022,0.861,0.011743690818548203,0.35054466128349304,0.01496980246156454,0.0025830729864537716,0.5782193541526794,0.013464164920151234,0.02847527712583542
1,"BIODANCE Bio-Collagen Real Deep Mask, Hydrating Overnight Hydrogel Mask, Pore Minimizing, Elasticity Improvement, 34g x4ea",,lsutigeralumna,Highly Recommend and a Re-buy for me,"I saw so much hype over these masks and similar versions that it was hard to believe they could live up to the rave reviews.But I have to say, these masks are really lovely. Not only do they leave my skin hydrated and smooth, but the experience using them is so enjoyable.Highlights:-no off-putting scent-plenty of serum (I apply the excess from the packaging to my neck and chest)-easy to apply-stays in place-noticeable results-comfortable to sleep in-feels cooling on the skin (even long after application)Con (only one):-tears easily, so handle carefullyYou can wear these overnight or for several hours during the day. Unless you move a ton in your sleep, you can sleep in these masks easily and they’ll stay in place.The cooling sensation when you wear this mask is incredibly soothing. I tried popping it in the refrigerator and that further elevated the experience.I highly recommend these masks. They’re a re-buy for me, and I suggest them to all of my friends and family.",9/29/2024,5,Yes,91,0.9622,0.116,0.013,0.871,0.001729666953906417,0.0032006746623665094,0.0007861724589020014,0.9672536849975586,0.02094000205397606,0.0029517521616071463,0.003138103289529681
2,"BIODANCE Bio-Collagen Real Deep Mask, Hydrating Overnight Hydrogel Mask, Pore Minimizing, Elasticity Improvement, 34g x4ea",,A. Myers,Amazing- best mask I’ve ever used.,"Yes!!! Finally a mask that I can feel and see working, and with results that last. I have sensitive dry skin, live in a very dry climate, and even with drinking insane amounts of water and using a humidifier- my skin never feels hydrated. I used ONE of these masks so far 4 days ago and my skin still feels hydrated and soft. Initially I thought I’d have to use another one right away to give myself a hydrating boost but I truly think one a week will be enough.They’re thick; fit is a little off and you might have to adjust it to your face; no excess “tonic” in package but be sure to layer or use the eyes/mouth cut outs. I didn’t notice any weird smells, or tingling like I have with other masks. Glad I added this to my subscriptions because I will be using these weekly until further notice.",10/25/2024,5,Yes,2,0.9264,0.139,0.059,0.801,0.0092411357909441,0.026627572253346443,0.0022673129569739103,0.13559050858020782,0.7551262974739075,0.015419700182974339,0.0557275228202343
3,"BIODANCE Bio-Collagen Real Deep Mask, Hydrating Overnight Hydrogel Mask, Pore Minimizing, Elasticity Improvement, 34g x4ea",,Kathryn,Updated review,"Ok update-I decided to just go full boar with this and did all 4 masks in 1 week.I slept with them all night (or as long as they would stay on my face) and after the third, I am seeing the results. Just like with anything, it has to get into your system before you start really getting the effects.This raised it up to a 4 star. Reason it’s not 5 is the mask size. I really don’t think I have a large face but the mask does not fit well. I have to modify it quite a bit to get the coverage I need. The eye area is the worst and needs some improvement.First of all, be careful removing this from the package. It is very delicate and you can puncture the mask very easily, especially those with nails.The mask feels like a very thin piece of gelatinous calamari. The time the mask takes to hydrate is definitely awhile which gives the skins a lot of time to absorb the product. Overnight is best if you can sleep comfortably with it.Does it make you look like you have poreless wet plastic skin like the adverts show on social media? The short answer is no. That would require injections from a medical spa. This is not a quick fix product by any means. But it does hydrate your skin. Once the mask is clear like Saran Wrap on your skin and it is removed, there is a (not pleasing) residue that is left behind. Your fingers do not glide smoothly across the skin like you just put a serum on it. It’s like a tacky feeling like wet glue. But after you wash this off, your skin should feel pretty smooth. But the advertised product videos the influencers are doing are definitely misleading. I’m not saying this product doesn’t hydrate the skin, but I have bought way cheaper face masks on Amazon that do a better job that you do not have to leave on all night.But it was fun to see the hype.1 star for product longevity1 star for appearanceThe mask is not a 1 size fits all by any means. Without the little extra pieces of mask, it would not cover my face.",8/25/2024,4,Yes,186,0.9943,0.172,0.041,0.787,0.017477447167038918,0.434213787317276,0.013933027163147926,0.004272264428436756,0.47406432032585144,0.030582668259739876,0.02545652911067009
4,"BIODANCE Bio-Collagen Real Deep Mask, Hydrating Overnight Hydrogel Mask, Pore Minimizing, Elasticity Improvement, 34g x4ea",,JRC,Love this mask!!!,"I saw a bunch of ads for this on instagram. I am always a little skeptical of this stuff, but I saw so many ads from many different people that I had to try it for myself! I love it. It made my skin feel amazing. The mask itself is very soothing when you first put it on. It dries clear and it just peels right off in the morning. My skin felt hydrated and fresh and tight. Not tight like it was dry, tight like firmer. And my skin had a glow. The glow doesn’t stay for a week but it does stay for a few days. I feel like the more I use it the better it will get. So glad I tried it. I have a family wedding next weekend and we are all doing the masks the night before. It will be fun and we will all look amazing 💙 highly recommend!!!!",9/24/2024,5,Yes,10,0.9885,0.226,0.054,0.72,0.009801831096410751,0.009485064074397087,0.015419743955135345,0.7103338837623596,0.08826115727424622,0.005827839951962233,0.1608704775571823
5,"BIODANCE Bio-Collagen Real Deep Mask, Hydrating Overnight Hydrogel Mask, Pore Minimizing, Elasticity Improvement, 34g x4ea",,Heather Tenney,SO HYDRATING!,"I absolutely love these! Of all of the masks I’ve tried, these are the absolute best! I’m 52, I’ve got a regular skincare routine for my sensitive skin but nothing has ever hydrated my skin like these masks do. My redness from years of acne and fair skin sunburns fades after this mask. My skin literally craves this mask. If I could wear one every night I absolutely would. My skin is so happy and glowy after the mask, and the effect lasts for a few days. I follow it four days later with their deep collagen mask, rotating between these two. I’ve gotten so much elasticity back in my skin since starting these two masks. It’s thick and easy to apply, warms to my skin and stays in place after about thirty minutes. I tried the other big name brand but their masks have Peg-100 and made my skin blotchy. These don’t have that and really soothe any redness on my fair, sensitive skin. They’re so cooling, so hydrating, I just love them. I highly recommend for aging skin!",9/22/2024,5,Yes,39,0.9923,0.208,0.0,0.792,0.021037070080637932,0.06250084936618805,0.002365162130445242,0.3292216360569,0.5360796451568604,0.03248782828450203,0.016307787969708443
6,"BIODANCE Bio-Collagen Real Deep Mask, Hydrating Overnight Hydrogel Mask, Pore Minimizing, Elasticity Improvement, 34g x4ea",,Amazon Customer,Love these masks BUT they don’t stay on face easily,"These masks are excellent masks for your skin. Great Korean skin care product, my dermatologist did a skin moisturizing tests and this actually does increase your skins moisture levels. Not like other brands that just leave a film on the top to look hydrated. In terms of its effectiveness it really is a 15/10 from me and my dermatologist! It smells neutral, has a good thickness that thins and turns translucent and your skin absorbs the contents. Smooth and jelly like texture. The only downside is it’s recommended to sleep with these masks however they don’t adhere to your face very well. So unless you sleep on your back and stay perfectly still it’s likely to come off. Likewise wearing it in the day is challenging as it’s recommended to wear for about 4 hours. You have to keep your face slightly tilted back and refrain from facial movements. Obviously for such a prolonged time this can be a bit of a challenge. Is it worth some poor sleep, for me, yes. Because despite this, it works incredibly well on the refinement of appearance of your face. Super moisturizing, anti-aging, fine line reducing and poor minimizing with consistent use, for me that’s once a week. I also use aestura atobarrier 365 cream, with a few other products. But these two changed my skin care routine and I have never been happier with the results!",8/6/2024,4,Yes,47,0.9413,0.144,0.055,0.802,0.008929549716413021,0.10744550824165344,0.003741298569366336,0.04982801899313927,0.811941385269165,0.010422823950648308,0.007691365201026201
7,"BIODANCE Bio-Collagen Real Deep Mask, Hydrating Overnight Hydrogel Mask, Pore Minimizing, Elasticity Improvement, 34g x4ea",,C. Lee,Not ok for super sensitive skin,"After seeing this all over social media, I caved and bought the four pack. Full disclosure - I've been trying to ramp up my retinol use so my skin is probably more sensitive than usual but the package said ""safe for sensitive skin"" so I figured it was fine. The minute I applied the mask on my face it started to burn a little but that subsided after about 5 minutes.  I carefully ensured there were no air bubbles under the mask and all areas were covered.  The upper part of the face mask initially looked like it would be too small but after smoothing it on it fit...in fact, it ended up being a little too large and the edges flipped up into my hairline. I went to bed and other than not being able to sleep on my side, it was actually pretty comfortable. There was a slight cooling effect which I thought it would be nice to wear it during the summer.  The next day, the mask turned clear and my face looked shiny but not that much plumper.  I performed my morning face wash with Cetaphil gentle cleanser and the minute I put on my regular lotions my face started to sting a little and turn pink. During the entire day my face felt a little hot and itchy, similar to the day after getting a mild chemical peel. Today is day 2 after using the Biodance mask and my face feels tight and there are patches of my face that are lightly peeling. I'm pretty sure it's a reaction to the mask and it's just not compatible for my skin.  Maybe if I wasn't using retinols it would be fine but I'd rather stick with my retinol regime.  Last thing worth mentioning...the marketing states the mask turns clear after your skin absorbs the ingredients of the mask but I noticed that the whole mask turns clear no matter if it was touching your skin including the edges that were lying on top of my hair.  So I don't think the mask turning clear is an indication that your skin absorbed all the serum, it's just evaporated.",10/31/2024,4,Yes,0,0.9916,0.145,0.032,0.823,0.08975496143102646,0.18030215799808502,0.04049771651625633,0.010787631385028362,0.5952592492103577,0.05902620404958725,0.024372095242142677
8,"BIODANCE Bio-Collagen Real Deep Mask, Hydrating Overnight Hydrogel Mask, Pore Minimizing, Elasticity Improvement, 34g x4ea",,Katherine,Wow this is great! And it made my eye wrinkles look better.,"Get yourself this product!!! I saw this on some Insta site or two and ordered it because my face has gotten a bit dry and peely from retinoid and other products. It was weird at first and hard to place exactly where I wanted it on my face because it's kinda goopy and slides around. But I was walking around and probably should have sat still while it became more stuck to my skin. I was actually able to go to bed with it still on. In the morning, after peeling it off (feels like a thick, unsticky bandaid), my skin was SO soft and plumper looking AND my wrinkles were definitely less obvious ( I assume from the plumping effect).  If you see my other reviews you'll see that I've tried wrinkle-specific products that simply do not work as advertised and I had not been expecting that bonus effect from this mask product. But I totally realize it's temporary, not a real solution like Retin A type products. I bought more on Amazon prime day at a great deal and will probably make this one my my regular orders on amazon.  Get this product! (I do not get anything for this review, lol)",10/19/2024,5,Yes,0,0.969,0.123,0.037,0.84,0.02184424176812172,0.37477943301200867,0.0324518084526062,0.012913853861391544,0.2858404815196991,0.019793232902884483,0.252376914024353
9,"BIODANCE Bio-Collagen Real Deep Mask, Hydrating Overnight Hydrogel Mask, Pore Minimizing, Elasticity Improvement, 34g x4ea",,Daniela,Baby soft skin!,"I as most others was influenced by viral videos showing the before and after, I’ve never tried gel mask like this before so I was intrigued! I did not have any issues getting the mask out of the package, it comes in two pieces for easier application. I started with the bottom half and made two small incisions in the chin area to make it stick better. I then layered the top half over it and cut around the nose area to fit my facial features better. I like that the eyes and mouth are also included so that you can use it on the gaps, your neck, or wherever else you please. It has this great cooling effect that lasts all the way until it dries down. It sticks to your skin very well and I didn’t have any issues with peeling while asleep. Though I love the glass skin effect after you take the mask off, it kind of felt like my face was sweating when I woke up. I have only used one so far, but plan on using it weekly as a part of my skin care routine. They are pricy, I lucked out and got mine during Prime Days, now that I know they are worth the splurge I will re-purchase again.",10/15/2024,5,Yes,7,0.9784,0.152,0.007,0.841,0.00897575356066227,0.016812346875667572,0.002665746258571744,0.01533882599323988,0.9228476881980896,0.004105360247194767,0.02925429679453373
10,"BIODANCE Bio-Collagen Real Deep Mask, Hydrating Overnight Hydrogel Mask, Pore Minimizing, Elasticity Improvement, 34g x4ea",,BethH,Skin felt great afterwards,"I was a little scared to use these as my skin is acne prone, it can be dry but also oily. I kept the first one on for about 4 hours until it turned clear. The next day my skin felt and looked good, kind of firmed up in a good way, and had a nice dewy look, but not overly so. A couple weeks later I used it again but this time left it on all night. I did feel like my skin was extra oily for the next couple days after that. So the next time I again left it on for only 4 hours and my skin felt great again. It has never caused me to break out. It's become kind of a monthly spa day/ treat for myself.",10/23/2024,5,Yes,0,0.9807,0.193,0.013,0.794,0.011137994937598705,0.16114790737628937,0.3470141291618347,0.09312309324741364,0.29798397421836853,0.07953815162181854,0.010054712183773518
11,"BIODANCE Bio-Collagen Real Deep Mask, Hydrating Overnight Hydrogel Mask, Pore Minimizing, Elasticity Improvement, 34g x4ea",,Phyllis Melton,It works,"The product worked. When I peeled it off my face, my face had a stunning glow just like the photos shown in other reviews. What I didn't like was the fact that I had to wear it all night before the mask became clear and ready to be removed. Also, the glow faded once I washed my face. My face was still soft and smooth but without that stunning glow. The instructions never mentioned that you should not wash your face right after use so I'm not sure if I should not have done that. Since my face was washed before applying the mask I could have gone through the day without washing again. I did not know that doing so would affect the glow.  I also used a deep cleanser so that could have caused that result. I will try it again without washing my face afterwards to see if that makes a difference.",10/17/2024,5,Yes,2,0.7515,0.081,0.019,0.9,0.013526634313166142,0.17142106592655182,0.0197273101657629,0.027707381173968315,0.5551513433456421,0.03148211911320686,0.18098419904708862
12,"BIODANCE Bio-Collagen Real Deep Mask, Hydrating Overnight Hydrogel Mask, Pore Minimizing, Elasticity Improvement, 34g x4ea",,Sammy,Very hydrating,"I only kept the mask on for a couple of hours but my skin felt very hydrated afterwards. I would say the effects remained for about four days or so. For reference I am 52 years old with slightly dry skin. It is best if you minimize movement for 20-30 minutes to allow the mask to set. I did find that once the mask said a little bit I had to cut in some spots to help to help it lay better. I have already ordered more masks for not only myself, but to give as gifts for Christmas. Definitely recommend.",10/26/2024,4,Yes,0,0.9757,0.228,0.023,0.749,0.006322132423520088,0.028489435091614723,0.0021455856040120125,0.06462833285331726,0.8725154399871826,0.019412565976381302,0.006486513651907444
13,"BIODANCE Bio-Collagen Real Deep Mask, Hydrating Overnight Hydrogel Mask, Pore Minimizing, Elasticity Improvement, 34g x4ea",,Persephone67,Worth the money,My mom who is 84 and doesn't see that well asked me if I had been doing facials because my skin looked really good. I'm 57 btw. I had only done one mask at that point for a little less than 3 hours. I'm a little hesitant about trying to use them while I sleep. I would say it's worth it. I used to have facials religiously and the last time I had one at the salon I spent a ton of money and saw zero difference. These masks you spend not very much money and you see a visible difference. They're from Korea too and not China which I like. K beauty is called K beauty for a reason. Repurchasing.,10/15/2024,4,Yes,2,0.8427,0.109,0.048,0.842,0.003197081619873643,0.008484040386974812,0.8420084714889526,0.006318897940218449,0.1203533411026001,0.003527639666572213,0.016110410913825035
14,"BIODANCE Bio-Collagen Real Deep Mask, Hydrating Overnight Hydrogel Mask, Pore Minimizing, Elasticity Improvement, 34g x4ea",,shopaholic,Glow-y,I’ve been seeing this mask all over social media for some time now & finally decided to buy it. I only gave it 4 stars b/c it’s not as easy to put on as some of these videos show. Mine tore when I took it out of the package & even more as I was putting it on. So be careful if you have long nails. There is no scent. As I was laying in bed I decided to read some more reviews & that’s when I decided to leave it on for 3-4 hours b/c I wanted to see if I’d have a reaction. I was falling asleep so I took it off in the dark & was so tired I didn’t want to get up to look at my skin. In the morning I looked in the mirror & my skin was glowing but not greasy. I did have a bump on the side of my face but I don’t know if it’s from the mask or not.Mask stayed on well after I put it on.Didn’t feel slimy or greasy.Skin looked smooth & hydrated in the a.m.Will try overnight next time.,9/9/2024,4,Yes,0,-0.1785,0.031,0.046,0.923,0.011749625205993652,0.05465163663029671,0.010798538103699684,0.018726328387856483,0.7329156398773193,0.09399884939193726,0.0771593376994133
15,"BIODANCE Bio-Collagen Real Deep Mask, Hydrating Overnight Hydrogel Mask, Pore Minimizing, Elasticity Improvement, 34g x4ea",,Cynful,Hate to love it,"Ugh, this jelly like mask is ssooo obnoxious. It’s very easy to put your finger through it. Then positioning it takes work. It also dries out around the edges and lifts. I also found myself ripping it off at four hours in irritation. But let me tell you something. This thing is magic. My skin looked fabulous! And I used the little extra cutouts on my eyelids and lips. I know I will reluctantly buy this again.",11/2/2024,4,Yes,0,0.4746,0.106,0.093,0.801,0.12707701325416565,0.6955790519714355,0.0028920210897922516,0.005790223367512226,0.13970866799354553,0.0242723748087883,0.004680817946791649
16,"BIODANCE Bio-Collagen Real Deep Mask, Hydrating Overnight Hydrogel Mask, Pore Minimizing, Elasticity Improvement, 34g x4ea",,Rebecca H,Just Try It!,"Texture is fragile so be careful not to tear it if you have nails. Once applied, it shifted slightly for maybe 30 minutes so readjusting was a little irritating but I was awake and moving around. After that, it stayed put! Dried to clear by morning and my skin looked amazing when I woke up! One of the 11 lines between my eyes is pretty deep and it was completely gone. Three hours later, its back but not nearly as deep as usual. I am in my early 40's, I will definitely be repurchasing these for self-care days!!!",10/28/2024,5,Yes,0,0.9596,0.177,0.017,0.806,0.05884714424610138,0.04680221155285835,0.008131389506161213,0.025112541392445564,0.2000000774860382,0.02022208273410797,0.640884518623352
17,"BIODANCE Bio-Collagen Real Deep Mask, Hydrating Overnight Hydrogel Mask, Pore Minimizing, Elasticity Improvement, 34g x4ea",,dolmr06,Receiving compliments on my skin for the first time in years,"I tried this mask on a whim, but after wearing it overnight once a week for two months, I've gotten more compliments on my skin than I have in the past 10 years! I don't know how it works, but I'm going to keep buying it.One note: I'm a side sleeper, so I get in bed and read for about 20 min to let the mask adhere to my skin before I turn over to go to sleep. It doesn't leave a mess on my pillow and it stays on my face all night.",10/27/2024,5,Yes,0,0.8003,0.091,0.0,0.909,0.032590776681900024,0.0603695809841156,0.004641559906303883,0.01922423392534256,0.7812318205833435,0.021435784175992012,0.0805063545703888
18,"BIODANCE Bio-Collagen Real Deep Mask, Hydrating Overnight Hydrogel Mask, Pore Minimizing, Elasticity Improvement, 34g x4ea",,michelsl,Magic in a box,"This is a thicker, jelly like mask (not those paper thin ones that are soaked in serum). It comes in two separate pieces, upper and lower half, which makes it more customizable in terms of fitting your face. You leave it on for a least a few hours (I normally go to bed with mine on and on the middle of the night I’ll wake up to pee or something and take it off then) and it becomes transparent, indicating that all the serum has now been absorbed into your skin. I was a little skeptical at first like how could this really be that different than other sheet masks? But the first time I used it, the next day I noticed the deep wrinkle in my forehead was so much smoother! About a week after using it the first time I also had someone tell me I look refreshed and well rested.. I immediately bought more 😂 There doesn’t seem to be a smell/scent to it and it comes in a pack of 4",10/3/2024,5,Yes,3,0.5004,0.039,0.026,0.935,0.012586317025125027,0.05076729133725166,0.044999830424785614,0.00587126612663269,0.5618817806243896,0.0030647844541817904,0.32082873582839966
19,"BIODANCE Bio-Collagen Real Deep Mask, Hydrating Overnight Hydrogel Mask, Pore Minimizing, Elasticity Improvement, 34g x4ea",,Ms. W,Saved me from desert dry!,"I am not too big on skincare, but I have been following this mask's hype on digital platforms, a couple of months back I ordered since the price tag is not bad. I live in Arizona and it gets really dry here, this mask worked like magic. Helped me combat the dryness. The best part is you don't have to use it daily (unless you want a baby skin), I use it once every week and it keeps my skin plumped the whole week.I take this with me during travel and put it while I am on the plane to not a jetlagged skin after. This review is coming from a toddler mom and a full-time worker so you can imagine how much limited time I have for myself.",10/11/2024,5,Yes,0,0.8697,0.109,0.042,0.849,0.005350204650312662,0.012407093308866024,0.001280994969420135,0.012199314311146736,0.9464423060417175,0.006605234462767839,0.01571485586464405
20,"BIODANCE Bio-Collagen Real Deep Mask, Hydrating Overnight Hydrogel Mask, Pore Minimizing, Elasticity Improvement, 34g x4ea",,J. Tumlinson,Glass skin???,"Maybe my skin is just alot dryer than everyone else's.  I definitely didn't feel as though I achieved the ""glass skin"" that others have raved about, but I do see a difference in the undereye area so that's a plus.  I only left the mask on for 4 hours, not overnight so next time I will do that.I will say my skin does feel moisturized and looks plump.I did get all the liquid out of the packaging and made sure to apply it to my skin after removing the mask.  No sticky residue and no unpleasant smell.  Will update after additional use.",10/14/2024,4,Yes,21,-0.714,0.046,0.094,0.859,0.005650408565998077,0.3950234353542328,0.006249311380088329,0.06086212396621704,0.36618807911872864,0.15590940415859222,0.010117179714143276
21,"BIODANCE Bio-Collagen Real Deep Mask, Hydrating Overnight Hydrogel Mask, Pore Minimizing, Elasticity Improvement, 34g x4ea",,sheree,My life is changed,"This is my first review ever and I order a disgusting amount of stuff on amazon. My biggest concern is craters for pores, and the first time I used this, I forgot I had an online meeting and I talked the first full hour I had it on. It moved it around a bit and the center most part of my cheeks my by nose were left uncovered (where a great deal of my big pores are). I took the mask off after 3 hours and the pores that were covered were literally 1/3 of the size of the uncovered pores because they were so clear and hydrated. I haven't seen them this small since I was like maybe 12 (and am now 34). My only issue is that I've told myself I'm only allowing myself to wear one once a week instead of living an entire every day life under them. I feel wasteful with the trash at the end, but omg.",10/2/2024,5,Yes,0,0.5622,0.051,0.014,0.934,0.008582182228565216,0.9591480493545532,0.0033785244449973106,0.00043915462447330356,0.017344240099191666,0.007391138467937708,0.0037166622933000326
22,"BIODANCE Bio-Collagen Real Deep Mask, Hydrating Overnight Hydrogel Mask, Pore Minimizing, Elasticity Improvement, 34g x4ea",,brookiecookie,100% buying again,"Instagram made me buy this. Glad I checked Amazon before buying off an Instagram ad. Saved 50% by buying from Amazon. Same product, same quality. Made in Korea. Mask goes on white, dries clear after about 4 hours. I left my mask on for 13 hours over night. The Instagram and tiktok ads all say ""my skin looks like glass after"" showing a super shiny appearance. This is just the residue collagen serum from the mask. When you wash your face, this will go away leaving the face soft, but not super shiny. This mask helped my menstrual outbreak on my forehead tremendously! Pack came with 4 masks, I'll be doing this once a week. I put the eye and mouth pieces on my neck and used the left over collagen serum in the package on my hands and neck. Highly recommend.",10/14/2024,5,Yes,14,0.9594,0.15,0.0,0.85,0.010031390935182571,0.010142184793949127,0.0015359424287453294,0.3588311970233917,0.5139226913452148,0.011601732112467289,0.09393482655286789
23,"BIODANCE Bio-Collagen Real Deep Mask, Hydrating Overnight Hydrogel Mask, Pore Minimizing, Elasticity Improvement, 34g x4ea",,B.Burnett,Did what everyone is talking about,"So I decided to hop on the bandwagon and try these masks everyone is talking about.  I have to say that I did notice a difference in my skin. It felt smoother, my pores were visibly smaller and I did experience the 'glass' look to my skin.  Virtually ordorless.  I'm not a fan of how cold it is with application and not sure if it can be warmed under warm water (didn't want to try because i could've ruined the product).  I am satisfied with the results I received!",10/16/2024,4,Yes,0,-0.1872,0.077,0.097,0.826,0.0032698167487978935,0.006974405143409967,0.0019833624828606844,0.8707736730575562,0.09315627813339233,0.009839614853262901,0.01400279626250267
24,"BIODANCE Bio-Collagen Real Deep Mask, Hydrating Overnight Hydrogel Mask, Pore Minimizing, Elasticity Improvement, 34g x4ea",,jenjers,"Need to leave on a long time, no results yet","I've been using this about 3 times a week for about 2 weeks, although the package says you can use it daily. My biggest complaint so far is that you need to leave it on 3-4 hours until the mask goes clear. I don't exactly have 3-4 hours every day where I can just sit around doing nothing. There are mouth and eye holes, but the mask can occasionally slip if you are sitting up straight. The mask consists of a lower and upper part which are put on separately which is also a bit odd.",10/15/2024,4,Yes,0,-0.5106,0.043,0.088,0.868,0.031862616539001465,0.2753795087337494,0.01660550944507122,0.0016566306585446,0.6240552663803101,0.020466502755880356,0.02997388318181038
25,"BIODANCE Bio-Collagen Real Deep Mask, Hydrating Overnight Hydrogel Mask, Pore Minimizing, Elasticity Improvement, 34g x4ea",,Meghan R Gehr,Maybe it is doing something?,Use a mask weekly and honestly have no idea if anything is happening but that is ok. This mask is the slipperiest thing I have ever touched but it goes on smooth and actually stays on when you sit up and even walk around. Be careful not to rip it because it is fragile.,10/31/2024,4,Yes,0,0.6249,0.119,0.028,0.853,0.008572429418563843,0.01884506642818451,0.01786971278488636,0.0046926988288760185,0.9337210655212402,0.004289756063371897,0.012009275145828724
26,"BIODANCE Bio-Collagen Real Deep Mask, Hydrating Overnight Hydrogel Mask, Pore Minimizing, Elasticity Improvement, 34g x4ea",,melanie,"Highly Recommend for Facial Moisture, Smoothness and Hydration","It's a must have for me in my skin care rotation!  I honestly don't find it that hard to sleep in since it sticks to your skin and stays pretty well in place.  I definitely notice an increase in hydration in my skin and now require it 2x a week.  I've already sent a recommendation to a number of my friends.  It's not over liquidy, does what it says!",10/26/2024,5,Yes,0,0.9589,0.279,0.018,0.702,0.03402707353234291,0.016903052106499672,0.014118948951363564,0.07215926796197891,0.5383962988853455,0.03433679789304733,0.2900586724281311
27,"BIODANCE Bio-Collagen Real Deep Mask, Hydrating Overnight Hydrogel Mask, Pore Minimizing, Elasticity Improvement, 34g x4ea",,Makeup by Sabina,"⭐⭐⭐⭐☆ Great Hydration, Slight Fit Issues","I tried the BIODANCE Bio-Collagen Real Deep Mask and overall, it provided fantastic hydration for my skin. I used it overnight, and by morning, my face felt noticeably smoother and more refreshed. The serum dried clear and the elasticity improvement was real! However, the mask itself wasn’t very adjustable, especially for someone with a round face like mine, and I ended up tearing it while trying to fit it properly. If you’re careful during application, it does deliver great results. Just be aware it’s not the most flexible mask, but it’s worth the effort for the hydration boost!",10/7/2024,4,Yes,3,0.9381,0.189,0.014,0.797,0.007497633341699839,0.02118833363056183,0.002156561939045787,0.2557205557823181,0.6715956926345825,0.013109938241541386,0.02873128280043602
28,"BIODANCE Bio-Collagen Real Deep Mask, Hydrating Overnight Hydrogel Mask, Pore Minimizing, Elasticity Improvement, 34g x4ea",,SweetTBella,Excellent Product,"This product is amazing. I first wash, tone and moisturize my face with Lancôme Génifique face serum. Afterwards, apply the collagen mask overnight. It dissolves into the skin clear after a few hours. My only complaint is the mask shifts after a few hours almost like it shrinks.  It also is  very delicate and rips easily. Other than that you will see an immediate difference. May cause light acne for oily or combination t-zone people.",10/24/2024,5,Yes,0,0.8519,0.155,0.027,0.818,0.013939172960817814,0.13489824533462524,0.03874089568853378,0.01763738878071308,0.6914367079734802,0.038407064974308014,0.06494057178497314
29,"BIODANCE Bio-Collagen Real Deep Mask, Hydrating Overnight Hydrogel Mask, Pore Minimizing, Elasticity Improvement, 34g x4ea",,JStone,Lives up to the hype!,"I don't normally like sheet mask type products. They slide and the product gets into my eyes. This stays where you put it! I used during the day and it was as comfortable as something like this could be. It's also very cooling. The result was awesome, just as advertised. I highly recommend giving this a try. I bought it on sale in the 4 pack. I will be purchasing it again in the larger pack.",10/26/2024,5,Yes,0,0.8733,0.164,0.052,0.784,0.004931391682475805,0.013206593692302704,0.0020537404343485832,0.24633163213729858,0.7008293271064758,0.0059577845968306065,0.02668958157300949
30,"BIODANCE Bio-Collagen Real Deep Mask, Hydrating Overnight Hydrogel Mask, Pore Minimizing, Elasticity Improvement, 34g x4ea",,Lena Blahja,Review of BIODANCE Bio-Collagen Real Deep Mask: A Luxurious Overnight Hydration Boost,"The BIODANCE Bio-Collagen Real Deep Mask is an absolute game-changer in my skincare routine. This hydrating overnight hydrogel mask feels incredibly luxurious from the moment you put it on. The mask comes in two pieces—one for the top half of your face and the other for the bottom—which makes it easy to apply and ensures a perfect fit.The mask has a wonderfully soft texture that feels gentle and soothing on the skin. I wear it overnight, and by morning, it dries clear, leaving no residue behind. The real magic, however, is in the results. After using this mask, my face feels plump, deeply hydrated, and revitalized. The difference in my skin is noticeable—my makeup goes on smoother and looks much better after this treatment.If you're looking for a hydrating mask that delivers on its promises, the BIODANCE Bio-Collagen Real Deep Mask is definitely worth trying. It’s a luxurious addition to any skincare routine that leaves your skin feeling refreshed and glowing.",8/28/2024,4,Yes,20,0.9788,0.179,0.012,0.808,0.00470421789214015,0.02372603677213192,0.0010755592957139015,0.616770327091217,0.3303241729736328,0.016418375074863434,0.006981348153203726
31,"BIODANCE Bio-Collagen Real Deep Mask, Hydrating Overnight Hydrogel Mask, Pore Minimizing, Elasticity Improvement, 34g x4ea",,Client d'Amazon,So TikTok was not lying,My pore size did shrink and that’s my main goal and concern! It’s easy to use and stick to the face for several hours so nice (even on my boyfriend that has a beard) To have the bouncy effect at it’s most potent I would recommend around 3 to 4 hours more you don’t have the look you see on social media as much.,10/28/2024,5,Yes,0,0.8615,0.144,0.0,0.856,0.015921689569950104,0.03631476312875748,0.15910550951957703,0.06958591938018799,0.6834219694137573,0.02335282973945141,0.012297341600060463
32,"BIODANCE Bio-Collagen Real Deep Mask, Hydrating Overnight Hydrogel Mask, Pore Minimizing, Elasticity Improvement, 34g x4ea",,Julie Rodrigo,Loving this Mask!,"Everything about this mask it is for me. And this is coming from someone who barely likes the other ""clothlike"" facemasks. Not that big of a fan. Here's why I do like this one!The smell is not overwhelming, but it does have a scent. (for those of you who are sensitive to smells) I like it, kind of sweet, and not mediciney. The mask does come split in two halves. The top half, from forehead down to the bottom of your nose. The second half, above your top lip to the bottom of your chin.It is kind of slippery and fragile, you can tear it pretty easily, so be careful with your nails. The two eye holes come out as well as the mouth. Which I like to use and place in areas that don't get covered by the mask. (both sides of the nose for me)I've used two masks and am using them weekly. It says you can wear them overnight, but I have been wearing them for about 3 hours and they are just about fully translucent at that time. My skin feels soooo nice and hydrated when done. These are going to be a weekly treat for myself. Get you some!",9/11/2024,5,Yes,3,0.9889,0.179,0.0,0.821,0.010855920612812042,0.4976859986782074,0.021575476974248886,0.04481303691864014,0.3856722116470337,0.01336054690182209,0.02603684738278389
33,"BIODANCE Bio-Collagen Real Deep Mask, Hydrating Overnight Hydrogel Mask, Pore Minimizing, Elasticity Improvement, 34g x4ea",,La Rosa Concha,Great,"Works great but super slick. Falls off pretty easily from face and hands when putting it on.  If you want to wear at night, sleep still, face up! Face feels great after",11/2/2024,4,Yes,0,0.9741,0.466,0.0,0.534,0.004250620491802692,0.007086093537509441,0.01121474802494049,0.31718897819519043,0.6212571859359741,0.024107828736305237,0.014894668944180012
34,"BIODANCE Bio-Collagen Real Deep Mask, Hydrating Overnight Hydrogel Mask, Pore Minimizing, Elasticity Improvement, 34g x4ea",,J. F. Walker,Soothes my rosacea - better than the other brand,"When I needed to clear my face up really fast for my aesthetician, I use the sheets about three days apart before my appointment and it cleared my rosacea right up and conjunction with some other tips that she had given me. This is the first time my face hasn’t been bright cherry red, which as somebody who has blight brown skin is pretty impressive.I recently decided to purchase a different brand to see if it was better. The other brand is purported the TikTok viral one and my immediate notice and difference is below the bio dance doesn’t shrink down as much as it absorbs into your skin. I also think it stays in place better once it’s applied.The Bongsoon Editor mask shrinks at least a quarter inch around all edges. My results using this mask weren’t nearly as impressive as the biodance. It didn’t control my rosacea breakout as well.Overall, I like Biodance and will continue buying it in the future.",9/17/2024,5,Yes,3,0.9623,0.127,0.0,0.873,0.004732911009341478,0.01309253554791212,0.002592862118035555,0.02308046445250511,0.7835144400596619,0.006227368954569101,0.16675937175750732
35,"BIODANCE Bio-Collagen Real Deep Mask, Hydrating Overnight Hydrogel Mask, Pore Minimizing, Elasticity Improvement, 34g x4ea",,rachel,Love,These masks are amazing. Love how hydrated my skin is after using them. Very comfortable to sleep in and stays in place all night even as a side sleeper.,11/1/2024,4,Yes,0,0.9117,0.317,0.0,0.683,0.0048011066392064095,0.016081180423498154,0.009171688929200172,0.2169448435306549,0.6875629425048828,0.010230724699795246,0.055207520723342896
36,"BIODANCE Bio-Collagen Real Deep Mask, Hydrating Overnight Hydrogel Mask, Pore Minimizing, Elasticity Improvement, 34g x4ea",,Carly R.,Rebuying for the 3rd time in 3 weeks,"This might be the first review I’ve left in maybe years. Buy this mask, sleep in it and you will see a noticeable difference in the morning. I live in a very dry state and this replenishes my skin better than any moisturizer could ever. Fine wrinkles disappear. I put the mouth covering over my lips and they are fuller and more plump in the morning. 10/10 product and will continue to buy and use.",10/21/2024,5,Yes,0,0.4215,0.063,0.025,0.912,0.0047629475593566895,0.021369898691773415,0.0018379583489149809,0.05532221496105194,0.8813555240631104,0.017350293695926666,0.01800120808184147
37,"BIODANCE Bio-Collagen Real Deep Mask, Hydrating Overnight Hydrogel Mask, Pore Minimizing, Elasticity Improvement, 34g x4ea",,Missy,Meh.,"It does make your skin softer but only for about two days. It made my dark circles more pronounced. I have read that if you apply eye cream prior to applying the mask, it will help prevent the puffiness. 🤷‍♀️",10/25/2024,4,Yes,0,0.5719,0.113,0.0,0.887,0.023094702512025833,0.2754857540130615,0.07195652276277542,0.00845459382981062,0.5354534983634949,0.07702397555112839,0.008530966937541962
38,"BIODANCE Bio-Collagen Real Deep Mask, Hydrating Overnight Hydrogel Mask, Pore Minimizing, Elasticity Improvement, 34g x4ea",,PPEliff,Pretty cool,So this is my second time using these. I planned on doing it every Monday or Tuesday. This time I did cut it between the eye holes and nose that the mask could sit better around my nose. It does have slip for the tip of the nose but I cut it more so it could lay flat in that area. I also folded it a bit around the forehead so it wouldn’t touch my hair. Last week when I did it for the first time I did notice a difference after I washed off the residue. I put it on at night and slept with it. I was careful to not sleep on my side so I was on my back all night…not as bad as I thought it was going to be. But anyway once I washed it off in the morning like I said I did notice that my pores were somewhat smaller and my makeup did go on very smoothly as other reviews have stated. So I guess I’ll keep doing this once a week and see how my skin looks after about 6 or 8 weeks. I put then Subscribe & Ship so I won’t run out. Let’s see how this goes!,9/11/2024,5,Yes,9,-0.484,0.037,0.048,0.916,0.02690303325653076,0.05367520824074745,0.016584398224949837,0.009069527499377728,0.8343726396560669,0.019404789432883263,0.03999042138457298
39,"BIODANCE Bio-Collagen Real Deep Mask, Hydrating Overnight Hydrogel Mask, Pore Minimizing, Elasticity Improvement, 34g x4ea",,Stephanie,Amazing Product!,"I've only used this once, and I already love it! I feel like I have a baby's skin! I wore it overnight, and after I applied my makeup the next day, it was just like a filter. I will definitely be buying this product again.",10/28/2024,5,Yes,0,0.9097,0.274,0.0,0.726,0.019812803715467453,0.051008712500333786,0.005260768812149763,0.15941597521305084,0.6969353556632996,0.006767296232283115,0.06079911068081856
40,"BIODANCE Bio-Collagen Real Deep Mask, Hydrating Overnight Hydrogel Mask, Pore Minimizing, Elasticity Improvement, 34g x4ea",,Briana R,Spa Day at home!,"This mask comes in a set of 4 and are wonderful to use and are a great hydrating and collagen boost for your skin while maintaining weekly skincare. I typically sleep in these overnight and notice a glass skin appearance, ultimate hydration, softening of fine lines and a reduction of pore size. Love these masks!",10/30/2024,5,Yes,0,0.9501,0.276,0.0,0.724,0.009678509086370468,0.03930846229195595,0.002111946465447545,0.19807881116867065,0.7096958160400391,0.010164240375161171,0.03096226416528225
41,"BIODANCE Bio-Collagen Real Deep Mask, Hydrating Overnight Hydrogel Mask, Pore Minimizing, Elasticity Improvement, 34g x4ea",,J.Mahedy,Skin,Only used once wore it only 2 hours and nothing was absorbing into my skin. Need to try again for 8 hours and see what happens.,11/1/2024,4,Yes,0,0.0,0.0,0.0,1.0,0.012691925279796124,0.023596320301294327,0.010188323445618153,0.004976990632712841,0.8225572109222412,0.07203575223684311,0.05395347997546196
42,"BIODANCE Bio-Collagen Real Deep Mask, Hydrating Overnight Hydrogel Mask, Pore Minimizing, Elasticity Improvement, 34g x4ea",,House man!,Awesome!,"I was super excited to try this viral collagen mask and it feels so good going on! I’m not a person that can sleep on my back so I don’t wear it to bed as many do so the four hour time span has to be on a day off, so that’s the only downfall but honestly, if you’re just cleaning the house or doing work around the house, pop one on and enjoy the benefits.",10/10/2024,5,Yes,0,0.9553,0.219,0.0,0.781,0.003533279988914728,0.0033489211928099394,0.0006042455788701773,0.8769677877426147,0.10106118023395538,0.005132605787366629,0.009351944550871849
43,"BIODANCE Bio-Collagen Real Deep Mask, Hydrating Overnight Hydrogel Mask, Pore Minimizing, Elasticity Improvement, 34g x4ea",,xo.,"cooling, moisturizing, and glowing","I love this mask! Bought this during the last prime day sale, and the deal was so worth it! I use these whenever I feel like my skin is needing some extra help. I use them before going to bed, and it has such a cooling effect. It moisturizes my skin and I wake up with a nice glow! I really like this mask and definitely recommend it for whenever you feel like you need a little refresh.",10/9/2024,5,Yes,0,0.9743,0.3,0.0,0.7,0.004091804381459951,0.004536211024969816,0.0006661238730885088,0.9191051125526428,0.04923531413078308,0.010182256810367107,0.012183208018541336
44,"BIODANCE Bio-Collagen Real Deep Mask, Hydrating Overnight Hydrogel Mask, Pore Minimizing, Elasticity Improvement, 34g x4ea",,Sharon G,Feels like silk on!,"I recently tried the BIODANCE Bio-Collagen Real Deep Mask, and I loved it! The hydrogel texture is lightweight and feels amazing on the skin. After using it overnight, my skin felt super hydrated and looked radiant in the morning.It didn’t irritate my sensitive skin, which is a huge plus. Overall, this mask is a fantastic addition to my skincare routine. Highly recommend for anyone looking to boost hydration and glow!",10/12/2024,5,Yes,0,0.9747,0.308,0.032,0.659,0.0368557870388031,0.06970538198947906,0.0033272786531597376,0.7065547108650208,0.1494191437959671,0.007951776497066021,0.026185935363173485
45,"BIODANCE Bio-Collagen Real Deep Mask, Hydrating Overnight Hydrogel Mask, Pore Minimizing, Elasticity Improvement, 34g x4ea",,Betty,"Skin looks and feels really great when you get ln the morning, but it doesn't last very long","liked the look and feel of my skin in the morning, but by noon it had gone back to the original feel and look",10/30/2024,4,Yes,0,0.5927,0.181,0.0,0.819,0.0043405042961239815,0.011870158836245537,0.007220512721687555,0.6025012731552124,0.10327517986297607,0.21041640639305115,0.06037600710988045
46,"BIODANCE Bio-Collagen Real Deep Mask, Hydrating Overnight Hydrogel Mask, Pore Minimizing, Elasticity Improvement, 34g x4ea",,Brittany C,Get your glow on,"As someone with dry sensitive skin that’s close to 40yo, sleeping with this and waking up in the morning with glass skin is refreshing. I use this as a treat about once a week but it never fails to get me a compliment or have my skin looking fresh and lovely.",10/25/2024,5,Yes,0,0.9528,0.29,0.0,0.71,0.004864564165472984,0.020596986636519432,0.0011814815225079656,0.47451838850975037,0.4739358723163605,0.011303659528493881,0.013598990626633167
47,"BIODANCE Bio-Collagen Real Deep Mask, Hydrating Overnight Hydrogel Mask, Pore Minimizing, Elasticity Improvement, 34g x4ea",,Shelley,Hydration that is easy,Great product for adding hydration to your face. I love putting this one when I need a little extra. Cool on the face when I put it on and it feels so nice and refreshing. I have both slept with it on and done chores as well. Both worked fine as long as you allow it tome to cling to you first.,10/24/2024,5,Yes,0,0.9568,0.283,0.0,0.717,0.00254257395863533,0.005237257573753595,0.0005547897308133543,0.9055342674255371,0.07637690007686615,0.006061074323952198,0.0036930504720658064
48,"BIODANCE Bio-Collagen Real Deep Mask, Hydrating Overnight Hydrogel Mask, Pore Minimizing, Elasticity Improvement, 34g x4ea",,Carly Hollas,"Hole in packaging, mask dried",Update: Company refunded me for faulty packaging. Will try them again. Check your masks right away upon receipt.Extremely expensive mask came with a hole in the bottom. I did not notice until I tried to use it and the return window has passed. Please make this right by providing one non-defective mask. Thank you.,10/22/2024,5,Yes,0,0.3612,0.087,0.042,0.871,0.029706818982958794,0.01041566114872694,0.008829617872834206,0.011745382100343704,0.6475979685783386,0.14986221492290497,0.1418423354625702
49,"BIODANCE Bio-Collagen Real Deep Mask, Hydrating Overnight Hydrogel Mask, Pore Minimizing, Elasticity Improvement, 34g x4ea",,Eleni Hagen,Hydration is great!,"Really loved the hydration, though I was expecting more of a glassy “glow” that I didn’t see. Maybe I was too dehydrated!",10/24/2024,4,Yes,0,0.6689,0.209,0.0,0.791,0.011614413000643253,0.07479925453662872,0.007248988840728998,0.20569615066051483,0.2200971394777298,0.048712898045778275,0.43183112144470215
50,"BIODANCE Bio-Collagen Real Deep Mask, Hydrating Overnight Hydrogel Mask, Pore Minimizing, Elasticity Improvement, 34g x4ea",,Lynju 27,Best mask ever!,"Taken from a diehard, high end product user with a once a week softener, cell turnover, pore turnover cleanser addict since I was a , (many, many, many years ago and try out monies not always well spent, this exceedingly ‘gotta have in your regimen, this mask is an absolute must have!!! Finally, a product that makes the $150 one not too hard to beat. I’m immediately softened silky and refreshed. Thank you. Thank you, thank you for finally getting the world of masks must haves become a stop above the rest and I’ve made it a most pleasant day to chill a while and see the results. I always appreciate a product that does what it claims to do and a thousand times more!!!!",9/24/2024,5,Yes,3,0.9051,0.131,0.032,0.837,0.009302297607064247,0.005176508333534002,0.001209230744279921,0.7237686514854431,0.212799534201622,0.00726729491725564,0.04047654569149017
51,"BIODANCE Bio-Collagen Real Deep Mask, Hydrating Overnight Hydrogel Mask, Pore Minimizing, Elasticity Improvement, 34g x4ea",,Ryan Gayler,Refreshing,"I Love this product and definitely notice a change in my skin, however I do feel like it wore off after 3 days. I’m still using it bc the way my face feels after is amazing! My husband also noticed a difference just after one use.",10/17/2024,4,Yes,0,0.9259,0.267,0.0,0.733,0.0033134326804429293,0.004711421672254801,0.0058570848777890205,0.020471513271331787,0.016257653012871742,0.0017013897886499763,0.947687566280365
52,"BIODANCE Bio-Collagen Real Deep Mask, Hydrating Overnight Hydrogel Mask, Pore Minimizing, Elasticity Improvement, 34g x4ea",,leighanne,Great product,"I tried this last night. While it is slippery to put on, once it was on it stayed.  I slept with it on but took it off in the early morning at my cats meowed for food, so no big reveal. My skin looked and feels amazing today.Definitely a good purchase.",10/26/2024,5,Yes,0,0.7392,0.156,0.066,0.778,0.0032700765877962112,0.0032494424376636744,0.009710674174129963,0.06098093464970589,0.022726858034729958,0.0026974775828421116,0.8973645567893982
53,"BIODANCE Bio-Collagen Real Deep Mask, Hydrating Overnight Hydrogel Mask, Pore Minimizing, Elasticity Improvement, 34g x4ea",,Magnolia,It Actually Works,"I took a chance on this Biodance mask because I had no idea what to expect. Every other face mask I’ve tried left me feeling like there was no difference. But let me tell you, I put this mask on before bed, and when I woke up, I was genuinely surprised! My skin looked like I’d been awake for hours—my eyes felt rested and vibrant. No puffiness under my eyes, and my face was plump and moisturized. The only downside is that I had to sleep on my back and be very careful to keep the mask on all night (I’m usually a belly sleeper, so this was tricky!). BUT the benefits totally outweigh that small challenge.",9/29/2024,5,Yes,0,0.9181,0.177,0.067,0.756,0.003672613762319088,0.001323664328083396,0.0013939926866441965,0.008142111822962761,0.006575214676558971,0.0009548013331368566,0.977937638759613
54,"BIODANCE Bio-Collagen Real Deep Mask, Hydrating Overnight Hydrogel Mask, Pore Minimizing, Elasticity Improvement, 34g x4ea",,Kassidy Doss,Awesome!!,"I recently tried the BIODANCE Bio-Collagen Real Deep Mask, and it's a game changer! My skin felt so smooth and hydrated afterward. It fits well and stays in place, making it super easy to use. Plus, it left my skin glowing and refreshed. Highly recommend if you're looking for a great skincare treat!",10/25/2024,5,Yes,0,0.9588,0.302,0.0,0.698,0.0033396391663700342,0.005220399238169193,0.0005609664949588478,0.8617299795150757,0.11238681524991989,0.003998624626547098,0.012763641774654388
55,"BIODANCE Bio-Collagen Real Deep Mask, Hydrating Overnight Hydrogel Mask, Pore Minimizing, Elasticity Improvement, 34g x4ea",,Heather,Love,These are amazing. I do what the instructions say and keep it in for a few hours. My skin is glowing and beautiful after. I don’t wear it at night because I’m a stomach sleeper. Did not make my acne prone skin break out.,10/31/2024,5,Yes,0,0.8271,0.168,0.0,0.832,0.005291719920933247,0.02146155945956707,0.003104443196207285,0.2726104259490967,0.6522293090820312,0.009646013379096985,0.03565651923418045
56,"BIODANCE Bio-Collagen Real Deep Mask, Hydrating Overnight Hydrogel Mask, Pore Minimizing, Elasticity Improvement, 34g x4ea",,Amanda Psarianos,Thin but good buy,"I’ve used other brands and only got 3 packs instead of five, which this option has. These masks, in comparison, are much thinner and tear easily. Overall it’s a good buy.",10/19/2024,4,Yes,0,0.6486,0.164,0.0,0.836,0.00424850732088089,0.007782051805406809,0.00104134704452008,0.18953780829906464,0.7662892937660217,0.009108922444283962,0.021992050111293793
57,"BIODANCE Bio-Collagen Real Deep Mask, Hydrating Overnight Hydrogel Mask, Pore Minimizing, Elasticity Improvement, 34g x4ea",,Jay,The Hype is Legit. This viral Mask Works!,"The media could not be loaded.I had my doubts about this hydrating collagen mask. But I have in to the viral reviews and bought a pack of 4 to see if it actually worked. I can say with confidence that this mask does give the appearance of glass skin. An update after this video is that my skin still looked great, skinny, and hydrated even after washing. Now, let’s be realistic, the effects of this mask do not last more than a week in my opinion. However, I have added this to my weekly routine and do this mask every Sunday before the start of my week and have seen a significant difference in my skin appearance and feel of hydration. This will be my new go to over the cheap face masks I used to buy. Those always make you feel sticky and greasy afterwards and this does not! I will also say that you can definitely sleep in this but I’d put in on 30 min to an hour before bed so that it has time to set. Otherwise it may slide around. It also tears easily when putting it on so be careful.",10/2/2024,4,Yes,38,0.9618,0.105,0.019,0.875,0.012647408060729504,0.23740944266319275,0.007462262641638517,0.014482902362942696,0.6960926055908203,0.01778140850365162,0.014124021865427494
58,"BIODANCE Bio-Collagen Real Deep Mask, Hydrating Overnight Hydrogel Mask, Pore Minimizing, Elasticity Improvement, 34g x4ea",,Kim Ford,It went viral for a reason...,Definitely gives your skin a glow. Doesn't leave your face feeling oily or sticky and there is no foul smell. It comes in two pieces and I also use the cut out pieces for my lips 💋 can't let it go to waste. It sis take a while to deliver bit shouldn't take away that it's a great product.,10/23/2024,5,Yes,0,0.3287,0.149,0.112,0.74,0.015322734601795673,0.7648637294769287,0.00529294041916728,0.007515513338148594,0.15799914300441742,0.045805759727954865,0.003200157778337598
59,"BIODANCE Bio-Collagen Real Deep Mask, Hydrating Overnight Hydrogel Mask, Pore Minimizing, Elasticity Improvement, 34g x4ea",,Trail Girl,"Hydrated, Glowing skin!","I love this product!  I simply sleep with it on one night a week and wake up with hydrated, glowing skin and my fine lines and wrinkles are reduced!",10/27/2024,4,Yes,0,0.7639,0.215,0.0,0.785,0.005271165166050196,0.002623701700940728,0.0004019780026283115,0.9467458128929138,0.03297784924507141,0.003516528755426407,0.008462932892143726
60,"BIODANCE Bio-Collagen Real Deep Mask, Hydrating Overnight Hydrogel Mask, Pore Minimizing, Elasticity Improvement, 34g x4ea",,Andrea Montilla,Excelente,"Mi piel se veía seca y cansada . Empece a buscar una mascarilla que realmente me diera buenos resultados y encontré esta. Desde el primer momento se siente el cambio. La piel queda hidratada, suave y con un brillo natural.No queda grasosa.Es fácil de usar.Desde ahora la usaré semanal como parte de mi rutina de cuidados para mi piel.Trae 4 sobres. La recomiendo.",10/20/2024,5,Yes,0,0.4588,0.051,0.0,0.949,0.21483224630355835,0.1982385665178299,0.05902055650949478,0.11828507483005524,0.3024824261665344,0.08367025852203369,0.023470917716622353
61,"BIODANCE Bio-Collagen Real Deep Mask, Hydrating Overnight Hydrogel Mask, Pore Minimizing, Elasticity Improvement, 34g x4ea",,Amazonian Customer,I tell everybody about this mask!,This mask is extremely hydrating and leaves the skin glowing for days!. I am an esthetician and have been giving this mask to my clients as a gift. I only wish I could use it in my treatment room.,10/28/2024,5,Yes,0,0.807,0.206,0.0,0.794,0.021833153441548347,0.08709639310836792,0.006495585665106773,0.20699208974838257,0.5873340368270874,0.04617896303534508,0.04406977444887161
62,"BIODANCE Bio-Collagen Real Deep Mask, Hydrating Overnight Hydrogel Mask, Pore Minimizing, Elasticity Improvement, 34g x4ea",,EO,Exactly As Described on Social Media,"Wow. I usually don’t take the time to write reviews. But I tried one of these for the first time last night & I’m amazed. Literally, down to every detail, these are exactly as described & as seen on social media, glass skin effect & everything. Normally I question anything that looks too good as too good to be true. I don’t think there’s 1 thing about this product that wasn’t as good or even better than the product description / social media promised.",10/10/2024,5,Yes,0,0.9835,0.302,0.0,0.698,0.00354476785287261,0.001540126628242433,0.001855524256825447,0.00249038846231997,0.008933529257774353,0.0011555647943168879,0.9804800748825073
63,"BIODANCE Bio-Collagen Real Deep Mask, Hydrating Overnight Hydrogel Mask, Pore Minimizing, Elasticity Improvement, 34g x4ea",,Mark,Want Glowing Skin? Here’s How to Look Like Celebrities Who Don’t Age!,"I never really paid much attention to my skin care routine until recently. For years, I neglected my skin, thinking it wasn’t that important. But as I got older and started noticing more issues like dryness and dullness, I realized how crucial it is to take care of my skin. I wanted to do everything I could to prevent skin problems and look amazing. That’s when I discovered BIODANCE Bio-Collagen Real Deep Mask and EVIL GOODS Whipped Beef Tallow and Honey Balm. These two products have completely transformed my skin, and I feel like I finally understand the importance of proper skincare.Biodance mask is incredible. This hydrating overnight hydrogel mask does wonders for my skin. It’s designed to minimize pores, improve elasticity, and provide deep hydration. After using it for just a few weeks, I noticed a significant improvement in the texture and appearance of my skin. It felt softer, smoother, and looked more radiant. The mask is easy to use, and I love that I can apply it before bed and wake up with refreshed, glowing skin. It’s like giving my face a spa treatment at home!But the real difference in my skincare routine has been EVIL GOODS Whipped Beef Tallow and Honey Balm, you can buy it herehttps://www.amazon.com/dp/B0CZDGNZLD. This product is absolutely amazing. Made from grass-fed, grass-finished beef tallow and honey, it’s unscented and perfect for sensitive skin. I use it as a face cream, body lotion, and lip balm. The results have been incredible. My skin feels decades younger, and the hydration it provides is unparalleled. EVIL GOODs is a winner due to simplicity and effectiveness. With only 4 natural ingredients, it nourishes my skin without any of the harmful chemicals found in many mainstream products. Beef tallow is rich in vitamins A, D, E, & K, which are necessary for healthy skin. Since using this balm, my skin has become softer, smoother, and more radiant. The honey adds an extra layer of moisture and healing properties, making it an all-around fantastic product.Pairing these masks with EGoods beef tallow has been the best decision for my skincare routine. The mask ensures my skin is hydrated and firm, while the balm takes care of my face, body, and lips, providing deep hydration and a youthful glow. I feel more natural and clean because of the high-quality, natural ingredients in both products. Plus, I’ve saved thousands of dollars because I don’t need botox anymore!If you want to look like celebrities who never age, I highly recommend trying this mask and definitely the beef tallow and honey balm. These products have made my skin look and feel amazing. Taking care of your skin is crucial, and using natural products like these makes a big difference. You WILL NOT REGRET IT!",7/15/2024,5,Yes,215,0.9989,0.261,0.058,0.68,0.007696258369833231,0.017361655831336975,0.002845864975824952,0.38625937700271606,0.5385687947273254,0.012674649246037006,0.034593384712934494
64,"BIODANCE Bio-Collagen Real Deep Mask, Hydrating Overnight Hydrogel Mask, Pore Minimizing, Elasticity Improvement, 34g x4ea",,Evelyn Robinson,Better than the one on Instagram,Absolutely wonderfulI kept it on for 4 hours one eveningCooling sensation for the first two hours.It did not slip off while resting. (But I didn’t toss and turnMy skin is radiantWorth the buy.,11/1/2024,5,Yes,0,0.0,0.0,0.0,1.0,0.0025364647153764963,0.002962906379252672,0.0016815376002341509,0.8897324204444885,0.06477638334035873,0.007277424447238445,0.03103298507630825
65,"BIODANCE Bio-Collagen Real Deep Mask, Hydrating Overnight Hydrogel Mask, Pore Minimizing, Elasticity Improvement, 34g x4ea",,Norma I.,Piel reluciente,"Me gusta mucho ya la he comprado dos veces. Deja la piel bien hidratada y reluciente. Lo único que no me gusta es que hay que dejarla demasiado tiempo, por lo menos para mí es poco cómodo",10/28/2024,5,Yes,0,-0.296,0.0,0.059,0.941,0.10127756744623184,0.3017495572566986,0.058752935379743576,0.023114141076803207,0.46180087327957153,0.031077345833182335,0.022227542474865913
66,"BIODANCE Bio-Collagen Real Deep Mask, Hydrating Overnight Hydrogel Mask, Pore Minimizing, Elasticity Improvement, 34g x4ea",,Emily Devendorf,LOVE THESE MASKS!,My friends could actually see the difference after a week of using these masks. I love how the ampule is in the mask rather than having to apply it separately. I LOVE THESE! Great price as well!,10/29/2024,5,Yes,0,0.9639,0.396,0.0,0.604,0.007397578563541174,0.005517882760614157,0.000745626981370151,0.8579790592193604,0.08123014867305756,0.002806168282404542,0.04432358220219612
67,"BIODANCE Bio-Collagen Real Deep Mask, Hydrating Overnight Hydrogel Mask, Pore Minimizing, Elasticity Improvement, 34g x4ea",,Laila,PLEASE READ - Biodance Bio Collagen Real Deep Mask,I did see results after one use but didn’t realize I had to wear it 3 to 4 hours. The price is crazy ridiculous. Walmart has a pack of 8 for $20. That means you can get 16 for $40. I bought a 16 pack from Amazon for $64. Now amazon is selling it for $76..I will never buy these again from Amazon.,10/10/2024,4,Yes,3,-0.296,0.098,0.102,0.8,0.12960252165794373,0.11032868176698685,0.0070370882749557495,0.003311160486191511,0.045379023998975754,0.012676174752414227,0.6916653513908386
68,"BIODANCE Bio-Collagen Real Deep Mask, Hydrating Overnight Hydrogel Mask, Pore Minimizing, Elasticity Improvement, 34g x4ea",,Leslie Tate,OMG,Like a miracle. I have super dry skin and it just gets worse in winter so these are an amazing once a week bliss fix. Don't expect to do anything that moves your face but amazing!!,10/26/2024,5,Yes,0,0.9335,0.379,0.045,0.575,0.008207273669540882,0.011330466717481613,0.00729967188090086,0.15801826119422913,0.24517010152339935,0.015203348360955715,0.554770827293396
69,"BIODANCE Bio-Collagen Real Deep Mask, Hydrating Overnight Hydrogel Mask, Pore Minimizing, Elasticity Improvement, 34g x4ea",,Chrissy C,BUY IT now,"I think I have high standards for skincare products; this is by far the best mask I have ever used. It keeps my face looking and feeling clean, supple, and hydrated. You won't regret giving it a try!",11/3/2024,5,Yes,0,0.8397,0.262,0.048,0.689,0.011919374577701092,0.045762158930301666,0.004481889307498932,0.11385069787502289,0.6768088340759277,0.12555019557476044,0.021626966074109077
70,"BIODANCE Bio-Collagen Real Deep Mask, Hydrating Overnight Hydrogel Mask, Pore Minimizing, Elasticity Improvement, 34g x4ea",,Beth T.,Tricky to get on but felt good in the AM.,"Facebook and Instagram have been following me hard with this mask. I finally gave in, purchased it and gave it a whirl!I slept with it overnight and am impressed that it was fully soaked in and dry in the morning. It was a little bit difficult to get on. Ideally you would be laying down and someone would put in on for you. There is no way that you could put it on and then go do something. You need to lay down so it doesn't slide off.I clearly put the eye patches in the wrong place but I still have three more tries to get it right (4-pack)I would also recommend that you give your kids a heads up as once I had it on I was afraid that if my kids woke up in the middle of the night I would scare them. 🤭Overall it felt great though and I was able to sleep with it on, even as a side sleeper.",8/13/2024,4,Yes,30,0.5793,0.078,0.073,0.849,0.018467649817466736,0.007721308618783951,0.3677988350391388,0.015217328444123268,0.14703074097633362,0.005037372466176748,0.43872684240341187
71,"BIODANCE Bio-Collagen Real Deep Mask, Hydrating Overnight Hydrogel Mask, Pore Minimizing, Elasticity Improvement, 34g x4ea",,Burgandi C.,Worth the hype 😊,🔥🔥🔥 My face was so glowy and glassy and shiny the entire next day. My plan is to use one per week and use a peel off collagen mask on the days I don’t use this mask. I’m definitely ordering more. 😊,10/27/2024,5,Yes,0,0.4019,0.066,0.0,0.934,0.009172294288873672,0.009444952011108398,0.002676743781194091,0.5194984674453735,0.4205927550792694,0.010723340325057507,0.027891477569937706
72,"BIODANCE Bio-Collagen Real Deep Mask, Hydrating Overnight Hydrogel Mask, Pore Minimizing, Elasticity Improvement, 34g x4ea",,Darryn Schlom,Mask,Liked it.. had dreams I was wearing a mask on my face.,10/29/2024,4,Yes,0,0.6705,0.407,0.0,0.593,0.012217974290251732,0.031239155679941177,0.0039542620070278645,0.6068416833877563,0.2765096426010132,0.02683200128376484,0.042405277490615845
73,"BIODANCE Bio-Collagen Real Deep Mask, Hydrating Overnight Hydrogel Mask, Pore Minimizing, Elasticity Improvement, 34g x4ea",,Deej,Hydrating AF!,"I used this mask the night before a photoshoot, and my skin was flawless! I highly recommend, especially during the winter months and for a solid base for glowing skin for a photoshoot.",10/27/2024,5,Yes,0,0.7897,0.242,0.0,0.758,0.004866566509008408,0.017012963071465492,0.0015415429370477796,0.8369040489196777,0.12472706288099289,0.0040810005739331245,0.010866936296224594
74,"BIODANCE Bio-Collagen Real Deep Mask, Hydrating Overnight Hydrogel Mask, Pore Minimizing, Elasticity Improvement, 34g x4ea",,Maryana,Plump and Moisturized Skin,It leaves my skin feeling deeply hydrated and refreshed after each use.,10/16/2024,4,Yes,0,0.128,0.12,0.0,0.88,0.00430712103843689,0.011361980810761452,0.0006134571158327162,0.8373039364814758,0.13056580722332,0.011900481767952442,0.00394730968400836
75,"BIODANCE Bio-Collagen Real Deep Mask, Hydrating Overnight Hydrogel Mask, Pore Minimizing, Elasticity Improvement, 34g x4ea",,Karina,It works!,Seriously the best mask ever I always do it the night before anything important and I wake up looking years younger my skin is so plump and glowy definitely worth the money!,10/27/2024,5,Yes,0,0.8478,0.29,0.045,0.665,0.009769106283783913,0.00690501369535923,0.0022139674983918667,0.6651179790496826,0.1471874713897705,0.006701590493321419,0.16210488975048065
76,"BIODANCE Bio-Collagen Real Deep Mask, Hydrating Overnight Hydrogel Mask, Pore Minimizing, Elasticity Improvement, 34g x4ea",,Amazon Customer,Works as advertised.,This did exactly what it claimed to do. Was easy to apply. Was so comfortable. Made my skin glow! However it did give me a few small pimples.,9/20/2024,4,Yes,0,0.8143,0.229,0.0,0.771,0.00880939420312643,0.08717716485261917,0.0018576424336060882,0.2015407532453537,0.6443299055099487,0.03410128131508827,0.022183848544955254
77,"BIODANCE Bio-Collagen Real Deep Mask, Hydrating Overnight Hydrogel Mask, Pore Minimizing, Elasticity Improvement, 34g x4ea",,sas.c,Great for the price,Recently purchased these after constantly seeing them on instagram and TikTok. I wasn’t blown away but I can say that my skin has a good glow after I removed. I was actually able to sleep with it on and maybe I slept for too long but the mask was very dry when I woke up also,10/5/2024,4,Yes,0,0.5927,0.074,0.0,0.926,0.009081406518816948,0.027174606919288635,0.0040827104821801186,0.09381060302257538,0.7166303396224976,0.03709271922707558,0.11212757229804993
78,"BIODANCE Bio-Collagen Real Deep Mask, Hydrating Overnight Hydrogel Mask, Pore Minimizing, Elasticity Improvement, 34g x4ea",,Cheychey,Good masks.,Not exactly the same as seen online i feel. But i could also be wrong. I feel they are all a little different with each mask. But still a good mask for sure!,10/15/2024,4,Yes,0,0.4482,0.196,0.115,0.69,0.014663739129900932,0.010485004633665085,0.0036925929598510265,0.11559196561574936,0.7300785779953003,0.013689977116882801,0.11179810762405396
79,"BIODANCE Bio-Collagen Real Deep Mask, Hydrating Overnight Hydrogel Mask, Pore Minimizing, Elasticity Improvement, 34g x4ea",,Ischell Dyer-Ruiz,Looooove this mask!,"Just get them you will fall in love with them after the very first time! Like an old say:“Once you go “with this mask”, you will never go back” lol",10/22/2024,5,Yes,0,0.7117,0.198,0.064,0.738,0.05620725452899933,0.024949615821242332,0.022276589646935463,0.16455335915088654,0.699543833732605,0.010615854524075985,0.021853536367416382
80,"BIODANCE Bio-Collagen Real Deep Mask, Hydrating Overnight Hydrogel Mask, Pore Minimizing, Elasticity Improvement, 34g x4ea",,To-Tam Sachika Roberts,Love,I wake up with the smoothest skin,10/15/2024,4,Yes,0,0.0,0.0,0.0,1.0,0.006687528919428587,0.01694575324654579,0.006628898903727531,0.11373289674520493,0.8156609535217285,0.020978832617402077,0.019365219399333
81,"BIODANCE Bio-Collagen Real Deep Mask, Hydrating Overnight Hydrogel Mask, Pore Minimizing, Elasticity Improvement, 34g x4ea",,Joyce,Great product!,"I usually leave the mask on for about 3 hours before it starts turning clear. For someone who has a sensitive sense of smell, the mask has a neutral smell and it never bothered me. The mask helped significantly with hydration and skin texture. I also bought one for a friend and she loved it. Would definitely recommend adding this mask ask a part of the weekly facial routine!",10/7/2024,5,Yes,0,0.9428,0.234,0.016,0.75,0.04814336076378822,0.2665524184703827,0.002473924309015274,0.07433823496103287,0.5901200175285339,0.009538974612951279,0.008833074942231178
82,"BIODANCE Bio-Collagen Real Deep Mask, Hydrating Overnight Hydrogel Mask, Pore Minimizing, Elasticity Improvement, 34g x4ea",,Zoe Weber,Good but not for acne prone skin,"I’d like to give this 5 stars because it did make my skin glow and look hydrated like most of the reviews claim, but my skin is prone to breakouts and this mask gave me zits all over.",9/23/2024,4,Yes,0,0.3612,0.091,0.0,0.909,0.026028918102383614,0.11424900591373444,0.004553304985165596,0.02470538206398487,0.6400335431098938,0.17496635019779205,0.015463477000594139
83,"BIODANCE Bio-Collagen Real Deep Mask, Hydrating Overnight Hydrogel Mask, Pore Minimizing, Elasticity Improvement, 34g x4ea",,Lisa,So hydrating!,I am glad that I bought this mask during a prime day sale. It really does hydrate the skin and makes my face look so good when I wake up.,10/17/2024,5,Yes,0,0.7745,0.219,0.0,0.781,0.001042752992361784,0.0013820589520037174,0.0003538808086887002,0.9861506819725037,0.00583761977031827,0.0019459222676232457,0.0032870012801140547
84,"BIODANCE Bio-Collagen Real Deep Mask, Hydrating Overnight Hydrogel Mask, Pore Minimizing, Elasticity Improvement, 34g x4ea",,Diana,Rostro luminoso,Omg de ataque esta máscara te deja la piel súper linda. No le tenía mucha fe ya que tengo dermatitis y la piel de mi cara es súper seca pero esta mascarilla me iluminó.,10/22/2024,5,Yes,0,-0.296,0.0,0.064,0.936,0.0056601413525640965,0.02707255259156227,0.020805763080716133,0.014726771973073483,0.02057659439742565,0.034964658319950104,0.8761934638023376
85,"BIODANCE Bio-Collagen Real Deep Mask, Hydrating Overnight Hydrogel Mask, Pore Minimizing, Elasticity Improvement, 34g x4ea",,Elizabeth De Young,Worth the hype,"Although I wake up when sleeping with this on (personal problem, not the mask), I absolutely love the results. It’s truly insane. I wouldn’t say the hydration lasts for days, but I do wake up with a well hydrated face. It does take about 30-60 minutes to really stick to your face and not fall off, so I recommend wearing it while lying down watching tv or reading so you can give it a chance to stay in place. I like using the cut outs for the mouth and eyes in other places that need extra hydration like under my eyes, or around my mouth.",9/7/2024,5,Yes,0,0.8676,0.176,0.093,0.731,0.029658429324626923,0.19389523565769196,0.00871054083108902,0.027086755260825157,0.6523638963699341,0.006231008563190699,0.08205415308475494
86,"BIODANCE Bio-Collagen Real Deep Mask, Hydrating Overnight Hydrogel Mask, Pore Minimizing, Elasticity Improvement, 34g x4ea",,Chandra Cissell,Love these!,Bought these to try out for a girls night and we loved them! Easy to apply and not irritating for my sensitive skin. No scent and leaves my skin feeling super soft.,11/2/2024,5,Yes,0,0.9148,0.355,0.052,0.593,0.028127623721957207,0.11025524884462357,0.0017575477249920368,0.24402722716331482,0.5377029776573181,0.057550426572561264,0.020578928291797638
87,"BIODANCE Bio-Collagen Real Deep Mask, Hydrating Overnight Hydrogel Mask, Pore Minimizing, Elasticity Improvement, 34g x4ea",,J,Great hydration,"I’m usually skeptical about skin care products and my skin is very sensitive.  I came back from the beach and my skin was peeling so I decided to use one of these mask overnight in the next morning and days to follow my skin was super hydrated and no more signs appealing.  I have very textured skin and hyper pigmentation so it did not leave me with that glass skin look that some may achieve, but it definitely is worth the money for hydration and temporary gloss.  It doesn’t smell bad or irritate my skin.",10/1/2024,5,Yes,0,-0.2905,0.108,0.11,0.781,0.05994480848312378,0.32827749848365784,0.31949368119239807,0.014399372041225433,0.2493085414171219,0.02193325012922287,0.006642796564847231
88,"BIODANCE Bio-Collagen Real Deep Mask, Hydrating Overnight Hydrogel Mask, Pore Minimizing, Elasticity Improvement, 34g x4ea",,Majd N,amazing,"Usually the trends I see I end up regretting buying them, but this one it’s truly amazing. Used it and gave my mother to use and we both loved it. First time I ordered one box as I was scared, but it’s truly amazing and ended up ordering more immediately. Nice product and truly recommend it",10/14/2024,5,Yes,0,0.9861,0.421,0.069,0.51,0.004956036806106567,0.001971593126654625,0.32734015583992004,0.23161882162094116,0.061308953911066055,0.008528617210686207,0.36427587270736694
89,"BIODANCE Bio-Collagen Real Deep Mask, Hydrating Overnight Hydrogel Mask, Pore Minimizing, Elasticity Improvement, 34g x4ea",,Jade Jones,Dry skin! I love it but not sure about using overnight…,"This is a full transparent and honest review. Firstly, $20 for four mask is a bit up there, but with a solid framework, I’m not unhappy to pay it. However, I do use these a lot less than what I would typically use a face mask. I have a solid routine for skin care, so I am no stranger to how to use a face mask and how to make sure that it is effectively working for you. a lot of people talked about using this mask overnight and as someone with dry skin, but not to the point where it will peel, I can tell you right now. It will not last overnight.The first time I used it. was right before bed and I went to sleep afterwards. When I woke up, I noticed that my face was very crusty and the morning and that the masked had absorbed everything into my skin, leaving behind the coating where the product was placed on. My skin wasn’t dry, but I noticed it wasn’t as moisturized as if I were to use slugging and my typical serums. It did have a very cooling effect and that’s what I liked and so again I tried to use the product later on. The second time I use the product I put it on this time a little bit before bed and was up for about 3 to 4 hours before I noticed that the mask had completely absorbed into my skin. On the instructions I believe it says that the turnaround time was 3-4 hours indeed.Social media has made this into something that it’s not as I was looking for an overnight mask. As far as the results go, I actually like it. It feels very cooling, it helps when you’re inflamed, it does feel a bit strange to wear and a little hard to put on in the first place, but it feels like a spa for your face. I like how it absorbs, especially for my dry skin but if you’re thinking that you’re going to see results the next day, you honestly don’t. Perhaps at a microscopic level, your face does feel a little bit more moisturized, but if you have a regular skin care foundation that has hyaluronic acid and a slightly thicker moisturizer , you’re not going to feel that big of an impact. Overall, I would say this is a nice treat yourself, but absolutely not need it. If they were cheaper, perhaps I would use more often but once a week or once, every other week would be completely fine for this.I would recommend purchasing a four pack just to kind of see how it feels in your skin. It’s a nice little treat to mimic a spa day!",4/5/2024,5,Yes,195,0.9956,0.145,0.021,0.835,0.010505895130336285,0.04758170247077942,0.0036938029807060957,0.017942536622285843,0.7361166477203369,0.1566908061504364,0.027468588203191757
90,"BIODANCE Bio-Collagen Real Deep Mask, Hydrating Overnight Hydrogel Mask, Pore Minimizing, Elasticity Improvement, 34g x4ea",,M,Not for overnight,"Skin feels soft and smooth. I would recommend using in the daytime, it is very uncomfortable at night. I would buy again.",9/24/2024,4,Yes,0,-0.101,0.107,0.124,0.769,0.00929816160351038,0.25433212518692017,0.19041986763477325,0.017653528600931168,0.47161656618118286,0.0525658093392849,0.00411403039470315
91,"BIODANCE Bio-Collagen Real Deep Mask, Hydrating Overnight Hydrogel Mask, Pore Minimizing, Elasticity Improvement, 34g x4ea",,Morgan,BUY THIS NOW,"I was SO impressed with this sheet mask. A friend had recommended it to me and raved about it so I had to buy it and see for myself. I wore it overnight and woke up the next morning with arguably the glowiest, bounciest, and prettiest skin I have ever had in my entire life. 10/10 highly recommend, you need this mask its amazing!",10/7/2024,5,Yes,0,0.9566,0.267,0.027,0.705,0.008319878950715065,0.004917530808597803,0.0036724223755300045,0.15421554446220398,0.07469839602708817,0.0024538086727261543,0.7517223954200745
92,"BIODANCE Bio-Collagen Real Deep Mask, Hydrating Overnight Hydrogel Mask, Pore Minimizing, Elasticity Improvement, 34g x4ea",,Laura,Worth the hype,"I wouldn’t say these give me the glass skin effect that people keep talking about, but after the second use, my skin looks the best it has in years, and it feels so supple. The difference between the texture and appearance of my face between now and a week ago is like day and night",10/17/2024,5,Yes,0,0.8765,0.151,0.0,0.849,0.003561778925359249,0.07628282904624939,0.004086408298462629,0.20548602938652039,0.6334467530250549,0.05457426980137825,0.022561894729733467
93,"BIODANCE Bio-Collagen Real Deep Mask, Hydrating Overnight Hydrogel Mask, Pore Minimizing, Elasticity Improvement, 34g x4ea",,Wamsley405,Nice skin texture after a night of wear.,"I jumped on the bandwagon for the pursuit of ""Glass skin"" when I purchased these. I have to admit the day after I have worn them I get compliments on my skin all day. My only complaint about these is that they dont stay in place when I sleep as well as some others. But that is not a deal breaker. They still do make my skin look better. I would repurchase this product.",9/4/2024,4,Yes,0,0.6652,0.12,0.045,0.835,0.01870993711054325,0.03647283837199211,0.0015210527926683426,0.00963128637522459,0.9161067605018616,0.008231788873672485,0.009326254948973656
94,"BIODANCE Bio-Collagen Real Deep Mask, Hydrating Overnight Hydrogel Mask, Pore Minimizing, Elasticity Improvement, 34g x4ea",,michael allan badger,So soothing!,I definitely notice a subtle glow that lasts most of the week after using this collagen mask. I sleep in it. It feels slightly cool and feels very refreshing. Haven’t noticed any residue on my sheets etc. definitely recommend trying!,10/15/2024,4,Yes,0,0.8481,0.236,0.0,0.764,0.0015041647711768746,0.006228436250239611,0.0004492002772167325,0.9596516489982605,0.02482588216662407,0.00488458015024662,0.002455900888890028
95,"BIODANCE Bio-Collagen Real Deep Mask, Hydrating Overnight Hydrogel Mask, Pore Minimizing, Elasticity Improvement, 34g x4ea",,HappyDriver,Just yes!,"I followed directions and used my toner and serum, the applied the mask before bed. Kept it on overnight and removed in the morning and…wow! Skin was plump, glowing, so so soft, and 4 days later I still see the impact. Just YES to this!",10/18/2024,5,Yes,0,0.6145,0.089,0.0,0.911,0.005766745191067457,0.03184868022799492,0.005858368705958128,0.011814349330961704,0.02071007527410984,0.011363368481397629,0.9126384258270264
96,"BIODANCE Bio-Collagen Real Deep Mask, Hydrating Overnight Hydrogel Mask, Pore Minimizing, Elasticity Improvement, 34g x4ea",,Katie Hudson,Obsessed,"These face masks are hydrating and do not have a strong scent. They have a texture almost like a thin, wide rice noodle and for some reason I find it delightful. I also enjoy that when I go to sleep the mask is white and opaque and when I wake up it is almost translucent. My skin looks and feels great after using it!",10/3/2024,5,Yes,0,0.8978,0.199,0.04,0.761,0.001971438992768526,0.02158162370324135,0.001034992397762835,0.9213582277297974,0.04471540078520775,0.006467432249337435,0.0028709392063319683
97,"BIODANCE Bio-Collagen Real Deep Mask, Hydrating Overnight Hydrogel Mask, Pore Minimizing, Elasticity Improvement, 34g x4ea",,eew2,These are great!!!,My face feels so good after these! I really like them.  But it really takes some thought because you have to leave them on for 3-4 hours.,10/15/2024,5,Yes,0,0.5039,0.158,0.045,0.797,0.0011293648276478052,0.0014098600950092077,0.0005361937801353633,0.9683845639228821,0.015253114514052868,0.006616899278014898,0.0066698775626719
98,"BIODANCE Bio-Collagen Real Deep Mask, Hydrating Overnight Hydrogel Mask, Pore Minimizing, Elasticity Improvement, 34g x4ea",,Clare,Makes your face feel soft!,It does make your skin look and feel nice. I cannot sleep in it. I wear it in the evenings for about 3 to 4 hours.,10/18/2024,4,Yes,0,0.4215,0.118,0.0,0.882,0.004979005549103022,0.024645516648888588,0.0014337421162053943,0.15662868320941925,0.7783121466636658,0.027473796159029007,0.006527099292725325
99,"BIODANCE Bio-Collagen Real Deep Mask, Hydrating Overnight Hydrogel Mask, Pore Minimizing, Elasticity Improvement, 34g x4ea",,Rachel F. Parkman,My skin is SO SOFT,"This mask is wonderful.  I really wasn’t sure how to utilize the extra pieces, but tik-tok showed me.  Leave it on as long as you can- your skin will thank you.  I was very skeptical, but am now a believer.  :)",9/23/2024,4,Yes,0,0.7717,0.237,0.098,0.666,0.011869153939187527,0.005890076048672199,0.3966447412967682,0.2595437467098236,0.20582257211208344,0.012040304951369762,0.10818932205438614
100,Celavi Essence Facial Sheet Face Mask Variety Set Classic Authentic Korean Moisturizing Skincare (12-Packs),"Keep your face clean and clear while reversing the signs of aging, balancing your natural skin tone, and infusing it with essential hydration with Celavi Face Mask Sheets infused with powerful antioxidants, natural botanicals, and vital nutrients that nourish and protect your skin while leaving behind beautiful radiance.",Shana Nadler,Great value for the money,Loved that there were multiple scents. Definitely made my face feel smoother and completely moisturized. I was surprised at at how much it made my face feel cool while wearing. Very good quality. A value for the money. Would definitely recommend.,8/29/2024,5,Yes,3,0.9644,0.416,0.0,0.584,0.0034894028212875128,0.0018083303002640605,0.0010662343120202422,0.05047014355659485,0.02505132183432579,0.0014835774200037122,0.9166309833526611
101,Celavi Essence Facial Sheet Face Mask Variety Set Classic Authentic Korean Moisturizing Skincare (12-Packs),"Keep your face clean and clear while reversing the signs of aging, balancing your natural skin tone, and infusing it with essential hydration with Celavi Face Mask Sheets infused with powerful antioxidants, natural botanicals, and vital nutrients that nourish and protect your skin while leaving behind beautiful radiance.",Ashley Meadows,Great for different skin types,"This sheet mask set is hydrating and refreshing. Each mask leaves your skin feeling soft, nourished, and glowing. With a variety of formulas, it’s perfect for pampering and addressing different skin needs.",9/26/2024,5,Yes,0,0.6369,0.152,0.0,0.848,0.00471874512732029,0.03469565883278847,0.000992658082395792,0.5844342112541199,0.3499717116355896,0.018479831516742706,0.006707190535962582
102,Celavi Essence Facial Sheet Face Mask Variety Set Classic Authentic Korean Moisturizing Skincare (12-Packs),"Keep your face clean and clear while reversing the signs of aging, balancing your natural skin tone, and infusing it with essential hydration with Celavi Face Mask Sheets infused with powerful antioxidants, natural botanicals, and vital nutrients that nourish and protect your skin while leaving behind beautiful radiance.",lexi moore,Wonderfully moisturing,"I have pretty sensitive skin and these have been wonderful! They are hydrating and my skin has never looked better. I have used one every few days and will definitely order more because the price is great! Some reviews say they don't notice a difference in smells but I don't smell much on them except the rose one really smells like rose. They for my giant forehead and down under my chin and have plenty of product in the bag to spread on my neck,chest and back of my hands.",10/4/2024,5,Yes,0,0.886,0.138,0.018,0.844,0.014393720775842667,0.29008713364601135,0.005830219015479088,0.0341218002140522,0.6295540928840637,0.01499735377728939,0.01101571787148714
103,Celavi Essence Facial Sheet Face Mask Variety Set Classic Authentic Korean Moisturizing Skincare (12-Packs),"Keep your face clean and clear while reversing the signs of aging, balancing your natural skin tone, and infusing it with essential hydration with Celavi Face Mask Sheets infused with powerful antioxidants, natural botanicals, and vital nutrients that nourish and protect your skin while leaving behind beautiful radiance.",Atyoukha,A Refreshing Variety for Glowing Skin,"The masks are easy to apply and fit comfortably on the face, delivering a generous amount of serum that leaves the skin feeling hydrated and refreshed. The quality of the ingredients is noticeable, with many masks containing beneficial components like hyaluronic acid, vitamins, and natural extracts.",8/15/2024,4,Yes,0,0.9578,0.361,0.0,0.639,0.005296447779983282,0.018883565440773964,0.000729945779312402,0.6831784844398499,0.27186086773872375,0.014347878284752369,0.005702763795852661
104,Celavi Essence Facial Sheet Face Mask Variety Set Classic Authentic Korean Moisturizing Skincare (12-Packs),"Keep your face clean and clear while reversing the signs of aging, balancing your natural skin tone, and infusing it with essential hydration with Celavi Face Mask Sheets infused with powerful antioxidants, natural botanicals, and vital nutrients that nourish and protect your skin while leaving behind beautiful radiance.",Natalie Williams,My go to sheet face masks!,"I love these!!!!! I buy them on repeat, and I love having a variety so that I can pick and choose what I want for my skin at the time of use. They always provide good moisture and relaxation as well as comfort. I have sensitive skin and they have never caused me any sort of irritation, pain, or redness which some masks have done in the past. They keep well if you store them in a cool dry place and are a good value for the money! I see a difference in my skin with them and I look forward to using them! I highly recommend :)",7/5/2024,5,Yes,12,0.9806,0.301,0.058,0.641,0.03205478936433792,0.017698096111416817,0.000920008635148406,0.6053197979927063,0.32831206917762756,0.006263753864914179,0.009431486949324608
105,Celavi Essence Facial Sheet Face Mask Variety Set Classic Authentic Korean Moisturizing Skincare (12-Packs),"Keep your face clean and clear while reversing the signs of aging, balancing your natural skin tone, and infusing it with essential hydration with Celavi Face Mask Sheets infused with powerful antioxidants, natural botanicals, and vital nutrients that nourish and protect your skin while leaving behind beautiful radiance.",Wren Aitcheson,Great Gift,"Bought these for my younger cousin and she loves them. They were a great value for my money as I got 12 of them for a small price, and they were a good size even for me. They performed very well for her and left her skin moisturizer and clean after only one use. She doesn't have any visable pores yet. I imagine these would help a LOT with those. Overall a great product.",7/19/2024,5,Yes,2,0.975,0.298,0.0,0.702,0.004642030224204063,0.012522482313215733,0.0009074489353224635,0.40867453813552856,0.5483525991439819,0.007333853747695684,0.017567047849297523
106,Celavi Essence Facial Sheet Face Mask Variety Set Classic Authentic Korean Moisturizing Skincare (12-Packs),"Keep your face clean and clear while reversing the signs of aging, balancing your natural skin tone, and infusing it with essential hydration with Celavi Face Mask Sheets infused with powerful antioxidants, natural botanicals, and vital nutrients that nourish and protect your skin while leaving behind beautiful radiance.",Karyanna Hedgecock,very moisturizing and does leave your skin glowy and soft,actually really like these face masks pretty hard to find actual good ones. i love these actually,10/15/2024,5,Yes,0,0.9134,0.514,0.055,0.431,0.006025057286024094,0.0031316669192165136,0.0026476348284631968,0.07867150753736496,0.2284480780363083,0.2978793680667877,0.3831966519355774
107,Celavi Essence Facial Sheet Face Mask Variety Set Classic Authentic Korean Moisturizing Skincare (12-Packs),"Keep your face clean and clear while reversing the signs of aging, balancing your natural skin tone, and infusing it with essential hydration with Celavi Face Mask Sheets infused with powerful antioxidants, natural botanicals, and vital nutrients that nourish and protect your skin while leaving behind beautiful radiance.",Miss Nancy,Great variety for price!!,Loved these masks and always leave my face feeling so fresh! Can't beat the price!,9/22/2024,5,Yes,0,0.8305,0.424,0.057,0.519,0.0020985582377761602,0.002150262938812375,0.00037443963810801506,0.9406341314315796,0.04128806293010712,0.002733237575739622,0.010721406899392605
108,Celavi Essence Facial Sheet Face Mask Variety Set Classic Authentic Korean Moisturizing Skincare (12-Packs),"Keep your face clean and clear while reversing the signs of aging, balancing your natural skin tone, and infusing it with essential hydration with Celavi Face Mask Sheets infused with powerful antioxidants, natural botanicals, and vital nutrients that nourish and protect your skin while leaving behind beautiful radiance.",Great Costume,Great purpose!,I bought these as a gift for my daughter they were great quality and a very nice variety definitely worth buying,10/24/2024,5,Yes,0,0.932,0.535,0.0,0.465,0.0016650799661874771,0.0012784666614606977,0.0007494985475204885,0.9092836380004883,0.06274180859327316,0.003579439828172326,0.020702188834547997
109,Celavi Essence Facial Sheet Face Mask Variety Set Classic Authentic Korean Moisturizing Skincare (12-Packs),"Keep your face clean and clear while reversing the signs of aging, balancing your natural skin tone, and infusing it with essential hydration with Celavi Face Mask Sheets infused with powerful antioxidants, natural botanicals, and vital nutrients that nourish and protect your skin while leaving behind beautiful radiance.",Ryan Walsh,Bachelorette weekend,Pamper yourself with these for the bachelorette weekend,11/2/2024,5,Yes,0,0.0,0.0,0.0,1.0,0.010524270124733448,0.017162742093205452,0.007023950107395649,0.03087517060339451,0.9169890880584717,0.007733776234090328,0.00969094317406416
110,Celavi Essence Facial Sheet Face Mask Variety Set Classic Authentic Korean Moisturizing Skincare (12-Packs),"Keep your face clean and clear while reversing the signs of aging, balancing your natural skin tone, and infusing it with essential hydration with Celavi Face Mask Sheets infused with powerful antioxidants, natural botanicals, and vital nutrients that nourish and protect your skin while leaving behind beautiful radiance.",John Goins,Used these as gifts,"I used these to make facial products gifts for my family and friends, they loved them!",10/24/2024,5,Yes,0,0.807,0.359,0.0,0.641,0.02480344846844673,0.01024917233735323,0.0005768693517893553,0.8848299980163574,0.048248469829559326,0.004376480355858803,0.026915647089481354
111,Celavi Essence Facial Sheet Face Mask Variety Set Classic Authentic Korean Moisturizing Skincare (12-Packs),"Keep your face clean and clear while reversing the signs of aging, balancing your natural skin tone, and infusing it with essential hydration with Celavi Face Mask Sheets infused with powerful antioxidants, natural botanicals, and vital nutrients that nourish and protect your skin while leaving behind beautiful radiance.",Caroline,Worth it!,I like these masks! They’re not the best quality out there but the variety of kinds of masks with many different benefits that is outlined for you on the package of each mask! And they really do give you the results they’re intended to. Worth it!,10/2/2024,4,Yes,0,0.7345,0.162,0.042,0.795,0.007306811399757862,0.004835295490920544,0.0004761967866215855,0.9125852584838867,0.05209152027964592,0.0027357276994735003,0.01996922679245472
112,Celavi Essence Facial Sheet Face Mask Variety Set Classic Authentic Korean Moisturizing Skincare (12-Packs),"Keep your face clean and clear while reversing the signs of aging, balancing your natural skin tone, and infusing it with essential hydration with Celavi Face Mask Sheets infused with powerful antioxidants, natural botanicals, and vital nutrients that nourish and protect your skin while leaving behind beautiful radiance.",Kindle Customer,Love this multipack,I share these with my girls,10/26/2024,5,Yes,0,0.296,0.355,0.0,0.645,0.026129938662052155,0.015311475843191147,0.006605894770473242,0.3657696843147278,0.5540859699249268,0.018251312896609306,0.01384566631168127
113,Celavi Essence Facial Sheet Face Mask Variety Set Classic Authentic Korean Moisturizing Skincare (12-Packs),"Keep your face clean and clear while reversing the signs of aging, balancing your natural skin tone, and infusing it with essential hydration with Celavi Face Mask Sheets infused with powerful antioxidants, natural botanicals, and vital nutrients that nourish and protect your skin while leaving behind beautiful radiance.",YuW,Love it,"Love the variety, perfect for after a long day work",10/23/2024,5,Yes,0,0.836,0.53,0.0,0.47,0.00184786063618958,0.0017137181712314487,0.0004434188886079937,0.9303957223892212,0.050071749836206436,0.005411658901721239,0.010115769691765308
114,Celavi Essence Facial Sheet Face Mask Variety Set Classic Authentic Korean Moisturizing Skincare (12-Packs),"Keep your face clean and clear while reversing the signs of aging, balancing your natural skin tone, and infusing it with essential hydration with Celavi Face Mask Sheets infused with powerful antioxidants, natural botanicals, and vital nutrients that nourish and protect your skin while leaving behind beautiful radiance.",Natallia,Lovely,"I like them a lot, great hydration",10/19/2024,5,Yes,0,0.765,0.688,0.0,0.312,0.002017752965912223,0.0031807105988264084,0.000378284661564976,0.9739989638328552,0.013618162833154202,0.003948127385228872,0.0028580937068909407
115,Celavi Essence Facial Sheet Face Mask Variety Set Classic Authentic Korean Moisturizing Skincare (12-Packs),"Keep your face clean and clear while reversing the signs of aging, balancing your natural skin tone, and infusing it with essential hydration with Celavi Face Mask Sheets infused with powerful antioxidants, natural botanicals, and vital nutrients that nourish and protect your skin while leaving behind beautiful radiance.",Kimchii,Good product,I love these face masks. Nice smelling and does the job. Very refreshing.,10/10/2024,5,Yes,0,0.7906,0.412,0.0,0.588,0.002649274654686451,0.01619022898375988,0.0008156874682754278,0.898264467716217,0.07112772017717361,0.006211095489561558,0.004741542972624302
116,Celavi Essence Facial Sheet Face Mask Variety Set Classic Authentic Korean Moisturizing Skincare (12-Packs),"Keep your face clean and clear while reversing the signs of aging, balancing your natural skin tone, and infusing it with essential hydration with Celavi Face Mask Sheets infused with powerful antioxidants, natural botanicals, and vital nutrients that nourish and protect your skin while leaving behind beautiful radiance.",autumn,"Smell great, versatile collection, possibly ineffective","After using all of these masks, I can’t really tell if they are effective or not. They do, however, smell amazing and come in a cute and versatile selection.",9/18/2024,4,Yes,0,0.872,0.292,0.0,0.708,0.008944911882281303,0.11635654419660568,0.00740805733948946,0.11525732278823853,0.6473036408424377,0.0047821784391999245,0.09994728863239288
117,Celavi Essence Facial Sheet Face Mask Variety Set Classic Authentic Korean Moisturizing Skincare (12-Packs),"Keep your face clean and clear while reversing the signs of aging, balancing your natural skin tone, and infusing it with essential hydration with Celavi Face Mask Sheets infused with powerful antioxidants, natural botanicals, and vital nutrients that nourish and protect your skin while leaving behind beautiful radiance.",Lexington,My face feels soft,After every use my face feels soft and refreshed. I love the smell of each one and I loved that I got so many.,9/15/2024,4,Yes,0,0.8442,0.299,0.0,0.701,0.0021297240164130926,0.009745558723807335,0.0007778129656799138,0.8845458030700684,0.07808073610067368,0.021148571744561195,0.0035717401187866926
118,Celavi Essence Facial Sheet Face Mask Variety Set Classic Authentic Korean Moisturizing Skincare (12-Packs),"Keep your face clean and clear while reversing the signs of aging, balancing your natural skin tone, and infusing it with essential hydration with Celavi Face Mask Sheets infused with powerful antioxidants, natural botanicals, and vital nutrients that nourish and protect your skin while leaving behind beautiful radiance.",Hailey,Girl bday gift,Perfect for a little girl bday gift,9/24/2024,4,Yes,0,0.7458,0.613,0.0,0.387,0.005447870120406151,0.0022149132564663887,0.0011990133207291365,0.6431713700294495,0.24444988369941711,0.007059733849018812,0.09645719826221466
119,Celavi Essence Facial Sheet Face Mask Variety Set Classic Authentic Korean Moisturizing Skincare (12-Packs),"Keep your face clean and clear while reversing the signs of aging, balancing your natural skin tone, and infusing it with essential hydration with Celavi Face Mask Sheets infused with powerful antioxidants, natural botanicals, and vital nutrients that nourish and protect your skin while leaving behind beautiful radiance.",Raluca Corobana,I have bought these many times - love them,I like the clean(ish) ingredients and the results. I also like how pretty they are individually wrapped as them make great additions to gift bags.,9/18/2024,5,Yes,0,0.9349,0.458,0.0,0.542,0.004878444597125053,0.034759845584630966,0.0010845335200428963,0.7264876961708069,0.2143174558877945,0.0065361978486180305,0.011935901828110218
120,Celavi Essence Facial Sheet Face Mask Variety Set Classic Authentic Korean Moisturizing Skincare (12-Packs),"Keep your face clean and clear while reversing the signs of aging, balancing your natural skin tone, and infusing it with essential hydration with Celavi Face Mask Sheets infused with powerful antioxidants, natural botanicals, and vital nutrients that nourish and protect your skin while leaving behind beautiful radiance.",Teresa,Love these,"I purchased these because my kid was turning 16 and her friends wanted to have a facial party.  OMG a HIT!! And it did moisturizer the skin, very simply and completely comfortable. Did not break them out because some of the girls had very sensitive skin this was beautiful and will be gettin more.",8/24/2024,5,Yes,0,0.931,0.228,0.0,0.772,0.007797082886099815,0.0037961481139063835,0.0017587016336619854,0.36600714921951294,0.06769848614931107,0.014019615948200226,0.5389228463172913
121,Celavi Essence Facial Sheet Face Mask Variety Set Classic Authentic Korean Moisturizing Skincare (12-Packs),"Keep your face clean and clear while reversing the signs of aging, balancing your natural skin tone, and infusing it with essential hydration with Celavi Face Mask Sheets infused with powerful antioxidants, natural botanicals, and vital nutrients that nourish and protect your skin while leaving behind beautiful radiance.",Avalanche,Good product,"Bought this for my wife. She loves it, says it makes her face feel smooth after use.",9/11/2024,5,Yes,0,0.5719,0.188,0.0,0.812,0.0059256283566355705,0.020068584010004997,0.0013656215742230415,0.2846410572528839,0.6692044138908386,0.010614181868731976,0.008180474862456322
122,Celavi Essence Facial Sheet Face Mask Variety Set Classic Authentic Korean Moisturizing Skincare (12-Packs),"Keep your face clean and clear while reversing the signs of aging, balancing your natural skin tone, and infusing it with essential hydration with Celavi Face Mask Sheets infused with powerful antioxidants, natural botanicals, and vital nutrients that nourish and protect your skin while leaving behind beautiful radiance.",Samantha Don Lee,Great,I’ve ordered these a couple times now and I love them so much!  They are very affordable and it feels like I have my own home spa.,9/3/2024,5,Yes,0,0.7901,0.241,0.0,0.759,0.0025048060342669487,0.0010237362002953887,0.0012371990596875548,0.9401560425758362,0.03578776493668556,0.003456162754446268,0.015834230929613113
123,Celavi Essence Facial Sheet Face Mask Variety Set Classic Authentic Korean Moisturizing Skincare (12-Packs),"Keep your face clean and clear while reversing the signs of aging, balancing your natural skin tone, and infusing it with essential hydration with Celavi Face Mask Sheets infused with powerful antioxidants, natural botanicals, and vital nutrients that nourish and protect your skin while leaving behind beautiful radiance.",Becky L. Schell,Nice variety,I like the variety that comes with this set.,9/9/2024,5,Yes,0,0.3612,0.263,0.0,0.737,0.002083014464005828,0.005257410928606987,0.0005069509497843683,0.9644932746887207,0.021061573177576065,0.0029685015324503183,0.0036293715238571167
124,Celavi Essence Facial Sheet Face Mask Variety Set Classic Authentic Korean Moisturizing Skincare (12-Packs),"Keep your face clean and clear while reversing the signs of aging, balancing your natural skin tone, and infusing it with essential hydration with Celavi Face Mask Sheets infused with powerful antioxidants, natural botanicals, and vital nutrients that nourish and protect your skin while leaving behind beautiful radiance.",Shannon B,Self care,Every Sunday is self care day.I take some time to have for myself.These are included in my weekly treat.Love them and my face feels hydrated.,8/22/2024,5,Yes,0,0.4939,0.118,0.0,0.882,0.00575999915599823,0.010832005180418491,0.0009628853294998407,0.7179949879646301,0.24011139571666718,0.01831669546663761,0.006022075191140175
125,Celavi Essence Facial Sheet Face Mask Variety Set Classic Authentic Korean Moisturizing Skincare (12-Packs),"Keep your face clean and clear while reversing the signs of aging, balancing your natural skin tone, and infusing it with essential hydration with Celavi Face Mask Sheets infused with powerful antioxidants, natural botanicals, and vital nutrients that nourish and protect your skin while leaving behind beautiful radiance.",Danielle Seiple,good value - feels nice on skin,satisfied with this product.  Great value.  I just ordered again.,9/4/2024,5,Yes,0,0.8519,0.608,0.0,0.392,0.00196788739413023,0.0009252511663362384,0.0003201125073246658,0.9542838335037231,0.015660298988223076,0.006537130102515221,0.020305655896663666
126,Celavi Essence Facial Sheet Face Mask Variety Set Classic Authentic Korean Moisturizing Skincare (12-Packs),"Keep your face clean and clear while reversing the signs of aging, balancing your natural skin tone, and infusing it with essential hydration with Celavi Face Mask Sheets infused with powerful antioxidants, natural botanicals, and vital nutrients that nourish and protect your skin while leaving behind beautiful radiance.",DD,Feels good,Feels very good on the skin. In fact I am ordering another set. Also had 2 sets A and B sent to my daughter.,8/23/2024,5,Yes,0,0.4927,0.144,0.0,0.856,0.003012164030224085,0.018236957490444183,0.000914782052859664,0.6607053875923157,0.29525575041770935,0.009502256289124489,0.012372682802379131
127,Celavi Essence Facial Sheet Face Mask Variety Set Classic Authentic Korean Moisturizing Skincare (12-Packs),"Keep your face clean and clear while reversing the signs of aging, balancing your natural skin tone, and infusing it with essential hydration with Celavi Face Mask Sheets infused with powerful antioxidants, natural botanicals, and vital nutrients that nourish and protect your skin while leaving behind beautiful radiance.",Nathan J. Ver Burg,Instant Glow and Smoothness!,"I had to share my excitement about these face masks—they’re a true game-changer! After just a few uses, my wrinkles have visibly softened and my skin has a radiant glow.The masks are easy to apply and leave my skin feeling smooth and refreshed. It’s like having a mini spa treatment at home. If you’re looking for a product that truly makes a difference, these masks are a must-try. Highly recommend!",7/25/2024,5,Yes,0,0.9693,0.315,0.015,0.669,0.0019800884183496237,0.0018483034800738096,0.0004812840197701007,0.955386221408844,0.02984478883445263,0.0022997811902314425,0.008159639313817024
128,Celavi Essence Facial Sheet Face Mask Variety Set Classic Authentic Korean Moisturizing Skincare (12-Packs),"Keep your face clean and clear while reversing the signs of aging, balancing your natural skin tone, and infusing it with essential hydration with Celavi Face Mask Sheets infused with powerful antioxidants, natural botanicals, and vital nutrients that nourish and protect your skin while leaving behind beautiful radiance.",Susana Rodríguez,Definitely buying again,I like the idea of having several different options and so far loving them all.,8/22/2024,5,Yes,0,0.7703,0.358,0.0,0.642,0.0020787816029042006,0.003770354436710477,0.000297880353173241,0.9821161031723022,0.005791841074824333,0.004435979761183262,0.0015091532841324806
129,Celavi Essence Facial Sheet Face Mask Variety Set Classic Authentic Korean Moisturizing Skincare (12-Packs),"Keep your face clean and clear while reversing the signs of aging, balancing your natural skin tone, and infusing it with essential hydration with Celavi Face Mask Sheets infused with powerful antioxidants, natural botanicals, and vital nutrients that nourish and protect your skin while leaving behind beautiful radiance.",Akash Reddy Bommireddy,No damage,"Package is in good condition, loved it",8/27/2024,5,Yes,0,0.7783,0.576,0.0,0.424,0.006904991343617439,0.0030546735506504774,0.000623808242380619,0.6353094577789307,0.24335119128227234,0.03260403871536255,0.07815180718898773
130,Celavi Essence Facial Sheet Face Mask Variety Set Classic Authentic Korean Moisturizing Skincare (12-Packs),"Keep your face clean and clear while reversing the signs of aging, balancing your natural skin tone, and infusing it with essential hydration with Celavi Face Mask Sheets infused with powerful antioxidants, natural botanicals, and vital nutrients that nourish and protect your skin while leaving behind beautiful radiance.",Kassandra Nordquist,Great for sleepovers!,The girls loved them . The product was gentle on their faces and did not cause any reactions. They also smell great!,8/15/2024,5,Yes,0,0.9041,0.383,0.0,0.617,0.007232076488435268,0.15144509077072144,0.0016337393317371607,0.6118731498718262,0.21088807284832,0.01282646507024765,0.0041014389134943485
131,Celavi Essence Facial Sheet Face Mask Variety Set Classic Authentic Korean Moisturizing Skincare (12-Packs),"Keep your face clean and clear while reversing the signs of aging, balancing your natural skin tone, and infusing it with essential hydration with Celavi Face Mask Sheets infused with powerful antioxidants, natural botanicals, and vital nutrients that nourish and protect your skin while leaving behind beautiful radiance.",Luz Magaly,Son fantásticas!!!,"Ojalá y estos productos  hubiesen existido antes, pero como dice el refrán, nunca es tarde para comenzar.Gracias!!!",8/18/2024,5,Yes,0,0.0,0.0,0.0,1.0,0.1534995436668396,0.06140914931893349,0.0656718835234642,0.07478906959295273,0.44463810324668884,0.06682505458593369,0.13316726684570312
132,Celavi Essence Facial Sheet Face Mask Variety Set Classic Authentic Korean Moisturizing Skincare (12-Packs),"Keep your face clean and clear while reversing the signs of aging, balancing your natural skin tone, and infusing it with essential hydration with Celavi Face Mask Sheets infused with powerful antioxidants, natural botanicals, and vital nutrients that nourish and protect your skin while leaving behind beautiful radiance.",Malisa,Love,Love these masks. So cool and moisturizing.,8/24/2024,5,Yes,0,0.7778,0.576,0.0,0.424,0.01104651764035225,0.032533466815948486,0.0011761176865547895,0.4830932021141052,0.45120730996131897,0.013955856673419476,0.006987539120018482
133,Celavi Essence Facial Sheet Face Mask Variety Set Classic Authentic Korean Moisturizing Skincare (12-Packs),"Keep your face clean and clear while reversing the signs of aging, balancing your natural skin tone, and infusing it with essential hydration with Celavi Face Mask Sheets infused with powerful antioxidants, natural botanicals, and vital nutrients that nourish and protect your skin while leaving behind beautiful radiance.",Carlie H.,Very good,"I really enjoy this product. My favorites are the hydrating ones. The one with Acai berries kind of had a uncomfortable stinging sensation on my face. But my face very nice and hydrating after use. This is a great way to promote self care and develop your own night time routine. I use my Rolling face stone to smooth the serum on my face with the mask on.As I'm writing this review,I am using the honey mask and I really like it😊",6/19/2024,5,Yes,0,0.9764,0.263,0.019,0.718,0.003634732449427247,0.051573745906353,0.0206703320145607,0.8680540919303894,0.0400666780769825,0.011529583483934402,0.004470886662602425
134,Celavi Essence Facial Sheet Face Mask Variety Set Classic Authentic Korean Moisturizing Skincare (12-Packs),"Keep your face clean and clear while reversing the signs of aging, balancing your natural skin tone, and infusing it with essential hydration with Celavi Face Mask Sheets infused with powerful antioxidants, natural botanicals, and vital nutrients that nourish and protect your skin while leaving behind beautiful radiance.",karolanne,Fragrance,"Unfortunatly, those masks have fragrance in it. It is the last of the list of ingredients. The masks smell good. Each of the masks smells the natural ingredient it is made of (i.e. cucumber). But I have a sensitive skin and it usually doesn't react well to fragrances. I tried two masks and they both gave me a burning sensation on the skin; probably the fragrances. Other than that, they seems to be good basic sheet masks.I won't order again. But because they have a good list of usual ingredients, do the job and are cheap, I recommend the product (if your skin can tolerate fragrances).",2/9/2024,4,Yes,4,0.9087,0.132,0.02,0.848,0.1822463721036911,0.6082614660263062,0.0048286281526088715,0.008590304292738438,0.15788795053958893,0.032060086727142334,0.006125204265117645
135,Celavi Essence Facial Sheet Face Mask Variety Set Classic Authentic Korean Moisturizing Skincare (12-Packs),"Keep your face clean and clear while reversing the signs of aging, balancing your natural skin tone, and infusing it with essential hydration with Celavi Face Mask Sheets infused with powerful antioxidants, natural botanicals, and vital nutrients that nourish and protect your skin while leaving behind beautiful radiance.",Mary M,Fits face and part of your neck,Good quality w8th plenty of liquid so you can put back in packaging to use again,5/31/2024,4,Yes,2,0.4404,0.162,0.0,0.838,0.005513427313417196,0.01090458407998085,0.0016342384042218328,0.04335637390613556,0.9076794981956482,0.010904676280915737,0.020007263869047165
136,Celavi Essence Facial Sheet Face Mask Variety Set Classic Authentic Korean Moisturizing Skincare (12-Packs),"Keep your face clean and clear while reversing the signs of aging, balancing your natural skin tone, and infusing it with essential hydration with Celavi Face Mask Sheets infused with powerful antioxidants, natural botanicals, and vital nutrients that nourish and protect your skin while leaving behind beautiful radiance.",Xen,"Great hydration, smooths skin","These masks are great! I used the ginseng mask today and my face is so soft and smooth! Love the smells, love the variety,and the price point is very affordable!The only downside and the reason I knocked off a star is because it does not cover my whole face. The sides of my face were not covered I have other masks with slits at the cheekbones so you can pull back and overlap reaching almost to the ears.Overall I do love the product and may buy more in the future",2/17/2024,4,Yes,12,0.959,0.193,0.022,0.785,0.0025543884839862585,0.0021815237123519182,0.00040958786848932505,0.9631174802780151,0.018252702429890633,0.005394029431045055,0.008090304210782051
137,Celavi Essence Facial Sheet Face Mask Variety Set Classic Authentic Korean Moisturizing Skincare (12-Packs),"Keep your face clean and clear while reversing the signs of aging, balancing your natural skin tone, and infusing it with essential hydration with Celavi Face Mask Sheets infused with powerful antioxidants, natural botanicals, and vital nutrients that nourish and protect your skin while leaving behind beautiful radiance.",N.Bottiger,Nice for the price!,"Bought for my wife fore Valentine’s Day.She has used a couple as part of some relaxing time.Overall, the product worked as expected, and she reported feeling moisturized.She did feel like it fit her face a little weird, but overall it stayed on well.",4/17/2024,4,Yes,0,0.7428,0.208,0.026,0.766,0.004549509845674038,0.711272656917572,0.0310086440294981,0.013880748301744461,0.1492108404636383,0.018286289647221565,0.07179130613803864
138,Celavi Essence Facial Sheet Face Mask Variety Set Classic Authentic Korean Moisturizing Skincare (12-Packs),"Keep your face clean and clear while reversing the signs of aging, balancing your natural skin tone, and infusing it with essential hydration with Celavi Face Mask Sheets infused with powerful antioxidants, natural botanicals, and vital nutrients that nourish and protect your skin while leaving behind beautiful radiance.",She,Product is just fine!,"Price is good. No skin irritation on my first use. It cover mostly of my face, but the serum in it is not as much great I have been using to hydrate and moisturize my skin.",4/26/2024,4,Yes,0,-0.7384,0.047,0.199,0.754,0.16365528106689453,0.140116885304451,0.004024097695946693,0.027801141142845154,0.6174595355987549,0.0389404259622097,0.008002599701285362
139,Celavi Essence Facial Sheet Face Mask Variety Set Classic Authentic Korean Moisturizing Skincare (12-Packs),"Keep your face clean and clear while reversing the signs of aging, balancing your natural skin tone, and infusing it with essential hydration with Celavi Face Mask Sheets infused with powerful antioxidants, natural botanicals, and vital nutrients that nourish and protect your skin while leaving behind beautiful radiance.",Trisha,Great face mask!,"Toss em in the fridge, is great for a weekly pick-me-up and winding down routine! Glad to get them this prime day and stock up my skincare fridge. :)",7/17/2024,5,Yes,2,0.8858,0.294,0.0,0.706,0.001228278037160635,0.0006939148879610002,0.0003558459284249693,0.9664694666862488,0.010871686041355133,0.00526363356038928,0.015117216855287552
140,Celavi Essence Facial Sheet Face Mask Variety Set Classic Authentic Korean Moisturizing Skincare (12-Packs),"Keep your face clean and clear while reversing the signs of aging, balancing your natural skin tone, and infusing it with essential hydration with Celavi Face Mask Sheets infused with powerful antioxidants, natural botanicals, and vital nutrients that nourish and protect your skin while leaving behind beautiful radiance.",Brian,Decent,I got these 10 for $13 on a deal. Not bad but I didn’t notice a huge difference between them all. Overall it was an ok product but I wish it was a better price,4/18/2024,4,Yes,0,0.9334,0.386,0.0,0.614,0.003335001179948449,0.011166594922542572,0.004472019150853157,0.03782910108566284,0.3227292001247406,0.05590670183300972,0.5645614266395569
141,Celavi Essence Facial Sheet Face Mask Variety Set Classic Authentic Korean Moisturizing Skincare (12-Packs),"Keep your face clean and clear while reversing the signs of aging, balancing your natural skin tone, and infusing it with essential hydration with Celavi Face Mask Sheets infused with powerful antioxidants, natural botanicals, and vital nutrients that nourish and protect your skin while leaving behind beautiful radiance.",Jay09,"So far, so good","I’ve used about 2-3 of and so far, my skin feels softer and firmer. I look younger and I have a glow. Will reorder. I got package A.",7/13/2024,5,Yes,0,0.0,0.0,0.0,1.0,0.0022295876406133175,0.023569954559206963,0.0030996808782219887,0.5705347061157227,0.32501837611198425,0.05915384739637375,0.01639385148882866
142,Celavi Essence Facial Sheet Face Mask Variety Set Classic Authentic Korean Moisturizing Skincare (12-Packs),"Keep your face clean and clear while reversing the signs of aging, balancing your natural skin tone, and infusing it with essential hydration with Celavi Face Mask Sheets infused with powerful antioxidants, natural botanicals, and vital nutrients that nourish and protect your skin while leaving behind beautiful radiance.",Veronica,Great,I use these every week. Great product,8/4/2024,5,Yes,0,0.6249,0.451,0.0,0.549,0.0046182433143258095,0.003455167403444648,0.001321176066994667,0.640412449836731,0.3160336911678314,0.004446159116923809,0.029713207855820656
143,Celavi Essence Facial Sheet Face Mask Variety Set Classic Authentic Korean Moisturizing Skincare (12-Packs),"Keep your face clean and clear while reversing the signs of aging, balancing your natural skin tone, and infusing it with essential hydration with Celavi Face Mask Sheets infused with powerful antioxidants, natural botanicals, and vital nutrients that nourish and protect your skin while leaving behind beautiful radiance.",MC,Muy buena alternativa,"Si deseas probar todas las alternativas de esta marca de mascarillas esta es la mejor compra. Tiene una de cada una su efecto dura, la piel se siente suave, refrescante y la humeante muy bien.",6/28/2024,5,Yes,0,0.4588,0.083,0.0,0.917,0.04582935944199562,0.22027426958084106,0.018024833872914314,0.08049806952476501,0.5827556252479553,0.029789837077260017,0.022827990353107452
144,Celavi Essence Facial Sheet Face Mask Variety Set Classic Authentic Korean Moisturizing Skincare (12-Packs),"Keep your face clean and clear while reversing the signs of aging, balancing your natural skin tone, and infusing it with essential hydration with Celavi Face Mask Sheets infused with powerful antioxidants, natural botanicals, and vital nutrients that nourish and protect your skin while leaving behind beautiful radiance.",Destinee,Very large,"They are large sheets and feel ok but I have to be very careful with the eye holes since it doesn’t comfortably fit around my nose, eyes, and mouth area",4/16/2024,4,Yes,0,0.8717,0.303,0.0,0.697,0.004647628869861364,0.020935572683811188,0.031814251095056534,0.09384580701589584,0.8053886294364929,0.0375395305454731,0.0058285207487642765
145,Celavi Essence Facial Sheet Face Mask Variety Set Classic Authentic Korean Moisturizing Skincare (12-Packs),"Keep your face clean and clear while reversing the signs of aging, balancing your natural skin tone, and infusing it with essential hydration with Celavi Face Mask Sheets infused with powerful antioxidants, natural botanicals, and vital nutrients that nourish and protect your skin while leaving behind beautiful radiance.",Hattie,Great Value!,"I love sheet masks! This is probably the best value per mask you can get anywhere. I haven’t tried all of them yet, but out of the ones I’ve had, my skin glows afterwards. 💁🏼‍♀️",6/24/2024,5,Yes,3,0.7345,0.193,0.0,0.807,0.008838029578328133,0.07886376976966858,0.002476771827787161,0.11451593786478043,0.7312549352645874,0.04522912576794624,0.01882142573595047
146,Celavi Essence Facial Sheet Face Mask Variety Set Classic Authentic Korean Moisturizing Skincare (12-Packs),"Keep your face clean and clear while reversing the signs of aging, balancing your natural skin tone, and infusing it with essential hydration with Celavi Face Mask Sheets infused with powerful antioxidants, natural botanicals, and vital nutrients that nourish and protect your skin while leaving behind beautiful radiance.",Angelica Williams,Loving it,So many choices I used it every other day,7/20/2024,5,Yes,0,0.0,0.0,0.0,1.0,0.0077093602158129215,0.0030091991648077965,0.002045680535957217,0.011597923934459686,0.8574038743972778,0.007391324732452631,0.11084260791540146
147,Celavi Essence Facial Sheet Face Mask Variety Set Classic Authentic Korean Moisturizing Skincare (12-Packs),"Keep your face clean and clear while reversing the signs of aging, balancing your natural skin tone, and infusing it with essential hydration with Celavi Face Mask Sheets infused with powerful antioxidants, natural botanicals, and vital nutrients that nourish and protect your skin while leaving behind beautiful radiance.",Hayet,Worked Well,It would leave my skin glowing after every use and definitely helped my skin but it didn’t remove any of my pimples or cleared my pores,3/25/2024,4,Yes,0,0.3291,0.125,0.04,0.835,0.035690948367118835,0.14438751339912415,0.0027434388175606728,0.45242840051651,0.31537801027297974,0.035989318042993546,0.013382413424551487
148,Celavi Essence Facial Sheet Face Mask Variety Set Classic Authentic Korean Moisturizing Skincare (12-Packs),"Keep your face clean and clear while reversing the signs of aging, balancing your natural skin tone, and infusing it with essential hydration with Celavi Face Mask Sheets infused with powerful antioxidants, natural botanicals, and vital nutrients that nourish and protect your skin while leaving behind beautiful radiance.",Brittany Britt,Love them,"They make your face feel fresh! I use them after my nightly skincare routine. I'm a 35 year old momma of 4 and taking care of my skin is something that is very important to me. I'm sure one day I'll try botox, lol... but right now I'm okay 🤣",5/11/2024,5,Yes,0,0.7642,0.19,0.0,0.81,0.015639351680874825,0.017138244584202766,0.0024497329723089933,0.4625820517539978,0.4712067246437073,0.011390957981348038,0.01959286443889141
149,Celavi Essence Facial Sheet Face Mask Variety Set Classic Authentic Korean Moisturizing Skincare (12-Packs),"Keep your face clean and clear while reversing the signs of aging, balancing your natural skin tone, and infusing it with essential hydration with Celavi Face Mask Sheets infused with powerful antioxidants, natural botanicals, and vital nutrients that nourish and protect your skin while leaving behind beautiful radiance.",Jane,Great for sensitive skin!,"I'm 59 and have tried so many different products over the years and have very few that I liked. I found one that I used for years, but of course, it was discontinued and since then I've been trying to find another that not only worked, but also didn't cost an arm and a leg!These are fantastic! My favorites are the Tea Tree and the Cactus, but really they all offer something great. The scents are mild but nice and soothing and my sensitive skin has no bad reaction to any of them. My skin feels great after I use them and the results are visible. My pores are smaller, my skin is tighter and more elastic, and it's brighter. I get compliments on my skin now! At 59! I'd highly recommend these masks to anyone who wants improved skin. I make sure to rub the serum down to my neck as well after I take the mask off. These really do make a difference!",6/26/2023,5,Yes,17,0.9926,0.252,0.038,0.71,0.012651685625314713,0.029791314154863358,0.0021162566263228655,0.5693877935409546,0.3461352586746216,0.011363218538463116,0.02855449542403221
150,Celavi Essence Facial Sheet Face Mask Variety Set Classic Authentic Korean Moisturizing Skincare (12-Packs),"Keep your face clean and clear while reversing the signs of aging, balancing your natural skin tone, and infusing it with essential hydration with Celavi Face Mask Sheets infused with powerful antioxidants, natural botanicals, and vital nutrients that nourish and protect your skin while leaving behind beautiful radiance.",Gina Hatmaker,Great scents,Love these for myself and gifts. They smell wonderful and make the skin feel so soft and hydrated. Great value for the money. Always cool and refreshing. You can even save the package and put mask back in and reuse again on face or hands or arms because there is plenty of moisture left in bag.,4/28/2024,5,Yes,19,0.9633,0.285,0.0,0.715,0.005223405081778765,0.04444083943963051,0.001616923720575869,0.634665846824646,0.29715490341186523,0.011987513862550259,0.0049105421639978886
151,Celavi Essence Facial Sheet Face Mask Variety Set Classic Authentic Korean Moisturizing Skincare (12-Packs),"Keep your face clean and clear while reversing the signs of aging, balancing your natural skin tone, and infusing it with essential hydration with Celavi Face Mask Sheets infused with powerful antioxidants, natural botanicals, and vital nutrients that nourish and protect your skin while leaving behind beautiful radiance.",Teague,Works great! I had dry skin before and now it’s nice and soft!,Great product,7/20/2024,5,Yes,0,0.6249,0.804,0.0,0.196,0.004527352750301361,0.005392771679908037,0.0019242983544245362,0.6974124312400818,0.25958824157714844,0.005317334551364183,0.025837548077106476
152,Celavi Essence Facial Sheet Face Mask Variety Set Classic Authentic Korean Moisturizing Skincare (12-Packs),"Keep your face clean and clear while reversing the signs of aging, balancing your natural skin tone, and infusing it with essential hydration with Celavi Face Mask Sheets infused with powerful antioxidants, natural botanicals, and vital nutrients that nourish and protect your skin while leaving behind beautiful radiance.",Amazon Customer,Variety,You have a huge variety and they are perfect for sleepovers! Can tell a different in skin!,6/21/2024,5,Yes,0,0.7639,0.336,0.0,0.664,0.007153524551540613,0.007051998749375343,0.0010265025775879622,0.03227034956216812,0.9034649729728699,0.003702134359627962,0.04533056914806366
153,Celavi Essence Facial Sheet Face Mask Variety Set Classic Authentic Korean Moisturizing Skincare (12-Packs),"Keep your face clean and clear while reversing the signs of aging, balancing your natural skin tone, and infusing it with essential hydration with Celavi Face Mask Sheets infused with powerful antioxidants, natural botanicals, and vital nutrients that nourish and protect your skin while leaving behind beautiful radiance.",Diana,"Delightful Scent, Moisture, and Comfort","These facial masks are fantastic! Not only do they have a delightful scent, but they also provide deep hydration and are gentle on the skin. My face feels refreshed and rejuvenated after each use. Highly recommend for anyone looking for a spa-like experience at home!",5/3/2024,5,Yes,9,0.9157,0.247,0.0,0.753,0.0012317374348640442,0.00273255817592144,0.00039853944326750934,0.9598190188407898,0.025866897776722908,0.00623213080689311,0.0037191524170339108
154,Celavi Essence Facial Sheet Face Mask Variety Set Classic Authentic Korean Moisturizing Skincare (12-Packs),"Keep your face clean and clear while reversing the signs of aging, balancing your natural skin tone, and infusing it with essential hydration with Celavi Face Mask Sheets infused with powerful antioxidants, natural botanicals, and vital nutrients that nourish and protect your skin while leaving behind beautiful radiance.",Bunnie,Refreshing,After a long day at work what comfort to put on a mask. It is sooooo relaxing to distress with a mask that smells lightly scented not overpowering. It rejuvenates me to get on with the rest of the day. Moisturized and nice appearance. ❤️,4/28/2024,5,Yes,3,0.6249,0.17,0.068,0.762,0.010010714642703533,0.21226584911346436,0.035416651517152786,0.16697853803634644,0.47882911562919617,0.08335332572460175,0.013145837001502514
155,Celavi Essence Facial Sheet Face Mask Variety Set Classic Authentic Korean Moisturizing Skincare (12-Packs),"Keep your face clean and clear while reversing the signs of aging, balancing your natural skin tone, and infusing it with essential hydration with Celavi Face Mask Sheets infused with powerful antioxidants, natural botanicals, and vital nutrients that nourish and protect your skin while leaving behind beautiful radiance.",LINCOLN RAMSAY,Happy customer!,"I’m so glad I purchase these  face mask. When my face is looking very dull, I will use a mask and it will instantly rejuvenate my face and leave it glowing, I am in love. I will buy this product until I can’t buy it anymore.",4/30/2024,5,Yes,0,0.6486,0.157,0.088,0.755,0.0018722601234912872,0.0033130820374935865,0.0008753913571126759,0.7653360962867737,0.012915994971990585,0.20837046205997467,0.007316669449210167
156,Celavi Essence Facial Sheet Face Mask Variety Set Classic Authentic Korean Moisturizing Skincare (12-Packs),"Keep your face clean and clear while reversing the signs of aging, balancing your natural skin tone, and infusing it with essential hydration with Celavi Face Mask Sheets infused with powerful antioxidants, natural botanicals, and vital nutrients that nourish and protect your skin while leaving behind beautiful radiance.",Jessika,Great masks for the value,They are hydrating and great value,4/2/2024,4,Yes,0,0.7579,0.619,0.0,0.381,0.010214860551059246,0.031245147809386253,0.0012957063736394048,0.40701669454574585,0.5317811965942383,0.010188217274844646,0.008258162997663021
157,Celavi Essence Facial Sheet Face Mask Variety Set Classic Authentic Korean Moisturizing Skincare (12-Packs),"Keep your face clean and clear while reversing the signs of aging, balancing your natural skin tone, and infusing it with essential hydration with Celavi Face Mask Sheets infused with powerful antioxidants, natural botanicals, and vital nutrients that nourish and protect your skin while leaving behind beautiful radiance.",menab,Really Great!,I love these! So easy to use and they leave your skin soft and moisturized. I recommend these! I have given these as gifts and everyone has loved them. Enjoy!,5/29/2024,5,Yes,3,0.9563,0.446,0.03,0.524,0.003538919612765312,0.003087744116783142,0.0002853534824680537,0.9496181011199951,0.03183315694332123,0.0025416184216737747,0.009095191955566406
158,Celavi Essence Facial Sheet Face Mask Variety Set Classic Authentic Korean Moisturizing Skincare (12-Packs),"Keep your face clean and clear while reversing the signs of aging, balancing your natural skin tone, and infusing it with essential hydration with Celavi Face Mask Sheets infused with powerful antioxidants, natural botanicals, and vital nutrients that nourish and protect your skin while leaving behind beautiful radiance.",Amber,Good Variety,Good variety of scents. Nice for a relaxing day at home!,6/23/2024,5,Yes,0,0.8478,0.568,0.0,0.432,0.002028390299528837,0.002391563495621085,0.00035172264324501157,0.9368133544921875,0.04716010019183159,0.005184835754334927,0.006069988012313843
159,Celavi Essence Facial Sheet Face Mask Variety Set Classic Authentic Korean Moisturizing Skincare (12-Packs),"Keep your face clean and clear while reversing the signs of aging, balancing your natural skin tone, and infusing it with essential hydration with Celavi Face Mask Sheets infused with powerful antioxidants, natural botanicals, and vital nutrients that nourish and protect your skin while leaving behind beautiful radiance.",Amazon Customer,AMAZING,These are amazing and very moisturizing. I will continue to buy these because they get the job done. The scents are very mild but great and leave your skin feeling like you just left the spa,5/3/2024,5,Yes,0,0.9208,0.3,0.029,0.67,0.004699585493654013,0.04699578881263733,0.0030864430591464043,0.37807130813598633,0.5434355735778809,0.010658587329089642,0.013052716851234436
160,Celavi Essence Facial Sheet Face Mask Variety Set Classic Authentic Korean Moisturizing Skincare (12-Packs),"Keep your face clean and clear while reversing the signs of aging, balancing your natural skin tone, and infusing it with essential hydration with Celavi Face Mask Sheets infused with powerful antioxidants, natural botanicals, and vital nutrients that nourish and protect your skin while leaving behind beautiful radiance.",Shea,Great masks,Love all the different types to choose from. Good quality masks.,6/24/2024,5,Yes,0,0.7964,0.441,0.0,0.559,0.0048491815105080605,0.010700647719204426,0.0007166703580878675,0.8129327893257141,0.15254737436771393,0.011486437171697617,0.006766839884221554
161,Celavi Essence Facial Sheet Face Mask Variety Set Classic Authentic Korean Moisturizing Skincare (12-Packs),"Keep your face clean and clear while reversing the signs of aging, balancing your natural skin tone, and infusing it with essential hydration with Celavi Face Mask Sheets infused with powerful antioxidants, natural botanicals, and vital nutrients that nourish and protect your skin while leaving behind beautiful radiance.",Kelly,Great for gifts!,I like the variety in this purchase to try for myself & to give out for gifts :),6/13/2024,5,Yes,0,0.6705,0.282,0.0,0.718,0.004267525859177113,0.004301619715988636,0.00041416491148993373,0.9454007744789124,0.03438705950975418,0.0037645502015948296,0.007464278023689985
162,Celavi Essence Facial Sheet Face Mask Variety Set Classic Authentic Korean Moisturizing Skincare (12-Packs),"Keep your face clean and clear while reversing the signs of aging, balancing your natural skin tone, and infusing it with essential hydration with Celavi Face Mask Sheets infused with powerful antioxidants, natural botanicals, and vital nutrients that nourish and protect your skin while leaving behind beautiful radiance.",Angelina,Nice,Nice feeling face mask the smell is okay but nice and relaxing . Would buy them again,2/22/2024,4,Yes,0,0.891,0.534,0.0,0.466,0.0018945089541375637,0.008666194044053555,0.0006832288345322013,0.9390201568603516,0.03955363482236862,0.006905336864292622,0.003276947420090437
163,Celavi Essence Facial Sheet Face Mask Variety Set Classic Authentic Korean Moisturizing Skincare (12-Packs),"Keep your face clean and clear while reversing the signs of aging, balancing your natural skin tone, and infusing it with essential hydration with Celavi Face Mask Sheets infused with powerful antioxidants, natural botanicals, and vital nutrients that nourish and protect your skin while leaving behind beautiful radiance.",Rachel,These masks are very hydrating!,I wear these masks almost every night. It comes with a large variety of options for all your skin care needs.My face always feels hydrated and smooth because of these masks.,5/12/2024,5,Yes,0,0.4939,0.103,0.0,0.897,0.004040686879307032,0.010118798352777958,0.0016611136961728334,0.7263477444648743,0.2398451566696167,0.013101266697049141,0.0048852418549358845
164,Celavi Essence Facial Sheet Face Mask Variety Set Classic Authentic Korean Moisturizing Skincare (12-Packs),"Keep your face clean and clear while reversing the signs of aging, balancing your natural skin tone, and infusing it with essential hydration with Celavi Face Mask Sheets infused with powerful antioxidants, natural botanicals, and vital nutrients that nourish and protect your skin while leaving behind beautiful radiance.",Virginia Marie Clements,No need for any other sheet masks,These are among the only sheet masks I trust to go on my face. They are safe on my skin and I feel the effects right away. Great for after a long day and relaxing. Love love,4/28/2024,5,Yes,0,0.9716,0.439,0.0,0.561,0.0024300250224769115,0.008557597175240517,0.0015855859965085983,0.8284908533096313,0.14217214286327362,0.012562663294374943,0.004201108124107122
165,Celavi Essence Facial Sheet Face Mask Variety Set Classic Authentic Korean Moisturizing Skincare (12-Packs),"Keep your face clean and clear while reversing the signs of aging, balancing your natural skin tone, and infusing it with essential hydration with Celavi Face Mask Sheets infused with powerful antioxidants, natural botanicals, and vital nutrients that nourish and protect your skin while leaving behind beautiful radiance.",Dina Meyer,Great.,Love it. Great  ingredients.  Good stuff,6/24/2024,5,Yes,0,0.9042,0.789,0.0,0.211,0.0023570300545543432,0.0015375579241663218,0.00035522138932719827,0.9580259919166565,0.024429231882095337,0.004738946910947561,0.008555938489735126
166,Celavi Essence Facial Sheet Face Mask Variety Set Classic Authentic Korean Moisturizing Skincare (12-Packs),"Keep your face clean and clear while reversing the signs of aging, balancing your natural skin tone, and infusing it with essential hydration with Celavi Face Mask Sheets infused with powerful antioxidants, natural botanicals, and vital nutrients that nourish and protect your skin while leaving behind beautiful radiance.",Emily Jean,Makes Self-Care Easy & Enjoyable!,"I am in love with these masks and I plan on buying them every few months moving forward. The packs comes with so many different scents and purposes (reducing fine lines, increasing glow, minimizing the appearance of pores, general skin health, the list goes on). They feel really great when you put them on and for hours after. They smell really good and it seems fairly natural and not chemically like other masks I've tried. I don't know much about skincare but I really love these face masks. They don't make me break out; they actually really help make my skin look supple, glowy, and healthy.Seriously, treat yourself and buy these!!",11/3/2023,5,Yes,14,0.9716,0.197,0.013,0.79,0.008307385258376598,0.037543851882219315,0.0023432571906596422,0.7024568319320679,0.22855225205421448,0.009310425259172916,0.011486041359603405
167,Celavi Essence Facial Sheet Face Mask Variety Set Classic Authentic Korean Moisturizing Skincare (12-Packs),"Keep your face clean and clear while reversing the signs of aging, balancing your natural skin tone, and infusing it with essential hydration with Celavi Face Mask Sheets infused with powerful antioxidants, natural botanicals, and vital nutrients that nourish and protect your skin while leaving behind beautiful radiance.",La parte llegó intacta solo falta probarla en el equipo para descartar que llegue DOA,Mascarilla,"Amo esta marca, he usado estas mascarillas y son magnificas",6/17/2024,5,Yes,0,0.0,0.0,0.0,1.0,0.028184324502944946,0.015915658324956894,0.014127958565950394,0.417346715927124,0.4604117274284363,0.015281451866030693,0.048732247203588486
168,Celavi Essence Facial Sheet Face Mask Variety Set Classic Authentic Korean Moisturizing Skincare (12-Packs),"Keep your face clean and clear while reversing the signs of aging, balancing your natural skin tone, and infusing it with essential hydration with Celavi Face Mask Sheets infused with powerful antioxidants, natural botanicals, and vital nutrients that nourish and protect your skin while leaving behind beautiful radiance.",Anonymously20,Love love these masks,Leaves along feeling so great after use,3/6/2024,4,Yes,0,0.7745,0.574,0.0,0.426,0.0008116426761262119,0.0015419723931699991,0.00037568664993159473,0.9874874353408813,0.006086359266191721,0.0022398023866117,0.0014571662759408355
169,Celavi Essence Facial Sheet Face Mask Variety Set Classic Authentic Korean Moisturizing Skincare (12-Packs),"Keep your face clean and clear while reversing the signs of aging, balancing your natural skin tone, and infusing it with essential hydration with Celavi Face Mask Sheets infused with powerful antioxidants, natural botanicals, and vital nutrients that nourish and protect your skin while leaving behind beautiful radiance.",Laura,A++,So many to choose from. They feel great and smell nicely too,5/30/2024,5,Yes,0,0.7906,0.412,0.0,0.588,0.0027967379428446293,0.01934508979320526,0.0012161284685134888,0.7343509197235107,0.22914241254329681,0.007169707212597132,0.005979024805128574
170,Celavi Essence Facial Sheet Face Mask Variety Set Classic Authentic Korean Moisturizing Skincare (12-Packs),"Keep your face clean and clear while reversing the signs of aging, balancing your natural skin tone, and infusing it with essential hydration with Celavi Face Mask Sheets infused with powerful antioxidants, natural botanicals, and vital nutrients that nourish and protect your skin while leaving behind beautiful radiance.",Jayani Mendis,Obsessed!,"I have only used the aloe vera one yet. And it was amazing. This mask was so soothing, i did not want to take it off. My facial skin is usually very dry and sensitive but there was no stinging or itching whatsoever with this product and it left my face so hydrated even until next morning.  Highly recommended and cannot wait to try the rest!",2/7/2024,5,Yes,0,0.5293,0.104,0.056,0.84,0.003916317597031593,0.007372844498604536,0.004126359708607197,0.7190256714820862,0.18348997831344604,0.022463731467723846,0.05960515886545181
171,Celavi Essence Facial Sheet Face Mask Variety Set Classic Authentic Korean Moisturizing Skincare (12-Packs),"Keep your face clean and clear while reversing the signs of aging, balancing your natural skin tone, and infusing it with essential hydration with Celavi Face Mask Sheets infused with powerful antioxidants, natural botanicals, and vital nutrients that nourish and protect your skin while leaving behind beautiful radiance.",Barbie,Love,Loves these masks makes my skin glow & soft . The ginger not fav  & charcoal I didn’t use gave to my sis lol . Overall great masks,4/28/2024,5,Yes,0,0.845,0.33,0.077,0.592,0.002101617632433772,0.001527000218629837,0.0003574965230654925,0.9635769724845886,0.019918231293559074,0.007746014278382063,0.004772774409502745
172,Celavi Essence Facial Sheet Face Mask Variety Set Classic Authentic Korean Moisturizing Skincare (12-Packs),"Keep your face clean and clear while reversing the signs of aging, balancing your natural skin tone, and infusing it with essential hydration with Celavi Face Mask Sheets infused with powerful antioxidants, natural botanicals, and vital nutrients that nourish and protect your skin while leaving behind beautiful radiance.",Mom of 11,Love!,I bought these for my coworkers for fun after a long day of teaching in a chlorine-filled pool.They loved them!,5/15/2024,5,Yes,0,0.8172,0.333,0.0,0.667,0.01619272120296955,0.019109884276986122,0.000715574249625206,0.8678165674209595,0.07541947066783905,0.003692211117595434,0.01705365628004074
173,Celavi Essence Facial Sheet Face Mask Variety Set Classic Authentic Korean Moisturizing Skincare (12-Packs),"Keep your face clean and clear while reversing the signs of aging, balancing your natural skin tone, and infusing it with essential hydration with Celavi Face Mask Sheets infused with powerful antioxidants, natural botanicals, and vital nutrients that nourish and protect your skin while leaving behind beautiful radiance.",brittney gray,Happy customer,She loved it,6/15/2024,5,Yes,0,0.5994,0.661,0.0,0.339,0.02020195871591568,0.01520895678550005,0.0015430989442393184,0.7882991433143616,0.1231449544429779,0.02153358981013298,0.030068213120102882
174,Celavi Essence Facial Sheet Face Mask Variety Set Classic Authentic Korean Moisturizing Skincare (12-Packs),"Keep your face clean and clear while reversing the signs of aging, balancing your natural skin tone, and infusing it with essential hydration with Celavi Face Mask Sheets infused with powerful antioxidants, natural botanicals, and vital nutrients that nourish and protect your skin while leaving behind beautiful radiance.",Mufasa,Love them,Used them all and face felt clean,6/5/2024,5,Yes,0,0.4019,0.31,0.0,0.69,0.012091539800167084,0.09409473091363907,0.0018959016306325793,0.18584251403808594,0.6583900451660156,0.036555930972099304,0.011129314079880714
175,Celavi Essence Facial Sheet Face Mask Variety Set Classic Authentic Korean Moisturizing Skincare (12-Packs),"Keep your face clean and clear while reversing the signs of aging, balancing your natural skin tone, and infusing it with essential hydration with Celavi Face Mask Sheets infused with powerful antioxidants, natural botanicals, and vital nutrients that nourish and protect your skin while leaving behind beautiful radiance.",griffin,"great product, but a few things are wrong","ok. these face masks are really great. they are moisturizing, easy to use, and really affordable. but, they don't really do anything. the packaging says that each one does something different, but they don't. I like the feeling of it after I use it, it just doesn't do what the packaging says that it will do. overall, its a good face mask, just not really that great.",9/28/2023,4,Yes,14,0.918,0.209,0.055,0.736,0.0035805581137537956,0.013632145710289478,0.0014039094094187021,0.6251996755599976,0.30686649680137634,0.025342974811792374,0.023974202573299408
176,Celavi Essence Facial Sheet Face Mask Variety Set Classic Authentic Korean Moisturizing Skincare (12-Packs),"Keep your face clean and clear while reversing the signs of aging, balancing your natural skin tone, and infusing it with essential hydration with Celavi Face Mask Sheets infused with powerful antioxidants, natural botanicals, and vital nutrients that nourish and protect your skin while leaving behind beautiful radiance.",clinicalia,"These really do work, at least for me!","My face used to stay dry, but after just two of these masks, it feels and looks so much better. I'll definitely be buying more.",4/20/2024,5,Yes,0,0.8324,0.254,0.0,0.746,0.006630128715187311,0.04130532965064049,0.002681288169696927,0.13321508467197418,0.7614380121231079,0.03701772540807724,0.017712365835905075
177,Celavi Essence Facial Sheet Face Mask Variety Set Classic Authentic Korean Moisturizing Skincare (12-Packs),"Keep your face clean and clear while reversing the signs of aging, balancing your natural skin tone, and infusing it with essential hydration with Celavi Face Mask Sheets infused with powerful antioxidants, natural botanicals, and vital nutrients that nourish and protect your skin while leaving behind beautiful radiance.",Yamit Florentin,Great product,"I love to use face sheet masks. It's hydrating and makes my self-care evening much more joyful! This pack is terrific because every sheet mask is different; one is avocado, one is honey, berry, etc.Easy to use!",3/17/2024,5,Yes,5,0.9198,0.268,0.0,0.732,0.0011598707642406225,0.0013467920944094658,0.00021450458734761924,0.9848583936691284,0.0075039989314973354,0.00229278695769608,0.002623687731102109
178,Celavi Essence Facial Sheet Face Mask Variety Set Classic Authentic Korean Moisturizing Skincare (12-Packs),"Keep your face clean and clear while reversing the signs of aging, balancing your natural skin tone, and infusing it with essential hydration with Celavi Face Mask Sheets infused with powerful antioxidants, natural botanicals, and vital nutrients that nourish and protect your skin while leaving behind beautiful radiance.",A.K. or J.P.,Value pampering,"Purchased as a way to treat myself on a more regular basis and to aid with moisturizing.  I have sensitive skin and the basic ingredients for most of these are gentle.  The ginsing mask did cause a reaction in both myself and a family member, but all the others were gentle and moisturizing.  The eye holes are a bit off, but easy to stretch and overall the mask fit my face.  As only 4 of the 24 are ones I wouldn't use, I find these were a great value way for a mini self care facial treat in the comfort of my home.  Note, I didn't ""see"" any difference between the results of the different types (except the ginsing one) they have different scents, so that variance was nice.",1/16/2023,4,Yes,0,0.9901,0.265,0.0,0.735,0.006280815228819847,0.03366854786872864,0.004216538742184639,0.315424382686615,0.6129574775695801,0.01754574291408062,0.00990651361644268
179,Celavi Essence Facial Sheet Face Mask Variety Set Classic Authentic Korean Moisturizing Skincare (12-Packs),"Keep your face clean and clear while reversing the signs of aging, balancing your natural skin tone, and infusing it with essential hydration with Celavi Face Mask Sheets infused with powerful antioxidants, natural botanicals, and vital nutrients that nourish and protect your skin while leaving behind beautiful radiance.",Diana,Relaxing and Hydrating,These are my favorite sheet masks from Amazon. They leave you feeling super refreshed and hydrated. They don’t burn or leave behind any sticky residue either. 100% recommend!,4/10/2024,5,Yes,0,0.8883,0.355,0.066,0.579,0.004882412496954203,0.00633976561948657,0.0006373452488332987,0.8205162882804871,0.14908328652381897,0.011329490691423416,0.007211373187601566
180,Celavi Essence Facial Sheet Face Mask Variety Set Classic Authentic Korean Moisturizing Skincare (12-Packs),"Keep your face clean and clear while reversing the signs of aging, balancing your natural skin tone, and infusing it with essential hydration with Celavi Face Mask Sheets infused with powerful antioxidants, natural botanicals, and vital nutrients that nourish and protect your skin while leaving behind beautiful radiance.",Abdarys  M Cuevas ruiz,Especial,Las mascarillas son muy buenas refresca mucho la apariencia,5/16/2024,5,Yes,0,0.0,0.0,0.0,1.0,0.009895523078739643,0.012615823186933994,0.007809034548699856,0.030386673286557198,0.888660728931427,0.01472779642790556,0.03590435907244682
181,Celavi Essence Facial Sheet Face Mask Variety Set Classic Authentic Korean Moisturizing Skincare (12-Packs),"Keep your face clean and clear while reversing the signs of aging, balancing your natural skin tone, and infusing it with essential hydration with Celavi Face Mask Sheets infused with powerful antioxidants, natural botanicals, and vital nutrients that nourish and protect your skin while leaving behind beautiful radiance.",Mak,Moisturizing and great value,I get these delivered every couple of months. I love the versatility in type of different masks. They are a great value for the price! They feel nice on the face and contain lots of moisture and make my skin feel great. It's really nice to use them before bed like I'm relaxing at the spa.,2/15/2024,5,Yes,7,0.9785,0.37,0.0,0.63,0.0020304801873862743,0.0063301860354840755,0.0007793857948854566,0.9098098874092102,0.07125058770179749,0.0053773848339915276,0.004422158468514681
182,Celavi Essence Facial Sheet Face Mask Variety Set Classic Authentic Korean Moisturizing Skincare (12-Packs),"Keep your face clean and clear while reversing the signs of aging, balancing your natural skin tone, and infusing it with essential hydration with Celavi Face Mask Sheets infused with powerful antioxidants, natural botanicals, and vital nutrients that nourish and protect your skin while leaving behind beautiful radiance.",McKell,Amazing value!,"So shocked by the amount of face masks for the price and I was excited by the amount of great reviews. I’m putting together gift bags for 2 friends of mine, so this worked out perfectly to give them 6 each.",3/1/2024,5,Yes,3,0.9338,0.326,0.051,0.624,0.0038697102572768927,0.0013782421592622995,0.0019353458192199469,0.002552074147388339,0.005463987588882446,0.0012012715451419353,0.9835994243621826
183,Celavi Essence Facial Sheet Face Mask Variety Set Classic Authentic Korean Moisturizing Skincare (12-Packs),"Keep your face clean and clear while reversing the signs of aging, balancing your natural skin tone, and infusing it with essential hydration with Celavi Face Mask Sheets infused with powerful antioxidants, natural botanicals, and vital nutrients that nourish and protect your skin while leaving behind beautiful radiance.",Rachelle Leila Derosier,El producto puede parece demasiado barato pero es muy confiable.,I love them after a week I could see the results.,1/13/2024,4,Yes,0,0.6369,0.375,0.0,0.625,0.005369463469833136,0.0046606422401964664,0.0010435166768729687,0.9503362774848938,0.009151858277618885,0.021780621260404587,0.007657624315470457
184,Celavi Essence Facial Sheet Face Mask Variety Set Classic Authentic Korean Moisturizing Skincare (12-Packs),"Keep your face clean and clear while reversing the signs of aging, balancing your natural skin tone, and infusing it with essential hydration with Celavi Face Mask Sheets infused with powerful antioxidants, natural botanicals, and vital nutrients that nourish and protect your skin while leaving behind beautiful radiance.",MJ,Wowzies I like,The media could not be loaded.I got this value pack and love having the choice of which one to use depending on my day. I keep mine in the fridge for that extra refresh feeling. I will be purchasing them again,3/2/2024,5,Yes,3,0.8151,0.19,0.0,0.81,0.003910509403795004,0.0030762546230107546,0.0007538736681453884,0.7031591534614563,0.2355271875858307,0.019078761339187622,0.03449432551860809
185,Celavi Essence Facial Sheet Face Mask Variety Set Classic Authentic Korean Moisturizing Skincare (12-Packs),"Keep your face clean and clear while reversing the signs of aging, balancing your natural skin tone, and infusing it with essential hydration with Celavi Face Mask Sheets infused with powerful antioxidants, natural botanicals, and vital nutrients that nourish and protect your skin while leaving behind beautiful radiance.",Jay,I'm so moist,"This was my second buy and it works just as well as it did before. The one thing I would worry about is frequent use of the ""whitening"" masks. They say that they reduce melanin production, so If you are a person of color, I'd skip on that. That being said, all of the masks have a subtle pleasant smell and leave my skin feeling dewey and soft. I even save the left over serum in the bag sometimes to put on my face in the morning.",10/8/2023,5,Yes,6,0.7184,0.111,0.045,0.844,0.006555446423590183,0.1117837131023407,0.01949288509786129,0.017964961007237434,0.8239040374755859,0.011826148256659508,0.008472757413983345
186,Celavi Essence Facial Sheet Face Mask Variety Set Classic Authentic Korean Moisturizing Skincare (12-Packs),"Keep your face clean and clear while reversing the signs of aging, balancing your natural skin tone, and infusing it with essential hydration with Celavi Face Mask Sheets infused with powerful antioxidants, natural botanicals, and vital nutrients that nourish and protect your skin while leaving behind beautiful radiance.",Erica,Loving these,"Packaging sells, idc who you are. You can’t deny it ladies and gents!! But, outside of that, I’m really loving these masks.!! I used one a few days after receiving them for moisturizing and my face looked like glass!! I have combination/dry skin, so I try to mask often because they really do make a difference in my skin personally. They are budget friendly and easy to order. I was purchasing a different brand for some time on here that aren’t a whole lot more cost wise than these, but these give me the exact same results for a little less. Will purchase again!!",8/16/2023,5,Yes,0,0.9756,0.202,0.015,0.783,0.019879531115293503,0.01955581270158291,0.002418156946077943,0.45372891426086426,0.41856828331947327,0.010074381716549397,0.0757748931646347
187,Celavi Essence Facial Sheet Face Mask Variety Set Classic Authentic Korean Moisturizing Skincare (12-Packs),"Keep your face clean and clear while reversing the signs of aging, balancing your natural skin tone, and infusing it with essential hydration with Celavi Face Mask Sheets infused with powerful antioxidants, natural botanicals, and vital nutrients that nourish and protect your skin while leaving behind beautiful radiance.",Sadie,Great Value!,Great value for money!,5/12/2024,5,Yes,0,0.7777,0.773,0.0,0.227,0.006281033158302307,0.0023851629812270403,0.0008753996226005256,0.8733263611793518,0.07607302069664001,0.003256616648286581,0.037802502512931824
188,Celavi Essence Facial Sheet Face Mask Variety Set Classic Authentic Korean Moisturizing Skincare (12-Packs),"Keep your face clean and clear while reversing the signs of aging, balancing your natural skin tone, and infusing it with essential hydration with Celavi Face Mask Sheets infused with powerful antioxidants, natural botanicals, and vital nutrients that nourish and protect your skin while leaving behind beautiful radiance.",M. Ropp,Slay,Nice refreshing and smells nice.five stars,5/9/2024,5,Yes,0,0.4215,0.359,0.0,0.641,0.0017002907115966082,0.002111718524247408,0.00032487817225046456,0.9527058005332947,0.03450806066393852,0.004440634977072477,0.004208644852042198
189,Celavi Essence Facial Sheet Face Mask Variety Set Classic Authentic Korean Moisturizing Skincare (12-Packs),"Keep your face clean and clear while reversing the signs of aging, balancing your natural skin tone, and infusing it with essential hydration with Celavi Face Mask Sheets infused with powerful antioxidants, natural botanicals, and vital nutrients that nourish and protect your skin while leaving behind beautiful radiance.",GIGI,Ok,Do not fit right,1/9/2024,4,Yes,0,-0.2755,0.0,0.413,0.587,0.054305776953697205,0.04540637880563736,0.01861884817481041,0.0033247461542487144,0.2786042392253876,0.5908558368682861,0.008884153328835964
190,Celavi Essence Facial Sheet Face Mask Variety Set Classic Authentic Korean Moisturizing Skincare (12-Packs),"Keep your face clean and clear while reversing the signs of aging, balancing your natural skin tone, and infusing it with essential hydration with Celavi Face Mask Sheets infused with powerful antioxidants, natural botanicals, and vital nutrients that nourish and protect your skin while leaving behind beautiful radiance.",Rachel W.,My favorite face masks,I love these face masks! They are my favorite to use and leave my skin radiant and refreshed.,3/9/2024,5,Yes,0,0.8858,0.427,0.048,0.524,0.003210800001397729,0.005339230876415968,0.00044016214087605476,0.9478049874305725,0.03572187200188637,0.0037058712914586067,0.0037770478520542383
191,Celavi Essence Facial Sheet Face Mask Variety Set Classic Authentic Korean Moisturizing Skincare (12-Packs),"Keep your face clean and clear while reversing the signs of aging, balancing your natural skin tone, and infusing it with essential hydration with Celavi Face Mask Sheets infused with powerful antioxidants, natural botanicals, and vital nutrients that nourish and protect your skin while leaving behind beautiful radiance.",Aj,Good,It moisturized your whole face. Texture is good. Appearance is good too. Smoothness is good after 25 mins pf putting the mask. Yes I recommend this product so many choices and i suggest to put it the fridge before you use it so it has a cool feeling.,11/26/2023,5,Yes,0,0.9429,0.321,0.0,0.679,0.00640587043017149,0.026402108371257782,0.0018429713090881705,0.3465448021888733,0.6012914180755615,0.010149400681257248,0.007363502401858568
192,Celavi Essence Facial Sheet Face Mask Variety Set Classic Authentic Korean Moisturizing Skincare (12-Packs),"Keep your face clean and clear while reversing the signs of aging, balancing your natural skin tone, and infusing it with essential hydration with Celavi Face Mask Sheets infused with powerful antioxidants, natural botanicals, and vital nutrients that nourish and protect your skin while leaving behind beautiful radiance.",GC - Ilse Schumacher,Frescura en mi rostro,Son una belleza estas mascarillas.  Siento más limpia mi piel.,3/15/2024,5,Yes,0,0.0,0.0,0.0,1.0,0.020047958940267563,0.05054760351777077,0.021913226693868637,0.5482407212257385,0.18626415729522705,0.14325490593910217,0.029731446877121925
193,Celavi Essence Facial Sheet Face Mask Variety Set Classic Authentic Korean Moisturizing Skincare (12-Packs),"Keep your face clean and clear while reversing the signs of aging, balancing your natural skin tone, and infusing it with essential hydration with Celavi Face Mask Sheets infused with powerful antioxidants, natural botanicals, and vital nutrients that nourish and protect your skin while leaving behind beautiful radiance.",Mel,"Great value, great options",I Love face masks and they’re pretty pricey .. I love this because it came with different variety & i love them all so far ! Also gave some away for Xmas gifts. The price is unbeatable ! Can’t wait to order more,1/21/2024,5,Yes,2,0.9544,0.332,0.0,0.668,0.0031332604121416807,0.0009223257075063884,0.000620140868704766,0.9106588959693909,0.03138652443885803,0.00932374969124794,0.04395518824458122
194,Celavi Essence Facial Sheet Face Mask Variety Set Classic Authentic Korean Moisturizing Skincare (12-Packs),"Keep your face clean and clear while reversing the signs of aging, balancing your natural skin tone, and infusing it with essential hydration with Celavi Face Mask Sheets infused with powerful antioxidants, natural botanicals, and vital nutrients that nourish and protect your skin while leaving behind beautiful radiance.",Josie Renwah,Teen slumber party!,These are great. Lots of variety on the packaging but they all seemed very similar. The kids loved them and I have to say they left my skin soft and silky. I have given a lot as gifts and they’ve always been appreciated and used.,11/22/2023,5,Yes,0,0.9239,0.241,0.0,0.759,0.0036725534591823816,0.01114706601947546,0.0007118253270164132,0.7047649621963501,0.25713175535202026,0.00698216212913394,0.015589660033583641
195,Celavi Essence Facial Sheet Face Mask Variety Set Classic Authentic Korean Moisturizing Skincare (12-Packs),"Keep your face clean and clear while reversing the signs of aging, balancing your natural skin tone, and infusing it with essential hydration with Celavi Face Mask Sheets infused with powerful antioxidants, natural botanicals, and vital nutrients that nourish and protect your skin while leaving behind beautiful radiance.",Lucy Ditty,A Nice Self-Care Experience!,"I'm on my second pack of these and right now I'm using about 1 a week (sometimes 2 if I'm lucky enough to have the time).  Every single one has a nice scent, the masks cover my face well, and my face always feels and looks great afterwards.  I guess I can't really say whether an individual mask does what it claims exactly, like I can't tell whether the charcoal mask is actually purifying my skin, but ultimately, I feel they're well worth what I'm paying for them and it's a nice little break to sit there with my mask on and relax!",6/9/2023,5,Yes,4,0.9612,0.209,0.0,0.791,0.0023221857845783234,0.005047760903835297,0.0005562254227697849,0.9422647356987,0.043432388454675674,0.003865145845338702,0.00251149688847363
196,Celavi Essence Facial Sheet Face Mask Variety Set Classic Authentic Korean Moisturizing Skincare (12-Packs),"Keep your face clean and clear while reversing the signs of aging, balancing your natural skin tone, and infusing it with essential hydration with Celavi Face Mask Sheets infused with powerful antioxidants, natural botanicals, and vital nutrients that nourish and protect your skin while leaving behind beautiful radiance.",Gabrielle,Perfect for the price,These face masks are perfect for the price. My skin has felt amazing after every one of them and there’s so many options. I had a spa night with some friends recently and these were a big hit!,1/19/2024,5,Yes,0,0.8977,0.254,0.0,0.746,0.0042308904230594635,0.008454827591776848,0.01655537635087967,0.21777653694152832,0.05496477708220482,0.004074832424521446,0.6939427852630615
197,Celavi Essence Facial Sheet Face Mask Variety Set Classic Authentic Korean Moisturizing Skincare (12-Packs),"Keep your face clean and clear while reversing the signs of aging, balancing your natural skin tone, and infusing it with essential hydration with Celavi Face Mask Sheets infused with powerful antioxidants, natural botanicals, and vital nutrients that nourish and protect your skin while leaving behind beautiful radiance.",Fonzie,BEST skin care masks ever.,As a self proclaimed skin care enthusiast I am CONSTANTLY looking for the perfect skin care regimen. These masks did WONDERS to my skin when I was applying 1 or 2 masks a week. I was constantly being told I was glowing and received tons of compliments on my skin! I could almost instantly feel the hydration and smoothness after 1 application. I can also vouch that these are PERFECT for people with sensitive skin. I have rosacea and acne prone skin. I also do not like fragrance. 10/10,7/15/2023,5,Yes,0,0.9579,0.22,0.023,0.757,0.025420349091291428,0.12531398236751556,0.003931561950594187,0.24971498548984528,0.5588704943656921,0.007351504638791084,0.029397061094641685
198,Celavi Essence Facial Sheet Face Mask Variety Set Classic Authentic Korean Moisturizing Skincare (12-Packs),"Keep your face clean and clear while reversing the signs of aging, balancing your natural skin tone, and infusing it with essential hydration with Celavi Face Mask Sheets infused with powerful antioxidants, natural botanicals, and vital nutrients that nourish and protect your skin while leaving behind beautiful radiance.",Goddess,Hydrating relaxing 😌,"These masks are great makes my skin feel very hydrated. They smell so fruity & tropical. The only mask I didn't like, was the tea tree .. it dried out my skin.",1/27/2024,5,Yes,0,0.457,0.12,0.062,0.818,0.005545745138078928,0.03628586232662201,0.0007681915885768831,0.8265166282653809,0.11177722364664078,0.014239290729165077,0.004867113661020994
199,Celavi Essence Facial Sheet Face Mask Variety Set Classic Authentic Korean Moisturizing Skincare (12-Packs),"Keep your face clean and clear while reversing the signs of aging, balancing your natural skin tone, and infusing it with essential hydration with Celavi Face Mask Sheets infused with powerful antioxidants, natural botanicals, and vital nutrients that nourish and protect your skin while leaving behind beautiful radiance.",Colette,LOVE,"These are a great gift for someone who loves to try different types of facemarks! I don't have sensitive skin so I cant speak to that, but I have never had a problem and I love them! Great fro the cost!",1/20/2024,5,Yes,0,0.9721,0.432,0.0,0.568,0.005303723271936178,0.004044906236231327,0.0008814347675070167,0.8877306580543518,0.07770970463752747,0.0029293543193489313,0.021400168538093567
200,"New York Biology Dead Sea Mud Mask for Face and Body - Spa Quality Pore Reducer for Acne, Blackheads & Oily Skin, Natural Skincare for Women, Men - Tightens Skin for A Healthier Complexion - 8.8 oz","Dead Sea mud contains 21 minerals and is one of the most mineral-rich mud on earth. It includes key skin-nourishing minerals such as sodium, magnesium, calcium, bromide, potassium, iron, sulfur, silicon dioxide and much more. Dead Sea Mud is known to have many soothing and calming properties that can help improve the skin appearance and relieve irritated skin at the same time. For this reason it is one of the most sought-after skin care addition.",✨️𝓒𝓪𝓽𝓱𝓮𝓻𝓲𝓷𝓮 ✨️,GET YOU SOME!!!!✨️✨️✨️,"Spoil yourself with this mask because it's cheap and it actually works!😭 I bought this years ago in my 20s, and then ended up buying it again now in my 30s. Not saying it didn't work the first time, I was just curious and was experimenting with other masks which is why I didn't continue getting this one. This came in last saturday and I WISH I took a before picture!! Because DAMN! WHAT A DIFFERENCE! SO, let me explain my face instead. I had alot of blemishes on my face, achne, even achne scars, strawberry pores, blackheads and its also naturally dry. I have freckles that run horizontally across my face, but I don't count those as blemishes. Freckles are just stars on skin,baby! Anyway, the minute this package came in. I wiped my face with Clearasil wipes, then washed my face with Clean&Clear deep action exfoliating scrub like I normally would. I finally applied this mask after I dried my face. It felt really good I loved that tightening feeling, and it dried pretty fast. It was easy to wash off too. The first day results were already visible. My skin was brighter, not dry. The blackhead feeling wasn't there anymore. It says use it twice a week so I used it friday night. First Clearasil, then applied this and I washed it off in the shower, but this time used my Clean&Clear wash after the mask. NOW there are obvious results. My face is brighter. My face was NOT DRY(wasn't oily either). No achne or scars, No blackheads, and my favorite part is the fact that my strawberry pores ARE GONE!! The only thing visible now on my face are my stars✨️😉. This mask truly minimized my pores!! This Dead Sea Mud Mask, brought my face to LIFE! I read more about the Dead Sea and turns out it helps eczema too. Whenever I have flare ups I will try to do a before and after pic with eczema atleast. This mask is awesome!! Get it! Get it! Treaaaat yo'self.🎉",10/12/2024,5,Yes,8,0.9919,0.156,0.038,0.806,0.06971069425344467,0.07994353026151657,0.006119687110185623,0.036092232912778854,0.3760997951030731,0.04518143832683563,0.3868526518344879
201,"New York Biology Dead Sea Mud Mask for Face and Body - Spa Quality Pore Reducer for Acne, Blackheads & Oily Skin, Natural Skincare for Women, Men - Tightens Skin for A Healthier Complexion - 8.8 oz","Dead Sea mud contains 21 minerals and is one of the most mineral-rich mud on earth. It includes key skin-nourishing minerals such as sodium, magnesium, calcium, bromide, potassium, iron, sulfur, silicon dioxide and much more. Dead Sea Mud is known to have many soothing and calming properties that can help improve the skin appearance and relieve irritated skin at the same time. For this reason it is one of the most sought-after skin care addition.",PJ,Muddy mask,I like this mask. It’s easy to apply and washes off easily without scrubbing.  It has a nice texture and fragrance and is a good value.,10/22/2024,5,Yes,0,0.9313,0.483,0.0,0.517,0.0071411714889109135,0.07602444291114807,0.0028016401920467615,0.6159791946411133,0.28308364748954773,0.01012025773525238,0.004849711433053017
202,"New York Biology Dead Sea Mud Mask for Face and Body - Spa Quality Pore Reducer for Acne, Blackheads & Oily Skin, Natural Skincare for Women, Men - Tightens Skin for A Healthier Complexion - 8.8 oz","Dead Sea mud contains 21 minerals and is one of the most mineral-rich mud on earth. It includes key skin-nourishing minerals such as sodium, magnesium, calcium, bromide, potassium, iron, sulfur, silicon dioxide and much more. Dead Sea Mud is known to have many soothing and calming properties that can help improve the skin appearance and relieve irritated skin at the same time. For this reason it is one of the most sought-after skin care addition.",94adeCrunch,Very effective.,"Skin felt great on first use.  So far no breakouts or itching or other irritation noted.  Soft, touchable skin.",10/7/2024,4,Yes,2,-0.1725,0.158,0.223,0.618,0.0082680843770504,0.0314352922141552,0.006018714513629675,0.5797500014305115,0.30110689997673035,0.060765791684389114,0.01265519205480814
203,"New York Biology Dead Sea Mud Mask for Face and Body - Spa Quality Pore Reducer for Acne, Blackheads & Oily Skin, Natural Skincare for Women, Men - Tightens Skin for A Healthier Complexion - 8.8 oz","Dead Sea mud contains 21 minerals and is one of the most mineral-rich mud on earth. It includes key skin-nourishing minerals such as sodium, magnesium, calcium, bromide, potassium, iron, sulfur, silicon dioxide and much more. Dead Sea Mud is known to have many soothing and calming properties that can help improve the skin appearance and relieve irritated skin at the same time. For this reason it is one of the most sought-after skin care addition.",D. Mosca,Fabulous Mask for Oily Skin,"As an esthetician, I find it impossible to track down a clay based mask that does not suck the life out of your skin.  This product is perfect for oily skin, and it has saved me in the summer months when I produce a lot of oil.  My skin feels clean and hydrated after every use.  Wish I'd found this very reasonable priced mask years ago!",10/22/2024,5,Yes,3,0.9273,0.204,0.0,0.796,0.021177396178245544,0.08504194021224976,0.010018288157880306,0.3330680727958679,0.45496606826782227,0.03208662196993828,0.06364158540964127
204,"New York Biology Dead Sea Mud Mask for Face and Body - Spa Quality Pore Reducer for Acne, Blackheads & Oily Skin, Natural Skincare for Women, Men - Tightens Skin for A Healthier Complexion - 8.8 oz","Dead Sea mud contains 21 minerals and is one of the most mineral-rich mud on earth. It includes key skin-nourishing minerals such as sodium, magnesium, calcium, bromide, potassium, iron, sulfur, silicon dioxide and much more. Dead Sea Mud is known to have many soothing and calming properties that can help improve the skin appearance and relieve irritated skin at the same time. For this reason it is one of the most sought-after skin care addition.",Robin,Does the job,"My 56 year old face decided to break out in multiple places, totally out of the blue.  I used to use a charcoal mask by Origins, but I was out and live pretty far away from a department store, so Amazon to the rescue.This mud mask was exactly what I needed.  After reading several reviews I felt like I would do okay with the lavender scent.  It is a strong scent so be aware! I didn’t find it offensive, but I’m glad I didn’t pick the tea tree.It goes on smooth and feels wonderful on the skin.  I love how it gets a little crunchy as it dries too.  Removal is easy with a washcloth, but it’s harder to get it off the washcloth than your face.  Finally, it does leave a bit of “slickness” like soap on your face.  At first it was off putting, but I realized that’s just how it feels when it’s off.My face is slowly clearing up.  I’m using this mask 3x a week and don’t feel like it’s overly drying.  I’m happy with it and would recommend it.",8/18/2024,5,Yes,16,0.9938,0.244,0.025,0.731,0.008334471844136715,0.11755751073360443,0.0038394310977309942,0.7119743824005127,0.13655386865139008,0.017332101240754128,0.004408283159136772
205,"New York Biology Dead Sea Mud Mask for Face and Body - Spa Quality Pore Reducer for Acne, Blackheads & Oily Skin, Natural Skincare for Women, Men - Tightens Skin for A Healthier Complexion - 8.8 oz","Dead Sea mud contains 21 minerals and is one of the most mineral-rich mud on earth. It includes key skin-nourishing minerals such as sodium, magnesium, calcium, bromide, potassium, iron, sulfur, silicon dioxide and much more. Dead Sea Mud is known to have many soothing and calming properties that can help improve the skin appearance and relieve irritated skin at the same time. For this reason it is one of the most sought-after skin care addition.",Isabel,Must buy!,"I was unsure of what to expect honestly, I haven't used many face masks. I'm beginning to notice wrinkles in my face so I figured it's best use collagen now! To start, the smell was really nice. Like an ocean breeze of some sort. The application was easy, it was a thick ""foam"" texture which was satisfying. After it dried I touched my face and the mask was insanely soft. After washing it off, my skin felt the same in the sense where it was insanely soft! I can't say much about the affects as it's only been one day, but so far so good!",10/14/2024,5,Yes,0,0.9485,0.171,0.013,0.815,0.007546655833721161,0.391530841588974,0.01268958579748869,0.22040946781635284,0.3283435106277466,0.013363671489059925,0.02611635811626911
206,"New York Biology Dead Sea Mud Mask for Face and Body - Spa Quality Pore Reducer for Acne, Blackheads & Oily Skin, Natural Skincare for Women, Men - Tightens Skin for A Healthier Complexion - 8.8 oz","Dead Sea mud contains 21 minerals and is one of the most mineral-rich mud on earth. It includes key skin-nourishing minerals such as sodium, magnesium, calcium, bromide, potassium, iron, sulfur, silicon dioxide and much more. Dead Sea Mud is known to have many soothing and calming properties that can help improve the skin appearance and relieve irritated skin at the same time. For this reason it is one of the most sought-after skin care addition.",Zeldaslayer,Mud cleanse,Great price for a quality skin treatment. Love the feel it gives me and I use it in conjunction with a peel mask. Will purchase again when it runs out.,10/26/2024,5,Yes,0,0.8519,0.249,0.0,0.751,0.006789073348045349,0.020133398473262787,0.0014529104810208082,0.48115283250808716,0.4722197651863098,0.010783053003251553,0.007468946278095245
207,"New York Biology Dead Sea Mud Mask for Face and Body - Spa Quality Pore Reducer for Acne, Blackheads & Oily Skin, Natural Skincare for Women, Men - Tightens Skin for A Healthier Complexion - 8.8 oz","Dead Sea mud contains 21 minerals and is one of the most mineral-rich mud on earth. It includes key skin-nourishing minerals such as sodium, magnesium, calcium, bromide, potassium, iron, sulfur, silicon dioxide and much more. Dead Sea Mud is known to have many soothing and calming properties that can help improve the skin appearance and relieve irritated skin at the same time. For this reason it is one of the most sought-after skin care addition.",Marissa,Skin is so soft!,This is my first mud mask and now the only mud mask I want to try! My skin comes out soft and feels very clean! There is also a cooling effect which feels really good!,11/2/2024,5,Yes,0,0.8106,0.218,0.0,0.782,0.011686652898788452,0.15641020238399506,0.0021762847900390625,0.40659716725349426,0.3637148141860962,0.03870388865470886,0.020710894837975502
208,"New York Biology Dead Sea Mud Mask for Face and Body - Spa Quality Pore Reducer for Acne, Blackheads & Oily Skin, Natural Skincare for Women, Men - Tightens Skin for A Healthier Complexion - 8.8 oz","Dead Sea mud contains 21 minerals and is one of the most mineral-rich mud on earth. It includes key skin-nourishing minerals such as sodium, magnesium, calcium, bromide, potassium, iron, sulfur, silicon dioxide and much more. Dead Sea Mud is known to have many soothing and calming properties that can help improve the skin appearance and relieve irritated skin at the same time. For this reason it is one of the most sought-after skin care addition.",Pi Iskandar Heaton,"Not bad, but I don't like muddy feelings",I prefer masker that I can just apply straight on my face. I don't have time to apply evenly.,11/1/2024,4,Yes,0,0.2263,0.112,0.0,0.888,0.023805173113942146,0.03143908083438873,0.004850760567933321,0.007691123057156801,0.8930094838142395,0.01763928309082985,0.021565141156315804
209,"New York Biology Dead Sea Mud Mask for Face and Body - Spa Quality Pore Reducer for Acne, Blackheads & Oily Skin, Natural Skincare for Women, Men - Tightens Skin for A Healthier Complexion - 8.8 oz","Dead Sea mud contains 21 minerals and is one of the most mineral-rich mud on earth. It includes key skin-nourishing minerals such as sodium, magnesium, calcium, bromide, potassium, iron, sulfur, silicon dioxide and much more. Dead Sea Mud is known to have many soothing and calming properties that can help improve the skin appearance and relieve irritated skin at the same time. For this reason it is one of the most sought-after skin care addition.",Brandon Encarnacion,Loved!,"I love the New York Biology Dead Sea Mud Mask for face and Body, this product helps me with my blackhead and ace and provide my clean smooth facial skin after every use! I will be purchasing this product again!",10/21/2024,5,Yes,0,0.6988,0.208,0.089,0.703,0.008864669129252434,0.00800062995404005,0.0009628285188227892,0.8731056451797485,0.08748893439769745,0.006976795382797718,0.014600330963730812
210,"New York Biology Dead Sea Mud Mask for Face and Body - Spa Quality Pore Reducer for Acne, Blackheads & Oily Skin, Natural Skincare for Women, Men - Tightens Skin for A Healthier Complexion - 8.8 oz","Dead Sea mud contains 21 minerals and is one of the most mineral-rich mud on earth. It includes key skin-nourishing minerals such as sodium, magnesium, calcium, bromide, potassium, iron, sulfur, silicon dioxide and much more. Dead Sea Mud is known to have many soothing and calming properties that can help improve the skin appearance and relieve irritated skin at the same time. For this reason it is one of the most sought-after skin care addition.",Confidence booster,Seems to make a difference.,"I don’t normally do reviews, but I use this and after I used it I really could tell that my skin felt firm and it looked really good. I don’t normally see results from things that I try so I wanted to share my experience with it. However, the only drawback, is a slight smell. But I told myself that it is Dead Sea mud mask, so I guess I can live with it",9/23/2024,4,Yes,5,0.1368,0.102,0.081,0.817,0.019588254392147064,0.4351844787597656,0.020331749692559242,0.08088050037622452,0.4003702998161316,0.034344036132097244,0.009300767444074154
211,"New York Biology Dead Sea Mud Mask for Face and Body - Spa Quality Pore Reducer for Acne, Blackheads & Oily Skin, Natural Skincare for Women, Men - Tightens Skin for A Healthier Complexion - 8.8 oz","Dead Sea mud contains 21 minerals and is one of the most mineral-rich mud on earth. It includes key skin-nourishing minerals such as sodium, magnesium, calcium, bromide, potassium, iron, sulfur, silicon dioxide and much more. Dead Sea Mud is known to have many soothing and calming properties that can help improve the skin appearance and relieve irritated skin at the same time. For this reason it is one of the most sought-after skin care addition.",Bobby,First time.,"Just tried it today and seems to work well, will follow up after a couple uses.Thanks!",10/20/2024,4,Yes,0,0.3382,0.146,0.0,0.854,0.008334050886332989,0.0024305975530296564,0.0009386471356265247,0.3743956685066223,0.48794278502464294,0.01381959393620491,0.11213865131139755
212,"New York Biology Dead Sea Mud Mask for Face and Body - Spa Quality Pore Reducer for Acne, Blackheads & Oily Skin, Natural Skincare for Women, Men - Tightens Skin for A Healthier Complexion - 8.8 oz","Dead Sea mud contains 21 minerals and is one of the most mineral-rich mud on earth. It includes key skin-nourishing minerals such as sodium, magnesium, calcium, bromide, potassium, iron, sulfur, silicon dioxide and much more. Dead Sea Mud is known to have many soothing and calming properties that can help improve the skin appearance and relieve irritated skin at the same time. For this reason it is one of the most sought-after skin care addition.",yamelllll,Deep clean limpia super bien los poros,Esta crema aparte de barata es super buena limpia bien los poros en especial el area de la nariz aparte de barata hace muy bien el trab y rinde bastante vale la pena comprarla,10/18/2024,5,Yes,0,0.5994,0.109,0.0,0.891,0.09976804256439209,0.04349752143025398,0.330660879611969,0.015996243804693222,0.4407763183116913,0.044062770903110504,0.025238195434212685
213,"New York Biology Dead Sea Mud Mask for Face and Body - Spa Quality Pore Reducer for Acne, Blackheads & Oily Skin, Natural Skincare for Women, Men - Tightens Skin for A Healthier Complexion - 8.8 oz","Dead Sea mud contains 21 minerals and is one of the most mineral-rich mud on earth. It includes key skin-nourishing minerals such as sodium, magnesium, calcium, bromide, potassium, iron, sulfur, silicon dioxide and much more. Dead Sea Mud is known to have many soothing and calming properties that can help improve the skin appearance and relieve irritated skin at the same time. For this reason it is one of the most sought-after skin care addition.",Maya,Works well!,"Feels good on my skin but I wish it came with something to help put the mask on with. Otherwise, very nice and works well.",10/14/2024,4,Yes,0,0.9417,0.455,0.0,0.545,0.0034800763241946697,0.0922744944691658,0.005345526617020369,0.387969434261322,0.40837472677230835,0.09279749542474747,0.009758285246789455
214,"New York Biology Dead Sea Mud Mask for Face and Body - Spa Quality Pore Reducer for Acne, Blackheads & Oily Skin, Natural Skincare for Women, Men - Tightens Skin for A Healthier Complexion - 8.8 oz","Dead Sea mud contains 21 minerals and is one of the most mineral-rich mud on earth. It includes key skin-nourishing minerals such as sodium, magnesium, calcium, bromide, potassium, iron, sulfur, silicon dioxide and much more. Dead Sea Mud is known to have many soothing and calming properties that can help improve the skin appearance and relieve irritated skin at the same time. For this reason it is one of the most sought-after skin care addition.",Annie Soriano,Fresh,My skin looks great! I love it,11/1/2024,5,Yes,0,0.8622,0.682,0.0,0.318,0.003873992245644331,0.00346739892847836,0.00035221598227508366,0.96260666847229,0.019729143008589745,0.0035217199474573135,0.006448859814554453
215,"New York Biology Dead Sea Mud Mask for Face and Body - Spa Quality Pore Reducer for Acne, Blackheads & Oily Skin, Natural Skincare for Women, Men - Tightens Skin for A Healthier Complexion - 8.8 oz","Dead Sea mud contains 21 minerals and is one of the most mineral-rich mud on earth. It includes key skin-nourishing minerals such as sodium, magnesium, calcium, bromide, potassium, iron, sulfur, silicon dioxide and much more. Dead Sea Mud is known to have many soothing and calming properties that can help improve the skin appearance and relieve irritated skin at the same time. For this reason it is one of the most sought-after skin care addition.",Andrew P.,Face mask,"Helps get rid of black heads on my nose. Plus, this makes my face feel soft afterwards.",10/25/2024,5,Yes,0,0.3818,0.14,0.0,0.86,0.007129658944904804,0.4603297710418701,0.016042431816458702,0.005827229004353285,0.10580702871084213,0.3987312614917755,0.0061325812712311745
216,"New York Biology Dead Sea Mud Mask for Face and Body - Spa Quality Pore Reducer for Acne, Blackheads & Oily Skin, Natural Skincare for Women, Men - Tightens Skin for A Healthier Complexion - 8.8 oz","Dead Sea mud contains 21 minerals and is one of the most mineral-rich mud on earth. It includes key skin-nourishing minerals such as sodium, magnesium, calcium, bromide, potassium, iron, sulfur, silicon dioxide and much more. Dead Sea Mud is known to have many soothing and calming properties that can help improve the skin appearance and relieve irritated skin at the same time. For this reason it is one of the most sought-after skin care addition.",Abigail Caves,Great Product,I already have this and my friend liked it so much that she asked me to get her one for her birthday!,10/20/2024,5,Yes,0,0.7424,0.249,0.0,0.751,0.09843181073665619,0.015011340379714966,0.002288899617269635,0.5272963643074036,0.10281246155500412,0.007758460473269224,0.24640068411827087
217,"New York Biology Dead Sea Mud Mask for Face and Body - Spa Quality Pore Reducer for Acne, Blackheads & Oily Skin, Natural Skincare for Women, Men - Tightens Skin for A Healthier Complexion - 8.8 oz","Dead Sea mud contains 21 minerals and is one of the most mineral-rich mud on earth. It includes key skin-nourishing minerals such as sodium, magnesium, calcium, bromide, potassium, iron, sulfur, silicon dioxide and much more. Dead Sea Mud is known to have many soothing and calming properties that can help improve the skin appearance and relieve irritated skin at the same time. For this reason it is one of the most sought-after skin care addition.",Carlos T.,Excelente,Excelente producto. Mi rostro queda súper agradecido,10/30/2024,5,Yes,0,0.0,0.0,0.0,1.0,0.07043274492025375,0.13116274774074554,0.08996322005987167,0.06298966705799103,0.5771216750144958,0.047808386385440826,0.020521581172943115
218,"New York Biology Dead Sea Mud Mask for Face and Body - Spa Quality Pore Reducer for Acne, Blackheads & Oily Skin, Natural Skincare for Women, Men - Tightens Skin for A Healthier Complexion - 8.8 oz","Dead Sea mud contains 21 minerals and is one of the most mineral-rich mud on earth. It includes key skin-nourishing minerals such as sodium, magnesium, calcium, bromide, potassium, iron, sulfur, silicon dioxide and much more. Dead Sea Mud is known to have many soothing and calming properties that can help improve the skin appearance and relieve irritated skin at the same time. For this reason it is one of the most sought-after skin care addition.",Monique Patreesh Walker,Dead sea mud mask NY biology,Amazing formula really gentle on the skin but cleans effectively I recommend if you're looking for a face mask to cleanse your skin while minimizing the pores,10/16/2024,5,Yes,0,0.8909,0.356,0.0,0.644,0.005642821546643972,0.10298046469688416,0.009932498447597027,0.03205267712473869,0.7978680729866028,0.02958034537732601,0.021943137049674988
219,"New York Biology Dead Sea Mud Mask for Face and Body - Spa Quality Pore Reducer for Acne, Blackheads & Oily Skin, Natural Skincare for Women, Men - Tightens Skin for A Healthier Complexion - 8.8 oz","Dead Sea mud contains 21 minerals and is one of the most mineral-rich mud on earth. It includes key skin-nourishing minerals such as sodium, magnesium, calcium, bromide, potassium, iron, sulfur, silicon dioxide and much more. Dead Sea Mud is known to have many soothing and calming properties that can help improve the skin appearance and relieve irritated skin at the same time. For this reason it is one of the most sought-after skin care addition.",Devin & Rhiannon,LET’S HOPE IT WORKS!,I’ll do an update after I’ve used it for a month. Smells really good!,10/13/2024,4,Yes,6,0.54,0.225,0.0,0.775,0.0041327145881950855,0.012702548876404762,0.0028350690845400095,0.743899405002594,0.18440638482570648,0.0038052971940487623,0.0482184961438179
220,"New York Biology Dead Sea Mud Mask for Face and Body - Spa Quality Pore Reducer for Acne, Blackheads & Oily Skin, Natural Skincare for Women, Men - Tightens Skin for A Healthier Complexion - 8.8 oz","Dead Sea mud contains 21 minerals and is one of the most mineral-rich mud on earth. It includes key skin-nourishing minerals such as sodium, magnesium, calcium, bromide, potassium, iron, sulfur, silicon dioxide and much more. Dead Sea Mud is known to have many soothing and calming properties that can help improve the skin appearance and relieve irritated skin at the same time. For this reason it is one of the most sought-after skin care addition.",riittle,Works great,Works great. Leaves my skin feeling wonderful. Love it,10/28/2024,5,Yes,0,0.926,0.73,0.0,0.27,0.0007892759167589247,0.001145233865827322,0.0006048876675777137,0.983722984790802,0.008342491462826729,0.0019636284559965134,0.0034315723460167646
221,"New York Biology Dead Sea Mud Mask for Face and Body - Spa Quality Pore Reducer for Acne, Blackheads & Oily Skin, Natural Skincare for Women, Men - Tightens Skin for A Healthier Complexion - 8.8 oz","Dead Sea mud contains 21 minerals and is one of the most mineral-rich mud on earth. It includes key skin-nourishing minerals such as sodium, magnesium, calcium, bromide, potassium, iron, sulfur, silicon dioxide and much more. Dead Sea Mud is known to have many soothing and calming properties that can help improve the skin appearance and relieve irritated skin at the same time. For this reason it is one of the most sought-after skin care addition.",Kristina B,Good,Great product for skin,10/16/2024,4,Yes,0,0.6249,0.577,0.0,0.423,0.00574148865416646,0.02151401899755001,0.0018481329316273332,0.2945551574230194,0.6552895307540894,0.005738469772040844,0.015313238836824894
222,"New York Biology Dead Sea Mud Mask for Face and Body - Spa Quality Pore Reducer for Acne, Blackheads & Oily Skin, Natural Skincare for Women, Men - Tightens Skin for A Healthier Complexion - 8.8 oz","Dead Sea mud contains 21 minerals and is one of the most mineral-rich mud on earth. It includes key skin-nourishing minerals such as sodium, magnesium, calcium, bromide, potassium, iron, sulfur, silicon dioxide and much more. Dead Sea Mud is known to have many soothing and calming properties that can help improve the skin appearance and relieve irritated skin at the same time. For this reason it is one of the most sought-after skin care addition.",Luna,Relaxing!,I used it for 6 months now and it was perfect for relaxing night! It does tighten my pores whenever I use it and my skin just feels very clean and not dry!,9/22/2024,4,Yes,0,0.8879,0.28,0.0,0.72,0.0097699835896492,0.02998611517250538,0.001115993713028729,0.7045432925224304,0.21968063712120056,0.021699896082282066,0.013204148039221764
223,"New York Biology Dead Sea Mud Mask for Face and Body - Spa Quality Pore Reducer for Acne, Blackheads & Oily Skin, Natural Skincare for Women, Men - Tightens Skin for A Healthier Complexion - 8.8 oz","Dead Sea mud contains 21 minerals and is one of the most mineral-rich mud on earth. It includes key skin-nourishing minerals such as sodium, magnesium, calcium, bromide, potassium, iron, sulfur, silicon dioxide and much more. Dead Sea Mud is known to have many soothing and calming properties that can help improve the skin appearance and relieve irritated skin at the same time. For this reason it is one of the most sought-after skin care addition.",Kevin Lui,New York Biology Dead Sea Mud Mask,The New York Biology Dead Sea Mud Mask is great product. Thanks 👍,10/19/2024,5,Yes,0,0.4019,0.345,0.212,0.443,0.01269147451967001,0.014184867963194847,0.0038085642736405134,0.203395277261734,0.7465373873710632,0.007146052550524473,0.012236341834068298
224,"New York Biology Dead Sea Mud Mask for Face and Body - Spa Quality Pore Reducer for Acne, Blackheads & Oily Skin, Natural Skincare for Women, Men - Tightens Skin for A Healthier Complexion - 8.8 oz","Dead Sea mud contains 21 minerals and is one of the most mineral-rich mud on earth. It includes key skin-nourishing minerals such as sodium, magnesium, calcium, bromide, potassium, iron, sulfur, silicon dioxide and much more. Dead Sea Mud is known to have many soothing and calming properties that can help improve the skin appearance and relieve irritated skin at the same time. For this reason it is one of the most sought-after skin care addition.",Arber Ismaili,Amazing,This is a new kind of a mask. Its all natural and you can have the healing power of the black sea.It dries quickly and it's easy to remove it's effectiveness is outstanding.So you don't have to go to the black sea you can order it on Amazon.,9/29/2024,5,Yes,0,0.7269,0.142,0.0,0.858,0.005045735277235508,0.004304451867938042,0.0013131586601957679,0.009275493212044239,0.9648064374923706,0.0024637971073389053,0.012790905311703682
225,"New York Biology Dead Sea Mud Mask for Face and Body - Spa Quality Pore Reducer for Acne, Blackheads & Oily Skin, Natural Skincare for Women, Men - Tightens Skin for A Healthier Complexion - 8.8 oz","Dead Sea mud contains 21 minerals and is one of the most mineral-rich mud on earth. It includes key skin-nourishing minerals such as sodium, magnesium, calcium, bromide, potassium, iron, sulfur, silicon dioxide and much more. Dead Sea Mud is known to have many soothing and calming properties that can help improve the skin appearance and relieve irritated skin at the same time. For this reason it is one of the most sought-after skin care addition.",pro,skin feels baby bottom soft,only complaint if u have a beard i would be aware of a weird sulfur after smell but man does this thing work.,10/9/2024,5,Yes,0,-0.2382,0.0,0.148,0.852,0.014002195559442043,0.8876039385795593,0.020449738949537277,0.0014629795914515853,0.03332088515162468,0.008706370368599892,0.03445383906364441
226,"New York Biology Dead Sea Mud Mask for Face and Body - Spa Quality Pore Reducer for Acne, Blackheads & Oily Skin, Natural Skincare for Women, Men - Tightens Skin for A Healthier Complexion - 8.8 oz","Dead Sea mud contains 21 minerals and is one of the most mineral-rich mud on earth. It includes key skin-nourishing minerals such as sodium, magnesium, calcium, bromide, potassium, iron, sulfur, silicon dioxide and much more. Dead Sea Mud is known to have many soothing and calming properties that can help improve the skin appearance and relieve irritated skin at the same time. For this reason it is one of the most sought-after skin care addition.",Chyna,Made A Difference,"This mask has made a noticeable difference to my skin, not just to me, other people have commented I have fewer break outs and less blackheads. I also have really sensitive skin and react to products easily, but not this, it feels great and I feel better about my skin.",9/20/2024,5,Yes,3,0.9042,0.207,0.0,0.793,0.006292393896728754,0.06611739099025726,0.006037700921297073,0.5095489025115967,0.3664397597312927,0.03378845751285553,0.011775444261729717
227,"New York Biology Dead Sea Mud Mask for Face and Body - Spa Quality Pore Reducer for Acne, Blackheads & Oily Skin, Natural Skincare for Women, Men - Tightens Skin for A Healthier Complexion - 8.8 oz","Dead Sea mud contains 21 minerals and is one of the most mineral-rich mud on earth. It includes key skin-nourishing minerals such as sodium, magnesium, calcium, bromide, potassium, iron, sulfur, silicon dioxide and much more. Dead Sea Mud is known to have many soothing and calming properties that can help improve the skin appearance and relieve irritated skin at the same time. For this reason it is one of the most sought-after skin care addition.",M🤪,Leaves my skin feel soft and smooth,"I don’t especially like the smell, but my skin is left feeling smooth and soft. I will defiantly purchase again.",9/10/2024,4,Yes,0,0.3912,0.186,0.0,0.814,0.00844374019652605,0.07964059710502625,0.0027075661346316338,0.6613844633102417,0.22492752969264984,0.020241480320692062,0.0026545575819909573
228,"New York Biology Dead Sea Mud Mask for Face and Body - Spa Quality Pore Reducer for Acne, Blackheads & Oily Skin, Natural Skincare for Women, Men - Tightens Skin for A Healthier Complexion - 8.8 oz","Dead Sea mud contains 21 minerals and is one of the most mineral-rich mud on earth. It includes key skin-nourishing minerals such as sodium, magnesium, calcium, bromide, potassium, iron, sulfur, silicon dioxide and much more. Dead Sea Mud is known to have many soothing and calming properties that can help improve the skin appearance and relieve irritated skin at the same time. For this reason it is one of the most sought-after skin care addition.",Missi Cagle,Makes skin feel soft after use & smells good,I like the smell the ease of application & easy to remove makes my skin soft,9/12/2024,4,Yes,0,0.7845,0.418,0.0,0.582,0.0020813168957829475,0.0173360463231802,0.0008619514992460608,0.9594134092330933,0.011533458717167377,0.006757977418601513,0.002015837235376239
229,"New York Biology Dead Sea Mud Mask for Face and Body - Spa Quality Pore Reducer for Acne, Blackheads & Oily Skin, Natural Skincare for Women, Men - Tightens Skin for A Healthier Complexion - 8.8 oz","Dead Sea mud contains 21 minerals and is one of the most mineral-rich mud on earth. It includes key skin-nourishing minerals such as sodium, magnesium, calcium, bromide, potassium, iron, sulfur, silicon dioxide and much more. Dead Sea Mud is known to have many soothing and calming properties that can help improve the skin appearance and relieve irritated skin at the same time. For this reason it is one of the most sought-after skin care addition.",Daniela,Excelente,La primera vez que la usé se ve la piel más hidratada me gustó,9/13/2024,4,Yes,0,0.0,0.0,0.0,1.0,0.10470139980316162,0.4024934768676758,0.05125745013356209,0.265083372592926,0.09696123749017715,0.06253828853368759,0.016964679583907127
230,"New York Biology Dead Sea Mud Mask for Face and Body - Spa Quality Pore Reducer for Acne, Blackheads & Oily Skin, Natural Skincare for Women, Men - Tightens Skin for A Healthier Complexion - 8.8 oz","Dead Sea mud contains 21 minerals and is one of the most mineral-rich mud on earth. It includes key skin-nourishing minerals such as sodium, magnesium, calcium, bromide, potassium, iron, sulfur, silicon dioxide and much more. Dead Sea Mud is known to have many soothing and calming properties that can help improve the skin appearance and relieve irritated skin at the same time. For this reason it is one of the most sought-after skin care addition.",Jonathan,Smells good and super smooth but dries  very slowly,"It's a shame this product is from Israel. As I do not support them at all. However, it does smell good and felt good on my skin. However, also, it did not dry out within 10 minutes as the instructions preclude.",8/27/2024,4,Yes,4,0.1134,0.126,0.116,0.758,0.0026404052041471004,0.7977859377861023,0.0038967744912952185,0.023060232400894165,0.13674360513687134,0.02924714982509613,0.006625935435295105
231,"New York Biology Dead Sea Mud Mask for Face and Body - Spa Quality Pore Reducer for Acne, Blackheads & Oily Skin, Natural Skincare for Women, Men - Tightens Skin for A Healthier Complexion - 8.8 oz","Dead Sea mud contains 21 minerals and is one of the most mineral-rich mud on earth. It includes key skin-nourishing minerals such as sodium, magnesium, calcium, bromide, potassium, iron, sulfur, silicon dioxide and much more. Dead Sea Mud is known to have many soothing and calming properties that can help improve the skin appearance and relieve irritated skin at the same time. For this reason it is one of the most sought-after skin care addition.",Fran,Miracle Mud,"I swear every time I use this stuff I look 10 years younger. It's a spa in a bottle. Feels great to put on, the texture is luxurious and it smells delightful. Highly recommend.",9/23/2024,5,Yes,0,0.8883,0.29,0.033,0.678,0.0028031545225530863,0.03377380967140198,0.0012973434058949351,0.8308815956115723,0.1196567639708519,0.0048600127920508385,0.006727265659719706
232,"New York Biology Dead Sea Mud Mask for Face and Body - Spa Quality Pore Reducer for Acne, Blackheads & Oily Skin, Natural Skincare for Women, Men - Tightens Skin for A Healthier Complexion - 8.8 oz","Dead Sea mud contains 21 minerals and is one of the most mineral-rich mud on earth. It includes key skin-nourishing minerals such as sodium, magnesium, calcium, bromide, potassium, iron, sulfur, silicon dioxide and much more. Dead Sea Mud is known to have many soothing and calming properties that can help improve the skin appearance and relieve irritated skin at the same time. For this reason it is one of the most sought-after skin care addition.",garlic,I got what I paid for. The only thing is it took too long to get here,Yes love it is everything I expected and more thank you very much,10/6/2024,5,Yes,0,0.8655,0.519,0.0,0.481,0.009125413373112679,0.0012556518195196986,0.0012884300667792559,0.7974820137023926,0.07896137982606888,0.00686974311247468,0.10501741617918015
233,"New York Biology Dead Sea Mud Mask for Face and Body - Spa Quality Pore Reducer for Acne, Blackheads & Oily Skin, Natural Skincare for Women, Men - Tightens Skin for A Healthier Complexion - 8.8 oz","Dead Sea mud contains 21 minerals and is one of the most mineral-rich mud on earth. It includes key skin-nourishing minerals such as sodium, magnesium, calcium, bromide, potassium, iron, sulfur, silicon dioxide and much more. Dead Sea Mud is known to have many soothing and calming properties that can help improve the skin appearance and relieve irritated skin at the same time. For this reason it is one of the most sought-after skin care addition.",kloie,Pore reduction,Skin feels smooth and pores less noticeable.,10/10/2024,5,Yes,0,0.0,0.0,0.0,1.0,0.003452845150604844,0.04838864877820015,0.002100949874147773,0.2143484503030777,0.6844155788421631,0.03646644577383995,0.010827033780515194
234,"New York Biology Dead Sea Mud Mask for Face and Body - Spa Quality Pore Reducer for Acne, Blackheads & Oily Skin, Natural Skincare for Women, Men - Tightens Skin for A Healthier Complexion - 8.8 oz","Dead Sea mud contains 21 minerals and is one of the most mineral-rich mud on earth. It includes key skin-nourishing minerals such as sodium, magnesium, calcium, bromide, potassium, iron, sulfur, silicon dioxide and much more. Dead Sea Mud is known to have many soothing and calming properties that can help improve the skin appearance and relieve irritated skin at the same time. For this reason it is one of the most sought-after skin care addition.",Amir Tanhaei,Good mask for men,Good effect for men face make the skin shiny and clean,10/7/2024,5,Yes,0,0.6808,0.384,0.0,0.616,0.01002205815166235,0.05012573301792145,0.0015516899293288589,0.4993059039115906,0.4105204939842224,0.013050108216702938,0.015424057841300964
235,"New York Biology Dead Sea Mud Mask for Face and Body - Spa Quality Pore Reducer for Acne, Blackheads & Oily Skin, Natural Skincare for Women, Men - Tightens Skin for A Healthier Complexion - 8.8 oz","Dead Sea mud contains 21 minerals and is one of the most mineral-rich mud on earth. It includes key skin-nourishing minerals such as sodium, magnesium, calcium, bromide, potassium, iron, sulfur, silicon dioxide and much more. Dead Sea Mud is known to have many soothing and calming properties that can help improve the skin appearance and relieve irritated skin at the same time. For this reason it is one of the most sought-after skin care addition.",D Perez,ok,I really liked,10/10/2024,5,Yes,0,0.4754,0.756,0.0,0.244,0.003860005410388112,0.004941762890666723,0.0027671027928590775,0.9334748387336731,0.014316719956696033,0.011551453731954098,0.029088232666254044
236,"New York Biology Dead Sea Mud Mask for Face and Body - Spa Quality Pore Reducer for Acne, Blackheads & Oily Skin, Natural Skincare for Women, Men - Tightens Skin for A Healthier Complexion - 8.8 oz","Dead Sea mud contains 21 minerals and is one of the most mineral-rich mud on earth. It includes key skin-nourishing minerals such as sodium, magnesium, calcium, bromide, potassium, iron, sulfur, silicon dioxide and much more. Dead Sea Mud is known to have many soothing and calming properties that can help improve the skin appearance and relieve irritated skin at the same time. For this reason it is one of the most sought-after skin care addition.",Jay Patel,Works as it supposed too.,I am have tried many other masks so far this is best one.,10/5/2024,5,Yes,0,0.6369,0.276,0.0,0.724,0.002755251480266452,0.003421400673687458,0.0017426875419914722,0.09260078519582748,0.8602861166000366,0.009760066866874695,0.02943362295627594
237,"New York Biology Dead Sea Mud Mask for Face and Body - Spa Quality Pore Reducer for Acne, Blackheads & Oily Skin, Natural Skincare for Women, Men - Tightens Skin for A Healthier Complexion - 8.8 oz","Dead Sea mud contains 21 minerals and is one of the most mineral-rich mud on earth. It includes key skin-nourishing minerals such as sodium, magnesium, calcium, bromide, potassium, iron, sulfur, silicon dioxide and much more. Dead Sea Mud is known to have many soothing and calming properties that can help improve the skin appearance and relieve irritated skin at the same time. For this reason it is one of the most sought-after skin care addition.",Sahylis,Love it !,Amazing !!! Best mud mask I’ve ever used on my face !,10/2/2024,5,Yes,0,0.8798,0.505,0.0,0.495,0.015405687503516674,0.005790623836219311,0.011922764591872692,0.17095395922660828,0.08091051876544952,0.013875910080969334,0.7011405229568481
238,"New York Biology Dead Sea Mud Mask for Face and Body - Spa Quality Pore Reducer for Acne, Blackheads & Oily Skin, Natural Skincare for Women, Men - Tightens Skin for A Healthier Complexion - 8.8 oz","Dead Sea mud contains 21 minerals and is one of the most mineral-rich mud on earth. It includes key skin-nourishing minerals such as sodium, magnesium, calcium, bromide, potassium, iron, sulfur, silicon dioxide and much more. Dead Sea Mud is known to have many soothing and calming properties that can help improve the skin appearance and relieve irritated skin at the same time. For this reason it is one of the most sought-after skin care addition.",Kate,Best pore minimizer ever,"I have very large pores and in just a couple of usages, they have visibly shrunk and and my complexion is looking so much better.  I highly recommend this product.",9/22/2024,5,Yes,0,0.7159,0.193,0.0,0.807,0.0021728549618273973,0.013005520217120647,0.002541307359933853,0.7876831889152527,0.16620668768882751,0.016200600191950798,0.012189839035272598
239,"New York Biology Dead Sea Mud Mask for Face and Body - Spa Quality Pore Reducer for Acne, Blackheads & Oily Skin, Natural Skincare for Women, Men - Tightens Skin for A Healthier Complexion - 8.8 oz","Dead Sea mud contains 21 minerals and is one of the most mineral-rich mud on earth. It includes key skin-nourishing minerals such as sodium, magnesium, calcium, bromide, potassium, iron, sulfur, silicon dioxide and much more. Dead Sea Mud is known to have many soothing and calming properties that can help improve the skin appearance and relieve irritated skin at the same time. For this reason it is one of the most sought-after skin care addition.",Amazon Customer,It's good for your face!,I like using this product because its not too hard to get off and it gives me a healthy glow.,9/2/2024,4,Yes,0,0.6701,0.302,0.0,0.698,0.0009336358634755015,0.0021948928479105234,0.00023983743449207395,0.9867779016494751,0.0052272602915763855,0.0033011948689818382,0.0013253099750727415
240,"New York Biology Dead Sea Mud Mask for Face and Body - Spa Quality Pore Reducer for Acne, Blackheads & Oily Skin, Natural Skincare for Women, Men - Tightens Skin for A Healthier Complexion - 8.8 oz","Dead Sea mud contains 21 minerals and is one of the most mineral-rich mud on earth. It includes key skin-nourishing minerals such as sodium, magnesium, calcium, bromide, potassium, iron, sulfur, silicon dioxide and much more. Dead Sea Mud is known to have many soothing and calming properties that can help improve the skin appearance and relieve irritated skin at the same time. For this reason it is one of the most sought-after skin care addition.",Ben Affleck,I like it,I like it.,9/18/2024,4,Yes,0,0.3612,0.714,0.0,0.286,0.0031894154381006956,0.007021832279860973,0.0004081345978192985,0.9752326607704163,0.00825495459139347,0.0033292158041149378,0.0025638174265623093
241,"New York Biology Dead Sea Mud Mask for Face and Body - Spa Quality Pore Reducer for Acne, Blackheads & Oily Skin, Natural Skincare for Women, Men - Tightens Skin for A Healthier Complexion - 8.8 oz","Dead Sea mud contains 21 minerals and is one of the most mineral-rich mud on earth. It includes key skin-nourishing minerals such as sodium, magnesium, calcium, bromide, potassium, iron, sulfur, silicon dioxide and much more. Dead Sea Mud is known to have many soothing and calming properties that can help improve the skin appearance and relieve irritated skin at the same time. For this reason it is one of the most sought-after skin care addition.",Amazon Customer,Awesome mask!,Really clears up skin! And the tub is huge. Would highly recommend.,10/4/2024,5,Yes,0,0.7165,0.437,0.0,0.563,0.004548096563667059,0.02424376644194126,0.0016100169159471989,0.7356324791908264,0.18354997038841248,0.011384026147425175,0.03903161734342575
242,"New York Biology Dead Sea Mud Mask for Face and Body - Spa Quality Pore Reducer for Acne, Blackheads & Oily Skin, Natural Skincare for Women, Men - Tightens Skin for A Healthier Complexion - 8.8 oz","Dead Sea mud contains 21 minerals and is one of the most mineral-rich mud on earth. It includes key skin-nourishing minerals such as sodium, magnesium, calcium, bromide, potassium, iron, sulfur, silicon dioxide and much more. Dead Sea Mud is known to have many soothing and calming properties that can help improve the skin appearance and relieve irritated skin at the same time. For this reason it is one of the most sought-after skin care addition.",TIMOTHY SELTZER,Good mask,It helped give me a nice clear complexion and is a good value.,9/30/2024,5,Yes,0,0.8658,0.605,0.0,0.395,0.004213576205074787,0.015525712631642818,0.0015851925127208233,0.7993710041046143,0.16649270057678223,0.00886014848947525,0.0039517842233181
243,"New York Biology Dead Sea Mud Mask for Face and Body - Spa Quality Pore Reducer for Acne, Blackheads & Oily Skin, Natural Skincare for Women, Men - Tightens Skin for A Healthier Complexion - 8.8 oz","Dead Sea mud contains 21 minerals and is one of the most mineral-rich mud on earth. It includes key skin-nourishing minerals such as sodium, magnesium, calcium, bromide, potassium, iron, sulfur, silicon dioxide and much more. Dead Sea Mud is known to have many soothing and calming properties that can help improve the skin appearance and relieve irritated skin at the same time. For this reason it is one of the most sought-after skin care addition.","Me encanta, tiene mucha calidad !",Skincare,Me gusta mucho,9/9/2024,4,Yes,0,0.0,0.0,0.0,1.0,0.06798245012760162,0.10707610100507736,0.034024979919195175,0.03695713356137276,0.6342960000038147,0.04487474262714386,0.07478856295347214
244,"New York Biology Dead Sea Mud Mask for Face and Body - Spa Quality Pore Reducer for Acne, Blackheads & Oily Skin, Natural Skincare for Women, Men - Tightens Skin for A Healthier Complexion - 8.8 oz","Dead Sea mud contains 21 minerals and is one of the most mineral-rich mud on earth. It includes key skin-nourishing minerals such as sodium, magnesium, calcium, bromide, potassium, iron, sulfur, silicon dioxide and much more. Dead Sea Mud is known to have many soothing and calming properties that can help improve the skin appearance and relieve irritated skin at the same time. For this reason it is one of the most sought-after skin care addition.",Amazon Customer,Skin feels smooth,"This product is excellent.  I use it twice a week, and it leaves your skin feeling smooth and revitalized.Give it a try!",8/18/2024,4,Yes,0,0.6696,0.244,0.0,0.756,0.005077953916043043,0.008456140756607056,0.0007531842566095293,0.7815954685211182,0.19017864763736725,0.005387625657021999,0.008550908416509628
245,"New York Biology Dead Sea Mud Mask for Face and Body - Spa Quality Pore Reducer for Acne, Blackheads & Oily Skin, Natural Skincare for Women, Men - Tightens Skin for A Healthier Complexion - 8.8 oz","Dead Sea mud contains 21 minerals and is one of the most mineral-rich mud on earth. It includes key skin-nourishing minerals such as sodium, magnesium, calcium, bromide, potassium, iron, sulfur, silicon dioxide and much more. Dead Sea Mud is known to have many soothing and calming properties that can help improve the skin appearance and relieve irritated skin at the same time. For this reason it is one of the most sought-after skin care addition.",sandy,It was fine. Only used it once so don’t know long term results,Easy to use,9/7/2024,4,Yes,0,0.4404,0.592,0.0,0.408,0.0061488584615290165,0.0034807256888598204,0.0013735463144257665,0.11462777107954025,0.8453959822654724,0.004519881214946508,0.024453315883874893
246,"New York Biology Dead Sea Mud Mask for Face and Body - Spa Quality Pore Reducer for Acne, Blackheads & Oily Skin, Natural Skincare for Women, Men - Tightens Skin for A Healthier Complexion - 8.8 oz","Dead Sea mud contains 21 minerals and is one of the most mineral-rich mud on earth. It includes key skin-nourishing minerals such as sodium, magnesium, calcium, bromide, potassium, iron, sulfur, silicon dioxide and much more. Dead Sea Mud is known to have many soothing and calming properties that can help improve the skin appearance and relieve irritated skin at the same time. For this reason it is one of the most sought-after skin care addition.",K.T.,Haven't Had a Breakout Since I Started Using This,"I've never used a mud mask, but it seems like the right consistency. I feel a slight tingling on my skin while using the product. My face feels refreshed after. I think it smells fine. I use a couple papertowels and some warm water to remove it after 20 min. I accidentally left it on for over an hour one night, and it didn't seem to negatively impact my skin. I think it's going to take me awhile to use up the whole jar because it's a decent size. I've been using it 2x a week for a couple weeks now. I'll update this review if I end up with any wonderful or terrible results as I continue to use it.",8/4/2024,5,Yes,6,0.6808,0.105,0.059,0.835,0.004621831234544516,0.11526846140623093,0.009612537920475006,0.44184380769729614,0.32864898443222046,0.09519797563552856,0.004806269891560078
247,"New York Biology Dead Sea Mud Mask for Face and Body - Spa Quality Pore Reducer for Acne, Blackheads & Oily Skin, Natural Skincare for Women, Men - Tightens Skin for A Healthier Complexion - 8.8 oz","Dead Sea mud contains 21 minerals and is one of the most mineral-rich mud on earth. It includes key skin-nourishing minerals such as sodium, magnesium, calcium, bromide, potassium, iron, sulfur, silicon dioxide and much more. Dead Sea Mud is known to have many soothing and calming properties that can help improve the skin appearance and relieve irritated skin at the same time. For this reason it is one of the most sought-after skin care addition.",L R,Great mask,This is easy to apply and leaves my skin feeling clean but not stripped. Great value,9/24/2024,5,Yes,2,-0.6053,0.219,0.304,0.477,0.013713928870856762,0.057030580937862396,0.0016994730103760958,0.18882383406162262,0.7044644951820374,0.019466456025838852,0.014801216311752796
248,"New York Biology Dead Sea Mud Mask for Face and Body - Spa Quality Pore Reducer for Acne, Blackheads & Oily Skin, Natural Skincare for Women, Men - Tightens Skin for A Healthier Complexion - 8.8 oz","Dead Sea mud contains 21 minerals and is one of the most mineral-rich mud on earth. It includes key skin-nourishing minerals such as sodium, magnesium, calcium, bromide, potassium, iron, sulfur, silicon dioxide and much more. Dead Sea Mud is known to have many soothing and calming properties that can help improve the skin appearance and relieve irritated skin at the same time. For this reason it is one of the most sought-after skin care addition.",seija curtin,The Essential Oil is too much.,"While this is a high quality mud and has great potential to work, my nose needs it the most and the smell of the oil near my nose is too strong. I do have a sensitive nose and thus for most people, this may work fine!  I have no doubt I have a friend that will love the product.",7/23/2024,4,Yes,0,0.9215,0.25,0.07,0.681,0.015619084239006042,0.8325082063674927,0.019872194156050682,0.01613861881196499,0.09089763462543488,0.020407453179359436,0.004556681029498577
249,"New York Biology Dead Sea Mud Mask for Face and Body - Spa Quality Pore Reducer for Acne, Blackheads & Oily Skin, Natural Skincare for Women, Men - Tightens Skin for A Healthier Complexion - 8.8 oz","Dead Sea mud contains 21 minerals and is one of the most mineral-rich mud on earth. It includes key skin-nourishing minerals such as sodium, magnesium, calcium, bromide, potassium, iron, sulfur, silicon dioxide and much more. Dead Sea Mud is known to have many soothing and calming properties that can help improve the skin appearance and relieve irritated skin at the same time. For this reason it is one of the most sought-after skin care addition.",Jason S.,"as described, works well","Received the ""original"" style/scent. Does not have a harsh or strong smell. Seems to work well. Face felt very clean after like it would from a good face scrub. Container is fairly large and has a good amount of product inside. Will be repurchasing.",9/4/2024,5,Yes,5,0.9543,0.363,0.0,0.637,0.015731699764728546,0.31067100167274475,0.0036634840071201324,0.02827669493854046,0.6091821193695068,0.024863244965672493,0.007611661683768034
250,"New York Biology Dead Sea Mud Mask for Face and Body - Spa Quality Pore Reducer for Acne, Blackheads & Oily Skin, Natural Skincare for Women, Men - Tightens Skin for A Healthier Complexion - 8.8 oz","Dead Sea mud contains 21 minerals and is one of the most mineral-rich mud on earth. It includes key skin-nourishing minerals such as sodium, magnesium, calcium, bromide, potassium, iron, sulfur, silicon dioxide and much more. Dead Sea Mud is known to have many soothing and calming properties that can help improve the skin appearance and relieve irritated skin at the same time. For this reason it is one of the most sought-after skin care addition.",Tammy L Shoemaker,Good price,This product is good in my opinion because you don't have to use a whole lot to get it to cover your face. It dried very nicely and was very easy to remove. It made my face feel soft after I used it. I use it once a week. It could probably be used more often if you wanted.,8/27/2024,5,Yes,3,0.8514,0.152,0.0,0.848,0.00640250975266099,0.1946488618850708,0.006927274167537689,0.04279524087905884,0.7047790288925171,0.03589223325252533,0.008554792031645775
251,"New York Biology Dead Sea Mud Mask for Face and Body - Spa Quality Pore Reducer for Acne, Blackheads & Oily Skin, Natural Skincare for Women, Men - Tightens Skin for A Healthier Complexion - 8.8 oz","Dead Sea mud contains 21 minerals and is one of the most mineral-rich mud on earth. It includes key skin-nourishing minerals such as sodium, magnesium, calcium, bromide, potassium, iron, sulfur, silicon dioxide and much more. Dead Sea Mud is known to have many soothing and calming properties that can help improve the skin appearance and relieve irritated skin at the same time. For this reason it is one of the most sought-after skin care addition.",Carrie Duncan,Awesome Mud Mask,"I love this mask, it helps with my large pores and blackheads",8/17/2024,4,Yes,0,0.7783,0.43,0.0,0.57,0.010245787911117077,0.025886332616209984,0.000894292548764497,0.8218598961830139,0.11448780447244644,0.01993253454566002,0.006693318486213684
252,"New York Biology Dead Sea Mud Mask for Face and Body - Spa Quality Pore Reducer for Acne, Blackheads & Oily Skin, Natural Skincare for Women, Men - Tightens Skin for A Healthier Complexion - 8.8 oz","Dead Sea mud contains 21 minerals and is one of the most mineral-rich mud on earth. It includes key skin-nourishing minerals such as sodium, magnesium, calcium, bromide, potassium, iron, sulfur, silicon dioxide and much more. Dead Sea Mud is known to have many soothing and calming properties that can help improve the skin appearance and relieve irritated skin at the same time. For this reason it is one of the most sought-after skin care addition.",Lori Robles,Cleans pores!,Best mask ever. My black heads are nonexistent after using this,9/12/2024,5,Yes,0,0.6369,0.296,0.0,0.704,0.010004802606999874,0.07048039138317108,0.0062018707394599915,0.05283147096633911,0.8179700374603271,0.014087971299886703,0.028423452749848366
253,"New York Biology Dead Sea Mud Mask for Face and Body - Spa Quality Pore Reducer for Acne, Blackheads & Oily Skin, Natural Skincare for Women, Men - Tightens Skin for A Healthier Complexion - 8.8 oz","Dead Sea mud contains 21 minerals and is one of the most mineral-rich mud on earth. It includes key skin-nourishing minerals such as sodium, magnesium, calcium, bromide, potassium, iron, sulfur, silicon dioxide and much more. Dead Sea Mud is known to have many soothing and calming properties that can help improve the skin appearance and relieve irritated skin at the same time. For this reason it is one of the most sought-after skin care addition.",Amazon Customer,Good product!,"I only used this mask once and here was my experience. This mask had a nice lavender scent and was very easy to apply. I left it on for ten minutes, but it wasn’t close to dry so I left it on for an additional 5 minutes. Taking this mask off was a bit of a struggle, but it wasn’t too bad. After i had finished, my skin was feeling extremely soft and smooth. The visual change wasn’t very apparent, but I only used it one time. My skin felt extremely clean after and didn’t feel too dry. Make sure if you have sensitive skin, you test the mask in a small patch of skin before applying it to your entire face. Hope you enjoy this product as much as I do!",7/1/2024,5,Yes,20,0.9086,0.15,0.055,0.795,0.005238139536231756,0.06599888205528259,0.003404976101592183,0.28183889389038086,0.6034598350524902,0.029941633343696594,0.010117679834365845
254,"New York Biology Dead Sea Mud Mask for Face and Body - Spa Quality Pore Reducer for Acne, Blackheads & Oily Skin, Natural Skincare for Women, Men - Tightens Skin for A Healthier Complexion - 8.8 oz","Dead Sea mud contains 21 minerals and is one of the most mineral-rich mud on earth. It includes key skin-nourishing minerals such as sodium, magnesium, calcium, bromide, potassium, iron, sulfur, silicon dioxide and much more. Dead Sea Mud is known to have many soothing and calming properties that can help improve the skin appearance and relieve irritated skin at the same time. For this reason it is one of the most sought-after skin care addition.",Milanka,Mask,Best quality,9/17/2024,5,Yes,0,0.6369,0.808,0.0,0.192,0.006997819058597088,0.022987235337495804,0.0017264242051169276,0.03247394040226936,0.9033337831497192,0.007349254097789526,0.02513154037296772
255,"New York Biology Dead Sea Mud Mask for Face and Body - Spa Quality Pore Reducer for Acne, Blackheads & Oily Skin, Natural Skincare for Women, Men - Tightens Skin for A Healthier Complexion - 8.8 oz","Dead Sea mud contains 21 minerals and is one of the most mineral-rich mud on earth. It includes key skin-nourishing minerals such as sodium, magnesium, calcium, bromide, potassium, iron, sulfur, silicon dioxide and much more. Dead Sea Mud is known to have many soothing and calming properties that can help improve the skin appearance and relieve irritated skin at the same time. For this reason it is one of the most sought-after skin care addition.",Jai,Feels so refreshing,I love it! It makes my skin smooth and glowy after washing it off and it's so easy to wash off! It cleans my pores so well,9/1/2024,5,Yes,0,0.9055,0.329,0.0,0.671,0.004035084508359432,0.008034051395952702,0.0004418911412358284,0.9281408190727234,0.04691839590668678,0.0036207730881869793,0.008808969520032406
256,"New York Biology Dead Sea Mud Mask for Face and Body - Spa Quality Pore Reducer for Acne, Blackheads & Oily Skin, Natural Skincare for Women, Men - Tightens Skin for A Healthier Complexion - 8.8 oz","Dead Sea mud contains 21 minerals and is one of the most mineral-rich mud on earth. It includes key skin-nourishing minerals such as sodium, magnesium, calcium, bromide, potassium, iron, sulfur, silicon dioxide and much more. Dead Sea Mud is known to have many soothing and calming properties that can help improve the skin appearance and relieve irritated skin at the same time. For this reason it is one of the most sought-after skin care addition.",amazonreviewer,Works Wonderfully,Substance looks shiny and wet. Container is filled and has a high capacity. Skin will feel and look cleaner and healthier after use.,8/31/2024,5,Yes,0,0.1779,0.075,0.0,0.925,0.013212539255619049,0.3308198153972626,0.0016788577195256948,0.13252048194408417,0.48023721575737,0.03147047758102417,0.010060714557766914
257,"New York Biology Dead Sea Mud Mask for Face and Body - Spa Quality Pore Reducer for Acne, Blackheads & Oily Skin, Natural Skincare for Women, Men - Tightens Skin for A Healthier Complexion - 8.8 oz","Dead Sea mud contains 21 minerals and is one of the most mineral-rich mud on earth. It includes key skin-nourishing minerals such as sodium, magnesium, calcium, bromide, potassium, iron, sulfur, silicon dioxide and much more. Dead Sea Mud is known to have many soothing and calming properties that can help improve the skin appearance and relieve irritated skin at the same time. For this reason it is one of the most sought-after skin care addition.",Felicia,Face mask,"This stuff is amazing, does not have the greatest smell though.",7/21/2024,4,Yes,0,0.1109,0.235,0.208,0.557,0.011316070333123207,0.499755322933197,0.013405604287981987,0.023714886978268623,0.22330738604068756,0.012534411624073982,0.21596628427505493
258,"New York Biology Dead Sea Mud Mask for Face and Body - Spa Quality Pore Reducer for Acne, Blackheads & Oily Skin, Natural Skincare for Women, Men - Tightens Skin for A Healthier Complexion - 8.8 oz","Dead Sea mud contains 21 minerals and is one of the most mineral-rich mud on earth. It includes key skin-nourishing minerals such as sodium, magnesium, calcium, bromide, potassium, iron, sulfur, silicon dioxide and much more. Dead Sea Mud is known to have many soothing and calming properties that can help improve the skin appearance and relieve irritated skin at the same time. For this reason it is one of the most sought-after skin care addition.",Alison Miller,Ahh,"Love this mask. Glides on smoothly. Doesn't irritate skin at all. Easy to rinse off afterwards. Makes my skin feel so refreshed, clean, balanced, pore cleansing and skin glowing.",8/21/2024,5,Yes,0,0.9083,0.332,0.0,0.668,0.015816491097211838,0.028748193755745888,0.0006479382864199579,0.7547076344490051,0.17584136128425598,0.020477017387747765,0.0037613636814057827
259,"New York Biology Dead Sea Mud Mask for Face and Body - Spa Quality Pore Reducer for Acne, Blackheads & Oily Skin, Natural Skincare for Women, Men - Tightens Skin for A Healthier Complexion - 8.8 oz","Dead Sea mud contains 21 minerals and is one of the most mineral-rich mud on earth. It includes key skin-nourishing minerals such as sodium, magnesium, calcium, bromide, potassium, iron, sulfur, silicon dioxide and much more. Dead Sea Mud is known to have many soothing and calming properties that can help improve the skin appearance and relieve irritated skin at the same time. For this reason it is one of the most sought-after skin care addition.",Cecy ZO,Looks good,"Going to compare this product with a similar one from another brand , I noticed they changed the ingredients of the other one so I got curious and looked for the product to see which one was the original or at least to compare, I have been buying that one product for years and only now noticed there are about 2 different brands that sell this same product but labeled under a different name. I bought this one and  the other brand to compare the both of them and see which is better, right after I opened this I noticed they both looked, smelled and felt exactly the same! Which really made me question whether this is not just the exact same product labeled differently, so far a little sketchy. Then I tried removing it and noticed that the New York Biology one was a lot harder to remove than the other brand I usually buy, which made me think in all honesty that this one is probably not as good but I've yet to make a complete review I need to make sure there are no strange reactions on my skin and both products work correctly, also the fact it doesn't remove as easily doesn't necessarily make it a bad product, but like I mentioned before they literally look, smell and feel like the exact same product, I am not a fan of the new added smell of Lavender because even though I love lavender and that smell in particular, I really loved this product for it's particular smell it had and also the fact it had no added chemicals, or in this case, fragance, fragance usually contains alcohol and I'd assume that if you added lavender you also added alcohol which I am not a fan of with facial products. That being said, I've used the other one for years and I've never had an issue with it before, but I thought I should explain that I was using the old one without the lavender in it, still this is quite possibly my favourite face mask out of all the ones I have and will not stop using it unless I notice anything different with the new fragance, and just wondering what is the difference between this and the other competing brand I've seen. Like I said I have used that one for years but these both to me are exactly the same product, but I am unsure if they both added lavender or just tried to make a different product and then didn't? I will update my review after using them both for a while.",7/11/2020,5,Yes,2,0.9423,0.086,0.057,0.857,0.0080112861469388,0.026647452265024185,0.007347889710217714,0.0032498370856046677,0.10121409595012665,0.002173946937546134,0.8513554334640503
260,"New York Biology Dead Sea Mud Mask for Face and Body - Spa Quality Pore Reducer for Acne, Blackheads & Oily Skin, Natural Skincare for Women, Men - Tightens Skin for A Healthier Complexion - 8.8 oz","Dead Sea mud contains 21 minerals and is one of the most mineral-rich mud on earth. It includes key skin-nourishing minerals such as sodium, magnesium, calcium, bromide, potassium, iron, sulfur, silicon dioxide and much more. Dead Sea Mud is known to have many soothing and calming properties that can help improve the skin appearance and relieve irritated skin at the same time. For this reason it is one of the most sought-after skin care addition.",Kindle Customer,My skin looks like I'm a teen again!,"I haven't used a mask in years and I'm in my early 30s. This mask is amazing omg I cannot find a single pore on my face after using this!The scent is subtle and not overpowering, easy to apply and remove, cooling and soothing as well. It is important to get the original one for these results as I was not able to find the active ingredient in the others and some other reviews seem to suggest they do not work as well.I also used effaclear cleanser and did microdermabrasion before applying this for 10mins, followed by effaclear cream and apple stem cell cream.Highly recommend this for a thorough cleanse!",6/23/2024,5,Yes,17,0.9284,0.155,0.021,0.824,0.019822174683213234,0.4522280991077423,0.036201681941747665,0.031054338440299034,0.34507718682289124,0.020655345171689987,0.09496111422777176
261,"New York Biology Dead Sea Mud Mask for Face and Body - Spa Quality Pore Reducer for Acne, Blackheads & Oily Skin, Natural Skincare for Women, Men - Tightens Skin for A Healthier Complexion - 8.8 oz","Dead Sea mud contains 21 minerals and is one of the most mineral-rich mud on earth. It includes key skin-nourishing minerals such as sodium, magnesium, calcium, bromide, potassium, iron, sulfur, silicon dioxide and much more. Dead Sea Mud is known to have many soothing and calming properties that can help improve the skin appearance and relieve irritated skin at the same time. For this reason it is one of the most sought-after skin care addition.",Ida Hope,Long live the mask!,"I have beeb buying this face mask for the past 9ish years, probably the longest streak of a skincare product I’ve ever had. I have sensitive skin and this never caused any reaction. I use it here n there about every couple of weeks, and it keeps my skin clear and just…nice! Lasts me a bit over a year like that. I hope it stays continued,Love love",8/1/2024,5,Yes,4,0.9098,0.185,0.0,0.815,0.006004015449434519,0.004183904733508825,0.0011746269883587956,0.131145179271698,0.799502432346344,0.015612355433404446,0.04237746819853783
262,"New York Biology Dead Sea Mud Mask for Face and Body - Spa Quality Pore Reducer for Acne, Blackheads & Oily Skin, Natural Skincare for Women, Men - Tightens Skin for A Healthier Complexion - 8.8 oz","Dead Sea mud contains 21 minerals and is one of the most mineral-rich mud on earth. It includes key skin-nourishing minerals such as sodium, magnesium, calcium, bromide, potassium, iron, sulfur, silicon dioxide and much more. Dead Sea Mud is known to have many soothing and calming properties that can help improve the skin appearance and relieve irritated skin at the same time. For this reason it is one of the most sought-after skin care addition.",Excelente producto deja una suavidad en la cara,Mascarilla,Excelente producto deja muy suave la cara,8/29/2024,5,Yes,0,0.4588,0.333,0.0,0.667,0.014219509437680244,0.04041185975074768,0.006787259131669998,0.014883020892739296,0.87851881980896,0.026890795677900314,0.018288839608430862
263,"New York Biology Dead Sea Mud Mask for Face and Body - Spa Quality Pore Reducer for Acne, Blackheads & Oily Skin, Natural Skincare for Women, Men - Tightens Skin for A Healthier Complexion - 8.8 oz","Dead Sea mud contains 21 minerals and is one of the most mineral-rich mud on earth. It includes key skin-nourishing minerals such as sodium, magnesium, calcium, bromide, potassium, iron, sulfur, silicon dioxide and much more. Dead Sea Mud is known to have many soothing and calming properties that can help improve the skin appearance and relieve irritated skin at the same time. For this reason it is one of the most sought-after skin care addition.",Customer,Pores super clean,"I’ve been an esthetician for over 20 years so I’m picky about skincare productsI needed a clay mask for my husband, he has huge pores that fill up easilyThis was great, went on easy, dried within 10-15 minutes, and when he rinsed it off, I was blown away!, his skin looked so cleanIt has great ingredients and works beautifullyI highly recommend",7/30/2024,5,Yes,21,0.9476,0.234,0.0,0.766,0.027242742478847504,0.0077673401683568954,0.003290036926046014,0.0833638533949852,0.09000982344150543,0.00563234044238925,0.7826938033103943
264,"New York Biology Dead Sea Mud Mask for Face and Body - Spa Quality Pore Reducer for Acne, Blackheads & Oily Skin, Natural Skincare for Women, Men - Tightens Skin for A Healthier Complexion - 8.8 oz","Dead Sea mud contains 21 minerals and is one of the most mineral-rich mud on earth. It includes key skin-nourishing minerals such as sodium, magnesium, calcium, bromide, potassium, iron, sulfur, silicon dioxide and much more. Dead Sea Mud is known to have many soothing and calming properties that can help improve the skin appearance and relieve irritated skin at the same time. For this reason it is one of the most sought-after skin care addition.",Charity,Trying for the first time,"I'm trying this mask for the first time. After one use, I noticed the my skin looked more moisturized and refreshed. Seems to be a good product. Will buy again.",8/11/2024,5,Yes,0,0.4404,0.097,0.0,0.903,0.007336320821195841,0.044286299496889114,0.002441883785650134,0.1610671430826187,0.7177882790565491,0.018803657963871956,0.0482763908803463
265,"New York Biology Dead Sea Mud Mask for Face and Body - Spa Quality Pore Reducer for Acne, Blackheads & Oily Skin, Natural Skincare for Women, Men - Tightens Skin for A Healthier Complexion - 8.8 oz","Dead Sea mud contains 21 minerals and is one of the most mineral-rich mud on earth. It includes key skin-nourishing minerals such as sodium, magnesium, calcium, bromide, potassium, iron, sulfur, silicon dioxide and much more. Dead Sea Mud is known to have many soothing and calming properties that can help improve the skin appearance and relieve irritated skin at the same time. For this reason it is one of the most sought-after skin care addition.",Manuel C.,Exactly as described,Exactly as described,8/31/2024,5,Yes,0,0.0,0.0,0.0,1.0,0.0152504937723279,0.0075806439854204655,0.011316793039441109,0.01277346070855856,0.8958282470703125,0.01666366681456566,0.040586695075035095
266,"New York Biology Dead Sea Mud Mask for Face and Body - Spa Quality Pore Reducer for Acne, Blackheads & Oily Skin, Natural Skincare for Women, Men - Tightens Skin for A Healthier Complexion - 8.8 oz","Dead Sea mud contains 21 minerals and is one of the most mineral-rich mud on earth. It includes key skin-nourishing minerals such as sodium, magnesium, calcium, bromide, potassium, iron, sulfur, silicon dioxide and much more. Dead Sea Mud is known to have many soothing and calming properties that can help improve the skin appearance and relieve irritated skin at the same time. For this reason it is one of the most sought-after skin care addition.",AZ,Love this,"This product is lovely, smells great too",8/25/2024,5,Yes,0,0.836,0.612,0.0,0.388,0.0023775892332196236,0.01660594716668129,0.0013125224504619837,0.8303067088127136,0.13887690007686615,0.005742145702242851,0.004778129979968071
267,"New York Biology Dead Sea Mud Mask for Face and Body - Spa Quality Pore Reducer for Acne, Blackheads & Oily Skin, Natural Skincare for Women, Men - Tightens Skin for A Healthier Complexion - 8.8 oz","Dead Sea mud contains 21 minerals and is one of the most mineral-rich mud on earth. It includes key skin-nourishing minerals such as sodium, magnesium, calcium, bromide, potassium, iron, sulfur, silicon dioxide and much more. Dead Sea Mud is known to have many soothing and calming properties that can help improve the skin appearance and relieve irritated skin at the same time. For this reason it is one of the most sought-after skin care addition.",Charles Banks,Good mud mask,I would purchase it again,8/24/2024,5,Yes,0,0.0,0.0,0.0,1.0,0.018203753978013992,0.014251621440052986,0.005942277144640684,0.2237405776977539,0.6736977100372314,0.04535159468650818,0.018812483176589012
268,"New York Biology Dead Sea Mud Mask for Face and Body - Spa Quality Pore Reducer for Acne, Blackheads & Oily Skin, Natural Skincare for Women, Men - Tightens Skin for A Healthier Complexion - 8.8 oz","Dead Sea mud contains 21 minerals and is one of the most mineral-rich mud on earth. It includes key skin-nourishing minerals such as sodium, magnesium, calcium, bromide, potassium, iron, sulfur, silicon dioxide and much more. Dead Sea Mud is known to have many soothing and calming properties that can help improve the skin appearance and relieve irritated skin at the same time. For this reason it is one of the most sought-after skin care addition.",chris,Not the best but works,I was expecting this to reduce my pores but it didn’t. It’s still a good masque just not what I intended it to do for my pores.,5/23/2024,4,Yes,0,0.5927,0.143,0.0,0.857,0.03386228531599045,0.06689406931400299,0.005036999937146902,0.011899599805474281,0.5947641134262085,0.1541692614555359,0.1333736628293991
269,"New York Biology Dead Sea Mud Mask for Face and Body - Spa Quality Pore Reducer for Acne, Blackheads & Oily Skin, Natural Skincare for Women, Men - Tightens Skin for A Healthier Complexion - 8.8 oz","Dead Sea mud contains 21 minerals and is one of the most mineral-rich mud on earth. It includes key skin-nourishing minerals such as sodium, magnesium, calcium, bromide, potassium, iron, sulfur, silicon dioxide and much more. Dead Sea Mud is known to have many soothing and calming properties that can help improve the skin appearance and relieve irritated skin at the same time. For this reason it is one of the most sought-after skin care addition.",AubreyJoy,Weird smell and different container,"I used this product to help clarify my skin. I have lots of pore build-up and acne problems. I was hoping this would help with the oil production. The moment I put the mask on, I immediately felt a slight tingling sensation. I'm glad to say that the tingling sensation wasn't so bad that it would burn my skin (like what a lot of the other reviews say). Maybe if you have sensitive skin, this might not work for you. Or the sensation might be too much.A few immediate cons I noticed right off the bat were:1. The jar doesn't look like it does on the picture... it makes me worried that this product might not be real...2. To add to the worry of receiving a fake product, it has a weird smell that's pretty similar to the smell of sulfur. But the description says it's 'sulfur-free' so that's slightly suspicious.3. Even though I only put on a thin layer, it's taking more than 20 minutes to dry completely.Two immediate pros are:1. It applies on EXTREMELY smoothly!2. It doesn't leave any weird burns or over dries my skin.Overall it's a good product in it of itself, but the smell is pretty heinous... it might actually be grounds to return the item... but we'll see how long I can tolerate the smell...",6/29/2023,4,Yes,64,0.8821,0.096,0.055,0.849,0.011475661769509315,0.7647038102149963,0.03539260849356651,0.015265518799424171,0.15186288952827454,0.013065923936665058,0.008233512751758099
270,"New York Biology Dead Sea Mud Mask for Face and Body - Spa Quality Pore Reducer for Acne, Blackheads & Oily Skin, Natural Skincare for Women, Men - Tightens Skin for A Healthier Complexion - 8.8 oz","Dead Sea mud contains 21 minerals and is one of the most mineral-rich mud on earth. It includes key skin-nourishing minerals such as sodium, magnesium, calcium, bromide, potassium, iron, sulfur, silicon dioxide and much more. Dead Sea Mud is known to have many soothing and calming properties that can help improve the skin appearance and relieve irritated skin at the same time. For this reason it is one of the most sought-after skin care addition.",ItsBushido,Bien,Aunque hay que ser constantes,8/26/2024,5,Yes,0,0.0,0.0,0.0,1.0,0.05807086080312729,0.108427032828331,0.022701038047671318,0.016263442113995552,0.7320675253868103,0.031000614166259766,0.031469427049160004
271,"New York Biology Dead Sea Mud Mask for Face and Body - Spa Quality Pore Reducer for Acne, Blackheads & Oily Skin, Natural Skincare for Women, Men - Tightens Skin for A Healthier Complexion - 8.8 oz","Dead Sea mud contains 21 minerals and is one of the most mineral-rich mud on earth. It includes key skin-nourishing minerals such as sodium, magnesium, calcium, bromide, potassium, iron, sulfur, silicon dioxide and much more. Dead Sea Mud is known to have many soothing and calming properties that can help improve the skin appearance and relieve irritated skin at the same time. For this reason it is one of the most sought-after skin care addition.",Jordyn K.,Great Mask,"The New York Biology Dead Sea Mud Mask is a game-changer for my skincare routine. The combination of Dead Sea mud and tea infusions works wonders to detoxify and clarify my skin. After just one use, my pores appear smaller, and my complexion looks brighter and more radiant. I love that it's suitable for both face and body, making it a versatile addition to my skincare regimen.",4/1/2024,4,Yes,4,0.2195,0.134,0.11,0.756,0.003220398910343647,0.011225154623389244,0.0008215681882575154,0.8378170728683472,0.13374623656272888,0.00644018966704607,0.006729397922754288
272,"New York Biology Dead Sea Mud Mask for Face and Body - Spa Quality Pore Reducer for Acne, Blackheads & Oily Skin, Natural Skincare for Women, Men - Tightens Skin for A Healthier Complexion - 8.8 oz","Dead Sea mud contains 21 minerals and is one of the most mineral-rich mud on earth. It includes key skin-nourishing minerals such as sodium, magnesium, calcium, bromide, potassium, iron, sulfur, silicon dioxide and much more. Dead Sea Mud is known to have many soothing and calming properties that can help improve the skin appearance and relieve irritated skin at the same time. For this reason it is one of the most sought-after skin care addition.",Ali,Good,Good,6/13/2024,4,Yes,0,0.4404,1.0,0.0,0.0,0.05551932752132416,0.24031905829906464,0.008016170002520084,0.17202068865299225,0.4931046664714813,0.023890899494290352,0.007129109930247068
273,"New York Biology Dead Sea Mud Mask for Face and Body - Spa Quality Pore Reducer for Acne, Blackheads & Oily Skin, Natural Skincare for Women, Men - Tightens Skin for A Healthier Complexion - 8.8 oz","Dead Sea mud contains 21 minerals and is one of the most mineral-rich mud on earth. It includes key skin-nourishing minerals such as sodium, magnesium, calcium, bromide, potassium, iron, sulfur, silicon dioxide and much more. Dead Sea Mud is known to have many soothing and calming properties that can help improve the skin appearance and relieve irritated skin at the same time. For this reason it is one of the most sought-after skin care addition.",Yesterday,Very relaxing,"Maybe it's my imagination but after using the mask my face felt smoother and my pores looked smaller. You don't need very much and it spreads well. Compared to other clay masks that I've used, this one does not create very much of a tight feeling as it dries on the face. I think I got unscented but it kind of smelled like lavender to me (not complaining, just something to note)?",6/28/2024,5,Yes,2,0.4988,0.101,0.058,0.841,0.006981837097555399,0.3520376980304718,0.003754383185878396,0.0135093554854393,0.5948804616928101,0.012936335057020187,0.015899941325187683
274,"New York Biology Dead Sea Mud Mask for Face and Body - Spa Quality Pore Reducer for Acne, Blackheads & Oily Skin, Natural Skincare for Women, Men - Tightens Skin for A Healthier Complexion - 8.8 oz","Dead Sea mud contains 21 minerals and is one of the most mineral-rich mud on earth. It includes key skin-nourishing minerals such as sodium, magnesium, calcium, bromide, potassium, iron, sulfur, silicon dioxide and much more. Dead Sea Mud is known to have many soothing and calming properties that can help improve the skin appearance and relieve irritated skin at the same time. For this reason it is one of the most sought-after skin care addition.",Taj,"Could be better, could ABSOLUTELY be much worse","This is a great mask, but one issue is that it's kinda messy both to clean out of your sink (God help you if you forget to immediately do it and it starts to dry) and also it's annoying to get out from under your finger nails after applying (even though I keep mine very short, beware). It does work really well at removing excess oil without leaving your face totally dry which is why I like it so much. Also it's a great price point (and I've seen it on sale a lot too which is helpful)",1/24/2024,4,Yes,13,0.9316,0.189,0.076,0.735,0.019252575933933258,0.08108852803707123,0.0051677958108484745,0.083903007209301,0.7600618004798889,0.03800157457590103,0.012524728663265705
275,"New York Biology Dead Sea Mud Mask for Face and Body - Spa Quality Pore Reducer for Acne, Blackheads & Oily Skin, Natural Skincare for Women, Men - Tightens Skin for A Healthier Complexion - 8.8 oz","Dead Sea mud contains 21 minerals and is one of the most mineral-rich mud on earth. It includes key skin-nourishing minerals such as sodium, magnesium, calcium, bromide, potassium, iron, sulfur, silicon dioxide and much more. Dead Sea Mud is known to have many soothing and calming properties that can help improve the skin appearance and relieve irritated skin at the same time. For this reason it is one of the most sought-after skin care addition.",Mofi1710,Refrescante,Es una mascarilla bastante refrescante y deja la piel bien hidratada,5/24/2024,4,Yes,0,0.0,0.0,0.0,1.0,0.03014567866921425,0.022058097645640373,0.010567506775259972,0.13565705716609955,0.7536892294883728,0.019144678488373756,0.02873779460787773
276,"New York Biology Dead Sea Mud Mask for Face and Body - Spa Quality Pore Reducer for Acne, Blackheads & Oily Skin, Natural Skincare for Women, Men - Tightens Skin for A Healthier Complexion - 8.8 oz","Dead Sea mud contains 21 minerals and is one of the most mineral-rich mud on earth. It includes key skin-nourishing minerals such as sodium, magnesium, calcium, bromide, potassium, iron, sulfur, silicon dioxide and much more. Dead Sea Mud is known to have many soothing and calming properties that can help improve the skin appearance and relieve irritated skin at the same time. For this reason it is one of the most sought-after skin care addition.",David M.,Wrinkles-Be-Gone!!!,"This stuff is like I have never used before! You can almost literally feel it working in the facial skin when it almost instantly starts feeling tingly. I know for sure that it's made my face much smoother. As for washing it off, that's a different story. It doesn't come off as easily as I'd want it to, but I'll still give it a 5/5 for what it does.",6/22/2024,5,Yes,3,0.5662,0.113,0.0,0.887,0.00960578117519617,0.4451932907104492,0.1375529021024704,0.0028858042787760496,0.23697657883167267,0.035309042781591415,0.13247661292552948
277,"New York Biology Dead Sea Mud Mask for Face and Body - Spa Quality Pore Reducer for Acne, Blackheads & Oily Skin, Natural Skincare for Women, Men - Tightens Skin for A Healthier Complexion - 8.8 oz","Dead Sea mud contains 21 minerals and is one of the most mineral-rich mud on earth. It includes key skin-nourishing minerals such as sodium, magnesium, calcium, bromide, potassium, iron, sulfur, silicon dioxide and much more. Dead Sea Mud is known to have many soothing and calming properties that can help improve the skin appearance and relieve irritated skin at the same time. For this reason it is one of the most sought-after skin care addition.",Miguel Valdez,Dose it work?,Yes It dose leave your skin smooth with I like,5/21/2024,4,Yes,8,0.6124,0.419,0.097,0.484,0.008043088018894196,0.020603591576218605,0.0036426596343517303,0.12942297756671906,0.8182919025421143,0.013157745823264122,0.006838048808276653
278,"New York Biology Dead Sea Mud Mask for Face and Body - Spa Quality Pore Reducer for Acne, Blackheads & Oily Skin, Natural Skincare for Women, Men - Tightens Skin for A Healthier Complexion - 8.8 oz","Dead Sea mud contains 21 minerals and is one of the most mineral-rich mud on earth. It includes key skin-nourishing minerals such as sodium, magnesium, calcium, bromide, potassium, iron, sulfur, silicon dioxide and much more. Dead Sea Mud is known to have many soothing and calming properties that can help improve the skin appearance and relieve irritated skin at the same time. For this reason it is one of the most sought-after skin care addition.",Katherine,Can see it working,"I have combination/oily skin. I have always used a good cleanser, toner, and moisturizer. With that, as I'm getting older (mid 30s), I've noticed my skin looks dull. I decided to give this a try, and I'm amazed. I used a thick layer by mistake so it takes longer to dry, but I'm my magnifying mirror, I can literally see ""stuff"" coming out of my pores as the mask dries. I use warm water to easily wash it away and my skin not only looks healthier but it's the softest it's ever been. I will definitely be purchasing again!",5/4/2024,5,Yes,5,0.8687,0.135,0.036,0.829,0.005195714067667723,0.01287215854972601,0.0021392509806901217,0.0030693502631038427,0.027692560106515884,0.007610884960740805,0.9414200186729431
279,"New York Biology Dead Sea Mud Mask for Face and Body - Spa Quality Pore Reducer for Acne, Blackheads & Oily Skin, Natural Skincare for Women, Men - Tightens Skin for A Healthier Complexion - 8.8 oz","Dead Sea mud contains 21 minerals and is one of the most mineral-rich mud on earth. It includes key skin-nourishing minerals such as sodium, magnesium, calcium, bromide, potassium, iron, sulfur, silicon dioxide and much more. Dead Sea Mud is known to have many soothing and calming properties that can help improve the skin appearance and relieve irritated skin at the same time. For this reason it is one of the most sought-after skin care addition.",Kaylee Duncan,Not bad,"The media could not be loaded.I only tried this just yesterday, I feel like it’s too early to tell if it’s working. However, here was my experience. I got the original and I expected it to be unscented but it was actually scented lavender. That didn’t bother me but in case it bothers someone else. When I first put it on I felt a burning sensation. By the time the 10 mins was up it stopped burning and felt nice and cool. When I took the mask off I did feel over moisturized I have combination skin so it’s hard for me to find moisturizers that feel good to my skin… My face did not have any signs of irritation so that’s nice!",12/3/2023,4,Yes,30,0.5824,0.133,0.105,0.763,0.05355346202850342,0.13169321417808533,0.002308602211996913,0.026121269911527634,0.7368177771568298,0.03448866307735443,0.015016939491033554
280,"New York Biology Dead Sea Mud Mask for Face and Body - Spa Quality Pore Reducer for Acne, Blackheads & Oily Skin, Natural Skincare for Women, Men - Tightens Skin for A Healthier Complexion - 8.8 oz","Dead Sea mud contains 21 minerals and is one of the most mineral-rich mud on earth. It includes key skin-nourishing minerals such as sodium, magnesium, calcium, bromide, potassium, iron, sulfur, silicon dioxide and much more. Dead Sea Mud is known to have many soothing and calming properties that can help improve the skin appearance and relieve irritated skin at the same time. For this reason it is one of the most sought-after skin care addition.",Haunted Mermaid,Skin glows,"My skin glows after this and I have very picky skin. I also noticed my rosacea calms down after use. If I remembered to use it more, I think my skin would be happy.",7/16/2024,5,Yes,3,0.7184,0.176,0.0,0.824,0.008702157065272331,0.12940382957458496,0.0021376407239586115,0.18731802701950073,0.6156285405158997,0.045433856546878815,0.011375906877219677
281,"New York Biology Dead Sea Mud Mask for Face and Body - Spa Quality Pore Reducer for Acne, Blackheads & Oily Skin, Natural Skincare for Women, Men - Tightens Skin for A Healthier Complexion - 8.8 oz","Dead Sea mud contains 21 minerals and is one of the most mineral-rich mud on earth. It includes key skin-nourishing minerals such as sodium, magnesium, calcium, bromide, potassium, iron, sulfur, silicon dioxide and much more. Dead Sea Mud is known to have many soothing and calming properties that can help improve the skin appearance and relieve irritated skin at the same time. For this reason it is one of the most sought-after skin care addition.",Jeanie,Nice Mask,"Common Sense review: this is not a facelift in a jar or a chemical peel. If you have acne or blackheads, they will not be miraculously gone when you wash this mask off.My skin:  'normal', not oily or dry. No acne or blackheads. Hyper sensitive to anything with fragrance, or possibly anything at all. I had clogged pores causing occasional eruptions, so I bought a noncomedogenic cream, and wanted to clear my pores first.My procedure: The label and other sources recommend taking a shower or steaming your face before using a mask.  I don't get hung up on 'opening pores' - they don't open and close like windows. Plus when I wash off a mask at the sink, everything winds up drenched. Instead, I wash my face with warm water, apply the mask with a silicone spatula, time 10 minutes, then go in the shower and rinse it off.When I'm out, I rinse with cool water, pat dry, and Moisturize. Unless your skin is an oil slick, you really need to moisturize after using this mask. My hypersensitive skin tingles a bit during and after but doesn't burn.After first use: My skin looked brighter and like I just finished a workout. Most of the pores were noticeably cleared. I just used it for a second time and my skin looks even better.Recommended, but don't expect instant miracles.",1/31/2023,4,Yes,128,0.9011,0.077,0.007,0.916,0.011529705487191677,0.08992935717105865,0.014784830622375011,0.005895576905459166,0.8292384147644043,0.03440185263752937,0.014220256358385086
282,"New York Biology Dead Sea Mud Mask for Face and Body - Spa Quality Pore Reducer for Acne, Blackheads & Oily Skin, Natural Skincare for Women, Men - Tightens Skin for A Healthier Complexion - 8.8 oz","Dead Sea mud contains 21 minerals and is one of the most mineral-rich mud on earth. It includes key skin-nourishing minerals such as sodium, magnesium, calcium, bromide, potassium, iron, sulfur, silicon dioxide and much more. Dead Sea Mud is known to have many soothing and calming properties that can help improve the skin appearance and relieve irritated skin at the same time. For this reason it is one of the most sought-after skin care addition.",Carson M.,A  pampering gift,"The New York Biology Dead Sea Mud Mask is a luxurious and pampering gift that any girlfriend would absolutely adore. This spa-quality mask offers a delightful experience that enhances the skin's health and complexion.One of the standout features of this mud mask is its high-quality formulation. Infused with lavender, it delivers a soothing and relaxing aroma that creates a truly spa-like atmosphere during application. The mask's potent Dead Sea mud draws out impurities, helping to reduce the appearance of acne, blackheads, and excess oil, leaving the skin feeling refreshed and rejuvenated.Using this mask on both the face and body provides a complete and indulgent skincare experience. Its pore-reducing properties help to refine the skin's texture, giving it a smoother and healthier appearance.The 8.8 oz jar offers plenty of product for multiple applications, making it a long-lasting gift that your girlfriend can enjoy for many pampering sessions.In conclusion, the New York Biology Dead Sea Mud Mask is an excellent gift choice for any girlfriend who loves a luxurious and effective skincare routine. Its spa-quality formulation, lavender-infused aroma, and pore-reducing benefits will leave her feeling like she just had a relaxing day at the spa. Show your girlfriend that you care about her well-being and give her the gift of a delightful and pampering skincare experience with this Dead Sea mud mask.",7/29/2023,5,Yes,41,0.9926,0.257,0.069,0.674,0.003799204481765628,0.015402428805828094,0.0009290261077694595,0.7605879902839661,0.20269319415092468,0.01145506277680397,0.005133175291121006
283,"New York Biology Dead Sea Mud Mask for Face and Body - Spa Quality Pore Reducer for Acne, Blackheads & Oily Skin, Natural Skincare for Women, Men - Tightens Skin for A Healthier Complexion - 8.8 oz","Dead Sea mud contains 21 minerals and is one of the most mineral-rich mud on earth. It includes key skin-nourishing minerals such as sodium, magnesium, calcium, bromide, potassium, iron, sulfur, silicon dioxide and much more. Dead Sea Mud is known to have many soothing and calming properties that can help improve the skin appearance and relieve irritated skin at the same time. For this reason it is one of the most sought-after skin care addition.",Milton,I have very sensitive skin and large pores,"I purchased the Dead Sea Mud Mask. So far I have used it 4 times. I like that it doesn’t leave my skin red. I have bought more expensive products that irritate my skin. Although the product says it is for oily and acne prone skin, I do not have that problem. I think that is why it felt like it dried out my skin a little. I recently started using an oil or moisturizer immediately after I remove it. While it does leave my skin feeling softer, I still don’t know if its doing much of anything else (that is why I gave it fours stars). But I will be buying another one of their masks for my mom since she struggles with products for her sensitive skin too.",10/18/2023,4,Yes,21,-0.5605,0.051,0.08,0.868,0.2600244879722595,0.3296205401420593,0.004423920996487141,0.006601022090762854,0.36526620388031006,0.029145585373044014,0.004918187391012907
284,"New York Biology Dead Sea Mud Mask for Face and Body - Spa Quality Pore Reducer for Acne, Blackheads & Oily Skin, Natural Skincare for Women, Men - Tightens Skin for A Healthier Complexion - 8.8 oz","Dead Sea mud contains 21 minerals and is one of the most mineral-rich mud on earth. It includes key skin-nourishing minerals such as sodium, magnesium, calcium, bromide, potassium, iron, sulfur, silicon dioxide and much more. Dead Sea Mud is known to have many soothing and calming properties that can help improve the skin appearance and relieve irritated skin at the same time. For this reason it is one of the most sought-after skin care addition.",Hype,I felt...beautiful.,"Listen, I'm a manly man.  I'm 6ft tall, I work out.  I punch bears in the face.  Sometimes I even build cars from scratch with nothing but my hands & a flathead screwdriver.  However, I care about my skin.  As a teen, my face was always greasy & bumpy -- it looked like someone sprayed me with cooking oil & threw stale bacon bits on me.  Couple that with a squeaking voice when I spoke & you can imagine how far away girls stayed.As I grew older I took skincare very seriously.  I'm now in my mid 30s, for reference.  Noxema was a huge proponent in knocking out skin issues but naturally I decided to branch out.  THIS face mask is legit.  After the first time I ever used it, I felt beautiful.  My skin was smooth as a baby's booty, looked clean & had the appearance of a 4K movie.I spread it on maybe 30 mins before I shower and let it sit to dry.  I'm Puerto Rican -- we don't grow massive beards so I can imagine the difficulty of application for someone that looks like a lifelong Harley rider but for me it's fairly easy.  After wiping off my sink from the splashes that ricochet off of my facial hair, I'll hop in the shower & rinse with the hot water during wash.  Pat dry with a towel & I personally don't even need a moisturizer.This is the one.  The jar looks bigger than it really is, but it doesn't take much to correct your skin issues (unless of course they're health related) & have your face all pretty like a freshly minted penny.  I probably buy a new jar every 3-4 months as I don't use it daily, but 2-3 times a week works best for me.",6/22/2021,5,Yes,21,0.9897,0.138,0.019,0.843,0.015179216861724854,0.11718232184648514,0.019972560927271843,0.06715908646583557,0.6099041104316711,0.13524247705936432,0.03536023199558258
285,"New York Biology Dead Sea Mud Mask for Face and Body - Spa Quality Pore Reducer for Acne, Blackheads & Oily Skin, Natural Skincare for Women, Men - Tightens Skin for A Healthier Complexion - 8.8 oz","Dead Sea mud contains 21 minerals and is one of the most mineral-rich mud on earth. It includes key skin-nourishing minerals such as sodium, magnesium, calcium, bromide, potassium, iron, sulfur, silicon dioxide and much more. Dead Sea Mud is known to have many soothing and calming properties that can help improve the skin appearance and relieve irritated skin at the same time. For this reason it is one of the most sought-after skin care addition.",Camri,Works well,"I love this mask, it applies well, smells good, and seems to help clear up my face. 10/10 would recommend!!",7/30/2024,5,Yes,0,0.9484,0.575,0.0,0.425,0.015561632812023163,0.023420292884111404,0.0023999777622520924,0.8147727847099304,0.12247400730848312,0.004920965526252985,0.01645049825310707
286,"New York Biology Dead Sea Mud Mask for Face and Body - Spa Quality Pore Reducer for Acne, Blackheads & Oily Skin, Natural Skincare for Women, Men - Tightens Skin for A Healthier Complexion - 8.8 oz","Dead Sea mud contains 21 minerals and is one of the most mineral-rich mud on earth. It includes key skin-nourishing minerals such as sodium, magnesium, calcium, bromide, potassium, iron, sulfur, silicon dioxide and much more. Dead Sea Mud is known to have many soothing and calming properties that can help improve the skin appearance and relieve irritated skin at the same time. For this reason it is one of the most sought-after skin care addition.",July,😍😍😍,"The media could not be loaded.La recomiendo 100% . La uso para mis clientes, obviamente con el que corresponda , pero realmente es muy buena.",8/9/2024,5,Yes,2,0.0,0.0,0.0,1.0,0.10366617143154144,0.07719163596630096,0.04324350133538246,0.020919013768434525,0.6223773956298828,0.08526254445314407,0.047339655458927155
287,"New York Biology Dead Sea Mud Mask for Face and Body - Spa Quality Pore Reducer for Acne, Blackheads & Oily Skin, Natural Skincare for Women, Men - Tightens Skin for A Healthier Complexion - 8.8 oz","Dead Sea mud contains 21 minerals and is one of the most mineral-rich mud on earth. It includes key skin-nourishing minerals such as sodium, magnesium, calcium, bromide, potassium, iron, sulfur, silicon dioxide and much more. Dead Sea Mud is known to have many soothing and calming properties that can help improve the skin appearance and relieve irritated skin at the same time. For this reason it is one of the most sought-after skin care addition.",Andrea Robertson,Great,Live it. Feel good on and skin feels fresh after.,8/10/2024,5,Yes,0,0.6369,0.394,0.0,0.606,0.009833223186433315,0.027786046266555786,0.0009706302080303431,0.27771157026290894,0.6680470108985901,0.010740582831203938,0.004910938907414675
288,"New York Biology Dead Sea Mud Mask for Face and Body - Spa Quality Pore Reducer for Acne, Blackheads & Oily Skin, Natural Skincare for Women, Men - Tightens Skin for A Healthier Complexion - 8.8 oz","Dead Sea mud contains 21 minerals and is one of the most mineral-rich mud on earth. It includes key skin-nourishing minerals such as sodium, magnesium, calcium, bromide, potassium, iron, sulfur, silicon dioxide and much more. Dead Sea Mud is known to have many soothing and calming properties that can help improve the skin appearance and relieve irritated skin at the same time. For this reason it is one of the most sought-after skin care addition.",gregg watkins,Revitalizing,"The Dead Sea mask is a revitalizing skincare treatment that effectively removes dead skin cells and impurities. Infused with minerals from the Dead Sea, it leaves the skin feeling refreshed, smooth, and rejuvenated. The mask's deep-cleansing properties help to unclog pores and promote a clearer complexion. Suitable for various skin types, it's an excellent choice for those looking to enhance their skincare routine with a natural and luxurious product.",5/27/2024,5,Yes,11,0.0,0.185,0.15,0.664,0.004291701130568981,0.023124735802412033,0.0009378090617246926,0.5958863496780396,0.3442842662334442,0.024654407054185867,0.006820718292146921
289,"New York Biology Dead Sea Mud Mask for Face and Body - Spa Quality Pore Reducer for Acne, Blackheads & Oily Skin, Natural Skincare for Women, Men - Tightens Skin for A Healthier Complexion - 8.8 oz","Dead Sea mud contains 21 minerals and is one of the most mineral-rich mud on earth. It includes key skin-nourishing minerals such as sodium, magnesium, calcium, bromide, potassium, iron, sulfur, silicon dioxide and much more. Dead Sea Mud is known to have many soothing and calming properties that can help improve the skin appearance and relieve irritated skin at the same time. For this reason it is one of the most sought-after skin care addition.",Rose Marie,Made my skin very soft and clear,I have super sensitive skin and this was perfect! Made my face super soft and got rid of (most) of my pores. Easy to remove. Loved this. 100% buying after the tub runs out which I am assuming will be soon lol,6/26/2024,5,Yes,0,0.9698,0.386,0.0,0.614,0.008821808733046055,0.01758776232600212,0.0021430007182061672,0.30804118514060974,0.6098881959915161,0.017558427527546883,0.035959601402282715
290,"New York Biology Dead Sea Mud Mask for Face and Body - Spa Quality Pore Reducer for Acne, Blackheads & Oily Skin, Natural Skincare for Women, Men - Tightens Skin for A Healthier Complexion - 8.8 oz","Dead Sea mud contains 21 minerals and is one of the most mineral-rich mud on earth. It includes key skin-nourishing minerals such as sodium, magnesium, calcium, bromide, potassium, iron, sulfur, silicon dioxide and much more. Dead Sea Mud is known to have many soothing and calming properties that can help improve the skin appearance and relieve irritated skin at the same time. For this reason it is one of the most sought-after skin care addition.",Akash Shah,AMAZING PRODUCT!,Been applying this for over 2 weeks now and definitely been seeing noticable changes on my! It really is rejuvenating,7/29/2024,5,Yes,0,0.4574,0.143,0.0,0.857,0.0018841420533135533,0.0017242443282157183,0.0005502925487235188,0.9243081212043762,0.04117651283740997,0.015529245138168335,0.014827572740614414
291,"New York Biology Dead Sea Mud Mask for Face and Body - Spa Quality Pore Reducer for Acne, Blackheads & Oily Skin, Natural Skincare for Women, Men - Tightens Skin for A Healthier Complexion - 8.8 oz","Dead Sea mud contains 21 minerals and is one of the most mineral-rich mud on earth. It includes key skin-nourishing minerals such as sodium, magnesium, calcium, bromide, potassium, iron, sulfur, silicon dioxide and much more. Dead Sea Mud is known to have many soothing and calming properties that can help improve the skin appearance and relieve irritated skin at the same time. For this reason it is one of the most sought-after skin care addition.",Cass Hausserman,Smells and feels great,"I don’t have problematic skin but still like a mask once in a while. This one is nice and creamy and much less drying than most clay masks. I got eucalyptus and it smells great and has a cooling/slight tingly feeling. It doesn’t get fully dry where your face can’t move like some masks, which is good for me, but also may not clear pores as well, consequently.Highly recommend if you don’t need it to do something and just want a relaxing mask.",12/31/2023,4,Yes,2,0.9824,0.322,0.046,0.632,0.00453844852745533,0.04865255951881409,0.002173870801925659,0.5534277558326721,0.35742291808128357,0.028082141652703285,0.005702324211597443
292,"New York Biology Dead Sea Mud Mask for Face and Body - Spa Quality Pore Reducer for Acne, Blackheads & Oily Skin, Natural Skincare for Women, Men - Tightens Skin for A Healthier Complexion - 8.8 oz","Dead Sea mud contains 21 minerals and is one of the most mineral-rich mud on earth. It includes key skin-nourishing minerals such as sodium, magnesium, calcium, bromide, potassium, iron, sulfur, silicon dioxide and much more. Dead Sea Mud is known to have many soothing and calming properties that can help improve the skin appearance and relieve irritated skin at the same time. For this reason it is one of the most sought-after skin care addition.",Kayla Pratt,My packaging was clear not black. But still loved the mask.,Soothes my skin and doesn’t cause any irritation or redness.,8/5/2024,5,Yes,0,-0.5106,0.0,0.268,0.732,0.5309323072433472,0.14198575913906097,0.005206318572163582,0.004710083827376366,0.2371070832014084,0.07510986924171448,0.004948580637574196
293,"New York Biology Dead Sea Mud Mask for Face and Body - Spa Quality Pore Reducer for Acne, Blackheads & Oily Skin, Natural Skincare for Women, Men - Tightens Skin for A Healthier Complexion - 8.8 oz","Dead Sea mud contains 21 minerals and is one of the most mineral-rich mud on earth. It includes key skin-nourishing minerals such as sodium, magnesium, calcium, bromide, potassium, iron, sulfur, silicon dioxide and much more. Dead Sea Mud is known to have many soothing and calming properties that can help improve the skin appearance and relieve irritated skin at the same time. For this reason it is one of the most sought-after skin care addition.",KomalR,At-Home Spa Perfection: The Ultimate Skin-Cleansing Face Mask,"I absolutely adore this face mask and make it a point to use it weekly. The clean, smooth feeling it leaves on my skin post-use is incomparable. Although it takes a bit of time to dry, the results are worth the wait and simply fantastic. Using this product feels like a therapeutic ritual; it leaves my skin feeling newborn soft, clean, and breathable. It's a spa-grade experience without ever leaving home.As the mask sets, the sensation of it tightening and drying, accompanied by a gentle tingling, signals its effectiveness. Watching it pull impurities from my pores, which appear significantly reduced afterward, is incredibly satisfying. My skin emerges refreshed, revitalized, and radiating a healthy glow after each application. This face mask is a game-changer for achieving a smooth, glowing complexion.",2/13/2024,5,Yes,62,0.9781,0.211,0.0,0.789,0.0036488238256424665,0.0331946536898613,0.002082312013953924,0.7672568559646606,0.17659807205200195,0.011228707619011402,0.005990670528262854
294,"New York Biology Dead Sea Mud Mask for Face and Body - Spa Quality Pore Reducer for Acne, Blackheads & Oily Skin, Natural Skincare for Women, Men - Tightens Skin for A Healthier Complexion - 8.8 oz","Dead Sea mud contains 21 minerals and is one of the most mineral-rich mud on earth. It includes key skin-nourishing minerals such as sodium, magnesium, calcium, bromide, potassium, iron, sulfur, silicon dioxide and much more. Dead Sea Mud is known to have many soothing and calming properties that can help improve the skin appearance and relieve irritated skin at the same time. For this reason it is one of the most sought-after skin care addition.",Aaron,Treat yourself,"I recently tried this Dead Sea mud mask, and I have to say, I'm really impressed. The first thing I noticed was how silky and smooth the texture of the mask was. It was easy to apply, and it went on smoothly without any clumps or bumps.After letting the mask sit for a few minutes, I could feel it working its magic. It started to tighten and dry on my skin, and I could feel a slight tingling sensation. While it was drying, I could see the impurities being drawn out of my skin, and my pores looked visibly smaller after I washed the mask off. My skin felt refreshed and revitalized after using it, and I was left with a smooth, glowing complexion.Another thing I appreciated about this mud mask was that it didn't leave my skin feeling dry or tight, like some other masks can. Instead, it left my skin feeling soft and hydrated, which is a rare treat for me. I've used this mask several times now, and I've noticed that it helps to reduce the appearance of blemishes and fine lines as well.Overall, I'm really happy with this Dead Sea mud mask, and I would highly recommend it to anyone looking for an effective, yet gentle skincare treatment. It's a great way to pamper your skin and give it the nourishment it needs to look its best.",3/29/2023,5,Yes,75,0.9821,0.176,0.041,0.784,0.0030163764022290707,0.055589791387319565,0.0024681289214640856,0.6387922763824463,0.2306264191865921,0.021538877859711647,0.04796818643808365
295,"New York Biology Dead Sea Mud Mask for Face and Body - Spa Quality Pore Reducer for Acne, Blackheads & Oily Skin, Natural Skincare for Women, Men - Tightens Skin for A Healthier Complexion - 8.8 oz","Dead Sea mud contains 21 minerals and is one of the most mineral-rich mud on earth. It includes key skin-nourishing minerals such as sodium, magnesium, calcium, bromide, potassium, iron, sulfur, silicon dioxide and much more. Dead Sea Mud is known to have many soothing and calming properties that can help improve the skin appearance and relieve irritated skin at the same time. For this reason it is one of the most sought-after skin care addition.",keri miller,Cleansing,I really like this mask. I use it twice a week and can really tell a difference in the appearance of my skin. I have sensitive skin and this doesn’t bother it at all.,7/7/2024,5,Yes,0,0.101,0.087,0.075,0.839,0.01157537754625082,0.09650518000125885,0.005268745590001345,0.24427087604999542,0.6072680950164795,0.021290933713316917,0.013820788823068142
296,"New York Biology Dead Sea Mud Mask for Face and Body - Spa Quality Pore Reducer for Acne, Blackheads & Oily Skin, Natural Skincare for Women, Men - Tightens Skin for A Healthier Complexion - 8.8 oz","Dead Sea mud contains 21 minerals and is one of the most mineral-rich mud on earth. It includes key skin-nourishing minerals such as sodium, magnesium, calcium, bromide, potassium, iron, sulfur, silicon dioxide and much more. Dead Sea Mud is known to have many soothing and calming properties that can help improve the skin appearance and relieve irritated skin at the same time. For this reason it is one of the most sought-after skin care addition.",Ally,Great mask!,You can feel this mask working! It is easy to put on and spread over your face. It also is easy to remove without much scrubbing which is a big win for me.,6/13/2024,5,Yes,0,0.8718,0.254,0.0,0.746,0.01779947802424431,0.10322125256061554,0.002322582295164466,0.3683898448944092,0.48533108830451965,0.006893055979162455,0.016042696312069893
297,"New York Biology Dead Sea Mud Mask for Face and Body - Spa Quality Pore Reducer for Acne, Blackheads & Oily Skin, Natural Skincare for Women, Men - Tightens Skin for A Healthier Complexion - 8.8 oz","Dead Sea mud contains 21 minerals and is one of the most mineral-rich mud on earth. It includes key skin-nourishing minerals such as sodium, magnesium, calcium, bromide, potassium, iron, sulfur, silicon dioxide and much more. Dead Sea Mud is known to have many soothing and calming properties that can help improve the skin appearance and relieve irritated skin at the same time. For this reason it is one of the most sought-after skin care addition.",Shelby B.,Face feels smooth and clean,Leaves my face feeling smooth and clwan.,7/22/2024,5,Yes,0,0.128,0.2,0.0,0.8,0.0026314430870115757,0.006621795240789652,0.0007073544547893107,0.9333584904670715,0.04710882157087326,0.007395565509796143,0.0021766209974884987
298,"New York Biology Dead Sea Mud Mask for Face and Body - Spa Quality Pore Reducer for Acne, Blackheads & Oily Skin, Natural Skincare for Women, Men - Tightens Skin for A Healthier Complexion - 8.8 oz","Dead Sea mud contains 21 minerals and is one of the most mineral-rich mud on earth. It includes key skin-nourishing minerals such as sodium, magnesium, calcium, bromide, potassium, iron, sulfur, silicon dioxide and much more. Dead Sea Mud is known to have many soothing and calming properties that can help improve the skin appearance and relieve irritated skin at the same time. For this reason it is one of the most sought-after skin care addition.",Angelique L. LaVonda,Sea weed is used as a mask; Sea weed salad ‘s are delicious.,"Most effective when placed on face, neck, back of neck after shower/bathe….. I placed before shower/bathe, didn’t notice any difference, when followed directions , the mishap with my retinol product application, the sun damage , application of the seaweed mask ,quick reversed my mistake.",5/30/2024,5,Yes,0,-0.2975,0.072,0.119,0.809,0.07521898299455643,0.04031742736697197,0.05834922567009926,0.03925229236483574,0.26414552330970764,0.19359609484672546,0.3291204273700714
299,"New York Biology Dead Sea Mud Mask for Face and Body - Spa Quality Pore Reducer for Acne, Blackheads & Oily Skin, Natural Skincare for Women, Men - Tightens Skin for A Healthier Complexion - 8.8 oz","Dead Sea mud contains 21 minerals and is one of the most mineral-rich mud on earth. It includes key skin-nourishing minerals such as sodium, magnesium, calcium, bromide, potassium, iron, sulfur, silicon dioxide and much more. Dead Sea Mud is known to have many soothing and calming properties that can help improve the skin appearance and relieve irritated skin at the same time. For this reason it is one of the most sought-after skin care addition.",Carminia,Good,It made my skin clean and soft.,7/21/2024,5,Yes,0,0.4019,0.31,0.0,0.69,0.011025882326066494,0.572915256023407,0.007889727130532265,0.06934170424938202,0.2868558466434479,0.04643881320953369,0.005532717797905207
300,DERMAL 24 Combo Pack A Collagen Essence Korean Face Mask - Hydrating & Soothing Facial Mask with Panthenol - Hypoallergenic Self Care Sheet Mask for All Skin Types - Natural Home Spa Treatment Mask,,Kerri,Face feels and looks wonderful!,I’ve bought countless facial products and never found one I love more than these! I bought the variety pack and have already reordered. I keep them in the refrigerator and use 3-4 times a week for 20 minutes. The price can’t be beat and my face has never felt or looked better! Will definitely be ordering even more.,9/30/2024,5,Yes,9,0.4245,0.102,0.056,0.842,0.013340954668819904,0.003023233264684677,0.0015685404650866985,0.3224336802959442,0.4039657711982727,0.011471922509372234,0.24419592320919037
301,DERMAL 24 Combo Pack A Collagen Essence Korean Face Mask - Hydrating & Soothing Facial Mask with Panthenol - Hypoallergenic Self Care Sheet Mask for All Skin Types - Natural Home Spa Treatment Mask,,Amazon Customer,Just as Good as Those Popular Korean Masks—Amazing Value!,"As a Korean, I've tried just about every popular Korean face mask out there, and I have to say, this one is fantastic! To be honest, I was a bit skeptical at first because the brand is new to me and the price is so affordable, especially compared to well-known Korean brands like Mediheal. But it delivers results that are just as good, if not better.After using this mask, my skin feels incredibly smooth and looks noticeably more radiant. I've never had any breakouts or irritation from it. Also, since I started using this product, I haven't purchased any of the more expensive Korean masks because this one is just as good as those expensive Korean masks. I highly recommend this mask if you're looking for effective skincare without breaking the bank.",9/1/2024,5,Yes,22,0.9699,0.192,0.041,0.767,0.016494493931531906,0.012796216644346714,0.0757264569401741,0.2125728279352188,0.4735824763774872,0.0048378221690654755,0.2039896547794342
302,DERMAL 24 Combo Pack A Collagen Essence Korean Face Mask - Hydrating & Soothing Facial Mask with Panthenol - Hypoallergenic Self Care Sheet Mask for All Skin Types - Natural Home Spa Treatment Mask,,Britt,Great product,I love these. They really hydrate my skin at the end of a long day. The only one in the variety pack I can say is bad and I throw away if I get it is the wine scented one. It’s is very pungent and smells bad!,10/20/2024,5,Yes,0,-0.4753,0.083,0.144,0.772,0.007548292633146048,0.9506576657295227,0.0020051042083650827,0.002064730506390333,0.024425940588116646,0.012116590514779091,0.0011816404294222593
303,DERMAL 24 Combo Pack A Collagen Essence Korean Face Mask - Hydrating & Soothing Facial Mask with Panthenol - Hypoallergenic Self Care Sheet Mask for All Skin Types - Natural Home Spa Treatment Mask,,B,"Great value, smell is annoying","Second time ordering these and I like them. They provide a nice moisturized pick me up, and you get a good amount and variety for a fairly low cost. They fit really well on the face, and they're a good quality and thickness so they're easy to unfold and place. I don't know if the masks are actually different but I'm not really using them for that.The only drawback for me is the smell, it's not very strong to me but it is annoying so anyone with a good sense of smell would probably hate these. It's like a kind of floral scent I think. If these were unscented they would be tremendous.",2/9/2024,4,Yes,8,0.2863,0.161,0.112,0.727,0.08630740642547607,0.7221313714981079,0.0028312315698713064,0.02374565228819847,0.15047571063041687,0.01176911499351263,0.002739602467045188
304,DERMAL 24 Combo Pack A Collagen Essence Korean Face Mask - Hydrating & Soothing Facial Mask with Panthenol - Hypoallergenic Self Care Sheet Mask for All Skin Types - Natural Home Spa Treatment Mask,,Yesenia,Perfectt,I've been looking for some collagen masks and these are so good. It comes with a variety and they all have different things it helps with. They are all very hydrating and I can honestly see a noticeably healthier skin afterwards. I use them about 2 times a week. And some of them smell really good which I love. It's great for a self care day or the day before a date. Makes me feel more beautiful.,10/26/2024,5,Yes,0,0.9835,0.326,0.0,0.674,0.005237005650997162,0.07004748284816742,0.0015276556368917227,0.3974316418170929,0.5043098330497742,0.011168437078595161,0.01027793437242508
305,DERMAL 24 Combo Pack A Collagen Essence Korean Face Mask - Hydrating & Soothing Facial Mask with Panthenol - Hypoallergenic Self Care Sheet Mask for All Skin Types - Natural Home Spa Treatment Mask,,Candy,A Collagen Essence Korean Face Mask: A Budget-Friendly Treat,"DERMAL 24's Combo Pack A Collagen Essence Korean Face Mask offers an excellent value for the price. These masks are packed with beneficial ingredients, including collagen, which is known for its ability to improve skin elasticity and reduce the appearance of fine lines.One of the standout features of these masks is their YUKA rating of 76/100. This indicates that the ingredients used are generally safe and non-harmful for the skin. This is reassuring for those who prioritize using natural and gentle skincare products.Overall, the DERMAL 24 Combo Pack A Collagen Essence Korean Face Mask is a fantastic choice for anyone looking for an affordable and effective way to pamper their skin. The combination of quality ingredients and reasonable price make it a worthwhile investment.",9/3/2024,5,Yes,12,0.9862,0.252,0.0,0.748,0.004913541488349438,0.016788266599178314,0.004384356550872326,0.49335426092147827,0.4670714735984802,0.006162521429359913,0.007325503975152969
306,DERMAL 24 Combo Pack A Collagen Essence Korean Face Mask - Hydrating & Soothing Facial Mask with Panthenol - Hypoallergenic Self Care Sheet Mask for All Skin Types - Natural Home Spa Treatment Mask,,vickie,Very hydrating,These are fantastic!! My skin feels so soft!! I also use after dermarolling because it's so soothing. I love the variety in the pack,9/9/2024,5,Yes,5,0.9222,0.392,0.0,0.608,0.00362319010309875,0.02963845431804657,0.0027031467761844397,0.8307703137397766,0.09666227549314499,0.020181477069854736,0.016421226784586906
307,DERMAL 24 Combo Pack A Collagen Essence Korean Face Mask - Hydrating & Soothing Facial Mask with Panthenol - Hypoallergenic Self Care Sheet Mask for All Skin Types - Natural Home Spa Treatment Mask,,Surf,Been using for over a year and its wonderfully helpful!,Got this for my wife since we live in a dry climate. Hydrates her skin so well she asked for more and then I tried it.  (i never did masks.) Our faces felt so much better and our family even asked if we used something. It was weird honestly but good! Have been using over a year now (kept reordering) and we space it out to save money but this is a great product. Will keep buying again as long it the formula stays the same.,10/31/2024,5,Yes,0,0.9623,0.208,0.014,0.778,0.004502070602029562,0.017115652561187744,0.008486852049827576,0.5767002105712891,0.18426133692264557,0.008454974740743637,0.2004789263010025
308,DERMAL 24 Combo Pack A Collagen Essence Korean Face Mask - Hydrating & Soothing Facial Mask with Panthenol - Hypoallergenic Self Care Sheet Mask for All Skin Types - Natural Home Spa Treatment Mask,,Ed,Great moisturizing mask,"This is my third year buying these masks. I typically have very dry skin in winter months. Whenever I use these masks, my face feels so hydrated and stays dewy and moist for days.  My makeup goes on smoother and more evenly after using this. The ingredients are not irritating. The mask unfolds and covers all areas well. There is extra liquid in the package that you can save for the next few days if you want to use it for continuous hydration.",10/9/2024,5,Yes,2,0.7952,0.105,0.0,0.895,0.028113538399338722,0.12422652542591095,0.0017833048477768898,0.1314910501241684,0.6831850409507751,0.023189552128314972,0.00801099743694067
309,DERMAL 24 Combo Pack A Collagen Essence Korean Face Mask - Hydrating & Soothing Facial Mask with Panthenol - Hypoallergenic Self Care Sheet Mask for All Skin Types - Natural Home Spa Treatment Mask,,CLunkuse,I love this product,"I love this product - it makes the face look dewy and bright. Sometimes instead of using it as a mask, I make it last it over 2 to 3 days, and just use the gel in the pack as serum in the mornings before applying moisturizer. I seal off the pack during that time to avoid contaminiation and the results have been really good. I use one pack every week over 3 days.",10/5/2024,5,Yes,0,0.8439,0.14,0.03,0.83,0.008851245045661926,0.047575823962688446,0.002411514986306429,0.3577139675617218,0.5670986175537109,0.009153518825769424,0.007195372600108385
310,DERMAL 24 Combo Pack A Collagen Essence Korean Face Mask - Hydrating & Soothing Facial Mask with Panthenol - Hypoallergenic Self Care Sheet Mask for All Skin Types - Natural Home Spa Treatment Mask,,kelly,Noticeable smoothness,"After a few uses, I instantly started noticing my skin being more moisturized, (specifically under my eyes) and the few fine lines I had are less noticeable.",10/29/2024,5,Yes,0,0.2023,0.073,0.0,0.927,0.021520402282476425,0.24592891335487366,0.008963254280388355,0.02946765162050724,0.5953472852706909,0.020740726962685585,0.0780317410826683
311,DERMAL 24 Combo Pack A Collagen Essence Korean Face Mask - Hydrating & Soothing Facial Mask with Panthenol - Hypoallergenic Self Care Sheet Mask for All Skin Types - Natural Home Spa Treatment Mask,,joe,It is all good,It is all good,11/1/2024,5,Yes,0,0.4404,0.492,0.0,0.508,0.006177954375743866,0.004208264406770468,0.0008159758290275931,0.7211796641349792,0.24936151504516602,0.006515196990221739,0.011741441674530506
312,DERMAL 24 Combo Pack A Collagen Essence Korean Face Mask - Hydrating & Soothing Facial Mask with Panthenol - Hypoallergenic Self Care Sheet Mask for All Skin Types - Natural Home Spa Treatment Mask,,Jennifer Helsel,Love these,Love these so many options such a great value my daughters love them too,10/23/2024,5,Yes,0,0.9423,0.623,0.0,0.377,0.0012150062248110771,0.0008502276032231748,0.0003159215266350657,0.9777613878250122,0.010682567022740841,0.0044490578584373,0.004725807346403599
313,DERMAL 24 Combo Pack A Collagen Essence Korean Face Mask - Hydrating & Soothing Facial Mask with Panthenol - Hypoallergenic Self Care Sheet Mask for All Skin Types - Natural Home Spa Treatment Mask,,Amazon Customer,Good price,Quality is not bad. It makes the skin glow after use. Don’t feel sticky while using. I’ve been repurchasing for so ma y times.,10/14/2024,5,Yes,0,0.431,0.115,0.0,0.885,0.02687857486307621,0.7782223224639893,0.017257273197174072,0.0029092233162373304,0.13298997282981873,0.03671136125922203,0.005031336564570665
314,DERMAL 24 Combo Pack A Collagen Essence Korean Face Mask - Hydrating & Soothing Facial Mask with Panthenol - Hypoallergenic Self Care Sheet Mask for All Skin Types - Natural Home Spa Treatment Mask,,CODY MICHAEL NICHOLSON,Great masks!,Consistent and easy,10/27/2024,5,Yes,0,0.4404,0.592,0.0,0.408,0.014237288385629654,0.010851158760488033,0.0014843817334622145,0.07173558324575424,0.8900789022445679,0.006818551104515791,0.004794188775122166
315,DERMAL 24 Combo Pack A Collagen Essence Korean Face Mask - Hydrating & Soothing Facial Mask with Panthenol - Hypoallergenic Self Care Sheet Mask for All Skin Types - Natural Home Spa Treatment Mask,,Tena,Goooooooood,Goooooooood,10/28/2024,5,Yes,0,0.0,0.0,0.0,1.0,0.00904674082994461,0.005826236680150032,0.003619645955041051,0.4826148748397827,0.07439325749874115,0.027928493916988373,0.39657077193260193
316,DERMAL 24 Combo Pack A Collagen Essence Korean Face Mask - Hydrating & Soothing Facial Mask with Panthenol - Hypoallergenic Self Care Sheet Mask for All Skin Types - Natural Home Spa Treatment Mask,,Jess,Loves it,I loved Asian skincare and this mask are my go to keeping my skin soft and smooth,10/15/2024,5,Yes,0,0.5994,0.206,0.0,0.794,0.0024052716325968504,0.005056450609117746,0.0008858487708494067,0.9329044818878174,0.040961842983961105,0.011971631087362766,0.005814386066049337
317,DERMAL 24 Combo Pack A Collagen Essence Korean Face Mask - Hydrating & Soothing Facial Mask with Panthenol - Hypoallergenic Self Care Sheet Mask for All Skin Types - Natural Home Spa Treatment Mask,,lacreole1,veru nice,you could save the extra serum in a bottle and use also,10/18/2024,5,Yes,0,0.4939,0.242,0.0,0.758,0.008099092170596123,0.010859374888241291,0.0017108992906287313,0.006360272876918316,0.9606428146362305,0.006951427552849054,0.005376010667532682
318,DERMAL 24 Combo Pack A Collagen Essence Korean Face Mask - Hydrating & Soothing Facial Mask with Panthenol - Hypoallergenic Self Care Sheet Mask for All Skin Types - Natural Home Spa Treatment Mask,,Item as described. Excellent quality for the price and traveling needs.,Excellent quality especially for the price.,Helps tremendously with variety.,10/23/2024,5,Yes,0,0.3818,0.464,0.0,0.536,0.003706390503793955,0.008398007601499557,0.0015950894448906183,0.5101045966148376,0.452438622713089,0.005402271635830402,0.018355101346969604
319,DERMAL 24 Combo Pack A Collagen Essence Korean Face Mask - Hydrating & Soothing Facial Mask with Panthenol - Hypoallergenic Self Care Sheet Mask for All Skin Types - Natural Home Spa Treatment Mask,,Jonathan,Great for guys too you know!,"If you are in the sun a lot like I am, these are great.  Best when used after shaving.  Helps prevent wrinkles around the eyes and keeps everything moisturized.  These get used about 2-3x per week.  Skin feels great afterwards.",9/23/2024,5,Yes,2,0.9559,0.368,0.0,0.632,0.003759222337976098,0.007403651252388954,0.0014789088163524866,0.7454684376716614,0.2130134254693985,0.01497874315828085,0.013897573575377464
320,DERMAL 24 Combo Pack A Collagen Essence Korean Face Mask - Hydrating & Soothing Facial Mask with Panthenol - Hypoallergenic Self Care Sheet Mask for All Skin Types - Natural Home Spa Treatment Mask,,BookCase,Cooling and lovely scent,"Have used a few of these so far and am pleased with how they feel very cool and relaxing on the face with a lovely scent to the ones I have tried. You do have to be very careful when taking them out of the package as they are very wet and slippery and difficult to unfold without tearing – be warned. There is also an amount of the liquid inside the foil package and it can drip all over you so be careful to take it out in your palm, and then add it to the mask once it is on your face. Unless you have x-ray vision, you will never read the instructions because they are so tiny. It's enough to know you have to put it on a clean face and leave for about 15 minutes to get the full benefit. You can leave the eyelids up or down and the same with the mouth. Hope you don't get a phone call while you're wearing it. Good deal to buy this large package and treat yourself to a frequent facial. I would buy this again and recommend it.",7/13/2024,5,Yes,3,0.9837,0.178,0.024,0.798,0.005704780574887991,0.036719661206007004,0.018643878400325775,0.02145552448928356,0.9005385041236877,0.013212161138653755,0.0037254339549690485
321,DERMAL 24 Combo Pack A Collagen Essence Korean Face Mask - Hydrating & Soothing Facial Mask with Panthenol - Hypoallergenic Self Care Sheet Mask for All Skin Types - Natural Home Spa Treatment Mask,,Brittney Greene,Lovely,These work so well and the variety is just marvelous. Highly recommend,10/12/2024,5,Yes,0,0.8568,0.512,0.0,0.488,0.0020565001759678125,0.003567121922969818,0.0013639616081491113,0.868102490901947,0.10560866445302963,0.0027045332826673985,0.01659676805138588
322,DERMAL 24 Combo Pack A Collagen Essence Korean Face Mask - Hydrating & Soothing Facial Mask with Panthenol - Hypoallergenic Self Care Sheet Mask for All Skin Types - Natural Home Spa Treatment Mask,,Chloe Harris,Nice masks for the price,These marks are nice. They are worth the money for how many come in the pack. They fit somewhat well but you have to be laying down or they will kind of fall off. It does feel refreshing when I take them off and I can see my skin looks brighter. The masks themselves are thick and don’t have a strong scent.,8/19/2024,4,Yes,11,0.9072,0.213,0.0,0.787,0.0032434796448796988,0.019096633419394493,0.0009529076633043587,0.8760010600090027,0.08730965107679367,0.00926597323268652,0.004130277317017317
323,DERMAL 24 Combo Pack A Collagen Essence Korean Face Mask - Hydrating & Soothing Facial Mask with Panthenol - Hypoallergenic Self Care Sheet Mask for All Skin Types - Natural Home Spa Treatment Mask,,Janice A. Rollins,Love it !,I have only used one so far and loved it.,10/5/2024,5,Yes,0,0.6326,0.342,0.0,0.658,0.006451666355133057,0.0067922999151051044,0.002173380460590124,0.6219614148139954,0.2755366563796997,0.010260503739118576,0.07682406157255173
324,DERMAL 24 Combo Pack A Collagen Essence Korean Face Mask - Hydrating & Soothing Facial Mask with Panthenol - Hypoallergenic Self Care Sheet Mask for All Skin Types - Natural Home Spa Treatment Mask,,Galina L.,Work fine but have parabens,"The description omits one important fact: these masks have methylparaben as the preservative and it is a huge deal breaker for many people. I will still use them and they seem to be working, but beware.",9/3/2024,4,Yes,2,0.2617,0.087,0.0,0.913,0.02611767128109932,0.03918593004345894,0.1375119388103485,0.0025960528291761875,0.748780369758606,0.027893679216504097,0.01791437901556492
325,DERMAL 24 Combo Pack A Collagen Essence Korean Face Mask - Hydrating & Soothing Facial Mask with Panthenol - Hypoallergenic Self Care Sheet Mask for All Skin Types - Natural Home Spa Treatment Mask,,Kimberly Hamer,Amazing!,"These masks are fabulous! My skin looks and feels so healthy and nourished. Highly recommend, can't beat the price.",9/27/2024,5,Yes,0,0.8743,0.384,0.0,0.616,0.0030413831118494272,0.006998441647738218,0.0009464345057494938,0.8830632567405701,0.09308869391679764,0.0059502944350242615,0.006911516189575195
326,DERMAL 24 Combo Pack A Collagen Essence Korean Face Mask - Hydrating & Soothing Facial Mask with Panthenol - Hypoallergenic Self Care Sheet Mask for All Skin Types - Natural Home Spa Treatment Mask,,Melissa Cabrera,Love it,Muy relajante y trae un monton,10/7/2024,5,Yes,0,0.0,0.0,0.0,1.0,0.01965661533176899,0.025690212845802307,0.03796086832880974,0.10637740790843964,0.7298678159713745,0.03950321674346924,0.040943942964076996
327,DERMAL 24 Combo Pack A Collagen Essence Korean Face Mask - Hydrating & Soothing Facial Mask with Panthenol - Hypoallergenic Self Care Sheet Mask for All Skin Types - Natural Home Spa Treatment Mask,,Jenscentsy,Great quality,Great quality,10/9/2024,5,Yes,0,0.6249,0.804,0.0,0.196,0.006159287411719561,0.013177064247429371,0.0023560677655041218,0.09048400819301605,0.8684911131858826,0.006892971228808165,0.012439516372978687
328,DERMAL 24 Combo Pack A Collagen Essence Korean Face Mask - Hydrating & Soothing Facial Mask with Panthenol - Hypoallergenic Self Care Sheet Mask for All Skin Types - Natural Home Spa Treatment Mask,,Cindypark83,I have been using this products and happy with the product,"The media could not be loaded.Is there any direct number that I could speak to the company who makes this products? I really like the products and I would like to speak to the company if I could do some business with them, thanks you for the time.Jeong Park",10/26/2024,5,Yes,0,0.831,0.193,0.0,0.807,0.007800525985658169,0.00573613541200757,0.001709870295599103,0.663249671459198,0.22490915656089783,0.04546661674976349,0.05112803727388382
329,DERMAL 24 Combo Pack A Collagen Essence Korean Face Mask - Hydrating & Soothing Facial Mask with Panthenol - Hypoallergenic Self Care Sheet Mask for All Skin Types - Natural Home Spa Treatment Mask,,Katri,"Love these, plus a hilarious translation","I really like this brand and their variety pack is keep me coming back for more. The mask pictured was on top, which made me die laughing. It’s actually referring to a flower ingredient near the pistil of the blossom. So many Children of the Corn jokes. But seriously, get these.",9/7/2024,5,Yes,3,0.1018,0.127,0.083,0.79,0.030335012823343277,0.031225154176354408,0.0023380897473543882,0.6382232308387756,0.179661825299263,0.01871897280216217,0.0994977205991745
330,DERMAL 24 Combo Pack A Collagen Essence Korean Face Mask - Hydrating & Soothing Facial Mask with Panthenol - Hypoallergenic Self Care Sheet Mask for All Skin Types - Natural Home Spa Treatment Mask,,Mark Klockars,There are so many,So easy to use the comfort and thickness are amazing and the cooling sensation you get is so good. My skin was so bright after use and the quality and Stability are so good.,8/27/2024,4,Yes,0,0.9671,0.425,0.0,0.575,0.0023973812349140644,0.007698583882302046,0.0010395244462415576,0.8322836756706238,0.12966956198215485,0.004985930863767862,0.021925311535596848
331,DERMAL 24 Combo Pack A Collagen Essence Korean Face Mask - Hydrating & Soothing Facial Mask with Panthenol - Hypoallergenic Self Care Sheet Mask for All Skin Types - Natural Home Spa Treatment Mask,,Ken,My face like it,"I bought other name brand before and made my face had rashes, this one so far is the best!",9/25/2024,5,Yes,0,0.6696,0.209,0.0,0.791,0.019782494753599167,0.015624488703906536,0.0017072532791644335,0.16821759939193726,0.6016992926597595,0.007521685678511858,0.18544715642929077
332,DERMAL 24 Combo Pack A Collagen Essence Korean Face Mask - Hydrating & Soothing Facial Mask with Panthenol - Hypoallergenic Self Care Sheet Mask for All Skin Types - Natural Home Spa Treatment Mask,,Orchuk,Does the job,:),10/8/2024,5,Yes,0,0.4588,1.0,0.0,0.0,0.0465875007212162,0.03632180392742157,0.011790191754698753,0.030886873602867126,0.7318334579467773,0.05787419527769089,0.08470600843429565
333,DERMAL 24 Combo Pack A Collagen Essence Korean Face Mask - Hydrating & Soothing Facial Mask with Panthenol - Hypoallergenic Self Care Sheet Mask for All Skin Types - Natural Home Spa Treatment Mask,,TABBERT,Love these,"I love these! I have sensitive skin and i have not had any breakouts or rash. I use them 1-3 times a week. I use the aloe after sun and i save the brightening ones for date nights. They leave my skin feeling soft hydrated, and glowing. Definetly worth it!",9/6/2024,5,Yes,6,0.8997,0.272,0.071,0.657,0.006095055490732193,0.011548500508069992,0.0004736142000183463,0.8875835537910461,0.08416671305894852,0.006373804993927479,0.0037587741389870644
334,DERMAL 24 Combo Pack A Collagen Essence Korean Face Mask - Hydrating & Soothing Facial Mask with Panthenol - Hypoallergenic Self Care Sheet Mask for All Skin Types - Natural Home Spa Treatment Mask,,Amazon Customer,These masks add so much moisture and refreshment to your skin!,I love them and share with friends when I can. Easy to use and nice after a long day outside.,9/23/2024,5,Yes,4,0.9349,0.559,0.0,0.441,0.0024903290905058384,0.003019268624484539,0.00043139062472619116,0.9709951877593994,0.010577264241874218,0.00990551058202982,0.002581037348136306
335,DERMAL 24 Combo Pack A Collagen Essence Korean Face Mask - Hydrating & Soothing Facial Mask with Panthenol - Hypoallergenic Self Care Sheet Mask for All Skin Types - Natural Home Spa Treatment Mask,,Michelle,Mask,"I put it on a hour before I went to sleep and in the morning I couldn’t believe what a delightful sight, I love it!",9/15/2024,5,Yes,0,0.8516,0.328,0.0,0.672,0.0014191861264407635,0.000960400328040123,0.0012771164765581489,0.9512626528739929,0.00769455311819911,0.0030295178294181824,0.03435658663511276
336,DERMAL 24 Combo Pack A Collagen Essence Korean Face Mask - Hydrating & Soothing Facial Mask with Panthenol - Hypoallergenic Self Care Sheet Mask for All Skin Types - Natural Home Spa Treatment Mask,,kd001,Love these masks!,Great masks and priced so that you can use daily.,9/23/2024,5,Yes,0,0.6249,0.313,0.0,0.687,0.006682366132736206,0.0044824411161243916,0.0013309200294315815,0.3318459093570709,0.6141208410263062,0.00720533262938261,0.03433221951127052
337,DERMAL 24 Combo Pack A Collagen Essence Korean Face Mask - Hydrating & Soothing Facial Mask with Panthenol - Hypoallergenic Self Care Sheet Mask for All Skin Types - Natural Home Spa Treatment Mask,,Candice,Nice masks,Bought these to go in gift bags. Had some left and have used. Makes my skin very soft.,9/18/2024,5,Yes,0,0.4404,0.146,0.0,0.854,0.013458850793540478,0.3616337776184082,0.0166083462536335,0.006838648580014706,0.3736073076725006,0.21148398518562317,0.016369154676795006
338,DERMAL 24 Combo Pack A Collagen Essence Korean Face Mask - Hydrating & Soothing Facial Mask with Panthenol - Hypoallergenic Self Care Sheet Mask for All Skin Types - Natural Home Spa Treatment Mask,,Februarygirl,Good Purchase,There is a variety of product.  These are masks that you unwrap and place on face.  I like them as there is a variety.  So far I have had no irritation.  I use them at night a few hours before bed and whiten my teeth at the same time.  when I awake in the morning I notice a difference.  there is plenty of liquid on the product that is rubbed in and so much the I can rub the rest in my arms which has helped soften my skin after a lengthy hospital stay.,8/2/2024,5,Yes,3,-0.4588,0.028,0.062,0.909,0.028162118047475815,0.07802457362413406,0.005409604869782925,0.04501112177968025,0.7717734575271606,0.05454794690012932,0.01707119680941105
339,DERMAL 24 Combo Pack A Collagen Essence Korean Face Mask - Hydrating & Soothing Facial Mask with Panthenol - Hypoallergenic Self Care Sheet Mask for All Skin Types - Natural Home Spa Treatment Mask,,Amazon Rocks!,Amazing deal and works!,No need to pay a lot. This is amazing.,9/18/2024,5,Yes,0,0.296,0.306,0.29,0.403,0.011045337654650211,0.013433218002319336,0.005027227569371462,0.2705601751804352,0.1811470091342926,0.010419584810733795,0.5083674788475037
340,DERMAL 24 Combo Pack A Collagen Essence Korean Face Mask - Hydrating & Soothing Facial Mask with Panthenol - Hypoallergenic Self Care Sheet Mask for All Skin Types - Natural Home Spa Treatment Mask,,Otternative,"Mostly satisfied, the shape of the mask is abit strange","Good value, works as expected.I found the shape of the mask really weird. I have used many different mask in the past, so don't think it's my face shape is really unusual.  too much for chin, and maybe can have a bit more for forehead. There are cover for eyelid, not particular useful for me.",7/15/2024,4,Yes,0,0.2266,0.09,0.075,0.835,0.009091255255043507,0.5138044357299805,0.022099560126662254,0.0054200030863285065,0.3358050286769867,0.008931979537010193,0.10484776645898819
341,DERMAL 24 Combo Pack A Collagen Essence Korean Face Mask - Hydrating & Soothing Facial Mask with Panthenol - Hypoallergenic Self Care Sheet Mask for All Skin Types - Natural Home Spa Treatment Mask,,Gail Pineda,Absolutely love this!,I’ve been wanting to incorporate facemasks weekly to my skin care routine. I was looking for a good facemask that was not super expensive. I found these and I’ve been trying them and I’m honestly honestly in love with them. My skin feels so good after🫶🏽,8/21/2024,5,Yes,2,0.9437,0.329,0.054,0.617,0.005417527165263891,0.003679431276395917,0.0020855984184890985,0.7708525657653809,0.17287564277648926,0.00817778054624796,0.03691147267818451
342,DERMAL 24 Combo Pack A Collagen Essence Korean Face Mask - Hydrating & Soothing Facial Mask with Panthenol - Hypoallergenic Self Care Sheet Mask for All Skin Types - Natural Home Spa Treatment Mask,,Lindsay Arrington,Can't recommend it enough,"I have used so many sheets masks over the years and haven't had noticeable results. These, however, are the only masks that I've used where I immediately see visible results. I had over exfoliated my skin and had a bad reaction to tretinoin. Nothing was helping even the most gentle cleansers and moisturizers. After just 1 use of these masks, my skin started to calm down. Ive been using them every few days and my comedones are almost completely gone and my pores look smaller. My skin is also glowing. Ive gotten tons of compliments! Everyone's skin is different, but for me, these are a game changer.",7/16/2024,5,Yes,2,0.201,0.056,0.048,0.896,0.013573558069765568,0.03729312866926193,0.002297332277521491,0.2646637558937073,0.6195744276046753,0.018407849594950676,0.04418984800577164
343,DERMAL 24 Combo Pack A Collagen Essence Korean Face Mask - Hydrating & Soothing Facial Mask with Panthenol - Hypoallergenic Self Care Sheet Mask for All Skin Types - Natural Home Spa Treatment Mask,,SymC,Variety is the spice of life!,"Haven’t tried them yet but they arrived in good condition, no leaking. No shortage. Some are duplicated. Can’t wait to try.",8/4/2024,4,Yes,0,-0.5023,0.133,0.28,0.587,0.00661124661564827,0.0027365731075406075,0.0033164287451654673,0.18582449853420258,0.7587332129478455,0.01028622966259718,0.03249184042215347
344,DERMAL 24 Combo Pack A Collagen Essence Korean Face Mask - Hydrating & Soothing Facial Mask with Panthenol - Hypoallergenic Self Care Sheet Mask for All Skin Types - Natural Home Spa Treatment Mask,,Carol S,Relaxing,"Relaxing, makes face soft, thick towels and quality made",9/10/2024,5,Yes,0,0.4939,0.286,0.0,0.714,0.008831099607050419,0.05927358195185661,0.0023600643035024405,0.1079818606376648,0.7895496487617493,0.025149120017886162,0.006854644510895014
345,DERMAL 24 Combo Pack A Collagen Essence Korean Face Mask - Hydrating & Soothing Facial Mask with Panthenol - Hypoallergenic Self Care Sheet Mask for All Skin Types - Natural Home Spa Treatment Mask,,Rachael R,skincare must have,I use these every other day or so as part as my skincare regiment. different type every time and they smell sooooo good especially the green tea hehe. affordable in my opinion. I usually will squeeze the mask after I'm done and I'll spread the excess on my face and just let it dry naturally. 15 min with it on is enough time for me. never have issues with mask not sticking to my face either.,8/7/2024,5,Yes,4,0.4404,0.038,0.0,0.962,0.004677965771406889,0.0179202388972044,0.0018844803562387824,0.3073599338531494,0.6352974772453308,0.01346022728830576,0.019399626180529594
346,DERMAL 24 Combo Pack A Collagen Essence Korean Face Mask - Hydrating & Soothing Facial Mask with Panthenol - Hypoallergenic Self Care Sheet Mask for All Skin Types - Natural Home Spa Treatment Mask,,Michelle Waterhouse,sticky but nice,"definitely leaves more on the skin than other luxurious brands, but if you rub it in and gently wipe the excess off with a cotton pad, it’s quite nice for the price!",7/24/2024,4,Yes,0,0.8829,0.269,0.0,0.731,0.005253573879599571,0.05025593936443329,0.0013801060849800706,0.5207756161689758,0.39931705594062805,0.008954988792538643,0.014062692411243916
347,DERMAL 24 Combo Pack A Collagen Essence Korean Face Mask - Hydrating & Soothing Facial Mask with Panthenol - Hypoallergenic Self Care Sheet Mask for All Skin Types - Natural Home Spa Treatment Mask,,Xus,love these,"I love these, I have a subscription where they come once every two months and I love them. I try to do 2-3 a week and my face feels so much better!",8/26/2024,5,Yes,2,0.9165,0.34,0.0,0.66,0.0020791294518858194,0.003181715728715062,0.0003418535052333027,0.9534739851951599,0.029589056968688965,0.005482519511133432,0.00585170229896903
348,DERMAL 24 Combo Pack A Collagen Essence Korean Face Mask - Hydrating & Soothing Facial Mask with Panthenol - Hypoallergenic Self Care Sheet Mask for All Skin Types - Natural Home Spa Treatment Mask,,Stephen Ball,Good quality,I just wish I can buy a whole set of each kind.,8/4/2024,4,Yes,0,0.7269,0.466,0.0,0.534,0.004495118744671345,0.010026752948760986,0.010742987506091595,0.016176220029592514,0.40492451190948486,0.24462741613388062,0.3090069890022278
349,DERMAL 24 Combo Pack A Collagen Essence Korean Face Mask - Hydrating & Soothing Facial Mask with Panthenol - Hypoallergenic Self Care Sheet Mask for All Skin Types - Natural Home Spa Treatment Mask,,Amazon Customer,Incredible collagen!,Really works!,9/7/2024,5,Yes,0,0.0,0.0,0.0,1.0,0.014330912381410599,0.003899969393387437,0.0010630832985043526,0.03746655583381653,0.017785899341106415,0.004744655452668667,0.9207088947296143
350,DERMAL 24 Combo Pack A Collagen Essence Korean Face Mask - Hydrating & Soothing Facial Mask with Panthenol - Hypoallergenic Self Care Sheet Mask for All Skin Types - Natural Home Spa Treatment Mask,,Dorothy H Wong,Good,"Moisturizing very well, skin feels hydrated after 🤗",9/2/2024,5,Yes,0,0.3384,0.285,0.0,0.715,0.009395178407430649,0.026463160291314125,0.003312472952529788,0.3397117853164673,0.6003593802452087,0.015516238287091255,0.005241708364337683
351,DERMAL 24 Combo Pack A Collagen Essence Korean Face Mask - Hydrating & Soothing Facial Mask with Panthenol - Hypoallergenic Self Care Sheet Mask for All Skin Types - Natural Home Spa Treatment Mask,,Gelene,Nice,"Relaxing, moisturizing, not sure why the fragrance seems so strong for some of them. Wish they were unscented",7/5/2024,4,Yes,0,0.8473,0.389,0.075,0.536,0.008077229373157024,0.15648484230041504,0.047778259962797165,0.00687754200771451,0.43112894892692566,0.2136572003364563,0.1359960436820984
352,DERMAL 24 Combo Pack A Collagen Essence Korean Face Mask - Hydrating & Soothing Facial Mask with Panthenol - Hypoallergenic Self Care Sheet Mask for All Skin Types - Natural Home Spa Treatment Mask,,Dinko Radojkovic,Nice face mask,I don't see any improvements but I like the feel of holding a mask on my face.,7/8/2024,4,Yes,0,0.4155,0.194,0.089,0.717,0.009709925390779972,0.6962778568267822,0.017075736075639725,0.08393987268209457,0.16019129753112793,0.0297107994556427,0.0030944703612476587
353,DERMAL 24 Combo Pack A Collagen Essence Korean Face Mask - Hydrating & Soothing Facial Mask with Panthenol - Hypoallergenic Self Care Sheet Mask for All Skin Types - Natural Home Spa Treatment Mask,,Amazon Customer,Quality and price,Excellent delivery team for amazon,7/15/2024,4,Yes,0,0.6597,0.643,0.0,0.357,0.005002752877771854,0.0025265004951506853,0.002046328503638506,0.20811791718006134,0.7040900588035583,0.0068803103640675545,0.07133608311414719
354,DERMAL 24 Combo Pack A Collagen Essence Korean Face Mask - Hydrating & Soothing Facial Mask with Panthenol - Hypoallergenic Self Care Sheet Mask for All Skin Types - Natural Home Spa Treatment Mask,,M,"Relaxing, but unsure if they have had any effect on my skin",I have been using these for a while. I find them super soothing and relaxing (especially after a long day) but I can't speak on whether or not they have actually improved my skin overall. Regardless I enjoy wearing one to wind down at the end of the day.,5/21/2024,4,Yes,0,0.928,0.278,0.0,0.722,0.0019618994556367397,0.004877254832535982,0.0006226261029951274,0.9453240633010864,0.03346189111471176,0.011454243212938309,0.002298004925251007
355,DERMAL 24 Combo Pack A Collagen Essence Korean Face Mask - Hydrating & Soothing Facial Mask with Panthenol - Hypoallergenic Self Care Sheet Mask for All Skin Types - Natural Home Spa Treatment Mask,,Annemarie C.,Good as a General Face-Mask,"Good as a general face mask or as an added benefit to your skincare routine. The second or third time I have ordered this. I have extremely sensitive skin. However, this really helped to calm down the redness and inflammation in my cheekbone area. If you are not looking for just a general face mask or struggle with dry skin this is not for you, I feel that you may get the same kind of use out of a basic or good-quality moisturizer, however this does have some additional ingredients for firming. No sent or fragrances were noticeable in the product.",3/12/2024,4,Yes,0,0.6077,0.082,0.044,0.874,0.005590112414211035,0.06461697071790695,0.004026228561997414,0.05332117900252342,0.8534250855445862,0.014909923076629639,0.00411043269559741
356,DERMAL 24 Combo Pack A Collagen Essence Korean Face Mask - Hydrating & Soothing Facial Mask with Panthenol - Hypoallergenic Self Care Sheet Mask for All Skin Types - Natural Home Spa Treatment Mask,,Kahlia,Nice masks,I like these masks and only rated them 4 stars just because they are all the same mask just labeled with different packaging. But all in all it's a great price for the amount of masks you receive. I can also say they are hydrating. My skin does feel like it's moisturized after using these.,5/28/2024,4,Yes,7,0.8922,0.182,0.0,0.818,0.005424254108220339,0.03324804827570915,0.0009221915970556438,0.5873401761054993,0.3535419702529907,0.010092907585203648,0.009430443868041039
357,DERMAL 24 Combo Pack A Collagen Essence Korean Face Mask - Hydrating & Soothing Facial Mask with Panthenol - Hypoallergenic Self Care Sheet Mask for All Skin Types - Natural Home Spa Treatment Mask,,lisa l kosse,Love these!,Great package with no leakage. My skin feels so amazing after I use these,8/18/2024,5,Yes,0,0.8301,0.424,0.104,0.472,0.005479292944073677,0.02333560772240162,0.02250477857887745,0.09558318555355072,0.0698864683508873,0.005341699812561274,0.7778690457344055
358,DERMAL 24 Combo Pack A Collagen Essence Korean Face Mask - Hydrating & Soothing Facial Mask with Panthenol - Hypoallergenic Self Care Sheet Mask for All Skin Types - Natural Home Spa Treatment Mask,,Michelle B.,Favorite masks,Love these masks and the variety of this pack!,8/24/2024,5,Yes,0,0.6696,0.36,0.0,0.64,0.006558670662343502,0.0035519551020115614,0.0005841455422341824,0.9290755391120911,0.03526386246085167,0.0030698126647621393,0.021896054968237877
359,DERMAL 24 Combo Pack A Collagen Essence Korean Face Mask - Hydrating & Soothing Facial Mask with Panthenol - Hypoallergenic Self Care Sheet Mask for All Skin Types - Natural Home Spa Treatment Mask,,Pasadena area,So many types of sheet masks!,This package also has a large variety of different types of sheet masks. I like the Korean sheet masks as they are very soft and the treatment products are creamy and plentiful. I like using a different type each week and I have been pleased with the results.,7/29/2024,5,Yes,0,0.7845,0.165,0.0,0.835,0.002581956796348095,0.009827954694628716,0.0005523660802282393,0.8873341083526611,0.08651413768529892,0.003987481351941824,0.009202024899423122
360,DERMAL 24 Combo Pack A Collagen Essence Korean Face Mask - Hydrating & Soothing Facial Mask with Panthenol - Hypoallergenic Self Care Sheet Mask for All Skin Types - Natural Home Spa Treatment Mask,,Jacinda,"Makes me skin hydrated, smooth and glowing!","These were so good I bought the small amount first then purchased the 48 amount one. I wear one every other night. It's soothing to my skin , have not broken out in a rash (have very sensitive skin and eczema) and have tried them all. Well, I still haven't tried the snail one just yet LOL.I'm hooked on these. My skin glows even the next day and when applying makeup the next day it goes on smoothly! Received many compliments on my skin too!",6/29/2024,5,Yes,11,0.8828,0.154,0.03,0.816,0.0060518765822052956,0.004915678407996893,0.0006342348060570657,0.7600580453872681,0.1915176957845688,0.008067391812801361,0.028755053877830505
361,DERMAL 24 Combo Pack A Collagen Essence Korean Face Mask - Hydrating & Soothing Facial Mask with Panthenol - Hypoallergenic Self Care Sheet Mask for All Skin Types - Natural Home Spa Treatment Mask,,Ash,Great for slumber party!,I used these for a slumber party! Great value for the amount provided. The ladies loved these! They were very moisturizing!!,6/1/2024,4,Yes,0,0.9357,0.487,0.0,0.513,0.01602482981979847,0.05028845742344856,0.0014832543674856424,0.7376675009727478,0.16420100629329681,0.007302413694560528,0.023032478988170624
362,DERMAL 24 Combo Pack A Collagen Essence Korean Face Mask - Hydrating & Soothing Facial Mask with Panthenol - Hypoallergenic Self Care Sheet Mask for All Skin Types - Natural Home Spa Treatment Mask,,Carole B,Easy to use,"I use these once a week, every week.  Don't know if they make a difference in my skin because I don't use mirrors with any regular basis.  My skin feels softer for about 24 hours after I use it and that  makes me happy.",7/12/2024,5,Yes,0,0.5719,0.089,0.0,0.911,0.0013219326501712203,0.0028092581778764725,0.001181929954327643,0.9190438985824585,0.0459989570081234,0.023707639425992966,0.005936464294791222
363,DERMAL 24 Combo Pack A Collagen Essence Korean Face Mask - Hydrating & Soothing Facial Mask with Panthenol - Hypoallergenic Self Care Sheet Mask for All Skin Types - Natural Home Spa Treatment Mask,,Emily,"Amazing, but all the same thing","There is absolutely nothing different about any of the masks (namely the scents but they don't smell bad), but I knew that going in. My mom let me try a couple of hers and DAMN they're nice. They don't leave your skin feeling oily afterwards and I've never had them rip. I've had issues with skin around my mouth and nose, but no longer. Sure, they don't smell different or exciting, but definitely worth it for the outcome and the price. Will continue buying and using after every shower.",3/13/2024,4,Yes,12,0.8853,0.188,0.071,0.741,0.011740712448954582,0.6838400363922119,0.007082740310579538,0.013813506811857224,0.2433105707168579,0.03522063419222832,0.004991861060261726
364,DERMAL 24 Combo Pack A Collagen Essence Korean Face Mask - Hydrating & Soothing Facial Mask with Panthenol - Hypoallergenic Self Care Sheet Mask for All Skin Types - Natural Home Spa Treatment Mask,,Clawles,Today is Sheet Mask Sunday,"A few of these masks were given to me by my sister as a gift which I now realize was a bit cheap of her seeing how inexpensive 24 packs are. At the time I assumed it was a product she had already tried and or simply didn't want.ANYWAY, I finally used one last week because I stumbled across a youtube video in which sheet masks were the topic of discussion. This chic raved about how beneficial they are to your skin and how there are affordable sheet masks out there. I figured I should try one of the masks my sister gave me and hopefully my skin wouldn't break out or have an allergic reaction bc it's extremely sensitive.First I cleanse my face, pat dry, and wait a few minutes. Then I apply a clay mask that I purchased from Amazon as well. It's like a dead sea mask. After I wear that for 15 minutes, I rinse it completely off, then pat dry again. The sheet masks are stored in my fridge bc I heard that it's good to do so I assume bc it should be more calming to your skin.So the mask is easy to apply. The times I've used it I've made sure I'm laying down so it's more of like a spa treatment and I don't want to deal with it slipping off. It's best to do this when you're winding down at night or whenever you're chillen! The mask stays on for the maximum of 20 minutes. After that, it's moved down to my neck for approximately 10 minutes and then on the upper decolletage region. Right after I move the sheet mask to a different area, I gently pat the excess essence into my skin for all 3 areas. These tips I got from Aja Dang's sheet mask video on YouTube. This tip helps me get an even bigger bang for my buck. There is mild tingling on my face while the mask is on it. I assume this is the essence seeping into my pores.What I've noticed is that my face does look more hydrated and up close some of my pores are not as visible. As as most others have mentioned, my skin does feel soft.More tips I got from Aja Dang: rub the excess eccence any where else on your skin - don't waste! I use this once a week like Aja does. My skin type is sensitive so I will not go on a 7 day sheet mask ""challenge"" or whatever. The benefits from these masks I can see over a period of days so this pack of 24 will go a long way.",9/18/2017,5,Yes,4,0.9887,0.109,0.017,0.873,0.007987141609191895,0.04305840656161308,0.0027151552494615316,0.024010753259062767,0.8981530070304871,0.010859772562980652,0.013215717859566212
365,DERMAL 24 Combo Pack A Collagen Essence Korean Face Mask - Hydrating & Soothing Facial Mask with Panthenol - Hypoallergenic Self Care Sheet Mask for All Skin Types - Natural Home Spa Treatment Mask,,Jennifer A Hewitt,"Awesome product, incredible value!","I was tired of buying one-off masks at Ulta & Sephora so I bought this pack.  Incredible quality of these!  High quality, strong fabric and amazing results.  Every single one has been great.  My skin looks amazing  - I use about 3 a week on my face, neck & décolletage.  Will be reordering these again!",7/6/2024,5,Yes,12,0.9285,0.258,0.048,0.694,0.022629031911492348,0.007014117669314146,0.03231038153171539,0.35371842980384827,0.12193839251995087,0.03243936970829964,0.4299502372741699
366,DERMAL 24 Combo Pack A Collagen Essence Korean Face Mask - Hydrating & Soothing Facial Mask with Panthenol - Hypoallergenic Self Care Sheet Mask for All Skin Types - Natural Home Spa Treatment Mask,,XYZ,Refreshing,"There is one called Snail. With a picture of a snail. That one I will not be using Otherwise, they are good masks.",5/7/2024,4,Yes,0,0.4404,0.132,0.0,0.868,0.003373302286490798,0.007925163023173809,0.0012100950116291642,0.0031427061185240746,0.9721208810806274,0.0031530826818197966,0.009074627421796322
367,DERMAL 24 Combo Pack A Collagen Essence Korean Face Mask - Hydrating & Soothing Facial Mask with Panthenol - Hypoallergenic Self Care Sheet Mask for All Skin Types - Natural Home Spa Treatment Mask,,Carla Heinz,Spa-Worthy Skin Treats: DERMAL Collagen Essence Korean Face Masks!,"The DERMAL 12 Combo Pack Collagen Essence Korean Face Masks are a true game-changer in my skincare routine. Not only do they make fantastic gifts for friends, but they also offer a spa-like experience right in the comfort of your own home. Each mask is infused with hydrating and soothing ingredients, leaving my skin feeling refreshed, rejuvenated, and absolutely glowing. Whether I need a quick pick-me-up or a relaxing wind-down after a long day, these masks never fail to deliver. Treat yourself and your friends to the ultimate skincare indulgence with DERMAL Collagen Essence Masks—you won't regret it!",4/20/2024,5,Yes,3,0.9852,0.291,0.0,0.709,0.005751108750700951,0.010164771229028702,0.0016792436363175511,0.36865314841270447,0.5675044655799866,0.03575972840189934,0.010487563908100128
368,DERMAL 24 Combo Pack A Collagen Essence Korean Face Mask - Hydrating & Soothing Facial Mask with Panthenol - Hypoallergenic Self Care Sheet Mask for All Skin Types - Natural Home Spa Treatment Mask,,heather pembroke,amazing,"My daughter and I are doing weekly masks and we wanted a variety to choose from. We went with this pack because It came with a lot and was a really good deal! We've used 6 now and they are amazing. Smells great and has our faces smooth after. I wish they made kid sizes as shes only 11 and very into her skin care, therefore its little big on her but it still does the trick and she loves them!",5/30/2024,5,Yes,13,0.9364,0.194,0.015,0.791,0.007146383170038462,0.012028680182993412,0.0023951802868396044,0.48408207297325134,0.3393895924091339,0.007123818155378103,0.1478341668844223
369,DERMAL 24 Combo Pack A Collagen Essence Korean Face Mask - Hydrating & Soothing Facial Mask with Panthenol - Hypoallergenic Self Care Sheet Mask for All Skin Types - Natural Home Spa Treatment Mask,,Will,WARNING Allergic reaction,"To start off, I want to say if you don’t have sensitive skin this is a wonderful product. Price is great and it truly is high quality and moisturizing.over the passed 2 weeks I have randomly been getting very red, itchy, hives on my face. It is only 1 hive at a time but it is pretty intensely itchy and red; I have gotten used to washing it with water when it comes on and then it stops and will be gone within a few hours. I had no idea what was causing it, I was assuming my bedding.Until today. I did my face routine and did an exfoliating mask and then one of these masks afterwards, followed by moisturizer. Less than an hour after I used one of these masks, hives started to begin to appear before I washed the spot to stop them; it felt like I was playing whack a mole.These are great masks if you don’t have allergies, but unfortunately something in these cause my allergic reactions. I want to say, there is a small chance the reaction was due to my exfoliating mask but I think back over the passed 2 weeks when my hives would appear and it would be on the same day I used these and not the exfoliating mask.Just wanted to share in case anyone else encounters the same problem.",2/3/2023,4,Yes,43,0.8148,0.125,0.09,0.786,0.0446130596101284,0.20150218904018402,0.015647251158952713,0.014260291121900082,0.5762193202972412,0.11390602588653564,0.03385188430547714
370,DERMAL 24 Combo Pack A Collagen Essence Korean Face Mask - Hydrating & Soothing Facial Mask with Panthenol - Hypoallergenic Self Care Sheet Mask for All Skin Types - Natural Home Spa Treatment Mask,,Artemasia R,Good variety,"I like that it lists what the mask is best for, and lots of variety",5/15/2024,4,Yes,0,0.7717,0.358,0.0,0.642,0.0022722596768289804,0.004816564731299877,0.0004774286935571581,0.9660784602165222,0.01891692541539669,0.002941961633041501,0.004496324807405472
371,DERMAL 24 Combo Pack A Collagen Essence Korean Face Mask - Hydrating & Soothing Facial Mask with Panthenol - Hypoallergenic Self Care Sheet Mask for All Skin Types - Natural Home Spa Treatment Mask,,yolanda  vazquez,Calidad,Buen producto,5/22/2024,4,Yes,0,0.0,0.0,0.0,1.0,0.007270577363669872,0.003829739522188902,0.004585089161992073,0.02303222008049488,0.921530544757843,0.006251511629670858,0.03350033611059189
372,DERMAL 24 Combo Pack A Collagen Essence Korean Face Mask - Hydrating & Soothing Facial Mask with Panthenol - Hypoallergenic Self Care Sheet Mask for All Skin Types - Natural Home Spa Treatment Mask,,Teodora,Good,"A lot of masks, they are kinda to big for my face but they smell good and have great ingredients",4/28/2024,4,Yes,0,0.8885,0.358,0.0,0.642,0.006487189792096615,0.24139901995658875,0.0048089176416397095,0.2496902495622635,0.4764971137046814,0.013731640763580799,0.007385824341326952
373,DERMAL 24 Combo Pack A Collagen Essence Korean Face Mask - Hydrating & Soothing Facial Mask with Panthenol - Hypoallergenic Self Care Sheet Mask for All Skin Types - Natural Home Spa Treatment Mask,,KSK,My face is firmer…,"I just started using this product but to my surprise my face is firmer, brighter and well moisturized. I’m waiting for better results to follow.",4/27/2024,4,Yes,0,0.9109,0.386,0.0,0.614,0.0037872628308832645,0.0008386867120862007,0.0023941693361848593,0.036642320454120636,0.01824875921010971,0.002114485017955303,0.9359742999076843
374,DERMAL 24 Combo Pack A Collagen Essence Korean Face Mask - Hydrating & Soothing Facial Mask with Panthenol - Hypoallergenic Self Care Sheet Mask for All Skin Types - Natural Home Spa Treatment Mask,,Jessica and TJ,Budget friendly and hydrating,"In the past I've used a mask that costs as much as this entire pack, and these work just as well!  I'm at home with my toddler all day, and picking out a mask at night is like a fun, little adventure.  There are so many options depending on my mood.  That might sound silly, but moms in the trenches will understand!These do have a scent, but I've found them to be enjoyable and not overpowering.  The scent dissipates when the mask is off.  Using these once or twice a week has done wonders for my skin, especially during the dry Colorado winter.  Very moisturizing.  I always rub some of the serum onto my neck and chest.Fun life hack: leave the extra serum in the packet for your partner to use.  My husbands loves it when I leave the leftover for him!",12/19/2023,5,Yes,41,0.9346,0.121,0.018,0.861,0.006133072543889284,0.025640765205025673,0.004467823542654514,0.8698592782020569,0.07396426796913147,0.012282750569283962,0.0076521337032318115
375,DERMAL 24 Combo Pack A Collagen Essence Korean Face Mask - Hydrating & Soothing Facial Mask with Panthenol - Hypoallergenic Self Care Sheet Mask for All Skin Types - Natural Home Spa Treatment Mask,,Trisha,Good,"First time me and my husband tried it, it did cause our face to get red and slightly irrirated. However, second time using it, it was fine. Not sure how and why, but we had a lot so we thought it was just that specific type of mask we chose. Just watch out for that. Otherwise, each of them smell amazing and feels nice.",2/17/2024,4,Yes,2,0.8695,0.146,0.021,0.834,0.007899194955825806,0.14013732969760895,0.005235880613327026,0.0693727433681488,0.7413296699523926,0.007165129762142897,0.028860043734312057
376,DERMAL 24 Combo Pack A Collagen Essence Korean Face Mask - Hydrating & Soothing Facial Mask with Panthenol - Hypoallergenic Self Care Sheet Mask for All Skin Types - Natural Home Spa Treatment Mask,,LuluandBeau,Wow,"I'm amazed at how much serum is in these little packets. For the value these facial masks a great. There is so much serum I use the excess on my neck. The mask is large enough for my face and stays on. Not sticky, doesn't pill,easy to use. Relaxing feel. Great value!",6/17/2024,5,Yes,9,0.9622,0.309,0.0,0.691,0.01288684830069542,0.03119305521249771,0.005574362352490425,0.09618203341960907,0.13477101922035217,0.00666422676295042,0.7127284407615662
377,DERMAL 24 Combo Pack A Collagen Essence Korean Face Mask - Hydrating & Soothing Facial Mask with Panthenol - Hypoallergenic Self Care Sheet Mask for All Skin Types - Natural Home Spa Treatment Mask,,Kim McGowan,Great Value and Buy,I have very sensitive skin and these are wonderful for me. You get so many and all different kind in the pack that you can’t seem to go wrong with the choices. I would buy these again in a heart beat!  Get These!!,6/20/2024,5,Yes,5,0.7074,0.166,0.064,0.77,0.014305432327091694,0.0060798670165240765,0.007110769860446453,0.08883043378591537,0.7083683013916016,0.008979087695479393,0.16632601618766785
378,DERMAL 24 Combo Pack A Collagen Essence Korean Face Mask - Hydrating & Soothing Facial Mask with Panthenol - Hypoallergenic Self Care Sheet Mask for All Skin Types - Natural Home Spa Treatment Mask,,claravaldez,Happy,"I’m very happy with it ,I use only few times my face looks moist /relax ,I’m a happy camper",7/17/2024,5,Yes,0,0.8396,0.333,0.0,0.667,0.0009432957740500569,0.0005628413055092096,0.0001907696423586458,0.9874749779701233,0.0025248578749597073,0.0036278581246733665,0.004675314761698246
379,DERMAL 24 Combo Pack A Collagen Essence Korean Face Mask - Hydrating & Soothing Facial Mask with Panthenol - Hypoallergenic Self Care Sheet Mask for All Skin Types - Natural Home Spa Treatment Mask,,Amazon Customer,Very good moisturizers without clogging pores.,Excellent variety to meet all needs to nourish skin,7/29/2024,5,Yes,0,0.5719,0.316,0.0,0.684,0.0037888067308813334,0.012433395721018314,0.0014732643030583858,0.09724389761686325,0.8675055503845215,0.008132142946124077,0.00942295789718628
380,DERMAL 24 Combo Pack A Collagen Essence Korean Face Mask - Hydrating & Soothing Facial Mask with Panthenol - Hypoallergenic Self Care Sheet Mask for All Skin Types - Natural Home Spa Treatment Mask,,Annie,Love it.,Great as a gift and add to baskets.,7/25/2024,5,Yes,0,0.7906,0.583,0.0,0.417,0.003380018984898925,0.002498023444786668,0.0006598216714337468,0.9265594482421875,0.053471870720386505,0.0018851259956136346,0.011545628309249878
381,DERMAL 24 Combo Pack A Collagen Essence Korean Face Mask - Hydrating & Soothing Facial Mask with Panthenol - Hypoallergenic Self Care Sheet Mask for All Skin Types - Natural Home Spa Treatment Mask,,GrahamsMum,Love these!,Easy to use. Saturated with serum.,7/29/2024,5,Yes,0,0.4404,0.367,0.0,0.633,0.00904151238501072,0.06142070144414902,0.0019814232364296913,0.18300452828407288,0.7297926545143127,0.008225562982261181,0.0065336572006344795
382,DERMAL 24 Combo Pack A Collagen Essence Korean Face Mask - Hydrating & Soothing Facial Mask with Panthenol - Hypoallergenic Self Care Sheet Mask for All Skin Types - Natural Home Spa Treatment Mask,,Sharon,Great quality,I have pretty sensitive skin and these have been great!,4/24/2024,4,Yes,0,0.8221,0.52,0.0,0.48,0.008572475984692574,0.03271050006151199,0.0033632139675319195,0.357970654964447,0.5377562046051025,0.01160365343093872,0.04802322760224342
383,DERMAL 24 Combo Pack A Collagen Essence Korean Face Mask - Hydrating & Soothing Facial Mask with Panthenol - Hypoallergenic Self Care Sheet Mask for All Skin Types - Natural Home Spa Treatment Mask,,tracey powell,Big pack of face masks,"I bought these to put in cheer goody bags. The girls loved them, and I had a couple of extra, so I got to try them too! I think they were great and would purchase again!",6/17/2024,5,Yes,0,0.9167,0.298,0.0,0.702,0.004301313776522875,0.0013130962615832686,0.0003051529638469219,0.9544920921325684,0.01572335883975029,0.003775753080844879,0.020089320838451385
384,DERMAL 24 Combo Pack A Collagen Essence Korean Face Mask - Hydrating & Soothing Facial Mask with Panthenol - Hypoallergenic Self Care Sheet Mask for All Skin Types - Natural Home Spa Treatment Mask,,Jessica,LOVE,These are AMAZING & Korean skincare is honestly the best!,7/19/2024,5,Yes,0,0.919,0.667,0.0,0.333,0.003215834964066744,0.004472182597965002,0.0018812349298968911,0.7983062267303467,0.09855850785970688,0.0072294482961297035,0.08633651584386826
385,DERMAL 24 Combo Pack A Collagen Essence Korean Face Mask - Hydrating & Soothing Facial Mask with Panthenol - Hypoallergenic Self Care Sheet Mask for All Skin Types - Natural Home Spa Treatment Mask,,Briana,Face masks,I bought the face mask for my daughter's. They love to bvb use them. There face is so soft and smooth.,7/1/2024,5,Yes,0,0.6369,0.181,0.0,0.819,0.005635397043079138,0.030693212524056435,0.0021030453499406576,0.19892288744449615,0.7205291390419006,0.026392841711640358,0.015723487362265587
386,DERMAL 24 Combo Pack A Collagen Essence Korean Face Mask - Hydrating & Soothing Facial Mask with Panthenol - Hypoallergenic Self Care Sheet Mask for All Skin Types - Natural Home Spa Treatment Mask,,K. Chan,Great Moisturizing Masks to Relax In,"After trying and loving all of theDermal Korea Collagen Essence Full Face Facial Mask Sheet, 16 Combo Pack by Dermal, I decided to buy the 24 pack version of these face masks.  From my previous experience with the 16 pack, I knew these masks would work just as well as anything I'd buy at my local drugstores.  Each mask is individually packaged, is large enough to cover my entire face with some room to spare down on my chin area, and is loaded with pleasant scented facial serum. I didn't have any type of ill reaction after using these, and my skin felt cool and soft after use.  I also didn't need to put on any type of moisturizer after using these, since the moisturizing serum absorbed into my skin.The packets also has additional serum in them, so you can put it on your face after treatment.Each mask has different purposes ranging from moisturizing, repair, brightening, etc. and come in a variety of scents.  The only difference between this pack and the 16 pack are 8 different scented masks and maybe a penny less per mask.  I didn't see a big difference between the masks in terms of specific quality it was supposed to be helping my skin with, however, I did find all masks were nicely moisturizing without irritating my skin. At the ~$0.50/mask price point, this is an indulgence I could use every day without breaking the bank. Overall, these masks are comparable with most facial masks you can buy at your local drugstore at a much more friendly price.",1/11/2018,5,Yes,17,0.9697,0.097,0.01,0.892,0.006703848950564861,0.02371170185506344,0.002158757299184799,0.12620705366134644,0.8244311213493347,0.007399912923574448,0.009387718513607979
387,DERMAL 24 Combo Pack A Collagen Essence Korean Face Mask - Hydrating & Soothing Facial Mask with Panthenol - Hypoallergenic Self Care Sheet Mask for All Skin Types - Natural Home Spa Treatment Mask,,Hlouis,Quality,"I love the easy to use single packaging. Great quality, moisture, and delivery system: meaning that adhesion to your face, it’s not messy easy to use",6/29/2024,5,Yes,0,0.9452,0.448,0.0,0.552,0.00284534296952188,0.007865877822041512,0.0006137201562523842,0.9008719325065613,0.07459671050310135,0.006222724448889494,0.006983624771237373
388,DERMAL 24 Combo Pack A Collagen Essence Korean Face Mask - Hydrating & Soothing Facial Mask with Panthenol - Hypoallergenic Self Care Sheet Mask for All Skin Types - Natural Home Spa Treatment Mask,,Amazon Customer,Face feels great and looks spectacular,I was gifted these. I have ultra sensitive skin but did not have a reaction to ANY of them! Loved the way my face felt and looked. Loved them so much I bought a set for my mom and sister and both have raved about them. My husband even let me put one on him and he loved it too! His skin looked great after and felt so smooth. Highly recommend.,4/17/2024,5,Yes,3,0.984,0.302,0.0,0.698,0.008874843828380108,0.008548583835363388,0.0008027208968997002,0.7613245248794556,0.16454952955245972,0.008662266656756401,0.04723744094371796
389,DERMAL 24 Combo Pack A Collagen Essence Korean Face Mask - Hydrating & Soothing Facial Mask with Panthenol - Hypoallergenic Self Care Sheet Mask for All Skin Types - Natural Home Spa Treatment Mask,,Blythe Thomashow,Younger looking,I need to order more soon.,7/26/2024,5,Yes,0,0.0,0.0,0.0,1.0,0.01935029774904251,0.016793616116046906,0.01343906857073307,0.006758670788258314,0.7301352620124817,0.19391144812107086,0.019611623138189316
390,DERMAL 24 Combo Pack A Collagen Essence Korean Face Mask - Hydrating & Soothing Facial Mask with Panthenol - Hypoallergenic Self Care Sheet Mask for All Skin Types - Natural Home Spa Treatment Mask,,Jessica Griffith,Affordable Masks for Sensitive Skin,"I’ve been using these face masks in my skin routine for over a year now. I have very sensitive, dry skin. Most masks cause rashes, irritate my skin and dry it out.  I’ve never had a breakout with these masks and they actually hydrate my skin. It’s changed the game in my skincare routine. It’s also affordable! Most masks are too expensive and aren’t worth the gamble. I wouldn’t be able to afford using masks so frequently if it wasn’t for these. There are a couple of weird options in the pack but other than it’s a winner",3/6/2024,5,Yes,6,0.69,0.071,0.033,0.896,0.16304190456867218,0.2482765018939972,0.003534858813509345,0.012111946009099483,0.5389137268066406,0.01669144071638584,0.01742958463728428
391,DERMAL 24 Combo Pack A Collagen Essence Korean Face Mask - Hydrating & Soothing Facial Mask with Panthenol - Hypoallergenic Self Care Sheet Mask for All Skin Types - Natural Home Spa Treatment Mask,,Tubi,Excellent,I loved them,7/19/2024,5,Yes,0,0.5994,0.796,0.0,0.204,0.0040121134370565414,0.0024266450200229883,0.0009598404285497963,0.9523224234580994,0.005376563407480717,0.02942698635160923,0.0054754167795181274
392,DERMAL 24 Combo Pack A Collagen Essence Korean Face Mask - Hydrating & Soothing Facial Mask with Panthenol - Hypoallergenic Self Care Sheet Mask for All Skin Types - Natural Home Spa Treatment Mask,,Tina,Love it based on my personal experience,"Just want to start off with a reminder that everyone's skin is different. While my experience with this product has been great, mileage may vary since so many factors can impact an individual's skin based on things like location, genes, hygiene, etc.Now that that's out of the way, I say I've been overall very pleased with the results. My skin isn't sensitive and I have dry skin (that can get a bit oily trying to compensate for the dryness) and I often get a bad case of cystic acne every few weeks (I'm sure to my imbalanced hormone levels). Suffice to say, I have a lot of acne scars from past and present cystic acne. This face mask won't get rid of those scars over night, but boy do they help heal them much faster than if I do nothing at all. My scars can take months to heal, but if I use these masks every day (in addition to my normal skincare routine) I see old scars heal in weeks and new ones heal much faster. The scent is very pleasant so leaving it on for 15 - 20 minutes is no problem at all.Overall, I say this product is definitely worth at least trying out. Just remember to be patient with results, stay consistent doing it every day, and make sure this is part (not a substitue) for your skincare routine. For me, I do this just before I moisturize with a cream and just after I put on the last of the essence I use from a bottle.",9/2/2021,5,Yes,3,0.9421,0.101,0.033,0.867,0.006411644164472818,0.03229326382279396,0.0026626833714544773,0.06059390306472778,0.8747138381004333,0.01797933503985405,0.005345289595425129
393,DERMAL 24 Combo Pack A Collagen Essence Korean Face Mask - Hydrating & Soothing Facial Mask with Panthenol - Hypoallergenic Self Care Sheet Mask for All Skin Types - Natural Home Spa Treatment Mask,,Kelsey Tallman,My skin literally glows after these masks!,The media could not be loaded.I do these masks 2-3 times a week and they have really elevated my skincare routine. I usually do them in the morning because everyone comments on the glow throughout the day.The price is so good! I use these in addition to my normal serums and moisturizers and have felt my moisture barrier is much better.,5/30/2024,5,Yes,23,0.7531,0.109,0.024,0.867,0.005496971309185028,0.006603834219276905,0.0010959767969325185,0.5159907937049866,0.43665897846221924,0.0077964006923139095,0.02635711431503296
394,DERMAL 24 Combo Pack A Collagen Essence Korean Face Mask - Hydrating & Soothing Facial Mask with Panthenol - Hypoallergenic Self Care Sheet Mask for All Skin Types - Natural Home Spa Treatment Mask,,Robin,Luxury Skincare at an Unbeatable Price!,"This has been my favorite Korean skincare mask to get since I was in high school (it's been 10 years since then).  I used to get these at my local Korean grocery shop, but they stopped selling them there, so I was pleasantly surprised to find them on Amazon at a better price.My favorite is the green tea mask, but I've never been disappointed with anything in this variety pack.  They're exactly what you'd expect out of a sheet mask -- moisturizing, great smelling, and leave your skin feeling amazing the next day.  Sometimes, when the serum in the face mask dries, it can feel a little weird on the face, but I promise this is all worth it and all that goodness is just settling into your skin!Both my partner and I tend to have very sensitive skin, but these have not irritated either of us before!I would definitely recommend this product.",9/9/2023,5,Yes,17,0.9945,0.295,0.028,0.676,0.005620213225483894,0.0037882153410464525,0.0033466611057519913,0.026482222601771355,0.021736107766628265,0.0015965637285262346,0.9374300837516785
395,DERMAL 24 Combo Pack A Collagen Essence Korean Face Mask - Hydrating & Soothing Facial Mask with Panthenol - Hypoallergenic Self Care Sheet Mask for All Skin Types - Natural Home Spa Treatment Mask,,Priya Gnanaprakash,THEY ARE AWESOME,"I LOVED this face mask, this face mask was really good quality and after a single use i saw improvement on my face. I used all of the face masks and they were pretty good and even though people have different skin i am going to tell you my favorite. Its definitely the snail one, i have sensitive skin and when i used it it instantly gave me a glow, and the next few days i saw less scars and pimples. I really recommend this face masks! I am going to buy it again!!!!",3/3/2024,5,Yes,3,0.9796,0.264,0.0,0.736,0.005521755665540695,0.008005475625395775,0.0005780048668384552,0.9200846552848816,0.04278072714805603,0.00630347803235054,0.016725946217775345
396,DERMAL 24 Combo Pack A Collagen Essence Korean Face Mask - Hydrating & Soothing Facial Mask with Panthenol - Hypoallergenic Self Care Sheet Mask for All Skin Types - Natural Home Spa Treatment Mask,,Olga,Súper,Nos han encantado a mi esposo y a mi,7/7/2024,5,Yes,0,0.0,0.0,0.0,1.0,0.03475833311676979,0.060892149806022644,0.08741161227226257,0.07871361821889877,0.5550847053527832,0.1488720029592514,0.034267608076334
397,DERMAL 24 Combo Pack A Collagen Essence Korean Face Mask - Hydrating & Soothing Facial Mask with Panthenol - Hypoallergenic Self Care Sheet Mask for All Skin Types - Natural Home Spa Treatment Mask,,Rosepetals,Refreshing,These leave my skin feeling soft and clean. I like how they’re all natural too.,6/23/2024,5,Yes,0,0.7906,0.474,0.062,0.464,0.00807352364063263,0.1357218474149704,0.0026298940647393465,0.27819180488586426,0.5195095539093018,0.04874582961201668,0.0071275439113378525
398,DERMAL 24 Combo Pack A Collagen Essence Korean Face Mask - Hydrating & Soothing Facial Mask with Panthenol - Hypoallergenic Self Care Sheet Mask for All Skin Types - Natural Home Spa Treatment Mask,,Amazon Customer,Moisturizing and no breakouts,The variety of masks is quite enjoyable. They moisturize well and haven’t caused any breakouts as I have dry but acne prone skin.,2/23/2024,4,Yes,0,0.3912,0.154,0.0,0.846,0.0026562868151813745,0.017258277162909508,0.0009505564230494201,0.8844234943389893,0.08476722985506058,0.006901988293975592,0.003042238997295499
399,DERMAL 24 Combo Pack A Collagen Essence Korean Face Mask - Hydrating & Soothing Facial Mask with Panthenol - Hypoallergenic Self Care Sheet Mask for All Skin Types - Natural Home Spa Treatment Mask,,Vanessa Tubbs,Work beautifully  when used regularly,Cooling and refreshing. I used it 4 times a week for a month and can really tell the differenceMy skin is soft but not greasy. All packages  are a different scent. Easy to use.,5/14/2024,5,Yes,3,0.5927,0.121,0.0,0.879,0.006509141530841589,0.04473084583878517,0.0015876940451562405,0.271623432636261,0.6449329257011414,0.021294808015227318,0.009321204386651516
400,"ZealSea Face Masks Skincare, Facial Masks for Women Skin Care, Sheet Masks Beauty with Natural Ingredients, Birthday Party Spa Gift for Kids Teens Girls, Hydrate and Soothe for All Skin Types 7 Pack",ZealSea aims to create a youthful skincare brand that conveys a vigorous and unrestrained attitude towards life.,CHARLENE,Mini Spa mask,My 6 year old and her friends loved them with a cucumber on the eyes not sticky either and gentle on their skin. Perfect for a spa slumber party.,10/29/2024,5,Yes,0,0.946,0.437,0.0,0.563,0.006928123999387026,0.10876063257455826,0.002358867786824703,0.47151583433151245,0.3827599287033081,0.016200989484786987,0.011475598439574242
401,"ZealSea Face Masks Skincare, Facial Masks for Women Skin Care, Sheet Masks Beauty with Natural Ingredients, Birthday Party Spa Gift for Kids Teens Girls, Hydrate and Soothe for All Skin Types 7 Pack",ZealSea aims to create a youthful skincare brand that conveys a vigorous and unrestrained attitude towards life.,"Great material, beautiful color, high quality. This shirt can be dressed up or casual. Great value.",Repeat buyer,My 11 year old loves these. Great value. Smell nice and gentle on the skin.,10/19/2024,5,Yes,0,0.9423,0.614,0.0,0.386,0.00588192930445075,0.04224427789449692,0.0010587366996333003,0.6280724406242371,0.30532190203666687,0.012288040481507778,0.005132674239575863
402,"ZealSea Face Masks Skincare, Facial Masks for Women Skin Care, Sheet Masks Beauty with Natural Ingredients, Birthday Party Spa Gift for Kids Teens Girls, Hydrate and Soothe for All Skin Types 7 Pack",ZealSea aims to create a youthful skincare brand that conveys a vigorous and unrestrained attitude towards life.,Wanda,Great to bond with your girls,"Excellent products to play spa day with your family.  My daughters 8 and 9 years old spend great quality time between each other and to my selft to play spa days.  Great product, soft for your skin,  I will definitely buy it again.!",8/18/2024,5,Yes,3,0.9622,0.367,0.0,0.633,0.00288210716098547,0.0014866514829918742,0.001167494454421103,0.9164233207702637,0.0442267544567585,0.009652451612055302,0.024161234498023987
403,"ZealSea Face Masks Skincare, Facial Masks for Women Skin Care, Sheet Masks Beauty with Natural Ingredients, Birthday Party Spa Gift for Kids Teens Girls, Hydrate and Soothe for All Skin Types 7 Pack",ZealSea aims to create a youthful skincare brand that conveys a vigorous and unrestrained attitude towards life.,Ali Rittenhouse,Pamper Your Skin with ZealSea Sheet Mask - A Spa Experience at Home!,"If you're in need of some self-care and a boost of hydration for your skin, look no further than the ZealSea Sheet Mask Face Mask Skin Care. This pack of 7 beauty facial masks is an absolute treat for your skin, offering a luxurious spa-like experience right in the comfort of your own home.Let's start with the quality of these sheet masks. The ZealSea masks are made from premium materials that feel soft and gentle on the skin. They are thoughtfully designed to adhere perfectly to your face, ensuring optimal absorption of the nourishing essence. The masks are soaked in a rich blend of ingredients that are known to hydrate, revitalize, and rejuvenate the skin. From natural plant extracts to vitamins and antioxidants, these masks are packed with goodness for your skin.The results speak for themselves. After using the ZealSea Sheet Masks, my skin felt incredibly hydrated, refreshed, and revitalized. The masks effectively delivered the much-needed moisture boost, leaving my skin plump, smooth, and glowing. I noticed an improvement in the overall texture and appearance of my skin, and the effects lasted for several days. It's like having a professional facial treatment in the comfort of my own home.Another fantastic aspect of these masks is their versatility. Not only are they suitable for adults, but they are also kid-friendly. They make a wonderful addition to kids' spa parties or birthday celebrations, adding a touch of fun and relaxation to the festivities. The gentle formula is safe for young skin, providing a soothing and enjoyable experience for kids while nourishing their delicate skin.The packaging of the ZealSea Sheet Masks is both practical and attractive. Each mask is individually packaged, ensuring freshness and convenience. The compact size makes them travel-friendly, allowing you to bring them along on vacations or weekend getaways. The clear instructions provided on the packaging make it easy to use the masks, even for beginners.In conclusion, the ZealSea Sheet Mask Face Mask Skin Care is a fantastic addition to any skincare routine. These masks provide a spa-like experience, delivering intense hydration and nourishment to your skin. With their high-quality materials, effective results, and versatility for kids' spa parties, these masks are a true skincare treat. Indulge in a pampering session, relax, and let your skin soak up the goodness. Elevate your self-care game with ZealSea Sheet Masks and unlock the secret to a hydrated, radiant complexion. Treat yourself or someone special to this beauty essential pack and enjoy the rejuvenating benefits. Your skin will thank you!",6/11/2023,4,Yes,11,0.9993,0.297,0.003,0.7,0.006218170281499624,0.025503020733594894,0.001940973219461739,0.31531333923339844,0.6336759328842163,0.010446527972817421,0.006901994813233614
404,"ZealSea Face Masks Skincare, Facial Masks for Women Skin Care, Sheet Masks Beauty with Natural Ingredients, Birthday Party Spa Gift for Kids Teens Girls, Hydrate and Soothe for All Skin Types 7 Pack",ZealSea aims to create a youthful skincare brand that conveys a vigorous and unrestrained attitude towards life.,Nini G,Great amount for the price,Good amount of masks for the price. Got these for my daughter’s birthday because she loves doing face masks. She loved them. The quality is pretty good!,10/4/2024,5,Yes,2,0.9508,0.434,0.0,0.566,0.009580344893038273,0.01219226699322462,0.0008970055496320128,0.697223961353302,0.25248003005981445,0.006580079905688763,0.021046394482254982
405,"ZealSea Face Masks Skincare, Facial Masks for Women Skin Care, Sheet Masks Beauty with Natural Ingredients, Birthday Party Spa Gift for Kids Teens Girls, Hydrate and Soothe for All Skin Types 7 Pack",ZealSea aims to create a youthful skincare brand that conveys a vigorous and unrestrained attitude towards life.,Amanda V. Roan,Fun for kids.,These facemasks were fun for the kids to have a glamour day and learn about skin care.,9/22/2024,5,Yes,0,0.872,0.432,0.0,0.568,0.002432341920211911,0.008242212235927582,0.0007048757979646325,0.9174103140830994,0.06309379637241364,0.0030894933734089136,0.005026926286518574
406,"ZealSea Face Masks Skincare, Facial Masks for Women Skin Care, Sheet Masks Beauty with Natural Ingredients, Birthday Party Spa Gift for Kids Teens Girls, Hydrate and Soothe for All Skin Types 7 Pack",ZealSea aims to create a youthful skincare brand that conveys a vigorous and unrestrained attitude towards life.,The mid-size mom non influencer,Great gift for preteen,Bought these for my daughters. Great birthday and Christmas gifts.,10/31/2024,5,Yes,0,0.6249,0.313,0.0,0.687,0.004126948304474354,0.0015668915584683418,0.0008126228349283338,0.7826617956161499,0.13957607746124268,0.009207816794514656,0.06204788759350777
407,"ZealSea Face Masks Skincare, Facial Masks for Women Skin Care, Sheet Masks Beauty with Natural Ingredients, Birthday Party Spa Gift for Kids Teens Girls, Hydrate and Soothe for All Skin Types 7 Pack",ZealSea aims to create a youthful skincare brand that conveys a vigorous and unrestrained attitude towards life.,MJDavis,For kids?,"These masks were fun for a pajama birthday party. Except… Why is there a coffee face mask for anti-aging In a package for children?!These sheet masks go on easily, stay on nicely, peel off easily, and Leave skin feeling hydrated. (Didn’t try the coffee one).",10/28/2024,4,Yes,0,0.923,0.3,0.023,0.677,0.010105420835316181,0.012983668595552444,0.0012942674802616239,0.7472783327102661,0.19949603080749512,0.0066268108785152435,0.02221544086933136
408,"ZealSea Face Masks Skincare, Facial Masks for Women Skin Care, Sheet Masks Beauty with Natural Ingredients, Birthday Party Spa Gift for Kids Teens Girls, Hydrate and Soothe for All Skin Types 7 Pack",ZealSea aims to create a youthful skincare brand that conveys a vigorous and unrestrained attitude towards life.,JEnny,Anti aging,I bought these for my kids they are great accept for the coffee ani aging one witch they should not add in the kids pack but over All it’s good and affordable,9/22/2024,4,Yes,0,0.7543,0.222,0.047,0.731,0.0031967011746019125,0.0013560311635956168,0.0007984463009051979,0.7346182465553284,0.20769716799259186,0.011079289019107819,0.041254155337810516
409,"ZealSea Face Masks Skincare, Facial Masks for Women Skin Care, Sheet Masks Beauty with Natural Ingredients, Birthday Party Spa Gift for Kids Teens Girls, Hydrate and Soothe for All Skin Types 7 Pack",ZealSea aims to create a youthful skincare brand that conveys a vigorous and unrestrained attitude towards life.,B Hakim,Cute,Smells good,10/20/2024,5,Yes,0,0.4404,0.744,0.0,0.256,0.0037841787561774254,0.02769886888563633,0.002162911929190159,0.7870762944221497,0.1673569232225418,0.004351865500211716,0.007569053675979376
410,"ZealSea Face Masks Skincare, Facial Masks for Women Skin Care, Sheet Masks Beauty with Natural Ingredients, Birthday Party Spa Gift for Kids Teens Girls, Hydrate and Soothe for All Skin Types 7 Pack",ZealSea aims to create a youthful skincare brand that conveys a vigorous and unrestrained attitude towards life.,Makia T,Sensitive skin approved,We are on mask number four and so far so good for kiddo with sensitive skin.,10/2/2024,5,Yes,0,0.6565,0.277,0.0,0.723,0.005982833448797464,0.014307145029306412,0.0024389768950641155,0.14521077275276184,0.8165963888168335,0.005183068569749594,0.010280764661729336
411,"ZealSea Face Masks Skincare, Facial Masks for Women Skin Care, Sheet Masks Beauty with Natural Ingredients, Birthday Party Spa Gift for Kids Teens Girls, Hydrate and Soothe for All Skin Types 7 Pack",ZealSea aims to create a youthful skincare brand that conveys a vigorous and unrestrained attitude towards life.,Jenscentsy,Great quality,Great for teenagers,10/9/2024,5,Yes,0,0.6249,0.672,0.0,0.328,0.0038469096180051565,0.006472894921898842,0.0022890218533575535,0.8581421971321106,0.11915689706802368,0.004610514733940363,0.005481610540300608
412,"ZealSea Face Masks Skincare, Facial Masks for Women Skin Care, Sheet Masks Beauty with Natural Ingredients, Birthday Party Spa Gift for Kids Teens Girls, Hydrate and Soothe for All Skin Types 7 Pack",ZealSea aims to create a youthful skincare brand that conveys a vigorous and unrestrained attitude towards life.,Katie,Sheet masks,I love this.  This is great for a little rejuvenating skin care.  These easy to use masks are great for kids and adults alike.  Sensitive skin friendly,9/3/2024,5,Yes,0,0.9699,0.53,0.0,0.47,0.0020125238224864006,0.004147744737565517,0.0009816535748541355,0.9667921662330627,0.020733576267957687,0.0028315710369497538,0.0025006881915032864
413,"ZealSea Face Masks Skincare, Facial Masks for Women Skin Care, Sheet Masks Beauty with Natural Ingredients, Birthday Party Spa Gift for Kids Teens Girls, Hydrate and Soothe for All Skin Types 7 Pack",ZealSea aims to create a youthful skincare brand that conveys a vigorous and unrestrained attitude towards life.,Sportygirl1192,Would definitely buy again,Great for kiddos and doesn’t break their faces out!,9/16/2024,5,Yes,2,0.6588,0.354,0.0,0.646,0.014101621694862843,0.01173629891127348,0.0019519063644111156,0.8012828230857849,0.14295217394828796,0.019482258707284927,0.0084929708391428
414,"ZealSea Face Masks Skincare, Facial Masks for Women Skin Care, Sheet Masks Beauty with Natural Ingredients, Birthday Party Spa Gift for Kids Teens Girls, Hydrate and Soothe for All Skin Types 7 Pack",ZealSea aims to create a youthful skincare brand that conveys a vigorous and unrestrained attitude towards life.,Abigail Rhodes,Great product for skin care!,"I enjoyed the different scents of each face mask! They’re easy to apply and use, and leave my skin feeling smooth and moisturized! ❤️",8/28/2024,5,Yes,0,0.7955,0.291,0.042,0.667,0.0015279882354661822,0.003971107304096222,0.00040956694283522666,0.9745888710021973,0.015166710130870342,0.0024317989591509104,0.0019039660692214966
415,"ZealSea Face Masks Skincare, Facial Masks for Women Skin Care, Sheet Masks Beauty with Natural Ingredients, Birthday Party Spa Gift for Kids Teens Girls, Hydrate and Soothe for All Skin Types 7 Pack",ZealSea aims to create a youthful skincare brand that conveys a vigorous and unrestrained attitude towards life.,Patricia Wohl,Face masks,Great for gift bags. Stocking stuffers. Great activity for a sleepover,9/7/2024,5,Yes,0,0.9022,0.613,0.0,0.387,0.004118673969060183,0.0032393173314630985,0.0011485943105071783,0.45627906918525696,0.4938516616821289,0.008008439093828201,0.03335421159863472
416,"ZealSea Face Masks Skincare, Facial Masks for Women Skin Care, Sheet Masks Beauty with Natural Ingredients, Birthday Party Spa Gift for Kids Teens Girls, Hydrate and Soothe for All Skin Types 7 Pack",ZealSea aims to create a youthful skincare brand that conveys a vigorous and unrestrained attitude towards life.,Amazon Customer,Facial madk,Nice,9/4/2024,5,Yes,0,0.4215,1.0,0.0,0.0,0.03311235457658768,0.13308900594711304,0.0032634600065648556,0.02283310331404209,0.7700187563896179,0.012629473581910133,0.02505379728972912
417,"ZealSea Face Masks Skincare, Facial Masks for Women Skin Care, Sheet Masks Beauty with Natural Ingredients, Birthday Party Spa Gift for Kids Teens Girls, Hydrate and Soothe for All Skin Types 7 Pack",ZealSea aims to create a youthful skincare brand that conveys a vigorous and unrestrained attitude towards life.,Silvia,Muy saludables,A mi niña le encantan estas mascarillas,8/22/2024,5,Yes,0,0.0,0.0,0.0,1.0,0.013739722780883312,0.0436149500310421,0.029016990214586258,0.023439928889274597,0.8411729335784912,0.03268635272979736,0.016329120844602585
418,"ZealSea Face Masks Skincare, Facial Masks for Women Skin Care, Sheet Masks Beauty with Natural Ingredients, Birthday Party Spa Gift for Kids Teens Girls, Hydrate and Soothe for All Skin Types 7 Pack",ZealSea aims to create a youthful skincare brand that conveys a vigorous and unrestrained attitude towards life.,Cynthia,Great,Cute gift bag addition.,7/8/2024,4,Yes,0,0.7096,0.747,0.0,0.253,0.012640563771128654,0.07118736207485199,0.0013507319381460547,0.4878652095794678,0.40973761677742004,0.006361492443829775,0.010857045650482178
419,"ZealSea Face Masks Skincare, Facial Masks for Women Skin Care, Sheet Masks Beauty with Natural Ingredients, Birthday Party Spa Gift for Kids Teens Girls, Hydrate and Soothe for All Skin Types 7 Pack",ZealSea aims to create a youthful skincare brand that conveys a vigorous and unrestrained attitude towards life.,christopher,the product in the box,"good value for the money and seems to work well, well at least my kid loves it!",8/6/2024,5,Yes,0,0.9098,0.529,0.0,0.471,0.011821048334240913,0.004330100025981665,0.0004083947860635817,0.8647075295448303,0.1014004498720169,0.005229400470852852,0.012103050947189331
420,"ZealSea Face Masks Skincare, Facial Masks for Women Skin Care, Sheet Masks Beauty with Natural Ingredients, Birthday Party Spa Gift for Kids Teens Girls, Hydrate and Soothe for All Skin Types 7 Pack",ZealSea aims to create a youthful skincare brand that conveys a vigorous and unrestrained attitude towards life.,ozie,Wonderful,Great for young girls overnight parties,8/6/2024,5,Yes,0,0.7783,0.63,0.0,0.37,0.003126666182652116,0.004611012991517782,0.0009483410976827145,0.8303960561752319,0.14464761316776276,0.0026893813628703356,0.013580874539911747
421,"ZealSea Face Masks Skincare, Facial Masks for Women Skin Care, Sheet Masks Beauty with Natural Ingredients, Birthday Party Spa Gift for Kids Teens Girls, Hydrate and Soothe for All Skin Types 7 Pack",ZealSea aims to create a youthful skincare brand that conveys a vigorous and unrestrained attitude towards life.,Peter Shum,It’s 👌🏻,Although I would not recommend using it if you’re below 11 years of age,5/8/2024,4,Yes,0,-0.2755,0.0,0.15,0.85,0.01686592400074005,0.06115379557013512,0.18694697320461273,0.005769597832113504,0.5844253897666931,0.1323729157447815,0.012465457431972027
422,"ZealSea Face Masks Skincare, Facial Masks for Women Skin Care, Sheet Masks Beauty with Natural Ingredients, Birthday Party Spa Gift for Kids Teens Girls, Hydrate and Soothe for All Skin Types 7 Pack",ZealSea aims to create a youthful skincare brand that conveys a vigorous and unrestrained attitude towards life.,Mallory Robertson,Great for girls,We used these at my daughters slumber party and the girls enjoyed them!,7/21/2024,5,Yes,0,0.7424,0.364,0.0,0.636,0.0030992794781923294,0.0040665315464138985,0.00028697223751805723,0.9614558219909668,0.024640697985887527,0.002711468143388629,0.003739131148904562
423,"ZealSea Face Masks Skincare, Facial Masks for Women Skin Care, Sheet Masks Beauty with Natural Ingredients, Birthday Party Spa Gift for Kids Teens Girls, Hydrate and Soothe for All Skin Types 7 Pack",ZealSea aims to create a youthful skincare brand that conveys a vigorous and unrestrained attitude towards life.,Mary,Works great,Very easy to put on,7/30/2024,5,Yes,0,0.4927,0.444,0.0,0.556,0.005138304550200701,0.009024398401379585,0.0014037963701412082,0.2527103126049042,0.703192949295044,0.007167790550738573,0.021362412720918655
424,"ZealSea Face Masks Skincare, Facial Masks for Women Skin Care, Sheet Masks Beauty with Natural Ingredients, Birthday Party Spa Gift for Kids Teens Girls, Hydrate and Soothe for All Skin Types 7 Pack",ZealSea aims to create a youthful skincare brand that conveys a vigorous and unrestrained attitude towards life.,Sara D,Refreshing!,I got these for my daughter’s spa sleepover. The masks are definitely meant fo adults as they were huge on the girls faces but everyone loved them! I wore tbe pomegranate firming mask and it felt great. I would buy these again!,5/23/2024,5,Yes,3,0.944,0.301,0.0,0.699,0.0053589241579174995,0.00530538335442543,0.0005865812418051064,0.9278351664543152,0.0435527078807354,0.003239129902794957,0.014122163876891136
425,"ZealSea Face Masks Skincare, Facial Masks for Women Skin Care, Sheet Masks Beauty with Natural Ingredients, Birthday Party Spa Gift for Kids Teens Girls, Hydrate and Soothe for All Skin Types 7 Pack",ZealSea aims to create a youthful skincare brand that conveys a vigorous and unrestrained attitude towards life.,Smile Saurus,Cute Pack for a Preteen,"My brother's soon-to-be step-daughter is at that age when she's starting to get more into beauty and skincare, but she's still young enough to 'not notice' when she's made a mess of the bathroom sink. Her most recent facemask left purple stains in their sink, so I decided that this gift of sheet masks would be the perfect little Christmas gift for her. She'll get to try seven different face masks, and my brother won't be annoyed by stains/messes in the sink. Win/win. Deducted one star for a spelling/grammar error on the front of the package, but I doubt that the kid will notice so it's still giftable.",9/13/2023,4,Yes,0,0.887,0.155,0.08,0.765,0.1975751519203186,0.10867292433977127,0.0016591063467785716,0.006250901613384485,0.6535547375679016,0.014374078251421452,0.01791311800479889
426,"ZealSea Face Masks Skincare, Facial Masks for Women Skin Care, Sheet Masks Beauty with Natural Ingredients, Birthday Party Spa Gift for Kids Teens Girls, Hydrate and Soothe for All Skin Types 7 Pack",ZealSea aims to create a youthful skincare brand that conveys a vigorous and unrestrained attitude towards life.,Jus4u,Loved these ! Great buy!!,I will definitely be purchasing these again. The quality is great. The moisture was amazing. The sizes are perfect for the kids. They didn’t have a smell really and they were very comfortable.,5/12/2024,5,Yes,5,0.9577,0.408,0.0,0.592,0.00441613607108593,0.06742970645427704,0.0030682412907481194,0.21808205544948578,0.6832680702209473,0.008818687871098518,0.01491704210639
427,"ZealSea Face Masks Skincare, Facial Masks for Women Skin Care, Sheet Masks Beauty with Natural Ingredients, Birthday Party Spa Gift for Kids Teens Girls, Hydrate and Soothe for All Skin Types 7 Pack",ZealSea aims to create a youthful skincare brand that conveys a vigorous and unrestrained attitude towards life.,Kathy Forrester,Cute and fun!,"I had my nieces over for the weekend and we had a face mask party! Ages 6, 12, and 15 The mask are animal print so we got to choose our own and easy to apply! I will be buying again for my girls. (Kid friendly)",4/12/2024,5,Yes,2,0.7339,0.131,0.0,0.869,0.010863651521503925,0.0030457335524260998,0.0011277954326942563,0.7978867888450623,0.1043090969324112,0.009279338642954826,0.07348756492137909
428,"ZealSea Face Masks Skincare, Facial Masks for Women Skin Care, Sheet Masks Beauty with Natural Ingredients, Birthday Party Spa Gift for Kids Teens Girls, Hydrate and Soothe for All Skin Types 7 Pack",ZealSea aims to create a youthful skincare brand that conveys a vigorous and unrestrained attitude towards life.,Smilingbee,Clean face,Got for 9 yr old granddaughter party. They enjoyed it and easy. Nit harsh for young girls face,2/18/2024,4,Yes,0,0.7184,0.359,0.117,0.524,0.6168910264968872,0.18162086606025696,0.0009732676553539932,0.04912007227540016,0.09189368039369583,0.05037277936935425,0.009128237143158913
429,"ZealSea Face Masks Skincare, Facial Masks for Women Skin Care, Sheet Masks Beauty with Natural Ingredients, Birthday Party Spa Gift for Kids Teens Girls, Hydrate and Soothe for All Skin Types 7 Pack",ZealSea aims to create a youthful skincare brand that conveys a vigorous and unrestrained attitude towards life.,Brandi Hansen,My daughter loves doing spa days,"My daughter loves spa days at home, these are so affordable and fun! They all smell decent, not too overwhelming.",6/3/2024,5,Yes,0,0.8203,0.296,0.0,0.704,0.0029651860240846872,0.02188267931342125,0.003064536489546299,0.821607768535614,0.12960025668144226,0.005946274381130934,0.014933399856090546
430,"ZealSea Face Masks Skincare, Facial Masks for Women Skin Care, Sheet Masks Beauty with Natural Ingredients, Birthday Party Spa Gift for Kids Teens Girls, Hydrate and Soothe for All Skin Types 7 Pack",ZealSea aims to create a youthful skincare brand that conveys a vigorous and unrestrained attitude towards life.,Emma Neiswanger,Gift,Was a gift for my niece she loved them,2/17/2024,4,Yes,0,0.7783,0.531,0.0,0.469,0.007840682752430439,0.004829919431358576,0.0012525197817012668,0.7994956374168396,0.04823240265250206,0.030034242197871208,0.10831455886363983
431,"ZealSea Face Masks Skincare, Facial Masks for Women Skin Care, Sheet Masks Beauty with Natural Ingredients, Birthday Party Spa Gift for Kids Teens Girls, Hydrate and Soothe for All Skin Types 7 Pack",ZealSea aims to create a youthful skincare brand that conveys a vigorous and unrestrained attitude towards life.,Margie anderson,Great gift idea,"These face masks are moisturizing and have cute packaging, which makes them great gifts.  It is important to note that they are reasonably priced.",4/25/2024,5,Yes,0,0.836,0.298,0.0,0.702,0.00598153518512845,0.014902864582836628,0.0017588334158062935,0.4746197462081909,0.48739489912986755,0.0042388406582176685,0.011103284545242786
432,"ZealSea Face Masks Skincare, Facial Masks for Women Skin Care, Sheet Masks Beauty with Natural Ingredients, Birthday Party Spa Gift for Kids Teens Girls, Hydrate and Soothe for All Skin Types 7 Pack",ZealSea aims to create a youthful skincare brand that conveys a vigorous and unrestrained attitude towards life.,Jill Cutting,Great for the money.,"We used these for our daughters spa themed birthday party.  All of the girls (ages 4-10) loved them.  A tad messy out of the pack for the younger girls, but worked out fine.",3/31/2024,5,Yes,0,0.5789,0.179,0.048,0.772,0.00432971864938736,0.012006236240267754,0.0018193877767771482,0.48514509201049805,0.28028690814971924,0.15534895658493042,0.06106371060013771
433,"ZealSea Face Masks Skincare, Facial Masks for Women Skin Care, Sheet Masks Beauty with Natural Ingredients, Birthday Party Spa Gift for Kids Teens Girls, Hydrate and Soothe for All Skin Types 7 Pack",ZealSea aims to create a youthful skincare brand that conveys a vigorous and unrestrained attitude towards life.,Gina,Mu niece love it for her “me time”,Good for kids amd to encourage self care,5/30/2024,5,Yes,0,0.8555,0.653,0.0,0.347,0.004534712061285973,0.010241412557661533,0.001007791026495397,0.9130880832672119,0.06326919049024582,0.004386144690215588,0.003472606185823679
434,"ZealSea Face Masks Skincare, Facial Masks for Women Skin Care, Sheet Masks Beauty with Natural Ingredients, Birthday Party Spa Gift for Kids Teens Girls, Hydrate and Soothe for All Skin Types 7 Pack",ZealSea aims to create a youthful skincare brand that conveys a vigorous and unrestrained attitude towards life.,Hayami,My daughter loves them,I bought these for my daughter’s birthday and she loved them. She loved the design of the individual packaging and I admit they were cute. They are a little big.,12/19/2023,4,Yes,0,0.9118,0.354,0.0,0.646,0.013021394610404968,0.02589263580739498,0.001996473642066121,0.834639847278595,0.08560055494308472,0.01082506775856018,0.028023984283208847
435,"ZealSea Face Masks Skincare, Facial Masks for Women Skin Care, Sheet Masks Beauty with Natural Ingredients, Birthday Party Spa Gift for Kids Teens Girls, Hydrate and Soothe for All Skin Types 7 Pack",ZealSea aims to create a youthful skincare brand that conveys a vigorous and unrestrained attitude towards life.,T. McFarlin,Great gift,13 yo loved it,5/29/2024,5,Yes,0,0.5994,0.565,0.0,0.435,0.018325598910450935,0.006911151111125946,0.003251468762755394,0.5517280697822571,0.2752040922641754,0.03752974048256874,0.10704988241195679
436,"ZealSea Face Masks Skincare, Facial Masks for Women Skin Care, Sheet Masks Beauty with Natural Ingredients, Birthday Party Spa Gift for Kids Teens Girls, Hydrate and Soothe for All Skin Types 7 Pack",ZealSea aims to create a youthful skincare brand that conveys a vigorous and unrestrained attitude towards life.,Ben Howard,Great price,Perfect addition!,5/13/2024,5,Yes,0,0.6114,0.8,0.0,0.2,0.01708836480975151,0.005915513727813959,0.0016727943439036608,0.5352456569671631,0.26998695731163025,0.005366662982851267,0.1647239774465561
437,"ZealSea Face Masks Skincare, Facial Masks for Women Skin Care, Sheet Masks Beauty with Natural Ingredients, Birthday Party Spa Gift for Kids Teens Girls, Hydrate and Soothe for All Skin Types 7 Pack",ZealSea aims to create a youthful skincare brand that conveys a vigorous and unrestrained attitude towards life.,Trista I.,Fun face masks,My daughter loves these. She uses them often and they do not bother her extremely sensitive skin.,3/18/2024,5,Yes,0,0.6943,0.277,0.0,0.723,0.06872733682394028,0.18633723258972168,0.0033284605015069246,0.11371007561683655,0.5841569304466248,0.03165354207158089,0.012086426839232445
438,"ZealSea Face Masks Skincare, Facial Masks for Women Skin Care, Sheet Masks Beauty with Natural Ingredients, Birthday Party Spa Gift for Kids Teens Girls, Hydrate and Soothe for All Skin Types 7 Pack",ZealSea aims to create a youthful skincare brand that conveys a vigorous and unrestrained attitude towards life.,Amazon Customer,Fun,Fun for girls and teens. Easy to use.,4/7/2024,5,Yes,0,0.7351,0.508,0.0,0.492,0.0029719483572989702,0.007626938167959452,0.0006208689301274717,0.9069106578826904,0.07138748466968536,0.005077230744063854,0.005404823459684849
439,"ZealSea Face Masks Skincare, Facial Masks for Women Skin Care, Sheet Masks Beauty with Natural Ingredients, Birthday Party Spa Gift for Kids Teens Girls, Hydrate and Soothe for All Skin Types 7 Pack",ZealSea aims to create a youthful skincare brand that conveys a vigorous and unrestrained attitude towards life.,Tommy D,Why an odd number?,"The odd number bothers me but the performance earns the full 5 stars. They also nice,  easy to use,  good for all skin types, and not messy.  I would buy again,  but I have 4 daughters so...yeah... somebody got left out of having a second one",12/1/2023,5,Yes,2,0.9211,0.291,0.058,0.651,0.005389367695897818,0.006355940829962492,0.0010060491040349007,0.4009150266647339,0.14235864579677582,0.3003665506839752,0.14360842108726501
440,"ZealSea Face Masks Skincare, Facial Masks for Women Skin Care, Sheet Masks Beauty with Natural Ingredients, Birthday Party Spa Gift for Kids Teens Girls, Hydrate and Soothe for All Skin Types 7 Pack",ZealSea aims to create a youthful skincare brand that conveys a vigorous and unrestrained attitude towards life.,may,Great value,Great value for my daughter she loves them!!,4/3/2024,5,Yes,0,0.8953,0.683,0.0,0.317,0.015972644090652466,0.005558720789849758,0.0008102594292722642,0.935025691986084,0.025205418467521667,0.0039774831384420395,0.013449866324663162
441,"ZealSea Face Masks Skincare, Facial Masks for Women Skin Care, Sheet Masks Beauty with Natural Ingredients, Birthday Party Spa Gift for Kids Teens Girls, Hydrate and Soothe for All Skin Types 7 Pack",ZealSea aims to create a youthful skincare brand that conveys a vigorous and unrestrained attitude towards life.,Tabitha Chappell,Love them,Bought these for my daughter and me for a spa day at home! I love that these are not harsh on our skin.,2/20/2024,5,Yes,0,0.7844,0.266,0.0,0.734,0.039378054440021515,0.1379067599773407,0.0022942358627915382,0.48851650953292847,0.2991974949836731,0.023649193346500397,0.00905777420848608
442,"ZealSea Face Masks Skincare, Facial Masks for Women Skin Care, Sheet Masks Beauty with Natural Ingredients, Birthday Party Spa Gift for Kids Teens Girls, Hydrate and Soothe for All Skin Types 7 Pack",ZealSea aims to create a youthful skincare brand that conveys a vigorous and unrestrained attitude towards life.,Yoharlenny,Great product!,"I love the masks, my skin and my girls are always very smooth and moisturized after using them. I would definitely recommend",2/18/2024,5,Yes,0,0.8555,0.356,0.0,0.644,0.0033420054242014885,0.010319150052964687,0.0006144588114693761,0.9017161130905151,0.07341203838586807,0.005326346028596163,0.005269867833703756
443,"ZealSea Face Masks Skincare, Facial Masks for Women Skin Care, Sheet Masks Beauty with Natural Ingredients, Birthday Party Spa Gift for Kids Teens Girls, Hydrate and Soothe for All Skin Types 7 Pack",ZealSea aims to create a youthful skincare brand that conveys a vigorous and unrestrained attitude towards life.,camel belhous,A bit big,Big for children. Try a different one.,11/9/2023,4,Yes,0,0.0,0.0,0.0,1.0,0.011395491659641266,0.010740854777395725,0.003620897652581334,0.004898527171462774,0.9499630928039551,0.008990976959466934,0.010390249080955982
444,"ZealSea Face Masks Skincare, Facial Masks for Women Skin Care, Sheet Masks Beauty with Natural Ingredients, Birthday Party Spa Gift for Kids Teens Girls, Hydrate and Soothe for All Skin Types 7 Pack",ZealSea aims to create a youthful skincare brand that conveys a vigorous and unrestrained attitude towards life.,Cristina Hobgood,Perfect for kids,My 6 year old daughter wanted to do face masks like me so I looked for some that are kid friendly and came across these. She loves them they smelled nice and were super gentle on her face. Very happy!,11/8/2023,5,Yes,7,0.9729,0.429,0.0,0.571,0.0012315675849094987,0.0012186049716547132,0.00023814162705093622,0.9715085625648499,0.013608226552605629,0.0036479842383414507,0.008546832948923111
445,"ZealSea Face Masks Skincare, Facial Masks for Women Skin Care, Sheet Masks Beauty with Natural Ingredients, Birthday Party Spa Gift for Kids Teens Girls, Hydrate and Soothe for All Skin Types 7 Pack",ZealSea aims to create a youthful skincare brand that conveys a vigorous and unrestrained attitude towards life.,Vinster,11 yr old daughter love it!,We bought these as part of her bday gift with other facial products. She love it.,1/25/2024,5,Yes,0,0.7964,0.336,0.0,0.664,0.02470758929848671,0.02896694652736187,0.0016628779703751206,0.48047134280204773,0.40011441707611084,0.018538471311330795,0.04553835839033127
446,"ZealSea Face Masks Skincare, Facial Masks for Women Skin Care, Sheet Masks Beauty with Natural Ingredients, Birthday Party Spa Gift for Kids Teens Girls, Hydrate and Soothe for All Skin Types 7 Pack",ZealSea aims to create a youthful skincare brand that conveys a vigorous and unrestrained attitude towards life.,Rasheda Vinson,Love,Got them for a sleepover they love them,2/21/2024,5,Yes,2,0.6369,0.412,0.0,0.588,0.02696351148188114,0.0148012675344944,0.0025812077801674604,0.4308151304721832,0.4379478991031647,0.03431817516684532,0.05257284268736839
447,"ZealSea Face Masks Skincare, Facial Masks for Women Skin Care, Sheet Masks Beauty with Natural Ingredients, Birthday Party Spa Gift for Kids Teens Girls, Hydrate and Soothe for All Skin Types 7 Pack",ZealSea aims to create a youthful skincare brand that conveys a vigorous and unrestrained attitude towards life.,Logan,Good gift,Bought this for my younger sister for a Christmas gift and she enjoyed it alot. Good quality for the price,12/29/2023,5,Yes,0,0.8442,0.363,0.0,0.637,0.001901357900351286,0.0020831781439483166,0.0003309607272967696,0.9540072679519653,0.029097825288772583,0.004060726147145033,0.008518666960299015
448,"ZealSea Face Masks Skincare, Facial Masks for Women Skin Care, Sheet Masks Beauty with Natural Ingredients, Birthday Party Spa Gift for Kids Teens Girls, Hydrate and Soothe for All Skin Types 7 Pack",ZealSea aims to create a youthful skincare brand that conveys a vigorous and unrestrained attitude towards life.,S S,Great stocking stuffers for teens,"Self-care is so important for young women, and I like to give spot like items to my teens. I love that I can purchase one of these and separate it for multiple gifting! Great stocking stuffers",10/22/2023,5,Yes,6,0.9428,0.363,0.0,0.637,0.005564413499087095,0.003783320775255561,0.0010443308856338263,0.8305992484092712,0.1337457299232483,0.006890438497066498,0.018372543156147003
449,"ZealSea Face Masks Skincare, Facial Masks for Women Skin Care, Sheet Masks Beauty with Natural Ingredients, Birthday Party Spa Gift for Kids Teens Girls, Hydrate and Soothe for All Skin Types 7 Pack",ZealSea aims to create a youthful skincare brand that conveys a vigorous and unrestrained attitude towards life.,"Excelente, lo recomiendo.",Fabuloso,A mi sobrinita le encanto. Apropiado para menores,2/4/2024,5,Yes,0,0.0,0.0,0.0,1.0,0.06962047517299652,0.09599138051271439,0.16395233571529388,0.11702917516231537,0.3646141290664673,0.11206034570932388,0.07673212140798569
450,"ZealSea Face Masks Skincare, Facial Masks for Women Skin Care, Sheet Masks Beauty with Natural Ingredients, Birthday Party Spa Gift for Kids Teens Girls, Hydrate and Soothe for All Skin Types 7 Pack",ZealSea aims to create a youthful skincare brand that conveys a vigorous and unrestrained attitude towards life.,Kk henderson,Face masks,My 11 yr old daughter loves the different masks,1/1/2024,5,Yes,0,0.5719,0.316,0.0,0.684,0.014042810536921024,0.00954456627368927,0.001698954845778644,0.7043114900588989,0.17364588379859924,0.036468278616666794,0.060287956148386
451,"ZealSea Face Masks Skincare, Facial Masks for Women Skin Care, Sheet Masks Beauty with Natural Ingredients, Birthday Party Spa Gift for Kids Teens Girls, Hydrate and Soothe for All Skin Types 7 Pack",ZealSea aims to create a youthful skincare brand that conveys a vigorous and unrestrained attitude towards life.,Penali,Nice price,"Nice masks for kids, my daughter loved them.",1/15/2024,5,Yes,0,0.7717,0.528,0.0,0.472,0.01145249791443348,0.03904586657881737,0.0008531725034117699,0.8751019835472107,0.05163959786295891,0.012757264077663422,0.00914961751550436
452,"ZealSea Face Masks Skincare, Facial Masks for Women Skin Care, Sheet Masks Beauty with Natural Ingredients, Birthday Party Spa Gift for Kids Teens Girls, Hydrate and Soothe for All Skin Types 7 Pack",ZealSea aims to create a youthful skincare brand that conveys a vigorous and unrestrained attitude towards life.,JONATHAN H.,Kids love them,Great for kids. My little princess loves them.,1/5/2024,5,Yes,0,0.8187,0.556,0.0,0.444,0.002297214698046446,0.0034094012808054686,0.00037950719706714153,0.9596064686775208,0.0243360698223114,0.006070720497518778,0.0039006108418107033
453,"ZealSea Face Masks Skincare, Facial Masks for Women Skin Care, Sheet Masks Beauty with Natural Ingredients, Birthday Party Spa Gift for Kids Teens Girls, Hydrate and Soothe for All Skin Types 7 Pack",ZealSea aims to create a youthful skincare brand that conveys a vigorous and unrestrained attitude towards life.,Michael Hall,Daughter loved them!,"I wasn't able to use them myself, as my daughter kept taking them with her on sleepovers. But she loved them, even if they didn't perfectly fit her small face!",10/4/2023,5,Yes,2,-0.2867,0.138,0.193,0.669,0.31708014011383057,0.26695773005485535,0.009954805485904217,0.10246831923723221,0.15125279128551483,0.10313860327005386,0.04914753884077072
454,"ZealSea Face Masks Skincare, Facial Masks for Women Skin Care, Sheet Masks Beauty with Natural Ingredients, Birthday Party Spa Gift for Kids Teens Girls, Hydrate and Soothe for All Skin Types 7 Pack",ZealSea aims to create a youthful skincare brand that conveys a vigorous and unrestrained attitude towards life.,Sherry Olson,Product as stated,A+,2/10/2024,5,Yes,0,0.0,0.0,0.0,1.0,0.03612320497632027,0.06826960295438766,0.010279898531734943,0.13028107583522797,0.7083190083503723,0.021607210859656334,0.025119902566075325
455,"ZealSea Face Masks Skincare, Facial Masks for Women Skin Care, Sheet Masks Beauty with Natural Ingredients, Birthday Party Spa Gift for Kids Teens Girls, Hydrate and Soothe for All Skin Types 7 Pack",ZealSea aims to create a youthful skincare brand that conveys a vigorous and unrestrained attitude towards life.,Katherine Dorrough,Cute for kids,As far as the skin care idk but it's cute refreshing and fun to use.,6/6/2023,4,Yes,0,0.8847,0.464,0.053,0.484,0.0013806931674480438,0.0036904034204781055,0.0004198300011921674,0.9688264727592468,0.018279360607266426,0.004324398469179869,0.003078920766711235
456,"ZealSea Face Masks Skincare, Facial Masks for Women Skin Care, Sheet Masks Beauty with Natural Ingredients, Birthday Party Spa Gift for Kids Teens Girls, Hydrate and Soothe for All Skin Types 7 Pack",ZealSea aims to create a youthful skincare brand that conveys a vigorous and unrestrained attitude towards life.,Diamond Green,Moisturizer and soft,,2/6/2024,5,Yes,3,0.0,0.0,0.0,1.0,0.023308759555220604,0.05606509745121002,0.05168873444199562,0.014370659366250038,0.5968263745307922,0.15775170922279358,0.09998871386051178
457,"ZealSea Face Masks Skincare, Facial Masks for Women Skin Care, Sheet Masks Beauty with Natural Ingredients, Birthday Party Spa Gift for Kids Teens Girls, Hydrate and Soothe for All Skin Types 7 Pack",ZealSea aims to create a youthful skincare brand that conveys a vigorous and unrestrained attitude towards life.,MelissaS,Easy face masks for girls,Bought this product twice for my 8yr old granddaughter. She absolutely loved them.  Easy and simple directions. Would recommend.,11/1/2023,5,Yes,3,0.8707,0.381,0.0,0.619,0.006359218154102564,0.002708730287849903,0.0018015782115980983,0.5557805299758911,0.3689804673194885,0.011729400604963303,0.05264009162783623
458,"ZealSea Face Masks Skincare, Facial Masks for Women Skin Care, Sheet Masks Beauty with Natural Ingredients, Birthday Party Spa Gift for Kids Teens Girls, Hydrate and Soothe for All Skin Types 7 Pack",ZealSea aims to create a youthful skincare brand that conveys a vigorous and unrestrained attitude towards life.,Amazon Customer,Great kids gift,My daughter often feel like she is in a spot when she is home and this was the perfect gift to add on. She loves it and it is great for her skin in the smell is amazing.,1/10/2023,4,Yes,5,0.967,0.4,0.0,0.6,0.004586779046803713,0.050038814544677734,0.005198926664888859,0.6323667168617249,0.23299667239189148,0.0050697107799351215,0.06974241137504578
459,"ZealSea Face Masks Skincare, Facial Masks for Women Skin Care, Sheet Masks Beauty with Natural Ingredients, Birthday Party Spa Gift for Kids Teens Girls, Hydrate and Soothe for All Skin Types 7 Pack",ZealSea aims to create a youthful skincare brand that conveys a vigorous and unrestrained attitude towards life.,April Lannoye,Adorable packaging,I purchased this for my daughter. She absolutely loves them.,12/3/2023,5,Yes,0,0.6115,0.333,0.0,0.667,0.03568102791905403,0.030122732743620872,0.0017179605783894658,0.69486004114151,0.1930813193321228,0.017248762771487236,0.02728823944926262
460,"ZealSea Face Masks Skincare, Facial Masks for Women Skin Care, Sheet Masks Beauty with Natural Ingredients, Birthday Party Spa Gift for Kids Teens Girls, Hydrate and Soothe for All Skin Types 7 Pack",ZealSea aims to create a youthful skincare brand that conveys a vigorous and unrestrained attitude towards life.,Tee,It helps,"The first thing I did was read the instructions and use it because I was so excited, it felt a little itchy at first then I was fine , I was happy that I got instant results, I would be happy to buy more .",5/27/2023,5,Yes,0,0.8888,0.273,0.04,0.687,0.0021286271512508392,0.0009311481262557209,0.0008206056081689894,0.9704188108444214,0.0050800577737390995,0.008657525293529034,0.011963250115513802
461,"ZealSea Face Masks Skincare, Facial Masks for Women Skin Care, Sheet Masks Beauty with Natural Ingredients, Birthday Party Spa Gift for Kids Teens Girls, Hydrate and Soothe for All Skin Types 7 Pack",ZealSea aims to create a youthful skincare brand that conveys a vigorous and unrestrained attitude towards life.,An,Exactly as described,"These face masks were neatly packaged and are exactly the same as advertised. Only deducting a star because these were purchased as a gift, so I have not used them to assess thier quality.",11/30/2022,4,Yes,0,0.6486,0.155,0.0,0.845,0.005125395487993956,0.0045617129653692245,0.0009056261042132974,0.013920336030423641,0.9507590532302856,0.0029686519410461187,0.021759213879704475
462,"ZealSea Face Masks Skincare, Facial Masks for Women Skin Care, Sheet Masks Beauty with Natural Ingredients, Birthday Party Spa Gift for Kids Teens Girls, Hydrate and Soothe for All Skin Types 7 Pack",ZealSea aims to create a youthful skincare brand that conveys a vigorous and unrestrained attitude towards life.,Sarah Rodriguez,Cute and safe for my daughter,"My daughter has sensitive skin but loves face masks, she can use these with no problems. I love that they are way less messy than the goopy kind of masks. My daughter is 9 and she can put these on herself with her friends and there is no mess left behind. The packaging is very nice for little girls too. Definitely recommend.",7/16/2022,5,Yes,13,0.9236,0.285,0.169,0.546,0.012456068769097328,0.07397237420082092,0.0016416346188634634,0.2458682507276535,0.6310638189315796,0.02620430663228035,0.008793497458100319
463,"ZealSea Face Masks Skincare, Facial Masks for Women Skin Care, Sheet Masks Beauty with Natural Ingredients, Birthday Party Spa Gift for Kids Teens Girls, Hydrate and Soothe for All Skin Types 7 Pack",ZealSea aims to create a youthful skincare brand that conveys a vigorous and unrestrained attitude towards life.,Brooks family,Great stuff,"I have super sensitive skin, I break out from product most of the time due to that. The only one I had a problem was the aloe one wasn’t my favorite. I would highly recommend for a gifts for all ages, or for yourself!",1/20/2023,5,Yes,4,0.8066,0.214,0.058,0.728,0.019414905458688736,0.02227507345378399,0.017452731728553772,0.03382226824760437,0.8429338335990906,0.025533851236104965,0.03856721147894859
464,"ZealSea Face Masks Skincare, Facial Masks for Women Skin Care, Sheet Masks Beauty with Natural Ingredients, Birthday Party Spa Gift for Kids Teens Girls, Hydrate and Soothe for All Skin Types 7 Pack",ZealSea aims to create a youthful skincare brand that conveys a vigorous and unrestrained attitude towards life.,Iam LadyNatalie,Skin care,The media could not be loaded.Loved how my skin felt after,11/10/2023,5,Yes,24,0.0,0.0,0.0,1.0,0.003457444254308939,0.013871286064386368,0.0017098565585911274,0.7628087401390076,0.1103115826845169,0.09616435319185257,0.01167675107717514
465,"ZealSea Face Masks Skincare, Facial Masks for Women Skin Care, Sheet Masks Beauty with Natural Ingredients, Birthday Party Spa Gift for Kids Teens Girls, Hydrate and Soothe for All Skin Types 7 Pack",ZealSea aims to create a youthful skincare brand that conveys a vigorous and unrestrained attitude towards life.,Randy,Bellas,Soy amante de las mascarillas y de verdad que me encantaron en serio son muy buenas de hidratan muchísimo y te dejan una piel muy bella,6/25/2023,5,Yes,0,0.0,0.0,0.0,1.0,0.043489135801792145,0.06873277574777603,0.04406435042619705,0.4750233292579651,0.24140246212482452,0.09209349006414413,0.03519440442323685
466,"ZealSea Face Masks Skincare, Facial Masks for Women Skin Care, Sheet Masks Beauty with Natural Ingredients, Birthday Party Spa Gift for Kids Teens Girls, Hydrate and Soothe for All Skin Types 7 Pack",ZealSea aims to create a youthful skincare brand that conveys a vigorous and unrestrained attitude towards life.,Anna,Best thing ever!,"I am 12 and I decided to try theese for the fun of it, ended up with SUPER clear skin after using all of them!!",6/11/2023,5,Yes,0,0.9025,0.357,0.0,0.643,0.03404803201556206,0.023906400427222252,0.0022771991789340973,0.5057238936424255,0.2840196490287781,0.008983193896710873,0.14104163646697998
467,"ZealSea Face Masks Skincare, Facial Masks for Women Skin Care, Sheet Masks Beauty with Natural Ingredients, Birthday Party Spa Gift for Kids Teens Girls, Hydrate and Soothe for All Skin Types 7 Pack",ZealSea aims to create a youthful skincare brand that conveys a vigorous and unrestrained attitude towards life.,Allison,Love these!!,"I absolutely love these. My skin tends to be sensitive but these don’t irritate it at all. Also just may be a me thing, but I really like the size of these masks, I feel like most sheet masks are too large for my face but these are the perfect size!",7/11/2022,5,Yes,0,0.9147,0.253,0.06,0.687,0.8922916054725647,0.019574051722884178,0.0022781777661293745,0.016751090064644814,0.06290967762470245,0.0031574154272675514,0.0030379891395568848
468,"ZealSea Face Masks Skincare, Facial Masks for Women Skin Care, Sheet Masks Beauty with Natural Ingredients, Birthday Party Spa Gift for Kids Teens Girls, Hydrate and Soothe for All Skin Types 7 Pack",ZealSea aims to create a youthful skincare brand that conveys a vigorous and unrestrained attitude towards life.,Grisselle Velez,Exactly as the day,Bought this and it’s refreshing and wonderful in my skin.  Will buy again,8/4/2023,5,Yes,0,0.5719,0.236,0.0,0.764,0.0008849549340084195,0.0009865345200523734,0.0005475157522596419,0.961735725402832,0.02493780106306076,0.004698353819549084,0.006209070794284344
469,"ZealSea Face Masks Skincare, Facial Masks for Women Skin Care, Sheet Masks Beauty with Natural Ingredients, Birthday Party Spa Gift for Kids Teens Girls, Hydrate and Soothe for All Skin Types 7 Pack",ZealSea aims to create a youthful skincare brand that conveys a vigorous and unrestrained attitude towards life.,jovana,Not kid friendly.,I ordered this believe it will be fun and kid friendly. Some of it were for firm and collagen.,10/4/2022,4,Yes,6,0.7579,0.289,0.0,0.711,0.007203353103250265,0.018716517835855484,0.0014507484156638384,0.1615191251039505,0.7886819243431091,0.004504858981817961,0.017923420295119286
470,"ZealSea Face Masks Skincare, Facial Masks for Women Skin Care, Sheet Masks Beauty with Natural Ingredients, Birthday Party Spa Gift for Kids Teens Girls, Hydrate and Soothe for All Skin Types 7 Pack",ZealSea aims to create a youthful skincare brand that conveys a vigorous and unrestrained attitude towards life.,Katherine,Great masks !,"Honestly thought this was going to be one of those cute package products with poor quality, but I was wrong ! Definitely loved how moisturized and relaxed my face feels after using the mask. I do recommend for anyone who is looking for new face masks to try :)",6/23/2022,5,Yes,0,0.9615,0.364,0.091,0.545,0.005707616917788982,0.010094335302710533,0.0009565308573655784,0.8002422451972961,0.15923742949962616,0.006697208154946566,0.01706467755138874
471,"ZealSea Face Masks Skincare, Facial Masks for Women Skin Care, Sheet Masks Beauty with Natural Ingredients, Birthday Party Spa Gift for Kids Teens Girls, Hydrate and Soothe for All Skin Types 7 Pack",ZealSea aims to create a youthful skincare brand that conveys a vigorous and unrestrained attitude towards life.,Deanna,Really good for kids,I bought this for my little sister and she LOVED IT as soon as she opened it she has 5 more!,4/20/2023,5,Yes,0,0.7118,0.215,0.0,0.785,0.03037790209054947,0.008927589282393456,0.0011376218171790242,0.7670344710350037,0.09612288326025009,0.01298712007701397,0.08341232687234879
472,"ZealSea Face Masks Skincare, Facial Masks for Women Skin Care, Sheet Masks Beauty with Natural Ingredients, Birthday Party Spa Gift for Kids Teens Girls, Hydrate and Soothe for All Skin Types 7 Pack",ZealSea aims to create a youthful skincare brand that conveys a vigorous and unrestrained attitude towards life.,Karlie,Perfect,"They are all different kinds of masks, each good for something different. Made perfect little add ons to gifts!",6/4/2023,5,Yes,0,0.784,0.288,0.0,0.712,0.019927360117435455,0.007763609755784273,0.0018568148370832205,0.056145038455724716,0.8052048683166504,0.0066010733135044575,0.10250121355056763
473,"ZealSea Face Masks Skincare, Facial Masks for Women Skin Care, Sheet Masks Beauty with Natural Ingredients, Birthday Party Spa Gift for Kids Teens Girls, Hydrate and Soothe for All Skin Types 7 Pack",ZealSea aims to create a youthful skincare brand that conveys a vigorous and unrestrained attitude towards life.,Ewalden,Great stocking stuffers,Good for kids,1/23/2023,4,Yes,2,0.4404,0.592,0.0,0.408,0.005372195970267057,0.014267255552113056,0.0013932428555563092,0.7755016088485718,0.19100680947303772,0.008012663573026657,0.004446239210665226
474,"ZealSea Face Masks Skincare, Facial Masks for Women Skin Care, Sheet Masks Beauty with Natural Ingredients, Birthday Party Spa Gift for Kids Teens Girls, Hydrate and Soothe for All Skin Types 7 Pack",ZealSea aims to create a youthful skincare brand that conveys a vigorous and unrestrained attitude towards life.,Nayeli leyva,(Great!,Product is great they are just a little on the big end,7/5/2023,5,Yes,0,0.6249,0.291,0.0,0.709,0.004419015720486641,0.00424617063254118,0.0013132165186107159,0.3715563118457794,0.5521455407142639,0.008472264744341373,0.05784745514392853
475,"ZealSea Face Masks Skincare, Facial Masks for Women Skin Care, Sheet Masks Beauty with Natural Ingredients, Birthday Party Spa Gift for Kids Teens Girls, Hydrate and Soothe for All Skin Types 7 Pack",ZealSea aims to create a youthful skincare brand that conveys a vigorous and unrestrained attitude towards life.,Delilah Barker,Makes my face so soft,I would buy again and recommend to other friends and family,7/15/2023,5,Yes,0,0.6808,0.412,0.0,0.588,0.004635193385183811,0.004361181054264307,0.0022991278674453497,0.8179883360862732,0.15323063731193542,0.0062232231721282005,0.011262291111052036
476,"ZealSea Face Masks Skincare, Facial Masks for Women Skin Care, Sheet Masks Beauty with Natural Ingredients, Birthday Party Spa Gift for Kids Teens Girls, Hydrate and Soothe for All Skin Types 7 Pack",ZealSea aims to create a youthful skincare brand that conveys a vigorous and unrestrained attitude towards life.,A.,Love them,"Smells nice, very relaxing, makes my skin feel great.",7/19/2023,5,Yes,0,0.8858,0.634,0.0,0.366,0.0011546578025445342,0.0041053458116948605,0.0004461224307306111,0.9669878482818604,0.01941932924091816,0.00623627845197916,0.0016503279330208898
477,"ZealSea Face Masks Skincare, Facial Masks for Women Skin Care, Sheet Masks Beauty with Natural Ingredients, Birthday Party Spa Gift for Kids Teens Girls, Hydrate and Soothe for All Skin Types 7 Pack",ZealSea aims to create a youthful skincare brand that conveys a vigorous and unrestrained attitude towards life.,Deasha Johnson,Great for kids,Cute for kids.,12/26/2022,4,Yes,0,0.4588,0.6,0.0,0.4,0.017445584759116173,0.9152657389640808,0.0041348133236169815,0.0074088312685489655,0.0359756201505661,0.0174727663397789,0.002296634716913104
478,"ZealSea Face Masks Skincare, Facial Masks for Women Skin Care, Sheet Masks Beauty with Natural Ingredients, Birthday Party Spa Gift for Kids Teens Girls, Hydrate and Soothe for All Skin Types 7 Pack",ZealSea aims to create a youthful skincare brand that conveys a vigorous and unrestrained attitude towards life.,leslie,YEA,YES JUST YES I IS AMAZING 🤩 I DID IT FOR MY FIRST DAY OF SCHOOL AND EVERY ONE WAS SAYING “ OMG I love your skin 🤩” BUY IT TRUST ME,10/30/2022,5,Yes,0,0.9667,0.472,0.0,0.528,0.04533984884619713,0.006653802469372749,0.021383244544267654,0.09058816730976105,0.2906525433063507,0.0047007338143885136,0.5406816601753235
479,"ZealSea Face Masks Skincare, Facial Masks for Women Skin Care, Sheet Masks Beauty with Natural Ingredients, Birthday Party Spa Gift for Kids Teens Girls, Hydrate and Soothe for All Skin Types 7 Pack",ZealSea aims to create a youthful skincare brand that conveys a vigorous and unrestrained attitude towards life.,Maggie,Kid Approved,My kiddo loves “spa night” these are perfect for that. Affordable and cute!,5/3/2023,5,Yes,0,0.8932,0.517,0.0,0.483,0.014146472327411175,0.008220587857067585,0.0012888327473774552,0.5725982785224915,0.3593198359012604,0.011080963537096977,0.033344946801662445
480,"ZealSea Face Masks Skincare, Facial Masks for Women Skin Care, Sheet Masks Beauty with Natural Ingredients, Birthday Party Spa Gift for Kids Teens Girls, Hydrate and Soothe for All Skin Types 7 Pack",ZealSea aims to create a youthful skincare brand that conveys a vigorous and unrestrained attitude towards life.,SB,Used for Spa Party,I purchased these for my daughter’s spa party and the girls loved putting them on.,3/17/2023,5,Yes,2,0.765,0.355,0.0,0.645,0.006597802508622408,0.013458149507641792,0.0007955103646963835,0.8662299513816833,0.08945758640766144,0.00842792447656393,0.015033229254186153
481,"ZealSea Face Masks Skincare, Facial Masks for Women Skin Care, Sheet Masks Beauty with Natural Ingredients, Birthday Party Spa Gift for Kids Teens Girls, Hydrate and Soothe for All Skin Types 7 Pack",ZealSea aims to create a youthful skincare brand that conveys a vigorous and unrestrained attitude towards life.,Mayra Santana,Muy divertidas,Excelente para niños,8/2/2023,5,Yes,0,0.0,0.0,0.0,1.0,0.027479181066155434,0.12684650719165802,0.022855620831251144,0.009378132410347462,0.7691318988800049,0.03022664599120617,0.014081970788538456
482,"ZealSea Face Masks Skincare, Facial Masks for Women Skin Care, Sheet Masks Beauty with Natural Ingredients, Birthday Party Spa Gift for Kids Teens Girls, Hydrate and Soothe for All Skin Types 7 Pack",ZealSea aims to create a youthful skincare brand that conveys a vigorous and unrestrained attitude towards life.,Samantha Rae,My daughter loves these,My daughter loves these. Got them for Christmas. Her skin is sensitive and no issues,1/25/2023,5,Yes,6,0.3612,0.196,0.116,0.688,0.0149115901440382,0.02150564454495907,0.0016444404609501362,0.21288152039051056,0.6956107020378113,0.027916554361581802,0.02552955038845539
483,"ZealSea Face Masks Skincare, Facial Masks for Women Skin Care, Sheet Masks Beauty with Natural Ingredients, Birthday Party Spa Gift for Kids Teens Girls, Hydrate and Soothe for All Skin Types 7 Pack",ZealSea aims to create a youthful skincare brand that conveys a vigorous and unrestrained attitude towards life.,MCGCH,Value for the money,Fun for a birthday party or teen get together,5/19/2023,5,Yes,0,0.7184,0.5,0.0,0.5,0.0025162030942738056,0.001791871734894812,0.0004036062164232135,0.9338991641998291,0.03829500824213028,0.00617360882461071,0.01692056842148304
484,"ZealSea Face Masks Skincare, Facial Masks for Women Skin Care, Sheet Masks Beauty with Natural Ingredients, Birthday Party Spa Gift for Kids Teens Girls, Hydrate and Soothe for All Skin Types 7 Pack",ZealSea aims to create a youthful skincare brand that conveys a vigorous and unrestrained attitude towards life.,yamel segura mendoza,SON LINDAS,SON LINDAS,9/30/2022,4,Yes,0,0.0,0.0,0.0,1.0,0.007883169688284397,0.005121774040162563,0.0021999827586114407,0.008200526237487793,0.8895621299743652,0.020162567496299744,0.06686993688344955
485,"ZealSea Face Masks Skincare, Facial Masks for Women Skin Care, Sheet Masks Beauty with Natural Ingredients, Birthday Party Spa Gift for Kids Teens Girls, Hydrate and Soothe for All Skin Types 7 Pack",ZealSea aims to create a youthful skincare brand that conveys a vigorous and unrestrained attitude towards life.,mitch wittman,Great gift,This was a perfect gift for my teenage sister. Great value for how many there are.,12/30/2022,5,Yes,0,0.9201,0.544,0.0,0.456,0.002882158849388361,0.0017059738747775555,0.0008415965712629259,0.7457003593444824,0.15791772305965424,0.004855301696807146,0.08609680086374283
486,"ZealSea Face Masks Skincare, Facial Masks for Women Skin Care, Sheet Masks Beauty with Natural Ingredients, Birthday Party Spa Gift for Kids Teens Girls, Hydrate and Soothe for All Skin Types 7 Pack",ZealSea aims to create a youthful skincare brand that conveys a vigorous and unrestrained attitude towards life.,Destinee,Great gift idea,I bought for my daughter and I’m so happy with it great for birthday or Christmas ideas!!!,11/10/2022,5,Yes,0,0.8938,0.41,0.0,0.59,0.0015884523745626211,0.0004848480748478323,0.00034842590685002506,0.9686287641525269,0.005155742168426514,0.002335344674065709,0.021458417177200317
487,"ZealSea Face Masks Skincare, Facial Masks for Women Skin Care, Sheet Masks Beauty with Natural Ingredients, Birthday Party Spa Gift for Kids Teens Girls, Hydrate and Soothe for All Skin Types 7 Pack",ZealSea aims to create a youthful skincare brand that conveys a vigorous and unrestrained attitude towards life.,Reymann Sablan,Worth it for kids,I bought these for my 6 year old cause she loves face masks. It fits her face and she loves it! Definitely gonna buy these to add to kids party favors!,5/16/2022,5,Yes,0,0.937,0.391,0.0,0.609,0.018585480749607086,0.008021299727261066,0.0011637239949777722,0.7875694036483765,0.13881777226924896,0.007425967138260603,0.03841625154018402
488,"ZealSea Face Masks Skincare, Facial Masks for Women Skin Care, Sheet Masks Beauty with Natural Ingredients, Birthday Party Spa Gift for Kids Teens Girls, Hydrate and Soothe for All Skin Types 7 Pack",ZealSea aims to create a youthful skincare brand that conveys a vigorous and unrestrained attitude towards life.,Kris,Cute,Bought them for my 9yr old self care,4/22/2023,5,Yes,2,0.4939,0.314,0.0,0.686,0.021708296611905098,0.010684775188565254,0.003678463166579604,0.03132233768701553,0.8946282863616943,0.023020558059215546,0.014957311563193798
489,"ZealSea Face Masks Skincare, Facial Masks for Women Skin Care, Sheet Masks Beauty with Natural Ingredients, Birthday Party Spa Gift for Kids Teens Girls, Hydrate and Soothe for All Skin Types 7 Pack",ZealSea aims to create a youthful skincare brand that conveys a vigorous and unrestrained attitude towards life.,Amazon Customer,Kids had fun,"Put these in the grand kids Easter baskets. They told me, they had fun with their friends during their sleep over. They liked the scent and left their skin smoothe.",4/29/2022,5,Yes,0,0.9042,0.319,0.0,0.681,0.02377523109316826,0.12577833235263824,0.001799343735910952,0.46279555559158325,0.3683210611343384,0.010783765465021133,0.006746722385287285
490,"ZealSea Face Masks Skincare, Facial Masks for Women Skin Care, Sheet Masks Beauty with Natural Ingredients, Birthday Party Spa Gift for Kids Teens Girls, Hydrate and Soothe for All Skin Types 7 Pack",ZealSea aims to create a youthful skincare brand that conveys a vigorous and unrestrained attitude towards life.,D. Sez,So comfortable and fun to use and face always feels super moisturized and cleansed!!!,10 out of 10 would recommend! :),4/3/2023,5,Yes,0,0.6996,0.537,0.0,0.463,0.029026789590716362,0.011798884719610214,0.0024571544490754604,0.24859516322612762,0.6159074306488037,0.004835073370486498,0.08737953752279282
491,"ZealSea Face Masks Skincare, Facial Masks for Women Skin Care, Sheet Masks Beauty with Natural Ingredients, Birthday Party Spa Gift for Kids Teens Girls, Hydrate and Soothe for All Skin Types 7 Pack",ZealSea aims to create a youthful skincare brand that conveys a vigorous and unrestrained attitude towards life.,Rebekah Joy Hill,Fantastic!,These face masks smell so good! The feel wonderful on your skin and are a great price! Highly recommend! I got them exactly when expected delivery was and had absolutely zero issues.  I will definitely purchase again in the future!,12/14/2021,5,Yes,4,0.9596,0.363,0.0,0.637,0.0022349744103848934,0.01451157871633768,0.001531156711280346,0.9283367991447449,0.04274739697575569,0.00307447649538517,0.007563745137304068
492,"ZealSea Face Masks Skincare, Facial Masks for Women Skin Care, Sheet Masks Beauty with Natural Ingredients, Birthday Party Spa Gift for Kids Teens Girls, Hydrate and Soothe for All Skin Types 7 Pack",ZealSea aims to create a youthful skincare brand that conveys a vigorous and unrestrained attitude towards life.,Donna,Fun gift,Young granddaughter wanted some beauty items. Added these.,3/26/2023,5,Yes,0,0.5859,0.352,0.0,0.648,0.01180115994066,0.012919610366225243,0.001080458052456379,0.023734919726848602,0.8777141571044922,0.01943368650972843,0.053315989673137665
493,"ZealSea Face Masks Skincare, Facial Masks for Women Skin Care, Sheet Masks Beauty with Natural Ingredients, Birthday Party Spa Gift for Kids Teens Girls, Hydrate and Soothe for All Skin Types 7 Pack",ZealSea aims to create a youthful skincare brand that conveys a vigorous and unrestrained attitude towards life.,KWes,"Great price, gentle enough for kids","These were purchased for my daughters birthday party. The girls enjoyed doing the face masks , they are gentle enough for their skin!",7/6/2022,5,Yes,3,0.8478,0.326,0.0,0.674,0.005477309692651033,0.01714697666466236,0.0005639290902763605,0.8958243727684021,0.07204033434391022,0.004763648379594088,0.004183546174317598
494,"ZealSea Face Masks Skincare, Facial Masks for Women Skin Care, Sheet Masks Beauty with Natural Ingredients, Birthday Party Spa Gift for Kids Teens Girls, Hydrate and Soothe for All Skin Types 7 Pack",ZealSea aims to create a youthful skincare brand that conveys a vigorous and unrestrained attitude towards life.,Viviana Candelario,Really good.,It's affordable and really good feels very soft.,3/20/2023,5,Yes,0,0.4927,0.313,0.0,0.687,0.003959836903959513,0.14382824301719666,0.005018728785216808,0.12625910341739655,0.6447612047195435,0.06657559424638748,0.00959728006273508
495,"ZealSea Face Masks Skincare, Facial Masks for Women Skin Care, Sheet Masks Beauty with Natural Ingredients, Birthday Party Spa Gift for Kids Teens Girls, Hydrate and Soothe for All Skin Types 7 Pack",ZealSea aims to create a youthful skincare brand that conveys a vigorous and unrestrained attitude towards life.,Bawk,Work for sensitive skin,My skin is very sensitive and I have tried many products from drugs store. My friend recommended me this facial mask. Feels like so fresh and smell so good I’ll buy more.,11/24/2021,5,Yes,0,0.9221,0.354,0.0,0.646,0.010241027921438217,0.09171038866043091,0.00241080648265779,0.11723317205905914,0.7565587759017944,0.011906648054718971,0.009939168579876423
496,"ZealSea Face Masks Skincare, Facial Masks for Women Skin Care, Sheet Masks Beauty with Natural Ingredients, Birthday Party Spa Gift for Kids Teens Girls, Hydrate and Soothe for All Skin Types 7 Pack",ZealSea aims to create a youthful skincare brand that conveys a vigorous and unrestrained attitude towards life.,Carolina,Excellent,i did a Spa day with my kids and they were so happy. i will definitely will order more.,5/5/2022,5,Yes,0,0.8274,0.355,0.0,0.645,0.0007209554896689951,0.00024319710792042315,0.0002762646763585508,0.9921372532844543,0.0009462873567827046,0.0023088203743100166,0.0033671625424176455
497,"ZealSea Face Masks Skincare, Facial Masks for Women Skin Care, Sheet Masks Beauty with Natural Ingredients, Birthday Party Spa Gift for Kids Teens Girls, Hydrate and Soothe for All Skin Types 7 Pack",ZealSea aims to create a youthful skincare brand that conveys a vigorous and unrestrained attitude towards life.,Daisy Cuevas,Super cute and so useful,I bought these for a girls day and they were a huge hit everyone loved them and I will definitely be purchasing more.,1/19/2022,5,Yes,0,0.836,0.357,0.0,0.643,0.00521046994253993,0.0024621542543172836,0.001032778644002974,0.8681418299674988,0.09246780723333359,0.0050947596319019794,0.025590188801288605
498,"ZealSea Face Masks Skincare, Facial Masks for Women Skin Care, Sheet Masks Beauty with Natural Ingredients, Birthday Party Spa Gift for Kids Teens Girls, Hydrate and Soothe for All Skin Types 7 Pack",ZealSea aims to create a youthful skincare brand that conveys a vigorous and unrestrained attitude towards life.,❤️,YESSS,I have sensitive skin and I have not broke out once and it feels so nice on my skinnnn.,2/24/2022,5,Yes,0,0.7139,0.284,0.0,0.716,0.004079841077327728,0.07275219261646271,0.004637540318071842,0.44686195254325867,0.4179178476333618,0.04499927908182144,0.00875133741647005
499,"ZealSea Face Masks Skincare, Facial Masks for Women Skin Care, Sheet Masks Beauty with Natural Ingredients, Birthday Party Spa Gift for Kids Teens Girls, Hydrate and Soothe for All Skin Types 7 Pack",ZealSea aims to create a youthful skincare brand that conveys a vigorous and unrestrained attitude towards life.,tanya,happy with the product,great for the money,12/10/2022,5,Yes,0,0.6249,0.577,0.0,0.423,0.002075070980936289,0.0015524489572271705,0.0004895773599855602,0.9379066228866577,0.03428022563457489,0.004566181916743517,0.01912987232208252
500,"New York Biology Dead Sea Mud Mask for Face and Body - Spa Quality Pore Reducer for Acne, Blackheads & Oily Skin, Natural Skincare for Women, Men - Tightens Skin for A Healthier Complexion - 8.8 oz","Dead Sea mud contains 21 minerals and is one of the most mineral-rich mud on earth. It includes key skin-nourishing minerals such as sodium, magnesium, calcium, bromide, potassium, iron, sulfur, silicon dioxide and much more. Dead Sea Mud is known to have many soothing and calming properties that can help improve the skin appearance and relieve irritated skin at the same time. For this reason it is one of the most sought-after skin care addition.",Heather,Nom,Someone took a bite of my face mask.I’ve had it for only a week so I don’t have much change but I’ll update the review when I do. I did notice pimples popped up after I used it? But I have no idea if that’s normal or not (this is my second mask ever). It did take a long time to wash it off.,9/14/2024,3,Yes,4,-0.4215,0.0,0.048,0.952,0.03573283180594444,0.3702771067619324,0.02540987730026245,0.0020676355343312025,0.3905060887336731,0.02117159403860569,0.15483488142490387
501,"New York Biology Dead Sea Mud Mask for Face and Body - Spa Quality Pore Reducer for Acne, Blackheads & Oily Skin, Natural Skincare for Women, Men - Tightens Skin for A Healthier Complexion - 8.8 oz","Dead Sea mud contains 21 minerals and is one of the most mineral-rich mud on earth. It includes key skin-nourishing minerals such as sodium, magnesium, calcium, bromide, potassium, iron, sulfur, silicon dioxide and much more. Dead Sea Mud is known to have many soothing and calming properties that can help improve the skin appearance and relieve irritated skin at the same time. For this reason it is one of the most sought-after skin care addition.",Nadya,Didn't really do much for me,"I have oily skin and i was hipping this was goin to help with the occasional pimples but it really does almost nothing to them. I have not seen any progress on my skin at all but i still use because doesn't do anything bad either and well,  i paid for it.",9/28/2024,3,Yes,0,0.6459,0.152,0.055,0.792,0.015937890857458115,0.05250982940196991,0.003550176741555333,0.10813874751329422,0.42890650033950806,0.34393712878227234,0.04701978340744972
502,"New York Biology Dead Sea Mud Mask for Face and Body - Spa Quality Pore Reducer for Acne, Blackheads & Oily Skin, Natural Skincare for Women, Men - Tightens Skin for A Healthier Complexion - 8.8 oz","Dead Sea mud contains 21 minerals and is one of the most mineral-rich mud on earth. It includes key skin-nourishing minerals such as sodium, magnesium, calcium, bromide, potassium, iron, sulfur, silicon dioxide and much more. Dead Sea Mud is known to have many soothing and calming properties that can help improve the skin appearance and relieve irritated skin at the same time. For this reason it is one of the most sought-after skin care addition.",Great! But…,Great product just doesn’t work for me,"I have oily and prone to acne skin so I decided to try this mask because lots of people were saying it’s great. There’s nothing wrong with the product itself it is easy to apply, washes off pretty easy, the container is pretty and the texture is smooth it just doesn’t work for my skin.",6/19/2024,3,Yes,19,0.9575,0.286,0.0,0.714,0.01062207855284214,0.09609663486480713,0.003203663509339094,0.08580989390611649,0.7813553214073181,0.018006425350904465,0.0049060070887207985
503,"New York Biology Dead Sea Mud Mask for Face and Body - Spa Quality Pore Reducer for Acne, Blackheads & Oily Skin, Natural Skincare for Women, Men - Tightens Skin for A Healthier Complexion - 8.8 oz","Dead Sea mud contains 21 minerals and is one of the most mineral-rich mud on earth. It includes key skin-nourishing minerals such as sodium, magnesium, calcium, bromide, potassium, iron, sulfur, silicon dioxide and much more. Dead Sea Mud is known to have many soothing and calming properties that can help improve the skin appearance and relieve irritated skin at the same time. For this reason it is one of the most sought-after skin care addition.",Lizye,Me gustó !!,Deja muy suave la piel y sierra los poros y quita el brillo,7/27/2024,3,Yes,0,0.4588,0.231,0.0,0.769,0.0327482596039772,0.10724706202745438,0.041729893535375595,0.29894620180130005,0.29153114557266235,0.18080976605415344,0.046987611800432205
504,"New York Biology Dead Sea Mud Mask for Face and Body - Spa Quality Pore Reducer for Acne, Blackheads & Oily Skin, Natural Skincare for Women, Men - Tightens Skin for A Healthier Complexion - 8.8 oz","Dead Sea mud contains 21 minerals and is one of the most mineral-rich mud on earth. It includes key skin-nourishing minerals such as sodium, magnesium, calcium, bromide, potassium, iron, sulfur, silicon dioxide and much more. Dead Sea Mud is known to have many soothing and calming properties that can help improve the skin appearance and relieve irritated skin at the same time. For this reason it is one of the most sought-after skin care addition.",Champagnelambert,My bf love this,I bought this for my boyfriend and he really like,8/15/2024,3,Yes,0,0.4201,0.259,0.0,0.741,0.019340163096785545,0.018418649211525917,0.00331739685498178,0.760911762714386,0.0764472559094429,0.02032509259879589,0.10123974829912186
505,"New York Biology Dead Sea Mud Mask for Face and Body - Spa Quality Pore Reducer for Acne, Blackheads & Oily Skin, Natural Skincare for Women, Men - Tightens Skin for A Healthier Complexion - 8.8 oz","Dead Sea mud contains 21 minerals and is one of the most mineral-rich mud on earth. It includes key skin-nourishing minerals such as sodium, magnesium, calcium, bromide, potassium, iron, sulfur, silicon dioxide and much more. Dead Sea Mud is known to have many soothing and calming properties that can help improve the skin appearance and relieve irritated skin at the same time. For this reason it is one of the most sought-after skin care addition.",Alex,Caused breakouts,"I was giving this product a chance. I bought it on a whim because I just randomly started having breakouts for the first time in my life (I’m 33) and I was looking into face masks to help. So far I’ve used it 3 separate times in the past two weeks. I followed the directions and applied it after washing my face. Then rubbed off with warm water & washcloth. The first day my face seemed fine. So I used it again 5 days later. The second time I used it I saw a few more pimples after, but I thought maybe it was drawing out the impurities & then your face would settle down later. But now after the third use my face is now covered in pimples. I only had a few here & there before. Now I just have to wait for my face to return back to normal. And hope I can find a product that will actually work with my skin not against it. My skin isn’t even that sensitive! Anyways I’m only giving it three stars because it smells nice, applies well, and has easy directions. It didn’t work for me but maybe it’ll help someone else.",7/31/2023,3,Yes,5,0.9774,0.145,0.0,0.855,0.007819496095180511,0.028506366536021233,0.0028170691803097725,0.008855805732309818,0.9173708558082581,0.01113856490701437,0.02349182404577732
506,"New York Biology Dead Sea Mud Mask for Face and Body - Spa Quality Pore Reducer for Acne, Blackheads & Oily Skin, Natural Skincare for Women, Men - Tightens Skin for A Healthier Complexion - 8.8 oz","Dead Sea mud contains 21 minerals and is one of the most mineral-rich mud on earth. It includes key skin-nourishing minerals such as sodium, magnesium, calcium, bromide, potassium, iron, sulfur, silicon dioxide and much more. Dead Sea Mud is known to have many soothing and calming properties that can help improve the skin appearance and relieve irritated skin at the same time. For this reason it is one of the most sought-after skin care addition.",Maruf,Disappointing Results for Oily Skin and Pore Reduction,"I’ve been using the New York Biology Dead Sea Mud Mask twice a week, just as described, but I haven’t seen any noticeable benefits or changes. After applying and leaving it on for 10-15 minutes, it dries up, and I rinse my face clean. While my skin does feel smooth right after washing, that’s about the only positive I’ve noticed.Unfortunately, it doesn’t help with combating oily skin, nor does it reduce visible pores or tighten the skin as advertised. I had high hopes for this product, but it didn’t live up to its claims. I wish I had gone with a different product instead.",9/2/2024,2,Yes,2,0.9682,0.196,0.023,0.781,0.005327234510332346,0.07033724337816238,0.00657601747661829,0.009281090460717678,0.588832437992096,0.29551732540130615,0.0241286288946867
507,"New York Biology Dead Sea Mud Mask for Face and Body - Spa Quality Pore Reducer for Acne, Blackheads & Oily Skin, Natural Skincare for Women, Men - Tightens Skin for A Healthier Complexion - 8.8 oz","Dead Sea mud contains 21 minerals and is one of the most mineral-rich mud on earth. It includes key skin-nourishing minerals such as sodium, magnesium, calcium, bromide, potassium, iron, sulfur, silicon dioxide and much more. Dead Sea Mud is known to have many soothing and calming properties that can help improve the skin appearance and relieve irritated skin at the same time. For this reason it is one of the most sought-after skin care addition.",Surya Prakash Pandeya,Ok product,There was no seal in the product. So was'nt sure if anybody used it and returned before. Not a significant improvement in skin. Ok quality.,6/9/2024,3,Yes,0,-0.1264,0.159,0.209,0.632,0.0037394354585558176,0.026568444445729256,0.002049446338787675,0.00898931547999382,0.8890392184257507,0.02070755697786808,0.04890650883316994
508,"New York Biology Dead Sea Mud Mask for Face and Body - Spa Quality Pore Reducer for Acne, Blackheads & Oily Skin, Natural Skincare for Women, Men - Tightens Skin for A Healthier Complexion - 8.8 oz","Dead Sea mud contains 21 minerals and is one of the most mineral-rich mud on earth. It includes key skin-nourishing minerals such as sodium, magnesium, calcium, bromide, potassium, iron, sulfur, silicon dioxide and much more. Dead Sea Mud is known to have many soothing and calming properties that can help improve the skin appearance and relieve irritated skin at the same time. For this reason it is one of the most sought-after skin care addition.",Stuti Gupta,Tingling sensation on skin everytime but works!,I liked this product initially. It also worked pretty well on my face. Significantly reduced my acne scars. My skin also feels better and clearer. However I have the following problems with this:1. It gives an irritating tingling sensation on my face. It doesnt harm my skin or anythinf but the experience of putting it is really frustrating rather than relaxing which is what you’d want when you are treating yourself to home spa.2. I have to blast cool air on my face for the experience to be better. If you are at room temperature it takes way too long to dry. The AC and fan helps!3. I always get one or two small acne back up when I put this product but it doesnt last long and doesnt hurt. Not sure if this is the mechanism of how the product works because it does state it takes out oils from the skin.The product works but has some ingredients in it that might be giving this tingling sensation.,8/4/2023,3,Yes,5,0.9716,0.18,0.043,0.777,0.34263619780540466,0.36256468296051025,0.0038417328614741564,0.015078657306730747,0.210052490234375,0.05160403251647949,0.014222178608179092
509,"New York Biology Dead Sea Mud Mask for Face and Body - Spa Quality Pore Reducer for Acne, Blackheads & Oily Skin, Natural Skincare for Women, Men - Tightens Skin for A Healthier Complexion - 8.8 oz","Dead Sea mud contains 21 minerals and is one of the most mineral-rich mud on earth. It includes key skin-nourishing minerals such as sodium, magnesium, calcium, bromide, potassium, iron, sulfur, silicon dioxide and much more. Dead Sea Mud is known to have many soothing and calming properties that can help improve the skin appearance and relieve irritated skin at the same time. For this reason it is one of the most sought-after skin care addition.",Gracie Mae,Just OK,It makes my skin feel nice for about an hour.  I don't think that it minimizes pores though.,5/28/2024,3,Yes,0,0.4215,0.149,0.0,0.851,0.0027762451209127903,0.01425258256494999,0.0006464179023168981,0.7280606031417847,0.22279810905456543,0.01926189474761486,0.01220413763076067
510,"New York Biology Dead Sea Mud Mask for Face and Body - Spa Quality Pore Reducer for Acne, Blackheads & Oily Skin, Natural Skincare for Women, Men - Tightens Skin for A Healthier Complexion - 8.8 oz","Dead Sea mud contains 21 minerals and is one of the most mineral-rich mud on earth. It includes key skin-nourishing minerals such as sodium, magnesium, calcium, bromide, potassium, iron, sulfur, silicon dioxide and much more. Dead Sea Mud is known to have many soothing and calming properties that can help improve the skin appearance and relieve irritated skin at the same time. For this reason it is one of the most sought-after skin care addition.",Albee,Doesn’t do much,I use this product Twice  a week for almost a month now and it’s Almost does nothing,5/31/2024,3,Yes,0,0.0,0.0,0.0,1.0,0.007364635355770588,0.006961036939173937,0.002921256236732006,0.01802198775112629,0.48249712586402893,0.08610144257545471,0.39613252878189087
511,"New York Biology Dead Sea Mud Mask for Face and Body - Spa Quality Pore Reducer for Acne, Blackheads & Oily Skin, Natural Skincare for Women, Men - Tightens Skin for A Healthier Complexion - 8.8 oz","Dead Sea mud contains 21 minerals and is one of the most mineral-rich mud on earth. It includes key skin-nourishing minerals such as sodium, magnesium, calcium, bromide, potassium, iron, sulfur, silicon dioxide and much more. Dead Sea Mud is known to have many soothing and calming properties that can help improve the skin appearance and relieve irritated skin at the same time. For this reason it is one of the most sought-after skin care addition.",Ashley Karr,CAUSED A BAD BREAKOUT!,"I recently decided to give an acne mud mask a try in hopes of addressing my skin concerns. Unfortunately, this particular product ended up being a complete disappointment and even worsened my acne breakouts. I regretfully cannot recommend it, and here's why.Firstly, instead of providing the promised benefits, this mud mask seemed to exacerbate my existing acne issues. Rather than soothing and reducing breakouts, it appeared to clog my pores and lead to a more severe breakout. The mask's formulation, instead of being gentle and purifying, seemed too heavy and suffocating for my sensitive skin.Furthermore, the application process was far from pleasant. The texture of the mud mask was thick and difficult to spread evenly across my face. It clumped together in certain areas, making it challenging to achieve an even coverage. Additionally, removing the mask was a hassle, as it had a tendency to stick to my skin and required excessive rubbing to get it off completely.The overall experience with this acne mud mask was disappointing, to say the least. Not only did it fail to improve my skin condition, but it also left my skin feeling dry, irritated, and stripped of its natural moisture. The promised rejuvenating effects were nowhere to be seen, and my skin appeared dull and lackluster after use.What aggravated the situation even more was the lingering unpleasant scent of the mask. The strong, artificial fragrance was overwhelming and lingered on my skin long after the product was washed off. It added to the overall discomfort and made the experience even more unpleasant.Considering the negative outcome and the negative impact it had on my skin, I would strongly advise against using this acne mud mask. It did not deliver on its promises of improving acne or rejuvenating the skin. Instead, it caused a bad breakout, left my skin feeling dry and irritated, and had a lingering unpleasant scent. I regretted my decision to use this product and would caution others to explore alternative options that are more gentle and effective in addressing their acne concerns.",5/28/2023,1,Yes,18,-0.9647,0.121,0.159,0.721,0.315204381942749,0.19701766967773438,0.004796880763024092,0.002542213536798954,0.0361606664955616,0.44140100479125977,0.0028770568314939737
512,"New York Biology Dead Sea Mud Mask for Face and Body - Spa Quality Pore Reducer for Acne, Blackheads & Oily Skin, Natural Skincare for Women, Men - Tightens Skin for A Healthier Complexion - 8.8 oz","Dead Sea mud contains 21 minerals and is one of the most mineral-rich mud on earth. It includes key skin-nourishing minerals such as sodium, magnesium, calcium, bromide, potassium, iron, sulfur, silicon dioxide and much more. Dead Sea Mud is known to have many soothing and calming properties that can help improve the skin appearance and relieve irritated skin at the same time. For this reason it is one of the most sought-after skin care addition.",youve DeL,It's causing skin rash.,"I believe that this could have been a good product, but it irritated my skin so bad.",5/23/2024,3,Yes,14,-0.883,0.081,0.423,0.496,0.5984259843826294,0.033295638859272,0.004006522707641125,0.008844929747283459,0.1387685388326645,0.02530578151345253,0.19135262072086334
513,"New York Biology Dead Sea Mud Mask for Face and Body - Spa Quality Pore Reducer for Acne, Blackheads & Oily Skin, Natural Skincare for Women, Men - Tightens Skin for A Healthier Complexion - 8.8 oz","Dead Sea mud contains 21 minerals and is one of the most mineral-rich mud on earth. It includes key skin-nourishing minerals such as sodium, magnesium, calcium, bromide, potassium, iron, sulfur, silicon dioxide and much more. Dead Sea Mud is known to have many soothing and calming properties that can help improve the skin appearance and relieve irritated skin at the same time. For this reason it is one of the most sought-after skin care addition.",Kiddwithkicks,Disappointed in quality,"I've been using Loreal masks forever. Figured I'd try this out since you get quadruple the amount.Starters the scent isn't pleasing. It feels very thin compared to the Loreal, also takes twice as long to harden. It also doesn't cure like the Loreal, with that you can actually feel it make you skin tightenPersonally won't be purchasing this anymore and stick with Loreal charcoal or blue masks.",1/5/2024,3,Yes,0,-0.5975,0.0,0.07,0.93,0.04218164458870888,0.36443212628364563,0.015401234850287437,0.005861799232661724,0.461982399225235,0.0988573506474495,0.011283356696367264
514,"New York Biology Dead Sea Mud Mask for Face and Body - Spa Quality Pore Reducer for Acne, Blackheads & Oily Skin, Natural Skincare for Women, Men - Tightens Skin for A Healthier Complexion - 8.8 oz","Dead Sea mud contains 21 minerals and is one of the most mineral-rich mud on earth. It includes key skin-nourishing minerals such as sodium, magnesium, calcium, bromide, potassium, iron, sulfur, silicon dioxide and much more. Dead Sea Mud is known to have many soothing and calming properties that can help improve the skin appearance and relieve irritated skin at the same time. For this reason it is one of the most sought-after skin care addition.",Shenay,Mask,"It was okay, nothing extraordinary. I was getting them to shrink my gigantic pores, however it did not do that. The mask feels great and gave an overall softness and glow but didn’t do what I was hoping for (shrinking pores).",4/3/2024,3,Yes,15,0.7717,0.176,0.0,0.824,0.004419134929776192,0.05097546800971031,0.002832046477124095,0.3057628571987152,0.6061720252037048,0.015561038628220558,0.014277366921305656
515,"New York Biology Dead Sea Mud Mask for Face and Body - Spa Quality Pore Reducer for Acne, Blackheads & Oily Skin, Natural Skincare for Women, Men - Tightens Skin for A Healthier Complexion - 8.8 oz","Dead Sea mud contains 21 minerals and is one of the most mineral-rich mud on earth. It includes key skin-nourishing minerals such as sodium, magnesium, calcium, bromide, potassium, iron, sulfur, silicon dioxide and much more. Dead Sea Mud is known to have many soothing and calming properties that can help improve the skin appearance and relieve irritated skin at the same time. For this reason it is one of the most sought-after skin care addition.",Jen Berg,Takes a long time to dry,"I love the texture of this and you can feel a slight tingle when you apply it. I’ve had this for about 6 months now and everytime I use it I try to apply it as thin as possible because I notice it takes so long to dry, like so long I don’t thing I have ever let it fully dry. Tonight I was so determined to see if it would dry and how my skin would feel if I allowed it to fully dry. I applied it so thin I could still see the color of my skin peeking through. I left it on an hour! There were a couple dry patches, but over all the mask was still wet. For context I live in the desert the humidity is 24% right now. When I finally washed it off and let my face dry I still feel a very oily tzone. I’ll probably continue to try this mask but I have better clay masks I will use and this one won’t be repurchased.",9/19/2022,3,Yes,4,0.8608,0.066,0.0,0.934,0.01932637393474579,0.5590137839317322,0.020125161856412888,0.0066148145124316216,0.32677116990089417,0.042891718447208405,0.025257039815187454
516,"New York Biology Dead Sea Mud Mask for Face and Body - Spa Quality Pore Reducer for Acne, Blackheads & Oily Skin, Natural Skincare for Women, Men - Tightens Skin for A Healthier Complexion - 8.8 oz","Dead Sea mud contains 21 minerals and is one of the most mineral-rich mud on earth. It includes key skin-nourishing minerals such as sodium, magnesium, calcium, bromide, potassium, iron, sulfur, silicon dioxide and much more. Dead Sea Mud is known to have many soothing and calming properties that can help improve the skin appearance and relieve irritated skin at the same time. For this reason it is one of the most sought-after skin care addition.",Elsviel,useless,The smell while waiting for it to dry was disgusting and the blackheads were not removed and remained greasy,9/5/2024,2,Yes,0,-0.5267,0.0,0.159,0.841,0.001760734710842371,0.9878923892974854,0.003008222673088312,0.0004956471966579556,0.003955022431910038,0.0023110827896744013,0.0005769585259258747
517,"New York Biology Dead Sea Mud Mask for Face and Body - Spa Quality Pore Reducer for Acne, Blackheads & Oily Skin, Natural Skincare for Women, Men - Tightens Skin for A Healthier Complexion - 8.8 oz","Dead Sea mud contains 21 minerals and is one of the most mineral-rich mud on earth. It includes key skin-nourishing minerals such as sodium, magnesium, calcium, bromide, potassium, iron, sulfur, silicon dioxide and much more. Dead Sea Mud is known to have many soothing and calming properties that can help improve the skin appearance and relieve irritated skin at the same time. For this reason it is one of the most sought-after skin care addition.",Grillin' Chuck,"Should be called ""Potato Starch Mask""","I've had true Dead Sea Mud masks and this product is NOT it. The primary ingredient is potato starch, making it an overpriced imposter for the real thing. I won't be buying it again.",8/7/2024,2,Yes,0,-0.3612,0.073,0.113,0.814,0.04733722284436226,0.09502469748258591,0.004001573659479618,0.0022589669097214937,0.8224411606788635,0.02173028141260147,0.007206093519926071
518,"New York Biology Dead Sea Mud Mask for Face and Body - Spa Quality Pore Reducer for Acne, Blackheads & Oily Skin, Natural Skincare for Women, Men - Tightens Skin for A Healthier Complexion - 8.8 oz","Dead Sea mud contains 21 minerals and is one of the most mineral-rich mud on earth. It includes key skin-nourishing minerals such as sodium, magnesium, calcium, bromide, potassium, iron, sulfur, silicon dioxide and much more. Dead Sea Mud is known to have many soothing and calming properties that can help improve the skin appearance and relieve irritated skin at the same time. For this reason it is one of the most sought-after skin care addition.",Lola,"Makes you breakout, and itchy😒","I thought this would make my skin smoother and poreless, but it had the opposite effect. Don't waste your money.. I have clear skin and it made me breakout",8/14/2024,2,Yes,0,0.7505,0.204,0.0,0.796,0.2761000096797943,0.11773497611284256,0.2030540257692337,0.015789847820997238,0.25847429037094116,0.059132955968379974,0.06971379369497299
519,"New York Biology Dead Sea Mud Mask for Face and Body - Spa Quality Pore Reducer for Acne, Blackheads & Oily Skin, Natural Skincare for Women, Men - Tightens Skin for A Healthier Complexion - 8.8 oz","Dead Sea mud contains 21 minerals and is one of the most mineral-rich mud on earth. It includes key skin-nourishing minerals such as sodium, magnesium, calcium, bromide, potassium, iron, sulfur, silicon dioxide and much more. Dead Sea Mud is known to have many soothing and calming properties that can help improve the skin appearance and relieve irritated skin at the same time. For this reason it is one of the most sought-after skin care addition.",Jessica Macaluso,Good but I break out,"Love the smell and feeling of this mask, but it actually caused me to break out and I don’t have overly sensitive skin.",2/29/2024,3,Yes,0,0.431,0.161,0.0,0.839,0.02158796600997448,0.8642760515213013,0.01105001475661993,0.009588876739144325,0.04482477158308029,0.04254411533474922,0.006128339562565088
520,"New York Biology Dead Sea Mud Mask for Face and Body - Spa Quality Pore Reducer for Acne, Blackheads & Oily Skin, Natural Skincare for Women, Men - Tightens Skin for A Healthier Complexion - 8.8 oz","Dead Sea mud contains 21 minerals and is one of the most mineral-rich mud on earth. It includes key skin-nourishing minerals such as sodium, magnesium, calcium, bromide, potassium, iron, sulfur, silicon dioxide and much more. Dead Sea Mud is known to have many soothing and calming properties that can help improve the skin appearance and relieve irritated skin at the same time. For this reason it is one of the most sought-after skin care addition.",Jose,No sirve,No hay cambios en la piel,9/16/2024,2,Yes,0,-0.296,0.0,0.306,0.694,0.012367534451186657,0.1264767348766327,0.008865547366440296,0.1330854296684265,0.6257517337799072,0.07700159400701523,0.016451524570584297
521,"New York Biology Dead Sea Mud Mask for Face and Body - Spa Quality Pore Reducer for Acne, Blackheads & Oily Skin, Natural Skincare for Women, Men - Tightens Skin for A Healthier Complexion - 8.8 oz","Dead Sea mud contains 21 minerals and is one of the most mineral-rich mud on earth. It includes key skin-nourishing minerals such as sodium, magnesium, calcium, bromide, potassium, iron, sulfur, silicon dioxide and much more. Dead Sea Mud is known to have many soothing and calming properties that can help improve the skin appearance and relieve irritated skin at the same time. For this reason it is one of the most sought-after skin care addition.",Ian Kim123,Was my product used before I purchased?,Seemed like someone took a huge chunk out of the item I purchased to use for themselves before sending it over to me. The product is only halfway filled within the jar it is contained in when purchased.,7/3/2024,2,Yes,2,0.5859,0.124,0.0,0.876,0.007045478094369173,0.0269524734467268,0.0023537471424788237,0.0020753194112330675,0.9231417179107666,0.0038177170790731907,0.03461357206106186
522,"New York Biology Dead Sea Mud Mask for Face and Body - Spa Quality Pore Reducer for Acne, Blackheads & Oily Skin, Natural Skincare for Women, Men - Tightens Skin for A Healthier Complexion - 8.8 oz","Dead Sea mud contains 21 minerals and is one of the most mineral-rich mud on earth. It includes key skin-nourishing minerals such as sodium, magnesium, calcium, bromide, potassium, iron, sulfur, silicon dioxide and much more. Dead Sea Mud is known to have many soothing and calming properties that can help improve the skin appearance and relieve irritated skin at the same time. For this reason it is one of the most sought-after skin care addition.",Astrid,My stuff was dirty,The bottle was oily,10/5/2024,2,Yes,0,0.0,0.0,0.0,1.0,0.022357089444994926,0.872139573097229,0.006787531077861786,0.0015293349279090762,0.0490485280752182,0.04302657023072243,0.00511131901293993
523,"New York Biology Dead Sea Mud Mask for Face and Body - Spa Quality Pore Reducer for Acne, Blackheads & Oily Skin, Natural Skincare for Women, Men - Tightens Skin for A Healthier Complexion - 8.8 oz","Dead Sea mud contains 21 minerals and is one of the most mineral-rich mud on earth. It includes key skin-nourishing minerals such as sodium, magnesium, calcium, bromide, potassium, iron, sulfur, silicon dioxide and much more. Dead Sea Mud is known to have many soothing and calming properties that can help improve the skin appearance and relieve irritated skin at the same time. For this reason it is one of the most sought-after skin care addition.",Amazon Customer,Okay,"Okay mask, prob won’t buy again though..",9/7/2024,2,Yes,0,0.2263,0.241,0.0,0.759,0.06514900922775269,0.11407091468572617,0.018368864431977272,0.013417287729680538,0.3573335111141205,0.3849007487297058,0.046759702265262604
524,"New York Biology Dead Sea Mud Mask for Face and Body - Spa Quality Pore Reducer for Acne, Blackheads & Oily Skin, Natural Skincare for Women, Men - Tightens Skin for A Healthier Complexion - 8.8 oz","Dead Sea mud contains 21 minerals and is one of the most mineral-rich mud on earth. It includes key skin-nourishing minerals such as sodium, magnesium, calcium, bromide, potassium, iron, sulfur, silicon dioxide and much more. Dead Sea Mud is known to have many soothing and calming properties that can help improve the skin appearance and relieve irritated skin at the same time. For this reason it is one of the most sought-after skin care addition.",Wood Mama,Not a huge improvement but worth a try,"So obviously everyone's skin is different. I'm in my mid 20s and still have mild acne on my face and shoulders (really sucks). My skin is really dry after I shower but gets oily fast (even without lotion added).I bought this to see if it would help clear my skin. Instructions say 2 nights a week use. I was doing 2-3. First few times I used it, it seemed to do an amazing job. However, the more I use it, the more I break out worse. I was using it on my shoulders and face. I'm going to stop using on my shoulders because that is where it went poorly quickest (honestly I dont know that it is event recommended to use there I was just trying it). My face I'm still testing out. I think overall it isnt making a huge difference. My face doesnt feel any more smooth than before for sure, but it might have slightly helped with acne. I am almost done with jar 1. Might buy 1 more time to  see if long term anything changes. If results improve I will edit this. Otherwise this remains 3/5.For the price it was worth trying. No issues with redness, rashes, or anything negative like that. Just didnt really help as I would have liked.",2/10/2020,3,Yes,3,0.9465,0.143,0.074,0.783,0.02384885586798191,0.2415374219417572,0.013396927155554295,0.0069530801847577095,0.435744047164917,0.2479463368654251,0.030573319643735886
525,"New York Biology Dead Sea Mud Mask for Face and Body - Spa Quality Pore Reducer for Acne, Blackheads & Oily Skin, Natural Skincare for Women, Men - Tightens Skin for A Healthier Complexion - 8.8 oz","Dead Sea mud contains 21 minerals and is one of the most mineral-rich mud on earth. It includes key skin-nourishing minerals such as sodium, magnesium, calcium, bromide, potassium, iron, sulfur, silicon dioxide and much more. Dead Sea Mud is known to have many soothing and calming properties that can help improve the skin appearance and relieve irritated skin at the same time. For this reason it is one of the most sought-after skin care addition.",Janel Jacobson,Eh,Not that great. I have found a better one!,8/12/2024,2,Yes,0,-0.1744,0.252,0.312,0.435,0.011165590025484562,0.028229665011167526,0.005450807046145201,0.01923299767076969,0.28363659977912903,0.2273230254650116,0.4249613583087921
526,"New York Biology Dead Sea Mud Mask for Face and Body - Spa Quality Pore Reducer for Acne, Blackheads & Oily Skin, Natural Skincare for Women, Men - Tightens Skin for A Healthier Complexion - 8.8 oz","Dead Sea mud contains 21 minerals and is one of the most mineral-rich mud on earth. It includes key skin-nourishing minerals such as sodium, magnesium, calcium, bromide, potassium, iron, sulfur, silicon dioxide and much more. Dead Sea Mud is known to have many soothing and calming properties that can help improve the skin appearance and relieve irritated skin at the same time. For this reason it is one of the most sought-after skin care addition.",Olga tavares,50/50,Smells like gasoline 🥴 anyone elses?,2/17/2024,3,Yes,0,0.3612,0.385,0.0,0.615,0.0241253525018692,0.14342699944972992,0.02613641880452633,0.006826844997704029,0.5918050408363342,0.017885830253362656,0.1897934526205063
527,"New York Biology Dead Sea Mud Mask for Face and Body - Spa Quality Pore Reducer for Acne, Blackheads & Oily Skin, Natural Skincare for Women, Men - Tightens Skin for A Healthier Complexion - 8.8 oz","Dead Sea mud contains 21 minerals and is one of the most mineral-rich mud on earth. It includes key skin-nourishing minerals such as sodium, magnesium, calcium, bromide, potassium, iron, sulfur, silicon dioxide and much more. Dead Sea Mud is known to have many soothing and calming properties that can help improve the skin appearance and relieve irritated skin at the same time. For this reason it is one of the most sought-after skin care addition.",Blake Jorgensen,Not the same product it used to be,"This used to be my favorite mud mask. This mud mask is still good, but there is a very noticeable difference in the consistency as compared to the formulation from a few years ago. The mask used to be much thicker in consistency and was opaque upon application. This new formulation is much thinner - I have to use twice as much product to cover the same area, and even then it's very thin and patchy. There is a very noticeable sheen in the tub whereas the old formula was more matte. I think they've thinned it out with too many additives to save on ingredient costs. I wish I saved the old tub for a comparison!",9/8/2022,3,Yes,0,0.9412,0.133,0.0,0.867,0.01858747936785221,0.3271212577819824,0.010327554307878017,0.007399813272058964,0.5218989253044128,0.04482003301382065,0.06984495371580124
528,"New York Biology Dead Sea Mud Mask for Face and Body - Spa Quality Pore Reducer for Acne, Blackheads & Oily Skin, Natural Skincare for Women, Men - Tightens Skin for A Healthier Complexion - 8.8 oz","Dead Sea mud contains 21 minerals and is one of the most mineral-rich mud on earth. It includes key skin-nourishing minerals such as sodium, magnesium, calcium, bromide, potassium, iron, sulfur, silicon dioxide and much more. Dead Sea Mud is known to have many soothing and calming properties that can help improve the skin appearance and relieve irritated skin at the same time. For this reason it is one of the most sought-after skin care addition.",Sree,Has this been used ?,The product is not sealed or does not have a sealed coverAll it has is removable and reusable lidsBut have not seen cosmetic products not sealed to ensure it’s not an already used productI highly doubt this is a new productPlease let me know,10/29/2024,1,Yes,2,-0.6094,0.0,0.111,0.889,0.008121834136545658,0.009489045478403568,0.004707748536020517,0.004127901513129473,0.787382960319519,0.014359540306031704,0.17181095480918884
529,"New York Biology Dead Sea Mud Mask for Face and Body - Spa Quality Pore Reducer for Acne, Blackheads & Oily Skin, Natural Skincare for Women, Men - Tightens Skin for A Healthier Complexion - 8.8 oz","Dead Sea mud contains 21 minerals and is one of the most mineral-rich mud on earth. It includes key skin-nourishing minerals such as sodium, magnesium, calcium, bromide, potassium, iron, sulfur, silicon dioxide and much more. Dead Sea Mud is known to have many soothing and calming properties that can help improve the skin appearance and relieve irritated skin at the same time. For this reason it is one of the most sought-after skin care addition.",Janelle,It's alright,"I wouldn't say it's the best product ever, but it helped in some cases.",12/19/2023,3,Yes,4,0.3818,0.178,0.0,0.822,0.006236948072910309,0.020773299038410187,0.0013230807380750775,0.10435013473033905,0.8262933492660522,0.00856682937592268,0.03245636075735092
530,DERMAL 24 Combo Pack A Collagen Essence Korean Face Mask - Hydrating & Soothing Facial Mask with Panthenol - Hypoallergenic Self Care Sheet Mask for All Skin Types - Natural Home Spa Treatment Mask,,Heather W,It’s ok this time.. not as good as last order,"I ordered these before in the 12 pack and I loved the cucumber sheet masks. They helped my red, dry, irritated skin. It’s been a few months and the weather is drying out my skin again. So I ordered the 100 pack, great price! Packaging is the same BUT the smell is different, not in a good way either. These also give me a burning sensation that I didn’t have before. The packets aren’t expired either.. not sure why the difference. The smell tho makes me feel like it’s not a good quality.",10/30/2024,3,Yes,0,-0.4025,0.085,0.113,0.802,0.26695147156715393,0.5170869827270508,0.006757701747119427,0.002482735551893711,0.09116820991039276,0.09915738552808762,0.016395552083849907
531,DERMAL 24 Combo Pack A Collagen Essence Korean Face Mask - Hydrating & Soothing Facial Mask with Panthenol - Hypoallergenic Self Care Sheet Mask for All Skin Types - Natural Home Spa Treatment Mask,,Sherri’s berries,Just ok so far,"I’m a little disappointed as the reviews have been good for these masks.  I have tried two different ones and for me, unfortunately they are just ok.  They left my face feeling a little tight and I felt like it leaves a  film on my face.  Maybe it’s just me but for reference I’m 61 years old with normal skin ( not very dry or oily).",10/14/2024,3,Yes,2,0.2374,0.102,0.056,0.842,0.009614909999072552,0.03781513124704361,0.04139400273561478,0.005714136175811291,0.1464291214942932,0.715498685836792,0.04353401064872742
532,DERMAL 24 Combo Pack A Collagen Essence Korean Face Mask - Hydrating & Soothing Facial Mask with Panthenol - Hypoallergenic Self Care Sheet Mask for All Skin Types - Natural Home Spa Treatment Mask,,Brian L.,Dermal collagen Mask,So-so.  Will keep on using it though to see if I like it more.,10/21/2024,3,Yes,0,0.3612,0.172,0.0,0.828,0.005547674838453531,0.003859973745420575,0.0018086847849190235,0.15630954504013062,0.7370856404304504,0.047444965690374374,0.047943491488695145
533,DERMAL 24 Combo Pack A Collagen Essence Korean Face Mask - Hydrating & Soothing Facial Mask with Panthenol - Hypoallergenic Self Care Sheet Mask for All Skin Types - Natural Home Spa Treatment Mask,,Shari,Face mask instructions,"They feel great but it's not in English, so I have to take a picture of each one for translate what type it's used for",9/13/2024,3,Yes,7,0.3716,0.104,0.0,0.896,0.004446730017662048,0.026226116344332695,0.006994147785007954,0.1513938307762146,0.6812112927436829,0.10855598747730255,0.021171877160668373
534,DERMAL 24 Combo Pack A Collagen Essence Korean Face Mask - Hydrating & Soothing Facial Mask with Panthenol - Hypoallergenic Self Care Sheet Mask for All Skin Types - Natural Home Spa Treatment Mask,,Donna Chick,Not worth the money,"Don’t waste your time and money, I had no difference after use and did not like the feel when applied",9/2/2024,3,Yes,0,-0.7278,0.0,0.308,0.692,0.24387334287166595,0.4559897780418396,0.004833752755075693,0.011724407784640789,0.23204565048217773,0.04621706157922745,0.005315880291163921
535,DERMAL 24 Combo Pack A Collagen Essence Korean Face Mask - Hydrating & Soothing Facial Mask with Panthenol - Hypoallergenic Self Care Sheet Mask for All Skin Types - Natural Home Spa Treatment Mask,,Kim | Foodinvazn,Couldn’t resist a deal,A good deal but the masks are not the best quality. The sheet is pretty thick so it sits heavy on my face. Also it’s not saturated with serum so it doesn’t lay flat for the full 15-20 minutes - need to press down on the edges/sides to ensure absorption.,6/10/2024,3,Yes,10,0.6246,0.166,0.078,0.756,0.021807299926877022,0.39159491658210754,0.02879590541124344,0.005070000421255827,0.44659730792045593,0.08674035966396332,0.01939421519637108
536,DERMAL 24 Combo Pack A Collagen Essence Korean Face Mask - Hydrating & Soothing Facial Mask with Panthenol - Hypoallergenic Self Care Sheet Mask for All Skin Types - Natural Home Spa Treatment Mask,,saboe,Meh.,"Thankfully, I ordered more than we needed bc 3 of them weren’t sealed all the way at the bottom. As a result, there was sticky dried on ooze covering the masks inside of the plastic bag they were in. Had to get hot water to clean them all off, one at a time, then dry them. Ugh. What a mess.",2/11/2024,3,Yes,2,0.0516,0.089,0.086,0.825,0.00658143125474453,0.932723879814148,0.005257307551801205,0.0007678231922909617,0.029703067615628242,0.020268375054001808,0.004698233213275671
537,DERMAL 24 Combo Pack A Collagen Essence Korean Face Mask - Hydrating & Soothing Facial Mask with Panthenol - Hypoallergenic Self Care Sheet Mask for All Skin Types - Natural Home Spa Treatment Mask,,White,Sheet mask,"These sheet masks absorb way too quickly, it feels like you have a rough dry baby wipe stuck on your face. If you plan on taking them off within 5 minutes, it's alright but if you keep them on for the 20 minutes it isn't really an enjoyable experience. As for price, I feel it's a good price point for what you get but the quality could be better.",2/4/2024,3,Yes,9,0.7212,0.146,0.066,0.788,0.007599955890327692,0.13280431926250458,0.004728903062641621,0.19667497277259827,0.5995684862136841,0.05303913354873657,0.0055842348374426365
538,DERMAL 24 Combo Pack A Collagen Essence Korean Face Mask - Hydrating & Soothing Facial Mask with Panthenol - Hypoallergenic Self Care Sheet Mask for All Skin Types - Natural Home Spa Treatment Mask,,EM,Expiration in two months,Ordered this set with 48 pieces this June. I just noticed today that all of them were expired this August,9/16/2024,2,Yes,0,0.0,0.0,0.0,1.0,0.01225972268730402,0.012515571899712086,0.003175228601321578,0.0032435564789921045,0.20806065201759338,0.0734710842370987,0.687274158000946
539,DERMAL 24 Combo Pack A Collagen Essence Korean Face Mask - Hydrating & Soothing Facial Mask with Panthenol - Hypoallergenic Self Care Sheet Mask for All Skin Types - Natural Home Spa Treatment Mask,,Julie Nolan,Some are great,Some are better than others.,5/13/2024,3,Yes,0,0.4404,0.42,0.0,0.58,0.025735551491379738,0.08605766296386719,0.001344342716038227,0.0476486012339592,0.8148343563079834,0.006776891183108091,0.017602544277906418
540,"BIODANCE Bio-Collagen Real Deep Mask, Hydrating Overnight Hydrogel Mask, Pore Minimizing, Elasticity Improvement, 34g x4ea",,Rosiland O. Jasper,Small red bumps,"I wanted to like this product so bad!!!!! That’s why I’ll give it 3 stars because I’m sure it works for others and doesn’t work for some. After using this I can confirm that I just have sensitive skin. 😭After cleansing my face with a gentle cleanser I took the mask out of the packaging and read the instructions. Separating the mask from the plastic was actually the hardest part. It felt like it could drop out of my hands or slide between my fingers at any moment so I needed to work fast! Putting it on was fun, and it fit to my face well enough.I left it on for about 3 or 4 hours until I could see that most of it had blended and “dissolved” into my skin. I didn’t notice a significant difference, but the next morning I had a cluster of breakouts on my forehead…another cluster of whiteheads on both my cheeks and for a moment I couldn’t figure out why! What had I used that broke me out like that? The new mask I bought that Tik Tok convinced me to get! LolI would love to give this mask another chance because I really do love the concept, but it doesn’t agree with my skin. I wish everyone else luck with it though.",10/25/2024,3,Yes,8,0.9903,0.201,0.023,0.777,0.02982870303094387,0.2902012765407562,0.013098236173391342,0.01923167146742344,0.5605068802833557,0.04014509171247482,0.046988166868686676
541,"BIODANCE Bio-Collagen Real Deep Mask, Hydrating Overnight Hydrogel Mask, Pore Minimizing, Elasticity Improvement, 34g x4ea",,Angelique Nichole Art,Sensitive Skin? Wear it for less time,"It is not often that TikTok trends influence me to buy something, but I LOVE face masks, so I figured I'd give this one a try. I don't consider my skin particularly sensitive, but I have a combination skin type that will occasionally get irritated, like most people.The mask itself felt cool to wear, and the texture was soft and comfortable. The scent is light and not overpowering. I put it on at night before bed and peeled it off in the middle of the night, so I wore it for about 3 to 5 hours.When I got up in the morning, my face felt a little irritated. Over the span of the day, it became more itchy and even a little red. I rinsed my face off a couple of times, and it did not alleviate the itchy feeling. I did not want to use any more products on my skin, just in case it made it worse, so I didn't use soap when rinsing my face. I was itchy for about a day and a half before I rewashed my face with soap and added a different moisturizer.Afterward, my face felt smooth and no longer itchy. My face did feel softer than normal, so that might have been from the facemask.When I peeled it off, the mask was clear and dry. Supposedly the mask ""turns clear when your skin absorbs the material"", but the mask will turn clear if you leave it out as well, so that talking point I've seen on Tiktok may not be completely accurate. Anything you put on your skin will be absorbed.TL;DR: If you have sensitive skin, or are trying the product for the first time, wear it for the recommended 3 hours or even less, not overnight. My skin was itchy for a day afterward, but now feels soft. I will be trying the mask one more time with less wear time to see if I have the same reaction as when I wore it overnight.",8/11/2024,3,Yes,25,0.5801,0.097,0.092,0.812,0.6404345631599426,0.15284590423107147,0.002629809780046344,0.0056216041557490826,0.17499102652072906,0.01830766350030899,0.005169529002159834
542,"BIODANCE Bio-Collagen Real Deep Mask, Hydrating Overnight Hydrogel Mask, Pore Minimizing, Elasticity Improvement, 34g x4ea",,Linda G.,Hard to tell,"I have seen these masks all over my social media so I decided to try them. 3 or 4 hours is a large commitment of my waking hours, so I went for the overnight treatment. Bear in mind, I am not someone who can sleep on my back. I settled in, scrolling through Facebook, I eventually fell asleep. I did not apparently stay on my back for long, because when I woke up and touched my face, the mask was long gone. I found the bottom half on the floor and couldn't find the top half. I got up walked to the bathroom. Ahhh! Found the top half! South of the border and stuck to my left cheek! The mask did nothing for or to the carpet, but my left cheek was shiny for 2 days. I suppose if it had remained on my face the results would have been the same? I have 3 more masks to test that theory. I will update if I produce a different result on my next 3 attempts.",10/15/2024,3,Yes,0,-0.2887,0.011,0.032,0.957,0.01821077987551689,0.03866618499159813,0.008685383945703506,0.011333971284329891,0.11753783375024796,0.026623383164405823,0.7789424657821655
543,"BIODANCE Bio-Collagen Real Deep Mask, Hydrating Overnight Hydrogel Mask, Pore Minimizing, Elasticity Improvement, 34g x4ea",,HJ,overhyped,"Overall, this product is overhyped in my opinion and I wouldn't really choose to use it again.Positives:- good coverage - the tiny cut out pieces help to cover bare spaces that the mask itself does not cover- wearing the mask throughout the night helps to lock in product and helps to feel refreshed in the morning- not strong smelling and doesn't smell or feel chemicallyNegatives:- the gel-like texture makes the mask very slippery and you need to be extra careful taking it out of the package especially as mine was folded weirdly- feels moisturizing and sticky once you take off the mask, but product seems to feel like it easily washes off and doesn't actually help retain moisture on the skin",10/5/2024,3,Yes,0,0.9118,0.141,0.038,0.821,0.008071092888712883,0.05067599192261696,0.006821362767368555,0.690923273563385,0.10137060284614563,0.12574246525764465,0.016395203769207
544,"BIODANCE Bio-Collagen Real Deep Mask, Hydrating Overnight Hydrogel Mask, Pore Minimizing, Elasticity Improvement, 34g x4ea",,alessandrina,Don't fall for the hype,"The mask is honestly nothing special. I made the mistake of falling for the marketing that it was some unique, innovative type of mask that allowed your skin to absorb more. It's not.It is just a cellulose/gel mask, similar to other brands I have been using for years. The masks don't turn clear because your skin has absorbed all the milky-looking product.The masks turn clear when they DRY OUT after sitting on your face, exposed to air.The Biodance mask is no more effective than any other sheet or gel mask. In fact, these masks are actually somewhat dryer than the other similar masks I have used. My skin was not as hydrated as with those other masks, and I definitely was not left with a glass skin glow.This mask is thicker than the others I have used, hence why it takes 4 hours to dry out. But this seems really just to be part of the marketing hype, and possibly adding to the cost, rather than any beneficial reason.It is more prone to tearing compared to others; I am unsure though whether it's due to the thickness or the particular composition of the mask.I definitely will not purchase these again.",9/8/2024,3,Yes,8,0.7456,0.075,0.064,0.861,0.01035082247108221,0.0787019208073616,0.004803373944014311,0.003855644492432475,0.8707979321479797,0.01621987670660019,0.015270479023456573
545,"BIODANCE Bio-Collagen Real Deep Mask, Hydrating Overnight Hydrogel Mask, Pore Minimizing, Elasticity Improvement, 34g x4ea",,Diana and Craig,Easily Rips,"Although I am happy with this product overall, I am upset due to how easy they rip when I was taking out of the package. I am not sure if it was just a defect or not but the first time I tried it on it ripped while taking it out.As far as the the product as a whole, I greatly enjoy it. I feel like it really does the trick and keeps my face nice and hydrated in the morning. It takes longer then other similar products to dry out the mask but leaving it on overnight I don't even tend to realize.",10/14/2024,3,Yes,0,0.9065,0.149,0.062,0.789,0.0029795535374432802,0.0036424717400223017,0.0004199151590000838,0.9545166492462158,0.029477497562766075,0.0045746429823338985,0.004389337729662657
546,"BIODANCE Bio-Collagen Real Deep Mask, Hydrating Overnight Hydrogel Mask, Pore Minimizing, Elasticity Improvement, 34g x4ea",,Lulu,Ok but over hyped I think,"It could be just my skin or maybe it’s over hyped but nothing like the videos I’ve seen. It worked better wearing it for the 3-4 hrs vs overnight. After short term wear, my skin did have the glassy look and felt smooth/firm but it only last a few hrs. After wearing over night, the mask and my skin were bone dry. No hydration at all. My skin was firmer but that’s about it. Had to put on moisturizer. Be careful, they rip very easily.",10/24/2024,3,Yes,0,0.5892,0.099,0.058,0.843,0.0063850427977740765,0.08220156282186508,0.5778327584266663,0.013749195262789726,0.25047004222869873,0.061061836779117584,0.008299551904201508
547,"BIODANCE Bio-Collagen Real Deep Mask, Hydrating Overnight Hydrogel Mask, Pore Minimizing, Elasticity Improvement, 34g x4ea",,Crystal,Very thin and tears easily-better masks on the market,"This was my 2nd time trying this collagen mask and my disappointment in this particular brand was high. It is very delicate and not easy to readjust without tearing. The ""after"" results were also disappointing. My skin was ""meh"" when compared to when I used the Sungboon Editor version, and the mediocre results I experienced with this didn't last as long as Songboon. They are priced similarly, but there's no comparison. Not terrible, but definitely not fantastic.",10/28/2024,3,Yes,0,-0.8735,0.053,0.178,0.769,0.013588886708021164,0.33508172631263733,0.07151561230421066,0.0036853791680186987,0.1307346373796463,0.3998022973537445,0.04559144377708435
548,"BIODANCE Bio-Collagen Real Deep Mask, Hydrating Overnight Hydrogel Mask, Pore Minimizing, Elasticity Improvement, 34g x4ea",,Demented Commented,Made my skin itch,"As far as moisturizing, it does a good job. Doesn't have a smell to it that I've noticed. It does irritate my skin almost 10 minutes after I apply the mask. I couldn't keep it on for 30 minutes the first time I applied it. The second time, 10 minutes was all I could take. I guess I'll keep looking elsewhere.",10/14/2024,3,Yes,0,0.0258,0.05,0.049,0.901,0.045211076736450195,0.7312839031219482,0.0055554998107254505,0.0034547026734799147,0.19915397465229034,0.012680726125836372,0.002660194179043174
549,"BIODANCE Bio-Collagen Real Deep Mask, Hydrating Overnight Hydrogel Mask, Pore Minimizing, Elasticity Improvement, 34g x4ea",,F. Friedman,Good,"I used two of the masks and both times they ripped when I was putting them on.  Very fragile.  I put the mask on after dinner so they would be on for a time before going to bed.  Problem is I brush m teeth before I go to sleep and my mouth is moving and water drips, not good.  The first mask I used the bottom part never got translucent only the top.  The second one must have gotten to close to my eyes and woke up with my eyes hurting.  I still bought another box hoping the benefit is better than the problems.  I was hesitant to wear a mask while sleeping and still don't think it's a good idea.",9/18/2024,3,Yes,0,-0.5286,0.084,0.12,0.796,0.012762755155563354,0.03972361981868744,0.6815769672393799,0.004756249953061342,0.11303962022066116,0.1147494837641716,0.033391304314136505
550,"BIODANCE Bio-Collagen Real Deep Mask, Hydrating Overnight Hydrogel Mask, Pore Minimizing, Elasticity Improvement, 34g x4ea",,Ashley G.,"Ok hydration, but they cause breakouts","These are my least favorite brand. They provide ok hydration but my skin breaks out terribly the next few days after using them. I’ve tried them three times to be sure it wasn’t coincidental. It’s not. I don’t normally breakout like this, and the little bit of hydration you get for a day isn’t worth it.",10/15/2024,3,Yes,0,0.3632,0.157,0.102,0.741,0.014486663043498993,0.03358905389904976,0.011479734443128109,0.002461218973621726,0.8573917150497437,0.04558373987674713,0.03500793129205704
551,"BIODANCE Bio-Collagen Real Deep Mask, Hydrating Overnight Hydrogel Mask, Pore Minimizing, Elasticity Improvement, 34g x4ea",,Kimberly Grassi,Wanted to like these,"I got them - but they came out of the package absolutely mangled, I don't know if these are fakes or if they were damaged in transit or defective or what. I sat looking like buffalo bill and I am sure i didn't get the full benefit bc i couldn't even lay it on my face correctly.",10/24/2024,3,Yes,0,-0.296,0.155,0.174,0.671,0.08819329738616943,0.2546551823616028,0.015066412277519703,0.002552951918914914,0.3701278865337372,0.1422642171382904,0.127140074968338
552,"BIODANCE Bio-Collagen Real Deep Mask, Hydrating Overnight Hydrogel Mask, Pore Minimizing, Elasticity Improvement, 34g x4ea",,StacyG,Damaged,"The first one i opened the mask was broken in several pieces and I could not puzzle them to make them work, which is very unfortunate because there are only four in a package.  The second package was fine.  However,  be prepared they are VERY slippery and can tear easily.",10/22/2024,3,Yes,0,-0.3167,0.112,0.117,0.771,0.006471963133662939,0.005182708613574505,0.13755162060260773,0.006011178717017174,0.04756654426455498,0.6319481730461121,0.16526775062084198
553,"BIODANCE Bio-Collagen Real Deep Mask, Hydrating Overnight Hydrogel Mask, Pore Minimizing, Elasticity Improvement, 34g x4ea",,C'est La Vie,Good concept but not eco friendly,"A good concept of overnight sheet masks, especially for people like me who may fall into sleep and forget to take the mask off. But the plastics to keep the mask parts separate are way too much; isn't environmental friendly.",10/11/2024,3,Yes,0,-0.264,0.088,0.112,0.8,0.00910298153758049,0.14045336842536926,0.00883086770772934,0.010119451209902763,0.7985373735427856,0.02375742606818676,0.009198535233736038
554,"BIODANCE Bio-Collagen Real Deep Mask, Hydrating Overnight Hydrogel Mask, Pore Minimizing, Elasticity Improvement, 34g x4ea",,Pkayoh,Masks are too small,"I like the masks, but they do not cover the whole face. When I used them, the front part of my face was covered, but I had to cut up another mask to cover the parts that were not covered.",10/29/2024,3,Yes,0,-0.2263,0.044,0.067,0.888,0.018142515793442726,0.27256909012794495,0.005367098841816187,0.01200227439403534,0.6285843253135681,0.05051621422171593,0.0128185348585248
555,"BIODANCE Bio-Collagen Real Deep Mask, Hydrating Overnight Hydrogel Mask, Pore Minimizing, Elasticity Improvement, 34g x4ea",,SoonerFam,Caused me to break out really bad leaving scars,"I have never had breakouts so bad that it scarred until I used this mask. 1st time it did okay. I didn’t notice any visible results, but my face did feel moist. 2nd time I used it a few days later, after taking it off, I had huge bumps forming under the skin on my chin around my mouth, around my nose and eyebrows.All have went away except one and it’s has left me with a giant mark on my face and a scar. I won’t use the mask again.",9/19/2024,3,Yes,0,0.1666,0.052,0.032,0.916,0.01568872109055519,0.6086382269859314,0.02604377269744873,0.003110867692157626,0.2185416966676712,0.11922832578420639,0.008748369291424751
556,"BIODANCE Bio-Collagen Real Deep Mask, Hydrating Overnight Hydrogel Mask, Pore Minimizing, Elasticity Improvement, 34g x4ea",,mounika,Not for me,"I have very dry and sensitive skin, honestly this did not give much hydration. I was expecting this sheet to give plumpy hydrated skin, but my skin became little red and the next day i do not see any difference. Used it for almost 5-6 hrs, alternate days.",10/17/2024,3,Yes,0,0.25,0.043,0.0,0.957,0.06243601068854332,0.19104717671871185,0.00883970782160759,0.008010931313037872,0.4335046410560608,0.2020173966884613,0.09414415061473846
557,"BIODANCE Bio-Collagen Real Deep Mask, Hydrating Overnight Hydrogel Mask, Pore Minimizing, Elasticity Improvement, 34g x4ea",,Alexis Wilder,Enjoyed these,They felt good on my face. I put them in the fridge until use. They had my face shiny once I woke up and took them off but only lasted for a little while. The shine went away later that morning,10/13/2024,3,Yes,0,0.2382,0.05,0.0,0.95,0.006439508404582739,0.03701714798808098,0.0019318792037665844,0.1388363093137741,0.7632909417152405,0.03300125524401665,0.019482873380184174
558,"BIODANCE Bio-Collagen Real Deep Mask, Hydrating Overnight Hydrogel Mask, Pore Minimizing, Elasticity Improvement, 34g x4ea",,Yashar,The size of the mask.,"The mask's quality is excellent, and the results are impressive. However, the sizing appears to be designed primarily for female faces, as it does not adequately cover larger male facial features.",10/20/2024,3,Yes,0,0.7906,0.194,0.0,0.806,0.004251785110682249,0.021319780498743057,0.002083506900817156,0.03861584514379501,0.8997597098350525,0.00845263246446848,0.02551678754389286
559,"BIODANCE Bio-Collagen Real Deep Mask, Hydrating Overnight Hydrogel Mask, Pore Minimizing, Elasticity Improvement, 34g x4ea",,lalisa,Good,The mask is good but i got a mask with holes in places where it’s not supposed to have holes. I got an extra hole next to the eye hole place,10/6/2024,3,Yes,0,0.2382,0.067,0.0,0.933,0.012850183062255383,0.060690172016620636,0.010730752721428871,0.00795052107423544,0.6521292328834534,0.08766628801822662,0.16798287630081177
560,"BIODANCE Bio-Collagen Real Deep Mask, Hydrating Overnight Hydrogel Mask, Pore Minimizing, Elasticity Improvement, 34g x4ea",,Veronika Walley,I think it's too hyped,"Overrated in my opinion. It did what it and all of tiktok said it does... but it doesn't last all day. You'd need to do this every morning, which will get expensive. Or you could just use the highlighter you have in your makeup bag for the same affect. Maybe you see better results if you do this every day for a consecutive amount of time, but I don't have the budget for that.",9/16/2024,3,Yes,0,0.5927,0.051,0.0,0.949,0.016313616186380386,0.028435111045837402,0.0027548440266400576,0.0024463203735649586,0.905820906162262,0.019088514149188995,0.02514069341123104
561,"BIODANCE Bio-Collagen Real Deep Mask, Hydrating Overnight Hydrogel Mask, Pore Minimizing, Elasticity Improvement, 34g x4ea",,Allie,Didn’t notice a difference,I was looking for that glassy look the morning after and didn’t see it at all… really didn’t notice any difference after wearing it all night.,11/1/2024,3,Yes,0,0.0,0.0,0.0,1.0,0.007784797810018063,0.02214343100786209,0.011952484026551247,0.0015032568480819464,0.03451601788401604,0.0038817855529487133,0.9182182550430298
562,"BIODANCE Bio-Collagen Real Deep Mask, Hydrating Overnight Hydrogel Mask, Pore Minimizing, Elasticity Improvement, 34g x4ea",,Stephanie,Not that great,It had to stay on a long time until it dried. Did not leave my face feeling super hydrated. I would not buy again.,10/14/2024,3,Yes,0,0.6755,0.256,0.0,0.744,0.01572982594370842,0.05295788124203682,0.0030477826949208975,0.17887498438358307,0.6895111203193665,0.048368267714977264,0.011510156095027924
563,"BIODANCE Bio-Collagen Real Deep Mask, Hydrating Overnight Hydrogel Mask, Pore Minimizing, Elasticity Improvement, 34g x4ea",,C. Wing,"Worked, but not for sensitive skin","After one use my face was plump & glassy, but it was also solid red.  Had to give the rest to a friend.",10/15/2024,3,Yes,0,0.7351,0.246,0.0,0.754,0.005635321140289307,0.10137830674648285,0.009526507928967476,0.027477260679006577,0.12331399321556091,0.556137204170227,0.17653141915798187
564,"BIODANCE Bio-Collagen Real Deep Mask, Hydrating Overnight Hydrogel Mask, Pore Minimizing, Elasticity Improvement, 34g x4ea",,aybige,Not super impressed,"The collagen mask hydrates fine, not super impressive, but it works. The mask is hard to put on. It rips when trying to take it out of its package. I put on the mask at 8 pm, and at 11 pm, it was not completely dissolved. I don’t agree with the comments saying that you can sleep with it even if you are a side sleeper. The mask crumbles. It’s an okay mask, but I don't see the hype.",9/3/2024,3,Yes,0,0.4351,0.091,0.068,0.84,0.017142681404948235,0.3772716522216797,0.007166888564825058,0.004711885936558247,0.5021124482154846,0.0794995054602623,0.012094932608306408
565,"BIODANCE Bio-Collagen Real Deep Mask, Hydrating Overnight Hydrogel Mask, Pore Minimizing, Elasticity Improvement, 34g x4ea",,Sassy chic,Horrible but awesome company,It has burned my face!!!Ps: the Biodance team reached out to me. They were extremely reactive and concerned about my issue. I  really appreciate their customer service.,10/9/2024,3,Yes,0,0.645,0.18,0.0,0.82,0.8749477863311768,0.0031884482596069574,0.021054044365882874,0.02267388626933098,0.027323583140969276,0.01613743230700493,0.0346749983727932
566,"BIODANCE Bio-Collagen Real Deep Mask, Hydrating Overnight Hydrogel Mask, Pore Minimizing, Elasticity Improvement, 34g x4ea",,Vinnie Martin,Not very hydrating and overall no effect as expected.,You could get a better mask at Walgreens 3/5 and it will actually do as advertised. This product seems to be one of those TikTok hyped up items and it was super messy and sloppy to apply. I will say it stays on throughout the night. I will have a whole tossing and turning episode all night and it will be on firmly as ever. So that part about this product is true.,10/2/2024,3,Yes,0,0.7964,0.125,0.032,0.843,0.013550863601267338,0.249186173081398,0.00431476067751646,0.007446440402418375,0.6677120923995972,0.04518816992640495,0.01260150782763958
567,"BIODANCE Bio-Collagen Real Deep Mask, Hydrating Overnight Hydrogel Mask, Pore Minimizing, Elasticity Improvement, 34g x4ea",,MA,Feels good but masks were ripped,"The mask feels good, and may make my skin look nicer. However, they are really hard to assemble and easily rip. Out of the four I received, only one was fully intact and the others were completely ripped. I was still able to use them and patch together on my face but would like a sturdier product so that it fits better and I don't have to puzzle together.",10/1/2024,3,Yes,0,0.8979,0.194,0.018,0.788,0.012235214002430439,0.05591576173901558,0.004349009599536657,0.025050893425941467,0.8679430484771729,0.022468768060207367,0.012037377804517746
568,"BIODANCE Bio-Collagen Real Deep Mask, Hydrating Overnight Hydrogel Mask, Pore Minimizing, Elasticity Improvement, 34g x4ea",,Amazon Customer,Not a need,"My skin was glowy, but I did not feel hydrated and I didn’t not see a difference in fine lines.",10/14/2024,3,Yes,0,0.296,0.121,0.0,0.879,0.0064172884449362755,0.06209734454751015,0.002665952779352665,0.41491207480430603,0.4310862720012665,0.06586873531341553,0.01695237308740616
569,"BIODANCE Bio-Collagen Real Deep Mask, Hydrating Overnight Hydrogel Mask, Pore Minimizing, Elasticity Improvement, 34g x4ea",,Tiffany Lockwood,Don’t stay on,Hard to place on your face correctly. Only use if you’re going to sleep because they don’t stay on.,10/14/2024,3,Yes,0,-0.1027,0.0,0.072,0.928,0.01920485869050026,0.06131136044859886,0.009451254270970821,0.0013082176446914673,0.8645030856132507,0.03334631025791168,0.010875008068978786
570,"BIODANCE Bio-Collagen Real Deep Mask, Hydrating Overnight Hydrogel Mask, Pore Minimizing, Elasticity Improvement, 34g x4ea",,Aris S.,Quality went down,"I loved this before when the packaging was white and before they downgraded. I repurchased the pink version (collagen version which was what the white packaging used to contain) and the product is so THIN now that it ripped before I even put on my face. I won’t be repurchasing. They need to go back to their thick, better quality masks.",9/24/2024,3,Yes,0,0.7783,0.11,0.0,0.89,0.024264147505164146,0.06714393943548203,0.0014191179070621729,0.012766976840794086,0.8197664618492126,0.014929753728210926,0.05970964580774307
571,"BIODANCE Bio-Collagen Real Deep Mask, Hydrating Overnight Hydrogel Mask, Pore Minimizing, Elasticity Improvement, 34g x4ea",,Frank s.,2 for the mask 3 for the effect after.,I like the idea of having it go transparent when it’s done. However it doesn’t go on easy. The mouth part wouldn’t stick on and it ripped couldn’t use that. The upper part worked better but it started it rip by the at nose. But after it did have a noticeable effect skin was very smooth.,9/15/2024,3,Yes,0,0.5647,0.1,0.0,0.9,0.006347110029309988,0.10442262142896652,0.0038192549254745245,0.024346914142370224,0.8307382464408875,0.021185344085097313,0.00914051290601492
572,"BIODANCE Bio-Collagen Real Deep Mask, Hydrating Overnight Hydrogel Mask, Pore Minimizing, Elasticity Improvement, 34g x4ea",,Liliana Molina,"Buenas, pero menos de lo esperado","Es un buen producto, más no es la mejor mascarilla del mercado, esperaba mucho más con tanto hipe",10/21/2024,3,Yes,0,-0.296,0.0,0.115,0.885,0.03239763155579567,0.07063306868076324,0.019855916500091553,0.01829683408141136,0.8176215291023254,0.018558362498879433,0.022636547684669495
573,"BIODANCE Bio-Collagen Real Deep Mask, Hydrating Overnight Hydrogel Mask, Pore Minimizing, Elasticity Improvement, 34g x4ea",,Tracie,I’m 50/50 on this,I opened the first 2 and perfect. The second 2 were all ripped and shredded a bit and hard to get on. I liked the 2 a lot that were in good condition. I guess I will try one more order and then make a final decision and I will update 🤞🏻,9/14/2024,3,Yes,0,0.8402,0.197,0.029,0.774,0.04843134060502052,0.018575435504317284,0.0016676473896950483,0.16924788057804108,0.7225863933563232,0.015832772478461266,0.023658474907279015
574,"BIODANCE Bio-Collagen Real Deep Mask, Hydrating Overnight Hydrogel Mask, Pore Minimizing, Elasticity Improvement, 34g x4ea",,Certen,Irritated my face,"It irritated my face, left it red after an hour. Might not be suitable for sensitive skin.",10/26/2024,3,Yes,0,-0.4588,0.0,0.158,0.842,0.7659823298454285,0.0873883068561554,0.0033185717184096575,0.002384267980232835,0.1024765744805336,0.0292705986648798,0.009179300628602505
575,"BIODANCE Bio-Collagen Real Deep Mask, Hydrating Overnight Hydrogel Mask, Pore Minimizing, Elasticity Improvement, 34g x4ea",,Razorboyzmom,Not worth the hype,"The mask is too big for my face. Even when split into two. And it doesn't appear to stick well to the face when applied, so you have to constantly pat it in to ensure it stays in place. And after all that, my skin didn't feel / appear any different.",9/7/2024,3,Yes,0,0.5719,0.089,0.0,0.911,0.019291585311293602,0.20285677909851074,0.0345950648188591,0.003933411557227373,0.5300778746604919,0.15149475634098053,0.05775046721100807
576,"BIODANCE Bio-Collagen Real Deep Mask, Hydrating Overnight Hydrogel Mask, Pore Minimizing, Elasticity Improvement, 34g x4ea",,Line,There's more fuss about this mask than it deserves,"Honestly, good mask, leaves a glow on my face for maybe the same day, no difference in texture, hydration or wrinkes, for $4-$5/mask this is not something I would spend money on, especially if you're seeing all these advertisements everywhere about it. Save your money and look for another product.",9/17/2024,3,Yes,0,0.7845,0.165,0.04,0.796,0.014067310839891434,0.0526326559484005,0.0007871905690990388,0.02085777185857296,0.8880420923233032,0.006044992245733738,0.01756805181503296
577,"BIODANCE Bio-Collagen Real Deep Mask, Hydrating Overnight Hydrogel Mask, Pore Minimizing, Elasticity Improvement, 34g x4ea",,sanath,Quality is decreasing  gradually,Earlier it used to be great but now it seems quality is getting decreased,10/27/2024,3,Yes,0,0.3716,0.164,0.0,0.836,0.03572962060570717,0.08606535196304321,0.009505844675004482,0.008520720526576042,0.3084610104560852,0.3777403235435486,0.1739770621061325
578,"BIODANCE Bio-Collagen Real Deep Mask, Hydrating Overnight Hydrogel Mask, Pore Minimizing, Elasticity Improvement, 34g x4ea",,Amazon Customer,Disappointed,"I have very sensitive, dry skin and this did nothing. I left it on for 5 hours (not overnight) but it was mostly transparent by the time I removed it. It did not help with hydration and left my skin patchy and red. Very disappointed!",9/16/2024,3,Yes,0,-0.8302,0.0,0.166,0.834,0.032406289130449295,0.28729039430618286,0.0058912597596645355,0.006675624288618565,0.22889919579029083,0.38100096583366394,0.05783630162477493
579,"BIODANCE Bio-Collagen Real Deep Mask, Hydrating Overnight Hydrogel Mask, Pore Minimizing, Elasticity Improvement, 34g x4ea",,Amazon Customer,It was okay,The product is hard to put on without tearing it up!,10/23/2024,3,Yes,0,-0.1759,0.0,0.145,0.855,0.1279819905757904,0.5947447419166565,0.009524421766400337,0.005812991410493851,0.032131243497133255,0.056121859699487686,0.17368267476558685
580,"BIODANCE Bio-Collagen Real Deep Mask, Hydrating Overnight Hydrogel Mask, Pore Minimizing, Elasticity Improvement, 34g x4ea",,Amazon Customer,Tears easily,I’ve used 2 of the masks so far and both have torn so easily. I end up using the extra material from the eye and mouth holes to patch where it has ripped. Then it continues to rip more if I make any facial expressions or talk which is hard to avoid when wearing for 4+ hours. I feel like it would completely come off if I tried to sleep in it. The final result is ok. I wouldn’t say my skin appears glowing or completely smooth but it is a bit better than without it.,8/24/2024,3,Yes,0,0.7148,0.097,0.045,0.858,0.010766396299004555,0.04719090834259987,0.002535388106480241,0.047720976173877716,0.8611195087432861,0.013150681741535664,0.01751607470214367
581,"BIODANCE Bio-Collagen Real Deep Mask, Hydrating Overnight Hydrogel Mask, Pore Minimizing, Elasticity Improvement, 34g x4ea",,deedee,Mask fell apart,The mask itself was in so many pieces  that I couldnt use it as a mask.  The serum was very nice so just applied it to my face with my hands.  Never have seen that  happen  with other products,9/25/2024,3,Yes,0,0.4754,0.079,0.0,0.921,0.02490376867353916,0.02863875776529312,0.049997344613075256,0.116736501455307,0.2730066180229187,0.18605215847492218,0.3206649124622345
582,"BIODANCE Bio-Collagen Real Deep Mask, Hydrating Overnight Hydrogel Mask, Pore Minimizing, Elasticity Improvement, 34g x4ea",,Margaret Jones,"Dewey, clean skin","Only giving 3 stars because this is the first overnight collagen mask I've tried, I'd like to compare a few other brands. Price point is kind of high compared to other brands with similar reviews. Sleeping in it the first night is awkward but not uncomfortable. There's a slight, cooling, sting at first but melts into your skin within 30 min and adheres to every surface. Waking up the mask is clear, and my skin is SO supple, dewy, and clean. I rinse with water in the morning and my face looks so fresh all day!",8/13/2024,3,Yes,0,0.9447,0.168,0.013,0.819,0.04087860509753227,0.8446241021156311,0.0104151526466012,0.002082475693896413,0.07917055487632751,0.017890311777591705,0.004938844125717878
583,"BIODANCE Bio-Collagen Real Deep Mask, Hydrating Overnight Hydrogel Mask, Pore Minimizing, Elasticity Improvement, 34g x4ea",,Guadalupe E Henninger,No fue Buena para Mi,"Me puse la Mascarilla según las instrucciones preparando mi cara con serum, pero al poco tiempo de ponérmela me dio ardor y la removí inmediatamente, tal vez sea buena pero no lo fue para mí 😓",9/14/2024,3,Yes,0,-0.296,0.0,0.062,0.937,0.05736285820603371,0.13730119168758392,0.39961719512939453,0.03682251647114754,0.2998059093952179,0.06005797162652016,0.00903240218758583
584,"BIODANCE Bio-Collagen Real Deep Mask, Hydrating Overnight Hydrogel Mask, Pore Minimizing, Elasticity Improvement, 34g x4ea",,Shoto,Include all face! And neck,I still didn't see big results cuz i used it only once! But as a skin expert this mask should cover the entire chin and neck area and that's how all skin care products should work!! Please consider this as product development!,9/30/2024,3,Yes,0,0.8562,0.185,0.0,0.815,0.04062550142407417,0.09020441025495529,0.03577299416065216,0.008128974586725235,0.6945446729660034,0.013879881240427494,0.1168435737490654
585,"BIODANCE Bio-Collagen Real Deep Mask, Hydrating Overnight Hydrogel Mask, Pore Minimizing, Elasticity Improvement, 34g x4ea",,Snowtiger19,Skin irritation,Iv used other collagen face products like face wash and moisturizers. Only left mask on for the minimum recommended 3-4hrs. This made my face super soft but caused skin irritation the next day. No swelling or redness but was super itchy and tender. Possibly allergic reaction as I slowly started getting itchy on other areas of my body like head arms back and legs which iv never had happen before. After everything settled 4 days later face is still super soft but has a weird bumpy texture where it did not before.,8/3/2024,3,Yes,0,0.4854,0.172,0.153,0.676,0.42032569646835327,0.13718053698539734,0.012588820420205593,0.007454018574208021,0.16272927820682526,0.2354183942079544,0.024303250014781952
586,"BIODANCE Bio-Collagen Real Deep Mask, Hydrating Overnight Hydrogel Mask, Pore Minimizing, Elasticity Improvement, 34g x4ea",,Ashley Ganzert Hall,Hard to stay in place,"I liked the feel of this sheet mask. It’s cooling and hydrating. It’s hard to get to stay in place until it really starts to absorb. However, once it’s set, it’s not going anywhere. I’ve only used it 1 time so far so I can’t speak on results. I will say from the first use, my skin did feel more hydrated and had a glow. As an esthetician, I wanted to try the new “viral” mask. I will update this review if I see fit. As for now, I’d say it’s ok.",8/2/2024,3,Yes,0,0.7269,0.084,0.016,0.9,0.004697154276072979,0.038723062723875046,0.0013412913540378213,0.3529108762741089,0.5820387005805969,0.013449178077280521,0.0068397922441363335
587,"BIODANCE Bio-Collagen Real Deep Mask, Hydrating Overnight Hydrogel Mask, Pore Minimizing, Elasticity Improvement, 34g x4ea",,Hudson Valley kid,"Works great, impossible to apply","The mask is really challenging to apply and can rip apart easily and stick together.  I did the best I could and covered most of my face before bed.  After my morning shower, my skin looked amazing!!",9/21/2024,3,Yes,0,0.9166,0.293,0.0,0.707,0.013329739682376385,0.01843196153640747,0.03291613236069679,0.38840728998184204,0.16082845628261566,0.022816769778728485,0.36326971650123596
588,"BIODANCE Bio-Collagen Real Deep Mask, Hydrating Overnight Hydrogel Mask, Pore Minimizing, Elasticity Improvement, 34g x4ea",,EF,Oil not Glassy Skin,I think this is a very good mask but it's more of a hydrator as a good serum. There is no need to leave this on overnight. A couple hours is more than enough for your skin to absorb the serum.,9/29/2024,3,Yes,0,0.5083,0.15,0.097,0.753,0.004530525766313076,0.05158546194434166,0.004538331180810928,0.01605745032429695,0.9108282327651978,0.0073162466287612915,0.0051437015645205975
589,"BIODANCE Bio-Collagen Real Deep Mask, Hydrating Overnight Hydrogel Mask, Pore Minimizing, Elasticity Improvement, 34g x4ea",,Olena,Bad quality,the mask was torn and deformed,10/17/2024,3,Yes,0,-0.25,0.0,0.286,0.714,0.11612614244222641,0.22976383566856384,0.12521885335445404,0.010390259325504303,0.16861535608768463,0.23519183695316315,0.11469375342130661
590,Celavi Essence Facial Sheet Face Mask Variety Set Classic Authentic Korean Moisturizing Skincare (12-Packs),"Keep your face clean and clear while reversing the signs of aging, balancing your natural skin tone, and infusing it with essential hydration with Celavi Face Mask Sheets infused with powerful antioxidants, natural botanicals, and vital nutrients that nourish and protect your skin while leaving behind beautiful radiance.",Janet Kim,Not the best,It’s ok for cheap face masks go. Does the job. Paid a little more money thinking I would get better quality but it’s the same as the cheaper ones I bought before. Will not be buying again. Will probably pay a little more to get more quality.,9/13/2024,3,Yes,0,0.2382,0.079,0.035,0.886,0.012959033250808716,0.026388758793473244,0.003608216065913439,0.0426827147603035,0.727404773235321,0.17648355662822723,0.01047295518219471
591,Celavi Essence Facial Sheet Face Mask Variety Set Classic Authentic Korean Moisturizing Skincare (12-Packs),"Keep your face clean and clear while reversing the signs of aging, balancing your natural skin tone, and infusing it with essential hydration with Celavi Face Mask Sheets infused with powerful antioxidants, natural botanicals, and vital nutrients that nourish and protect your skin while leaving behind beautiful radiance.",Scott E,Super fun for group spa night,"I brought these for a team spa night with my teammates and everyone loved it. The application is very simple and quick. The masks are all rather cooling and have different types for different people. I can't guarantee any results, but I definitely felt clean and refreshed after and had a good laugh with the group, who all enjoyed it.",8/28/2024,3,Yes,0,0.9732,0.315,0.019,0.666,0.002569649601355195,0.007514093536883593,0.0004817024455405772,0.8527846336364746,0.11958464235067368,0.007717960514128208,0.0093474006280303
592,Celavi Essence Facial Sheet Face Mask Variety Set Classic Authentic Korean Moisturizing Skincare (12-Packs),"Keep your face clean and clear while reversing the signs of aging, balancing your natural skin tone, and infusing it with essential hydration with Celavi Face Mask Sheets infused with powerful antioxidants, natural botanicals, and vital nutrients that nourish and protect your skin while leaving behind beautiful radiance.",Aimee Gonzales,"Same mask, different packaging.","They are all the same mask, just different packaging. All they do is hydrate my face. That’s it, don’t waste your money.",8/28/2024,3,Yes,0,-0.4215,0.0,0.118,0.882,0.1427614390850067,0.15002110600471497,0.018729442730545998,0.0035569067113101482,0.6681258082389832,0.013186158612370491,0.003619158174842596
593,Celavi Essence Facial Sheet Face Mask Variety Set Classic Authentic Korean Moisturizing Skincare (12-Packs),"Keep your face clean and clear while reversing the signs of aging, balancing your natural skin tone, and infusing it with essential hydration with Celavi Face Mask Sheets infused with powerful antioxidants, natural botanicals, and vital nutrients that nourish and protect your skin while leaving behind beautiful radiance.",Dean Mapes,Not what i expected,Disapointed dont stayon face,8/30/2024,3,Yes,0,0.0,0.0,0.0,1.0,0.0036942141596227884,0.00507946265861392,0.01294616237282753,0.004977926146239042,0.13546840846538544,0.7466860413551331,0.0911477729678154
594,Celavi Essence Facial Sheet Face Mask Variety Set Classic Authentic Korean Moisturizing Skincare (12-Packs),"Keep your face clean and clear while reversing the signs of aging, balancing your natural skin tone, and infusing it with essential hydration with Celavi Face Mask Sheets infused with powerful antioxidants, natural botanicals, and vital nutrients that nourish and protect your skin while leaving behind beautiful radiance.",Amazon Customer,I think there's way better ones,"I don't see the hype. I have tried many different brands and I wanted to try this one because they are cheaper and have lots of great reviews.  Well....I don't care for these at all.  I feel they are way too dry and not nearly enough serum as compared to other ones I have tried. I also feel like the masks are way too small in the eyes and the bridge of the nose area. I found it difficult to try and place it around my eyes without it touching my eyes and eye lashes and making sure it would lay flat on my nose. They could have made the eyes bigger in my opinion so we wouldn't have to worry about getting the serum in our eyes. Again, this is just my experience and yours could be different, but I think there's way better facial sheet masks like Maree, Tonymoly, Avatara, and more.",1/18/2024,3,Yes,7,0.8804,0.094,0.023,0.883,0.024444716051220894,0.1577639877796173,0.031246764585375786,0.009507177397608757,0.4675600528717041,0.25296750664711,0.05650990828871727
595,Celavi Essence Facial Sheet Face Mask Variety Set Classic Authentic Korean Moisturizing Skincare (12-Packs),"Keep your face clean and clear while reversing the signs of aging, balancing your natural skin tone, and infusing it with essential hydration with Celavi Face Mask Sheets infused with powerful antioxidants, natural botanicals, and vital nutrients that nourish and protect your skin while leaving behind beautiful radiance.",Hellolary,You get what you pay for,"After using them for a while I can definitely say they are not worth your time. These face masks are really just a fancy gel that occasionally has a smell. The only one so far that does not have a smell is the collagen one; they don't smell bad- it's the product itself that's not so good.*The face sheet itself is extremely itchy and uncomfortable.* None of them stay in place on my face. They feel very slimy and almost glue-like when applying onto my face.The entire area of the mask around the nose is hard to maneuver properly: it's built for people with small noses. That's partially due to my facial structure- I have a bigger nose with a smaller bridge (it's very hard to find glasses that fit) & my eyes are closer together as well, which is why I gave these 2 stars because obviously they won't fit my exact facial structure- duh.The product itself feels drying, slimy, and itchy at the same time. It's so nauseating- and I'm open to experiencing new sensory experiences most of the time. It folds in on itself very easily and it's hard to separate.If you actually get this, it's better to use it like a gel face mask without the cloth. I didn't see any of the effects they described in the variety I purchased- no ""refreshing"" or ""rejuvenating"" or whatnot.Additionally, mine came with 3 cactus and 1 chamomile so I was kind of disappointed in that aspect because I was really looking forward to the chamomile one.",2/18/2024,2,Yes,0,0.0997,0.061,0.071,0.868,0.007544038817286491,0.805308997631073,0.04103168472647667,0.002698890632018447,0.07589886337518692,0.058746449649333954,0.008771136403083801
596,Celavi Essence Facial Sheet Face Mask Variety Set Classic Authentic Korean Moisturizing Skincare (12-Packs),"Keep your face clean and clear while reversing the signs of aging, balancing your natural skin tone, and infusing it with essential hydration with Celavi Face Mask Sheets infused with powerful antioxidants, natural botanicals, and vital nutrients that nourish and protect your skin while leaving behind beautiful radiance.","Jeffrey Yablong, MD",As described,Very wet Didn't see much improvements after use,7/8/2024,3,Yes,0,-0.2411,0.0,0.219,0.781,0.015288987196981907,0.07403140515089035,0.01580081880092621,0.012351125478744507,0.6680669188499451,0.15914420783519745,0.05531658977270126
597,Celavi Essence Facial Sheet Face Mask Variety Set Classic Authentic Korean Moisturizing Skincare (12-Packs),"Keep your face clean and clear while reversing the signs of aging, balancing your natural skin tone, and infusing it with essential hydration with Celavi Face Mask Sheets infused with powerful antioxidants, natural botanicals, and vital nutrients that nourish and protect your skin while leaving behind beautiful radiance.",Mrs. Eva S. Jenkins,Meh,Not great,6/21/2024,3,Yes,0,-0.5096,0.0,0.767,0.233,0.010780366137623787,0.05748079717159271,0.028991395607590675,0.0076965223997831345,0.23870843648910522,0.6214867234230042,0.03485571965575218
598,Celavi Essence Facial Sheet Face Mask Variety Set Classic Authentic Korean Moisturizing Skincare (12-Packs),"Keep your face clean and clear while reversing the signs of aging, balancing your natural skin tone, and infusing it with essential hydration with Celavi Face Mask Sheets infused with powerful antioxidants, natural botanicals, and vital nutrients that nourish and protect your skin while leaving behind beautiful radiance.",Julie mondragon,Ingredients list are exactly the same despite having different labels,6 different masks but really they are exactly the same with the same exact ingredient list. The ingredient labeled on the front isn't even in the ingredient lists either. The only one that seems legit is the ginseng one. That's the only one that has a different ingredient list and actually has ginseng included in the ingredient list.,8/21/2024,2,Yes,0,0.0,0.0,0.0,1.0,0.00483098067343235,0.0053518107160925865,0.0012860483257099986,0.005458438768982887,0.9092294573783875,0.004961454775184393,0.06888186931610107
599,Celavi Essence Facial Sheet Face Mask Variety Set Classic Authentic Korean Moisturizing Skincare (12-Packs),"Keep your face clean and clear while reversing the signs of aging, balancing your natural skin tone, and infusing it with essential hydration with Celavi Face Mask Sheets infused with powerful antioxidants, natural botanicals, and vital nutrients that nourish and protect your skin while leaving behind beautiful radiance.",K. Cunningham,Not my favorite - too small,"I am admittedly new to using this style of face mask, but I ordered two different brands to try. These ones, while I am sure are nice for smaller faces, are definitely too small to cover my face without getting any product in my eyes and mouth. One of the ingredients also doesn't seem to agree with me because if I try to leave it on my face too long, all the ones I have tried so far start to sting which is not the case for the other brand I tried.For now, instead, I am just using them as sort of a facial wipe which seems to avoid the issues I have with them, but I likely won't buy these ones again as they also aren't doing much for my skin.",10/21/2023,3,Yes,2,0.6635,0.077,0.051,0.872,0.8672320246696472,0.07477957755327225,0.00390855735167861,0.0010620021494105458,0.042213186621665955,0.008116235956549644,0.0026883454993367195
600,"ZealSea Face Masks Skincare, Facial Masks for Women Skin Care, Sheet Masks Beauty with Natural Ingredients, Birthday Party Spa Gift for Kids Teens Girls, Hydrate and Soothe for All Skin Types 7 Pack",ZealSea aims to create a youthful skincare brand that conveys a vigorous and unrestrained attitude towards life.,Moranda,Hives,"Used for a slumber party, one child broke out in hives from the green tea mask.",7/14/2024,3,Yes,8,-0.0258,0.146,0.151,0.703,0.03675518557429314,0.9369255900382996,0.0017672301037237048,0.0009318786324001849,0.01954895257949829,0.003304951824247837,0.0007663276046514511
601,"ZealSea Face Masks Skincare, Facial Masks for Women Skin Care, Sheet Masks Beauty with Natural Ingredients, Birthday Party Spa Gift for Kids Teens Girls, Hydrate and Soothe for All Skin Types 7 Pack",ZealSea aims to create a youthful skincare brand that conveys a vigorous and unrestrained attitude towards life.,Ana,Not moisturizing at all,"*I have sensitive + combination skin that tends to get really dry during the winter season.Brought these masks as part of my daily beauty routine for the winter. Sadly, after trying out all 7 types of masks for a whole entire week straight, none of them are moisturizing enough for my skin. Though they did not irritate my skin, a few of the masks left a rather tacky/sticky feeling on my face after use (Honey, Avocado, Aloe). The pomegranate mask has a weird plastic-like scent which I removed and threw away after just 5mins, I couldn't stand the smell of it. The most awkward mask has to be the coffee mask. As you can see in the photos, the liquid from the mask is actually brown in color - Yes, it was extremely messy and it does stain your shirt/pillowcase.Other than being affordable, I would not recommend these masks to anyone. Pay a little extra more for something else.",12/26/2021,2,Yes,8,0.1371,0.076,0.078,0.846,0.01852468214929104,0.6377940773963928,0.014595150016248226,0.00266275554895401,0.0772971361875534,0.23458576202392578,0.014540436677634716
602,"ZealSea Face Masks Skincare, Facial Masks for Women Skin Care, Sheet Masks Beauty with Natural Ingredients, Birthday Party Spa Gift for Kids Teens Girls, Hydrate and Soothe for All Skin Types 7 Pack",ZealSea aims to create a youthful skincare brand that conveys a vigorous and unrestrained attitude towards life.,kristie,Not really kid friendly,Really oversized,7/12/2023,3,Yes,5,0.0,0.0,0.0,1.0,0.017835786566138268,0.019553977996110916,0.008208926767110825,0.013778965920209885,0.7442461848258972,0.02715667337179184,0.16921952366828918
603,"ZealSea Face Masks Skincare, Facial Masks for Women Skin Care, Sheet Masks Beauty with Natural Ingredients, Birthday Party Spa Gift for Kids Teens Girls, Hydrate and Soothe for All Skin Types 7 Pack",ZealSea aims to create a youthful skincare brand that conveys a vigorous and unrestrained attitude towards life.,Heather C,Not great for kids,"I bought these for my daughter’s 11th birthday party, she had a spa themed party. I bought these specific masks because it said they were for kids. They were definitely pretty big for kids (ages 9-11) and kept falling off. I would probably not buy again.",1/15/2023,2,Yes,0,0.8658,0.226,0.032,0.741,0.00708004692569375,0.012872518040239811,0.005135547835379839,0.07918625324964523,0.7404970526695251,0.04842415452003479,0.10680441558361053
604,"ZealSea Face Masks Skincare, Facial Masks for Women Skin Care, Sheet Masks Beauty with Natural Ingredients, Birthday Party Spa Gift for Kids Teens Girls, Hydrate and Soothe for All Skin Types 7 Pack",ZealSea aims to create a youthful skincare brand that conveys a vigorous and unrestrained attitude towards life.,Jinhoon Son,"If you use this, your skin will itch and you'll have an allergic reaction","If you use this, your skin will itch and you'll have an allergic reaction. It's a mask you should never wear.",4/22/2024,1,Yes,0,-0.296,0.0,0.104,0.896,0.11085092276334763,0.16210417449474335,0.1481655091047287,0.0032197737600654364,0.4904850125312805,0.07589604705572128,0.009278601966798306
605,"ZealSea Face Masks Skincare, Facial Masks for Women Skin Care, Sheet Masks Beauty with Natural Ingredients, Birthday Party Spa Gift for Kids Teens Girls, Hydrate and Soothe for All Skin Types 7 Pack",ZealSea aims to create a youthful skincare brand that conveys a vigorous and unrestrained attitude towards life.,Jessica G,NOT a mask,Definitely NOT a mask. Just lotion. Huge disappointment,4/16/2024,1,Yes,0,0.1779,0.407,0.268,0.325,0.00686311349272728,0.016158970072865486,0.0025164952967315912,0.0027913462836295366,0.04487314820289612,0.9043298363685608,0.022467130795121193
606,"ZealSea Face Masks Skincare, Facial Masks for Women Skin Care, Sheet Masks Beauty with Natural Ingredients, Birthday Party Spa Gift for Kids Teens Girls, Hydrate and Soothe for All Skin Types 7 Pack",ZealSea aims to create a youthful skincare brand that conveys a vigorous and unrestrained attitude towards life.,lights,Huge not for kids,Got these for my little girl who loves having face mask spa days. Opened the cute kiddy packaging to find a huge mask that was big on my husband! Super disappointed little girl.,11/26/2023,1,Yes,0,0.8698,0.3,0.072,0.627,0.006936327088624239,0.004942517727613449,0.0012962794862687588,0.053626637905836105,0.05247220769524574,0.5823745131492615,0.2983514964580536
607,"ZealSea Face Masks Skincare, Facial Masks for Women Skin Care, Sheet Masks Beauty with Natural Ingredients, Birthday Party Spa Gift for Kids Teens Girls, Hydrate and Soothe for All Skin Types 7 Pack",ZealSea aims to create a youthful skincare brand that conveys a vigorous and unrestrained attitude towards life.,Shelley Corey,Not a child size mask,These masks have super cute packaging!!  Each one has a different cute kids picture on it.  Except there is no image on the mask and worst of all.  It's an adult sized mask!  If people say kids masks.  Please make them size appropriate.  These were big enough for a 300 pound person,11/24/2022,1,Yes,2,0.7767,0.206,0.099,0.694,0.06929505616426468,0.6188631653785706,0.03006407991051674,0.09273175895214081,0.10531257838010788,0.03553459420800209,0.04819869622588158
608,"ZealSea Face Masks Skincare, Facial Masks for Women Skin Care, Sheet Masks Beauty with Natural Ingredients, Birthday Party Spa Gift for Kids Teens Girls, Hydrate and Soothe for All Skin Types 7 Pack",ZealSea aims to create a youthful skincare brand that conveys a vigorous and unrestrained attitude towards life.,Kindle Customer,Not good for sensitive skin!,My daughters face turned red and blotchy. Her skin is sensitive and these were not safe for her at all.,2/10/2022,2,Yes,2,-0.3412,0.0,0.112,0.888,0.0711052343249321,0.5462433099746704,0.01702633500099182,0.0023134578950703144,0.1003621369600296,0.2515498697757721,0.011399691924452782
609,"ZealSea Face Masks Skincare, Facial Masks for Women Skin Care, Sheet Masks Beauty with Natural Ingredients, Birthday Party Spa Gift for Kids Teens Girls, Hydrate and Soothe for All Skin Types 7 Pack",ZealSea aims to create a youthful skincare brand that conveys a vigorous and unrestrained attitude towards life.,katie,Not Korean sheet masks,This is made in China.,7/28/2022,2,Yes,0,0.0,0.0,0.0,1.0,0.005277502350509167,0.011743469163775444,0.00233835494145751,0.009284814819693565,0.926581859588623,0.014011470600962639,0.030762428417801857
610,"ZealSea Face Masks Skincare, Facial Masks for Women Skin Care, Sheet Masks Beauty with Natural Ingredients, Birthday Party Spa Gift for Kids Teens Girls, Hydrate and Soothe for All Skin Types 7 Pack",ZealSea aims to create a youthful skincare brand that conveys a vigorous and unrestrained attitude towards life.,Baby mom of 3,Coffee one turns your face orange,The coffee one turns your face orange,2/24/2022,2,Yes,5,0.0,0.0,0.0,1.0,0.024532387033104897,0.13225248456001282,0.001790091278962791,0.03396737948060036,0.73494952917099,0.013547798618674278,0.05896025523543358
611,"ZealSea Face Masks Skincare, Facial Masks for Women Skin Care, Sheet Masks Beauty with Natural Ingredients, Birthday Party Spa Gift for Kids Teens Girls, Hydrate and Soothe for All Skin Types 7 Pack",ZealSea aims to create a youthful skincare brand that conveys a vigorous and unrestrained attitude towards life.,Tiffany K Hopfenblatt,Stung face,I couldn’t finish them all I tried a couple and both irritated my face too much I have no idea why but for me they just don’t work.,6/27/2022,1,Yes,0,-0.3818,0.0,0.141,0.859,0.5661102533340454,0.05624469369649887,0.005286252126097679,0.004037125967442989,0.22542060911655426,0.10630413889884949,0.03659692779183388
612,"ZealSea Face Masks Skincare, Facial Masks for Women Skin Care, Sheet Masks Beauty with Natural Ingredients, Birthday Party Spa Gift for Kids Teens Girls, Hydrate and Soothe for All Skin Types 7 Pack",ZealSea aims to create a youthful skincare brand that conveys a vigorous and unrestrained attitude towards life.,leanne,Just ok,These are really cute and they are face mask that do what they are supposed to do. I didn’t really see any results after using all of them . I don’t think I will buy these again because I would like to see somewhat of a difference so I will spend my money on some better ones next time..,8/11/2024,3,No,0,0.8268,0.151,0.0,0.849,0.005721516441553831,0.019695241004228592,0.0022502795327454805,0.06171688437461853,0.7815074324607849,0.013594134710729122,0.11551448702812195
613,"ZealSea Face Masks Skincare, Facial Masks for Women Skin Care, Sheet Masks Beauty with Natural Ingredients, Birthday Party Spa Gift for Kids Teens Girls, Hydrate and Soothe for All Skin Types 7 Pack",ZealSea aims to create a youthful skincare brand that conveys a vigorous and unrestrained attitude towards life.,Melissa R,Terrible burned the kids faces,Caused chemical burns,8/5/2023,1,Yes,0,0.0,0.0,0.0,1.0,0.13533133268356323,0.481839120388031,0.03646993264555931,0.0018245135433971882,0.04778357222676277,0.29370760917663574,0.003043982433155179
614,"ZealSea Face Masks Skincare, Facial Masks for Women Skin Care, Sheet Masks Beauty with Natural Ingredients, Birthday Party Spa Gift for Kids Teens Girls, Hydrate and Soothe for All Skin Types 7 Pack",ZealSea aims to create a youthful skincare brand that conveys a vigorous and unrestrained attitude towards life.,Ashley Ross,Cheap,Overall cheap feeling product.,12/14/2022,1,Yes,2,0.128,0.333,0.0,0.667,0.0033274409361183643,0.01675673946738243,0.0007466865354217589,0.8439877033233643,0.12465950846672058,0.004048496950417757,0.0064734662882983685
615,"ZealSea Face Masks Skincare, Facial Masks for Women Skin Care, Sheet Masks Beauty with Natural Ingredients, Birthday Party Spa Gift for Kids Teens Girls, Hydrate and Soothe for All Skin Types 7 Pack",ZealSea aims to create a youthful skincare brand that conveys a vigorous and unrestrained attitude towards life.,Kindle Customer,good deal but misleading designed in Korean but made in China,"I like face masks.  And I love face mask made in Korean even more!  Korean skin care generally seems to work better for me and I see real results.  When I saw these masks advertised as Korean, I knew I had to try them.  The first thing I noticed is that they arrive as a cutely decorated variety pack.  Perfect for teenagers and adults.  The masks are thinner but soft and comfortable on the face.  However, I soon realized that these are designed in Korean but actually made in China.  I do get many products from China.  But try to stay away from food or skin care products from China as I am wary of their looser regulations.  When I tried the coffee mask it initially smelled like coffee but the scent went away quickly and then my lips where the solution got on became numb.  I immediately took off the mask and washed my face.  I could just be having a poor reaction but due to this I decided not to use the other masks.  My personal experience with these was so-so.",9/12/2021,3,No,3,0.9579,0.148,0.038,0.814,0.0047334362752735615,0.014413079246878624,0.012248005717992783,0.5174209475517273,0.3962121307849884,0.014454769901931286,0.04051762446761131
616,"ZealSea Face Masks Skincare, Facial Masks for Women Skin Care, Sheet Masks Beauty with Natural Ingredients, Birthday Party Spa Gift for Kids Teens Girls, Hydrate and Soothe for All Skin Types 7 Pack",ZealSea aims to create a youthful skincare brand that conveys a vigorous and unrestrained attitude towards life.,Myke,Burned my face,"I used this as described and my face looks like I spent too much time in the sun. I am itchy all over my face and it is bright red. Maybe its just an allergic reaction, but i've never had this kind of reaction to anything before. Would mot recommend.",12/12/2022,1,No,0,0.5859,0.133,0.06,0.806,0.021838383749127388,0.031234104186296463,0.01852925680577755,0.006049830932170153,0.0758647546172142,0.8317908048629761,0.014692849479615688
617,"ZealSea Face Masks Skincare, Facial Masks for Women Skin Care, Sheet Masks Beauty with Natural Ingredients, Birthday Party Spa Gift for Kids Teens Girls, Hydrate and Soothe for All Skin Types 7 Pack",ZealSea aims to create a youthful skincare brand that conveys a vigorous and unrestrained attitude towards life.,Chris J. Bartel,Had to keep smoothing on face,There are better face mask out there,9/18/2021,3,No,0,0.4404,0.326,0.0,0.674,0.007770054042339325,0.012490852735936642,0.006382484920322895,0.00310173979960382,0.9427009224891663,0.011394394561648369,0.016159480437636375
618,"ZealSea Face Masks Skincare, Facial Masks for Women Skin Care, Sheet Masks Beauty with Natural Ingredients, Birthday Party Spa Gift for Kids Teens Girls, Hydrate and Soothe for All Skin Types 7 Pack",ZealSea aims to create a youthful skincare brand that conveys a vigorous and unrestrained attitude towards life.,CindyLou,***Update***  I look like I was sunburnt!,"🚨I wanted to update my review, the company reached out to me and offered me a refund even though it was way outside my return window! They did not ask me to update or take done my review. I have seen other companies do that.I bought these to do with my granddaughter back in December, this is the first opportunity I  had to use them. I do not have sensitive skin and have used other mask before.  The particular one I used in this set was the Orange VC Brightening Mask I am so glad it I decided to try one before letting her use it She’s a young and Im scared to see what it would have done to her!!! Unfortunately the window is closed for me to return them. If you have sensitive skin definitely don’t buy them, like I said I do not and I look burnt, my husband was like “what happened to your face”",3/26/2023,1,No,2,0.9341,0.124,0.032,0.844,0.03581392392516136,0.001321788295172155,0.6773925423622131,0.12287512421607971,0.06664779782295227,0.04918369650840759,0.04676513373851776
619,"ZealSea Face Masks Skincare, Facial Masks for Women Skin Care, Sheet Masks Beauty with Natural Ingredients, Birthday Party Spa Gift for Kids Teens Girls, Hydrate and Soothe for All Skin Types 7 Pack",ZealSea aims to create a youthful skincare brand that conveys a vigorous and unrestrained attitude towards life.,Sasha,Cute Seal Design but Not Much Moisturization - Hard to Use,"The order of the ZealSea face mask comes in 14 packs. Each mask is packaged individually. There are two (2) masks of 7 different ingredients - aloe, orange, avocado, coffee, pomegranate, green tea. The product is ""fun"" with all the seal anmial design on the product varying by these different ingredients.Unfortunately, there is nothing special about these face mask other than the cute packing. The product is labeled as Korean Face Mask which if you know, Korea is known for their k-beauty products. I ordered the masks without questioning it but found the fine prints on the product that reads ""Design in Korea"" and ""Made in China.""The packaging is difficult to open. The folded masks enclosed in the packaging is even more difficult to open and unfold. There is not much moisturizing serum in the packaging. I also did not detect much of a scent either on the mask. I felt the product did not much moisturizing and was disappointed.",10/21/2021,2,No,2,-0.8373,0.032,0.075,0.893,0.007743800990283489,0.09430260956287384,0.0021971436217427254,0.1247275248169899,0.5935904383659363,0.14098653197288513,0.036451902240514755
