index,Product Name,Description,Reviewer Name,Review Title,Review,Date,Rating,Verified Purchase,Helpful Votes,compound,positive,negative,neutral_sentiment,anger,disgust,fear,joy,neutral,sadness,surprise
0,"Cetaphil Body Moisturizer, Hydrating Moisturizing Cream for Dry to Very Dry, Sensitive Skin, NEW 20 oz, Fragrance Free, Non-Comedogenic, Non-Greasy","Care for your dry to very dry skin with CETAPHIL Moisturizing Cream, a non-greasy, moisture rich cream for the whole body. Enriched with sweet almond oil and vitamin E, it immediately comforts and instantly hydrates dry, sensitive skin. Formulated with a new blend of key ingredients: hydrating glycerin, panthenol (vitamin B5) to hydrate, soothe and preserve the skin barrier, and niacinamide (vitamin B3) to help smooth skin texture and retain skin moisture barrier. For long lasting hydration, this extra strength face & body moisturizer binds water to the skin to deeply replenish the skins moisture and prevent moisture loss, hydrating and soothing skins dryness for 48 hours and completely restoring the skins moisture barrier in one week. Ideal for very dry areas of skin on the hands, feet, elbows and knees, leaving your skin feeling soft, smooth and nourished. This fragrance free, paraben free, and sulfate free formula will not clog pores and is clinically tested for even the most gentle skin. Effectively defends against 5 signs of skin sensitivity.",Julissa,Just perfect!,"First time I order the item the lid was broken and I reported that to Amazon. Found the product was good, easy to spread on the skin, quickly absorbed and non-greasy. It also helped a lot with the dryness and itchiness of my skin so I ordered a second one. I'm very pleased with the product.",11/2/2024,5,Yes,0,0.7645,0.179,0.052,0.769,0.00556384539231658,0.029079662635922432,0.0013217157684266567,0.8608319759368896,0.09292788058519363,0.004106887616217136,0.0061678821220994
1,"Cetaphil Body Moisturizer, Hydrating Moisturizing Cream for Dry to Very Dry, Sensitive Skin, NEW 20 oz, Fragrance Free, Non-Comedogenic, Non-Greasy","Care for your dry to very dry skin with CETAPHIL Moisturizing Cream, a non-greasy, moisture rich cream for the whole body. Enriched with sweet almond oil and vitamin E, it immediately comforts and instantly hydrates dry, sensitive skin. Formulated with a new blend of key ingredients: hydrating glycerin, panthenol (vitamin B5) to hydrate, soothe and preserve the skin barrier, and niacinamide (vitamin B3) to help smooth skin texture and retain skin moisture barrier. For long lasting hydration, this extra strength face & body moisturizer binds water to the skin to deeply replenish the skins moisture and prevent moisture loss, hydrating and soothing skins dryness for 48 hours and completely restoring the skins moisture barrier in one week. Ideal for very dry areas of skin on the hands, feet, elbows and knees, leaving your skin feeling soft, smooth and nourished. This fragrance free, paraben free, and sulfate free formula will not clog pores and is clinically tested for even the most gentle skin. Effectively defends against 5 signs of skin sensitivity.",Shay,BEST MOISTURIZER I・・VE EVER USED,The only negative thing I have to say is that I wish I used this product sooner. I・・ve seen it around in the stores thinking it won・・t be better than the more expensive moisturizers I・・ve used but I was so wrong.I chemically burned my sensitive face with a stupid clay mask a while ago and have been trying anything that would get rid of the dryness and rough patches the burn left on my face. I used this product along with a new serum but this is what I really like about this cream:1. Can be used for body AND face2. It・・s HUGE (20 oz) for the price and will probably last me months3. There・・s no lingering smell/pleasant no-smell smell4. Sooooo moisturizing5. I have no more dry patches from my burn6. It・・s great for dry lips as wellI always appreciate a product that works well for so many things that you can buy at an affordable price. Definitely a life changer for me.I received the product on schedule and undamaged. Thanks!,8/26/2024,5,Yes,19,0.9614,0.164,0.066,0.77,0.024976566433906555,0.043048515915870667,0.0054971203207969666,0.30574142932891846,0.5328205227851868,0.06594160199165344,0.021974235773086548
2,"Cetaphil Body Moisturizer, Hydrating Moisturizing Cream for Dry to Very Dry, Sensitive Skin, NEW 20 oz, Fragrance Free, Non-Comedogenic, Non-Greasy","Care for your dry to very dry skin with CETAPHIL Moisturizing Cream, a non-greasy, moisture rich cream for the whole body. Enriched with sweet almond oil and vitamin E, it immediately comforts and instantly hydrates dry, sensitive skin. Formulated with a new blend of key ingredients: hydrating glycerin, panthenol (vitamin B5) to hydrate, soothe and preserve the skin barrier, and niacinamide (vitamin B3) to help smooth skin texture and retain skin moisture barrier. For long lasting hydration, this extra strength face & body moisturizer binds water to the skin to deeply replenish the skins moisture and prevent moisture loss, hydrating and soothing skins dryness for 48 hours and completely restoring the skins moisture barrier in one week. Ideal for very dry areas of skin on the hands, feet, elbows and knees, leaving your skin feeling soft, smooth and nourished. This fragrance free, paraben free, and sulfate free formula will not clog pores and is clinically tested for even the most gentle skin. Effectively defends against 5 signs of skin sensitivity.","Mike / vegas   this seems to b great  T my daily glucose down a bit, I am t 2  also calming great taste many spices in it ,lastly sine tea bag is. Biodegradable less waste  definitely good purchase  may go on my auto ship , have a great day all",Great  moisturizer for anyone,"I have been using Cetaphil for quite a while nowNo real scent, and it works very wellAs a deep moisturizer vs. A  pump bottleLotionWhich can. Be thin and not penetrateWellJust a good product. Great price",10/1/2024,5,Yes,3,0.4007,0.119,0.07,0.811,0.01141730323433876,0.014103756286203861,0.002664706436917186,0.6460497975349426,0.24601371586322784,0.03213633969426155,0.04761440306901932
3,"Cetaphil Body Moisturizer, Hydrating Moisturizing Cream for Dry to Very Dry, Sensitive Skin, NEW 20 oz, Fragrance Free, Non-Comedogenic, Non-Greasy","Care for your dry to very dry skin with CETAPHIL Moisturizing Cream, a non-greasy, moisture rich cream for the whole body. Enriched with sweet almond oil and vitamin E, it immediately comforts and instantly hydrates dry, sensitive skin. Formulated with a new blend of key ingredients: hydrating glycerin, panthenol (vitamin B5) to hydrate, soothe and preserve the skin barrier, and niacinamide (vitamin B3) to help smooth skin texture and retain skin moisture barrier. For long lasting hydration, this extra strength face & body moisturizer binds water to the skin to deeply replenish the skins moisture and prevent moisture loss, hydrating and soothing skins dryness for 48 hours and completely restoring the skins moisture barrier in one week. Ideal for very dry areas of skin on the hands, feet, elbows and knees, leaving your skin feeling soft, smooth and nourished. This fragrance free, paraben free, and sulfate free formula will not clog pores and is clinically tested for even the most gentle skin. Effectively defends against 5 signs of skin sensitivity.",Alli A.,Best Ever,"I have been trying so many creams by major and minor brands.This far exceeds all others.I was diagnosed with severe eczema and this is a dream to find.  The brand my dermatologist suggested fell way short. Other creams end up flaking off 6-7 hrs later, just vanishes or doesn't moisturize in the long run.This stays emollient and moisturizes to the max all day and eve. without being greasy.  The price is fantastic too. I don't itch anymore either.I highly recommend this over all other brands that promise but doesn't deliver.Gosh, take the leap! I cant sing it praise enough. It's liberating to have found this. Enjoy",10/23/2024,5,Yes,0,0.7251,0.113,0.05,0.837,0.004574983846396208,0.009929369203746319,0.002581602893769741,0.6964504718780518,0.2451298087835312,0.017606308683753014,0.02372743934392929
4,"Cetaphil Body Moisturizer, Hydrating Moisturizing Cream for Dry to Very Dry, Sensitive Skin, NEW 20 oz, Fragrance Free, Non-Comedogenic, Non-Greasy","Care for your dry to very dry skin with CETAPHIL Moisturizing Cream, a non-greasy, moisture rich cream for the whole body. Enriched with sweet almond oil and vitamin E, it immediately comforts and instantly hydrates dry, sensitive skin. Formulated with a new blend of key ingredients: hydrating glycerin, panthenol (vitamin B5) to hydrate, soothe and preserve the skin barrier, and niacinamide (vitamin B3) to help smooth skin texture and retain skin moisture barrier. For long lasting hydration, this extra strength face & body moisturizer binds water to the skin to deeply replenish the skins moisture and prevent moisture loss, hydrating and soothing skins dryness for 48 hours and completely restoring the skins moisture barrier in one week. Ideal for very dry areas of skin on the hands, feet, elbows and knees, leaving your skin feeling soft, smooth and nourished. This fragrance free, paraben free, and sulfate free formula will not clog pores and is clinically tested for even the most gentle skin. Effectively defends against 5 signs of skin sensitivity.",Autumn,"Great rich, non-greasy moisturizer","I live in a very dry climate and have been using this on my face and body. It does a great job at softening the skin, it・・s easy to spread and doesn・・t have a heavy, oily feel. I have also been using tretinoin, which makes my skin very dry and peel-y and this moisturizer helps combat that. I have super acne-prone skin as well and this doesn・・t aggravate that condition despite being so rich.This cream didn・・t irritate my skin or cause any burning or stinging. It・・s fragrance free and simple. Great option for those with dry skin! Definitely give this one a go.",9/4/2024,5,Yes,3,0.9538,0.217,0.073,0.71,0.4219343662261963,0.24007724225521088,0.004814897198230028,0.025686189532279968,0.26234200596809387,0.04240783676505089,0.002737479517236352
5,"Cetaphil Body Moisturizer, Hydrating Moisturizing Cream for Dry to Very Dry, Sensitive Skin, NEW 20 oz, Fragrance Free, Non-Comedogenic, Non-Greasy","Care for your dry to very dry skin with CETAPHIL Moisturizing Cream, a non-greasy, moisture rich cream for the whole body. Enriched with sweet almond oil and vitamin E, it immediately comforts and instantly hydrates dry, sensitive skin. Formulated with a new blend of key ingredients: hydrating glycerin, panthenol (vitamin B5) to hydrate, soothe and preserve the skin barrier, and niacinamide (vitamin B3) to help smooth skin texture and retain skin moisture barrier. For long lasting hydration, this extra strength face & body moisturizer binds water to the skin to deeply replenish the skins moisture and prevent moisture loss, hydrating and soothing skins dryness for 48 hours and completely restoring the skins moisture barrier in one week. Ideal for very dry areas of skin on the hands, feet, elbows and knees, leaving your skin feeling soft, smooth and nourished. This fragrance free, paraben free, and sulfate free formula will not clog pores and is clinically tested for even the most gentle skin. Effectively defends against 5 signs of skin sensitivity.",Randall Reade,I use this nightly,"I'm a 62 year old man, and I realized I need to moisturize daily. The lotion is thick and creamy, so I can easily scoop up some in my fingers and apply over my entire face.  I first cleanse my face with a toner (rose scented witch hazel) and then apply a glop of this over my face and neck.  (many people neglect their neck).  I do it every night before bed.If I apply too much, it feels slightly greasy on my face. There is no scent I can detect. In the morning, I've notice my creases and wrinkles are far less, and my skin looks smooth and fully moisturized.",6/27/2024,4,Yes,27,-0.4867,0.042,0.072,0.886,0.011735067702829838,0.4044121503829956,0.021138781681656837,0.013568730093538761,0.339817613363266,0.19834384322166443,0.010983891785144806
6,"Cetaphil Body Moisturizer, Hydrating Moisturizing Cream for Dry to Very Dry, Sensitive Skin, NEW 20 oz, Fragrance Free, Non-Comedogenic, Non-Greasy","Care for your dry to very dry skin with CETAPHIL Moisturizing Cream, a non-greasy, moisture rich cream for the whole body. Enriched with sweet almond oil and vitamin E, it immediately comforts and instantly hydrates dry, sensitive skin. Formulated with a new blend of key ingredients: hydrating glycerin, panthenol (vitamin B5) to hydrate, soothe and preserve the skin barrier, and niacinamide (vitamin B3) to help smooth skin texture and retain skin moisture barrier. For long lasting hydration, this extra strength face & body moisturizer binds water to the skin to deeply replenish the skins moisture and prevent moisture loss, hydrating and soothing skins dryness for 48 hours and completely restoring the skins moisture barrier in one week. Ideal for very dry areas of skin on the hands, feet, elbows and knees, leaving your skin feeling soft, smooth and nourished. This fragrance free, paraben free, and sulfate free formula will not clog pores and is clinically tested for even the most gentle skin. Effectively defends against 5 signs of skin sensitivity.",Kindle Customer Josie,Worth it!,Looking for full lasting moisture? This product does that. Smells good light on body and lasts more than half the day. Texture is not oily but goes on smooth. Good for dry skin,10/13/2024,5,Yes,0,0.7003,0.158,0.0,0.842,0.003991028293967247,0.03330613672733307,0.0012401168933138251,0.05184909701347351,0.8943151235580444,0.008979883044958115,0.00631865207105875
7,"Cetaphil Body Moisturizer, Hydrating Moisturizing Cream for Dry to Very Dry, Sensitive Skin, NEW 20 oz, Fragrance Free, Non-Comedogenic, Non-Greasy","Care for your dry to very dry skin with CETAPHIL Moisturizing Cream, a non-greasy, moisture rich cream for the whole body. Enriched with sweet almond oil and vitamin E, it immediately comforts and instantly hydrates dry, sensitive skin. Formulated with a new blend of key ingredients: hydrating glycerin, panthenol (vitamin B5) to hydrate, soothe and preserve the skin barrier, and niacinamide (vitamin B3) to help smooth skin texture and retain skin moisture barrier. For long lasting hydration, this extra strength face & body moisturizer binds water to the skin to deeply replenish the skins moisture and prevent moisture loss, hydrating and soothing skins dryness for 48 hours and completely restoring the skins moisture barrier in one week. Ideal for very dry areas of skin on the hands, feet, elbows and knees, leaving your skin feeling soft, smooth and nourished. This fragrance free, paraben free, and sulfate free formula will not clog pores and is clinically tested for even the most gentle skin. Effectively defends against 5 signs of skin sensitivity.",Erin Buser,Excellent product for moisturizing,I have tried so many different brands and types of lotions.  This is by far the best I have ever used.  My hands don・・t get dry throughout the day.  I use it on my legs and face as well and feel moisturized all day long.  Excellent product!,10/24/2024,5,Yes,0,0.8832,0.201,0.0,0.799,0.012769188731908798,0.010142709128558636,0.003947068937122822,0.6130078434944153,0.29968249797821045,0.02016138657927513,0.04028937593102455
8,"Cetaphil Body Moisturizer, Hydrating Moisturizing Cream for Dry to Very Dry, Sensitive Skin, NEW 20 oz, Fragrance Free, Non-Comedogenic, Non-Greasy","Care for your dry to very dry skin with CETAPHIL Moisturizing Cream, a non-greasy, moisture rich cream for the whole body. Enriched with sweet almond oil and vitamin E, it immediately comforts and instantly hydrates dry, sensitive skin. Formulated with a new blend of key ingredients: hydrating glycerin, panthenol (vitamin B5) to hydrate, soothe and preserve the skin barrier, and niacinamide (vitamin B3) to help smooth skin texture and retain skin moisture barrier. For long lasting hydration, this extra strength face & body moisturizer binds water to the skin to deeply replenish the skins moisture and prevent moisture loss, hydrating and soothing skins dryness for 48 hours and completely restoring the skins moisture barrier in one week. Ideal for very dry areas of skin on the hands, feet, elbows and knees, leaving your skin feeling soft, smooth and nourished. This fragrance free, paraben free, and sulfate free formula will not clog pores and is clinically tested for even the most gentle skin. Effectively defends against 5 signs of skin sensitivity.",Stephon McCray,From Good to Great: Why I Switched from Cetaphil to EVIL GOODS,"I have been a long-time fan of Cetaphil Face & Body Moisturizer. Its hydrating moisturizing cream for dry to very dry, sensitive skin is a fantastic product. The 20 oz size offers great value, and I appreciated its non-greasy formula, which always left my skin feeling hydrated without any sticky residue. Plus, the fact that it・・s fragrance-free and non-comedogenic made it perfect for my sensitive skin. For years, Cetaphil was my go-to moisturizer because it worked effectively and fit seamlessly into my skincare routine.However, as I became more conscious of the ingredients in my skincare products, I started to worry about the chemicals I was putting on my body. Even though Cetaphil was working well for me, I couldn・・t ignore the fact that it contains over 20 different ingredients, including some chemicals that I couldnt even pronounce and wasn・・t comfortable using long-term. This realization led me to explore more natural alternatives, and that・・s when I discovered EVIL GOODS Whipped Beef Tallow and Honey Balmhttps://www.amazon.com/dp/B0CZDGNZLD.This product is a game-changer. Made from grass-fed, grass-finished beef tallow and honey, EVIL GOODS Balm is unscented and incredibly versatile. It・・s not just a face cream or body lotion・・it can also be used as a lip balm. With only four natural ingredients, it・・s the epitome of clean skincare. Unlike other skin care products, which contain phthalates, parabens, and petrochemicals, EVIL GOODS offers a purer, more wholesome option.After switching to evil goods, I・・ve noticed significant improvements in my skin・・s texture and hydration levels. It・・s even more moisturizing than Cetaphil, leaving my skin soft and supple without any greasy feeling. The balm absorbs beautifully and provides long-lasting hydration, making my skin feel healthier and more resilient. It・・s particularly effective for sensitive skin and conditions like eczema and rosacea because it・・s free from essential oils and fragrances, which can sometimes irritate sensitive skin.I am now a lifelong customer of EVIL GOODS and swear by its effectiveness. I believe everyone should make the switch to this incredible product. The simplicity of its ingredients list・・just beef tallow, honey, and a few others・・contrasts starkly with the lengthy list of chemicals in many mainstream moisturizers. This minimalist approach means I・・m no longer exposing my skin to unnecessary chemicals, and the results speak for themselves.Cetaphil is good, but EVIL GOODS is great and truly represents the future of skincare. It provides superior moisturizing, uses natural ingredients, and softens the skin better than any other product I・・ve tried. If you・・re looking for a product that・・s perfect for sensitive skin and free from harmful chemicals, evil goods whipped beef tallow and honey balm is the one for you. Your skin and health will thank you for making the switch to a more natural, effective, and gentle skincare routine.",7/13/2024,5,Yes,31,0.9925,0.176,0.074,0.75,0.024619244039058685,0.06199692189693451,0.004577294457703829,0.44987690448760986,0.4385679066181183,0.012861214578151703,0.0075005656108260155
9,"Cetaphil Body Moisturizer, Hydrating Moisturizing Cream for Dry to Very Dry, Sensitive Skin, NEW 20 oz, Fragrance Free, Non-Comedogenic, Non-Greasy","Care for your dry to very dry skin with CETAPHIL Moisturizing Cream, a non-greasy, moisture rich cream for the whole body. Enriched with sweet almond oil and vitamin E, it immediately comforts and instantly hydrates dry, sensitive skin. Formulated with a new blend of key ingredients: hydrating glycerin, panthenol (vitamin B5) to hydrate, soothe and preserve the skin barrier, and niacinamide (vitamin B3) to help smooth skin texture and retain skin moisture barrier. For long lasting hydration, this extra strength face & body moisturizer binds water to the skin to deeply replenish the skins moisture and prevent moisture loss, hydrating and soothing skins dryness for 48 hours and completely restoring the skins moisture barrier in one week. Ideal for very dry areas of skin on the hands, feet, elbows and knees, leaving your skin feeling soft, smooth and nourished. This fragrance free, paraben free, and sulfate free formula will not clog pores and is clinically tested for even the most gentle skin. Effectively defends against 5 signs of skin sensitivity.",Road Scholar,Good stuff,"I work outside in a dry environment (desert). Usually with gloves, but I need to wash my hands a lot, since I'm working with animals.I usually use Eucerin, but ran out, and saw (yes, TV rides again!) a commercial about this product and decided to try it.Much less residue than the above mentioned product, and seems to reduce the cracking of dry skin on my hands much faster. Base on my experience, will buy this again.",10/22/2024,5,Yes,0,0.0,0.0,0.0,1.0,0.02758720889687538,0.11324954032897949,0.010044395923614502,0.016282733529806137,0.7711650729179382,0.02206498011946678,0.03960616514086723
10,"Cetaphil Body Moisturizer, Hydrating Moisturizing Cream for Dry to Very Dry, Sensitive Skin, NEW 20 oz, Fragrance Free, Non-Comedogenic, Non-Greasy","Care for your dry to very dry skin with CETAPHIL Moisturizing Cream, a non-greasy, moisture rich cream for the whole body. Enriched with sweet almond oil and vitamin E, it immediately comforts and instantly hydrates dry, sensitive skin. Formulated with a new blend of key ingredients: hydrating glycerin, panthenol (vitamin B5) to hydrate, soothe and preserve the skin barrier, and niacinamide (vitamin B3) to help smooth skin texture and retain skin moisture barrier. For long lasting hydration, this extra strength face & body moisturizer binds water to the skin to deeply replenish the skins moisture and prevent moisture loss, hydrating and soothing skins dryness for 48 hours and completely restoring the skins moisture barrier in one week. Ideal for very dry areas of skin on the hands, feet, elbows and knees, leaving your skin feeling soft, smooth and nourished. This fragrance free, paraben free, and sulfate free formula will not clog pores and is clinically tested for even the most gentle skin. Effectively defends against 5 signs of skin sensitivity.",Peggy in N. Carolina,Cetaphil Face Moisturizer,I am an elderly lady and my skin tends to dry.  I use this at night.  I get into bed to read and I put this cream on my face.  A little goes a long way.  I read while it soaks in.  I give a little extra to my lip area.  Was advised to give up expensive creams by my dermatologist about 20 years ago.  I recommend using this cream as it lasts a long time and is not that expensive.,10/2/2024,5,Yes,3,0.3612,0.035,0.0,0.965,0.010126103647053242,0.028835557401180267,0.03786205127835274,0.04009880870580673,0.5738106369972229,0.28305014967918396,0.026216596364974976
11,"Cetaphil Body Moisturizer, Hydrating Moisturizing Cream for Dry to Very Dry, Sensitive Skin, NEW 20 oz, Fragrance Free, Non-Comedogenic, Non-Greasy","Care for your dry to very dry skin with CETAPHIL Moisturizing Cream, a non-greasy, moisture rich cream for the whole body. Enriched with sweet almond oil and vitamin E, it immediately comforts and instantly hydrates dry, sensitive skin. Formulated with a new blend of key ingredients: hydrating glycerin, panthenol (vitamin B5) to hydrate, soothe and preserve the skin barrier, and niacinamide (vitamin B3) to help smooth skin texture and retain skin moisture barrier. For long lasting hydration, this extra strength face & body moisturizer binds water to the skin to deeply replenish the skins moisture and prevent moisture loss, hydrating and soothing skins dryness for 48 hours and completely restoring the skins moisture barrier in one week. Ideal for very dry areas of skin on the hands, feet, elbows and knees, leaving your skin feeling soft, smooth and nourished. This fragrance free, paraben free, and sulfate free formula will not clog pores and is clinically tested for even the most gentle skin. Effectively defends against 5 signs of skin sensitivity.",Jan V,Does the job,"I like this quality lotion for my skin care. The texture is nice and has a value for money, it is effective for dryness and creates protection throughout the day.",10/24/2024,5,Yes,0,0.9337,0.423,0.0,0.577,0.008647626265883446,0.08282087743282318,0.0016604848206043243,0.5908827781677246,0.294755220413208,0.01591484434902668,0.005318167619407177
12,"Cetaphil Body Moisturizer, Hydrating Moisturizing Cream for Dry to Very Dry, Sensitive Skin, NEW 20 oz, Fragrance Free, Non-Comedogenic, Non-Greasy","Care for your dry to very dry skin with CETAPHIL Moisturizing Cream, a non-greasy, moisture rich cream for the whole body. Enriched with sweet almond oil and vitamin E, it immediately comforts and instantly hydrates dry, sensitive skin. Formulated with a new blend of key ingredients: hydrating glycerin, panthenol (vitamin B5) to hydrate, soothe and preserve the skin barrier, and niacinamide (vitamin B3) to help smooth skin texture and retain skin moisture barrier. For long lasting hydration, this extra strength face & body moisturizer binds water to the skin to deeply replenish the skins moisture and prevent moisture loss, hydrating and soothing skins dryness for 48 hours and completely restoring the skins moisture barrier in one week. Ideal for very dry areas of skin on the hands, feet, elbows and knees, leaving your skin feeling soft, smooth and nourished. This fragrance free, paraben free, and sulfate free formula will not clog pores and is clinically tested for even the most gentle skin. Effectively defends against 5 signs of skin sensitivity.",Marta,Best moisturizer for super dry skin.,"I use this product every day for severely dry skin. I use it year-round, head to toe. I have very dry skin and have been using this product for years. Despite my skin issues, I look a decade younger than I am, and I have not had flaky or cracked skin except when I have switched to something else.",10/11/2024,5,Yes,0,-0.4588,0.0,0.057,0.943,0.01997152529656887,0.27432766556739807,0.012729719281196594,0.006755704991519451,0.5564250946044922,0.11852918565273285,0.011261088773608208
13,"Cetaphil Body Moisturizer, Hydrating Moisturizing Cream for Dry to Very Dry, Sensitive Skin, NEW 20 oz, Fragrance Free, Non-Comedogenic, Non-Greasy","Care for your dry to very dry skin with CETAPHIL Moisturizing Cream, a non-greasy, moisture rich cream for the whole body. Enriched with sweet almond oil and vitamin E, it immediately comforts and instantly hydrates dry, sensitive skin. Formulated with a new blend of key ingredients: hydrating glycerin, panthenol (vitamin B5) to hydrate, soothe and preserve the skin barrier, and niacinamide (vitamin B3) to help smooth skin texture and retain skin moisture barrier. For long lasting hydration, this extra strength face & body moisturizer binds water to the skin to deeply replenish the skins moisture and prevent moisture loss, hydrating and soothing skins dryness for 48 hours and completely restoring the skins moisture barrier in one week. Ideal for very dry areas of skin on the hands, feet, elbows and knees, leaving your skin feeling soft, smooth and nourished. This fragrance free, paraben free, and sulfate free formula will not clog pores and is clinically tested for even the most gentle skin. Effectively defends against 5 signs of skin sensitivity.",Natalie,All show no substance,"This is actually my first time ever writing a review on Amazon. As a die hard CeraVe fan who has been using it since before TikTok was even a concept (think Myspace era) I haven't changed my mind after trying this. I was given a deluxe sample from Cetaphil (NOT in an exchange for a review) and I loved how thick it was and it wasn't as greasy as I I remembered it to be in the past so I ordered some.I have very sensitive, dry skin and living in a Northern climate going into winter I need a good moisturizer. After using it a few days I noticed my skin felt incredibly soft and it did infact last almost 48 hours. However, my skin was dry and itchy like I hadn't put moisturizer on at all. While a thinner texture, going back to the CeraVe instantly solved this problem. I put the Cetaphil on over Vanicream lotion for an added boost (I'm not allergic the red itchiness was just my dry skin) because I want to finish it, but I would absolutely not buy it again.If you want your skin to just feel really soft this is your lotion, though with 30% Vaseline (the third ingredient in this and what's giving that soft feeling is petroleum) I prefer Vaseline deep moisture body cream which is also a lot cheaper. If you want to actually hydrate your skin get CeraVe. Vanicream is nice too.",10/28/2024,3,Yes,0,0.9236,0.112,0.031,0.857,0.00864382553845644,0.16896283626556396,0.007986468262970448,0.02433733455836773,0.7397477030754089,0.02675969898700714,0.023562204092741013
14,"Cetaphil Body Moisturizer, Hydrating Moisturizing Cream for Dry to Very Dry, Sensitive Skin, NEW 20 oz, Fragrance Free, Non-Comedogenic, Non-Greasy","Care for your dry to very dry skin with CETAPHIL Moisturizing Cream, a non-greasy, moisture rich cream for the whole body. Enriched with sweet almond oil and vitamin E, it immediately comforts and instantly hydrates dry, sensitive skin. Formulated with a new blend of key ingredients: hydrating glycerin, panthenol (vitamin B5) to hydrate, soothe and preserve the skin barrier, and niacinamide (vitamin B3) to help smooth skin texture and retain skin moisture barrier. For long lasting hydration, this extra strength face & body moisturizer binds water to the skin to deeply replenish the skins moisture and prevent moisture loss, hydrating and soothing skins dryness for 48 hours and completely restoring the skins moisture barrier in one week. Ideal for very dry areas of skin on the hands, feet, elbows and knees, leaving your skin feeling soft, smooth and nourished. This fragrance free, paraben free, and sulfate free formula will not clog pores and is clinically tested for even the most gentle skin. Effectively defends against 5 signs of skin sensitivity.",Mrs.Cat,Dry Sensitive skin,"I just received this today for my dry sensitive skin and it was like a drink of water all over my body! I usually use Vanicream, but wanted to switch it up a little bit. This felt so refreshing on my skin! It absorbed really well and doesn・・t have all the negative ingredients that most Creams/ lotions do have. It was on sale so it was a great value for the money! And of course it doesn・・t have all the added junk so the smell is null! You will possibly be using this for when I get out of the shower as the pump of my van takes too long to use when I・・m using that much lotion at once. I for see myself using this again in the future!",9/3/2024,5,Yes,5,0.878,0.11,0.037,0.854,0.004414587281644344,0.017356527969241142,0.000743171782232821,0.8968082666397095,0.06876078248023987,0.00590243237093091,0.006014320068061352
15,"Cetaphil Body Moisturizer, Hydrating Moisturizing Cream for Dry to Very Dry, Sensitive Skin, NEW 20 oz, Fragrance Free, Non-Comedogenic, Non-Greasy","Care for your dry to very dry skin with CETAPHIL Moisturizing Cream, a non-greasy, moisture rich cream for the whole body. Enriched with sweet almond oil and vitamin E, it immediately comforts and instantly hydrates dry, sensitive skin. Formulated with a new blend of key ingredients: hydrating glycerin, panthenol (vitamin B5) to hydrate, soothe and preserve the skin barrier, and niacinamide (vitamin B3) to help smooth skin texture and retain skin moisture barrier. For long lasting hydration, this extra strength face & body moisturizer binds water to the skin to deeply replenish the skins moisture and prevent moisture loss, hydrating and soothing skins dryness for 48 hours and completely restoring the skins moisture barrier in one week. Ideal for very dry areas of skin on the hands, feet, elbows and knees, leaving your skin feeling soft, smooth and nourished. This fragrance free, paraben free, and sulfate free formula will not clog pores and is clinically tested for even the most gentle skin. Effectively defends against 5 signs of skin sensitivity.",Anna.Al,Great for sensitive skin,I absolutely love Cetaphil products. I'm a customer for life. I have very sensitive skin and this brand and product has been my go to for years.,10/24/2024,5,Yes,0,0.6697,0.163,0.0,0.837,0.014024564065039158,0.06787154823541641,0.0058305952697992325,0.737121045589447,0.15638130903244019,0.012289938516914845,0.0064810230396687984
16,"Cetaphil Body Moisturizer, Hydrating Moisturizing Cream for Dry to Very Dry, Sensitive Skin, NEW 20 oz, Fragrance Free, Non-Comedogenic, Non-Greasy","Care for your dry to very dry skin with CETAPHIL Moisturizing Cream, a non-greasy, moisture rich cream for the whole body. Enriched with sweet almond oil and vitamin E, it immediately comforts and instantly hydrates dry, sensitive skin. Formulated with a new blend of key ingredients: hydrating glycerin, panthenol (vitamin B5) to hydrate, soothe and preserve the skin barrier, and niacinamide (vitamin B3) to help smooth skin texture and retain skin moisture barrier. For long lasting hydration, this extra strength face & body moisturizer binds water to the skin to deeply replenish the skins moisture and prevent moisture loss, hydrating and soothing skins dryness for 48 hours and completely restoring the skins moisture barrier in one week. Ideal for very dry areas of skin on the hands, feet, elbows and knees, leaving your skin feeling soft, smooth and nourished. This fragrance free, paraben free, and sulfate free formula will not clog pores and is clinically tested for even the most gentle skin. Effectively defends against 5 signs of skin sensitivity.",mike000mike,If it's Cetaphil you've got the right product,Love the moisturizing the price and the odor-free nature of this product time tested I recommend highly Cetaphil products across the board for the proper applications,10/22/2024,5,Yes,0,0.7717,0.226,0.0,0.774,0.00839473120868206,0.07792192697525024,0.0021152296103537083,0.7184531688690186,0.17987273633480072,0.008605767972767353,0.004636568017303944
17,"Cetaphil Body Moisturizer, Hydrating Moisturizing Cream for Dry to Very Dry, Sensitive Skin, NEW 20 oz, Fragrance Free, Non-Comedogenic, Non-Greasy","Care for your dry to very dry skin with CETAPHIL Moisturizing Cream, a non-greasy, moisture rich cream for the whole body. Enriched with sweet almond oil and vitamin E, it immediately comforts and instantly hydrates dry, sensitive skin. Formulated with a new blend of key ingredients: hydrating glycerin, panthenol (vitamin B5) to hydrate, soothe and preserve the skin barrier, and niacinamide (vitamin B3) to help smooth skin texture and retain skin moisture barrier. For long lasting hydration, this extra strength face & body moisturizer binds water to the skin to deeply replenish the skins moisture and prevent moisture loss, hydrating and soothing skins dryness for 48 hours and completely restoring the skins moisture barrier in one week. Ideal for very dry areas of skin on the hands, feet, elbows and knees, leaving your skin feeling soft, smooth and nourished. This fragrance free, paraben free, and sulfate free formula will not clog pores and is clinically tested for even the most gentle skin. Effectively defends against 5 signs of skin sensitivity.",Lisa Smith,Great moisturizer,"I use the Cetaphil cream to remove my makeup at night. It's very moisturizing and gets my face ready to wash with Cetaphil facial cleanser. It comes in this nice big tub so you can use every last bit, not like a tube where there is so much waste. And it's cheap too. Highly recommend!",10/5/2024,5,Yes,2,0.5642,0.142,0.084,0.774,0.014227153733372688,0.07652594149112701,0.002972155110910535,0.131150484085083,0.7369844317436218,0.015416769310832024,0.0227231215685606
18,"Cetaphil Body Moisturizer, Hydrating Moisturizing Cream for Dry to Very Dry, Sensitive Skin, NEW 20 oz, Fragrance Free, Non-Comedogenic, Non-Greasy","Care for your dry to very dry skin with CETAPHIL Moisturizing Cream, a non-greasy, moisture rich cream for the whole body. Enriched with sweet almond oil and vitamin E, it immediately comforts and instantly hydrates dry, sensitive skin. Formulated with a new blend of key ingredients: hydrating glycerin, panthenol (vitamin B5) to hydrate, soothe and preserve the skin barrier, and niacinamide (vitamin B3) to help smooth skin texture and retain skin moisture barrier. For long lasting hydration, this extra strength face & body moisturizer binds water to the skin to deeply replenish the skins moisture and prevent moisture loss, hydrating and soothing skins dryness for 48 hours and completely restoring the skins moisture barrier in one week. Ideal for very dry areas of skin on the hands, feet, elbows and knees, leaving your skin feeling soft, smooth and nourished. This fragrance free, paraben free, and sulfate free formula will not clog pores and is clinically tested for even the most gentle skin. Effectively defends against 5 signs of skin sensitivity.",Xiaolin Li,I・・m using this product more often than other brands simply because it feels good and not so oily!,,10/28/2024,5,Yes,0,0.0,0.0,0.0,1.0,0.023308759555220604,0.05606509745121002,0.05168873444199562,0.014370659366250038,0.5968263745307922,0.15775170922279358,0.09998871386051178
19,"Cetaphil Body Moisturizer, Hydrating Moisturizing Cream for Dry to Very Dry, Sensitive Skin, NEW 20 oz, Fragrance Free, Non-Comedogenic, Non-Greasy","Care for your dry to very dry skin with CETAPHIL Moisturizing Cream, a non-greasy, moisture rich cream for the whole body. Enriched with sweet almond oil and vitamin E, it immediately comforts and instantly hydrates dry, sensitive skin. Formulated with a new blend of key ingredients: hydrating glycerin, panthenol (vitamin B5) to hydrate, soothe and preserve the skin barrier, and niacinamide (vitamin B3) to help smooth skin texture and retain skin moisture barrier. For long lasting hydration, this extra strength face & body moisturizer binds water to the skin to deeply replenish the skins moisture and prevent moisture loss, hydrating and soothing skins dryness for 48 hours and completely restoring the skins moisture barrier in one week. Ideal for very dry areas of skin on the hands, feet, elbows and knees, leaving your skin feeling soft, smooth and nourished. This fragrance free, paraben free, and sulfate free formula will not clog pores and is clinically tested for even the most gentle skin. Effectively defends against 5 signs of skin sensitivity.",mizeason,Great!,"I love my new Cetaphil unscented lotion.The only problem is that the container was on its side when it arrived, and a large potion of lotion was stuck in the lid.",10/10/2024,5,Yes,0,0.128,0.12,0.135,0.745,0.017483098432421684,0.09203753620386124,0.0017137080430984497,0.48790332674980164,0.28620120882987976,0.07712756097316742,0.0375334806740284
20,"Cetaphil Body Moisturizer, Hydrating Moisturizing Cream for Dry to Very Dry, Sensitive Skin, NEW 20 oz, Fragrance Free, Non-Comedogenic, Non-Greasy","Care for your dry to very dry skin with CETAPHIL Moisturizing Cream, a non-greasy, moisture rich cream for the whole body. Enriched with sweet almond oil and vitamin E, it immediately comforts and instantly hydrates dry, sensitive skin. Formulated with a new blend of key ingredients: hydrating glycerin, panthenol (vitamin B5) to hydrate, soothe and preserve the skin barrier, and niacinamide (vitamin B3) to help smooth skin texture and retain skin moisture barrier. For long lasting hydration, this extra strength face & body moisturizer binds water to the skin to deeply replenish the skins moisture and prevent moisture loss, hydrating and soothing skins dryness for 48 hours and completely restoring the skins moisture barrier in one week. Ideal for very dry areas of skin on the hands, feet, elbows and knees, leaving your skin feeling soft, smooth and nourished. This fragrance free, paraben free, and sulfate free formula will not clog pores and is clinically tested for even the most gentle skin. Effectively defends against 5 signs of skin sensitivity.",Seth.H,Great moisturizer,"I've tried many others to help with rough skin but most didn't help. I wanted to try Cetaphil but the store prices was SO high, then I found this 20oz Cetaphil in Amazon deals.  In only two applications my skin is at least 80% healed; from rough elephant like skin to smooth almost soft skin in only two applications, no other lotion came close to this performance.",9/22/2024,5,Yes,0,0.7845,0.146,0.038,0.816,0.014469606801867485,0.012318381108343601,0.014504477381706238,0.007590216118842363,0.33523237705230713,0.06738775968551636,0.548497200012207
21,"Cetaphil Body Moisturizer, Hydrating Moisturizing Cream for Dry to Very Dry, Sensitive Skin, NEW 20 oz, Fragrance Free, Non-Comedogenic, Non-Greasy","Care for your dry to very dry skin with CETAPHIL Moisturizing Cream, a non-greasy, moisture rich cream for the whole body. Enriched with sweet almond oil and vitamin E, it immediately comforts and instantly hydrates dry, sensitive skin. Formulated with a new blend of key ingredients: hydrating glycerin, panthenol (vitamin B5) to hydrate, soothe and preserve the skin barrier, and niacinamide (vitamin B3) to help smooth skin texture and retain skin moisture barrier. For long lasting hydration, this extra strength face & body moisturizer binds water to the skin to deeply replenish the skins moisture and prevent moisture loss, hydrating and soothing skins dryness for 48 hours and completely restoring the skins moisture barrier in one week. Ideal for very dry areas of skin on the hands, feet, elbows and knees, leaving your skin feeling soft, smooth and nourished. This fragrance free, paraben free, and sulfate free formula will not clog pores and is clinically tested for even the most gentle skin. Effectively defends against 5 signs of skin sensitivity.",G. M. Holloway,THIS SEEMS TO HELP MY SKIN- MY DERMATOLOGIST RECOMMENDED THE SOAP BRAND,This seems like it is helping my dry skin,10/26/2024,5,Yes,0,0.5719,0.402,0.0,0.598,0.013810166157782078,0.11329807341098785,0.0023937977384775877,0.033068377524614334,0.7810103297233582,0.039774339646101,0.016644904389977455
22,"Cetaphil Body Moisturizer, Hydrating Moisturizing Cream for Dry to Very Dry, Sensitive Skin, NEW 20 oz, Fragrance Free, Non-Comedogenic, Non-Greasy","Care for your dry to very dry skin with CETAPHIL Moisturizing Cream, a non-greasy, moisture rich cream for the whole body. Enriched with sweet almond oil and vitamin E, it immediately comforts and instantly hydrates dry, sensitive skin. Formulated with a new blend of key ingredients: hydrating glycerin, panthenol (vitamin B5) to hydrate, soothe and preserve the skin barrier, and niacinamide (vitamin B3) to help smooth skin texture and retain skin moisture barrier. For long lasting hydration, this extra strength face & body moisturizer binds water to the skin to deeply replenish the skins moisture and prevent moisture loss, hydrating and soothing skins dryness for 48 hours and completely restoring the skins moisture barrier in one week. Ideal for very dry areas of skin on the hands, feet, elbows and knees, leaving your skin feeling soft, smooth and nourished. This fragrance free, paraben free, and sulfate free formula will not clog pores and is clinically tested for even the most gentle skin. Effectively defends against 5 signs of skin sensitivity.",Nordia,It・・s worth it,I・・m in love with this product it・・s the only thing that actually works for my skin style ..value for money..good skin protection,10/17/2024,5,Yes,0,0.6369,0.167,0.0,0.833,0.006998308002948761,0.001174884382635355,0.0008563874289393425,0.9068363308906555,0.04230803996324539,0.017301902174949646,0.024524075910449028
23,"Cetaphil Body Moisturizer, Hydrating Moisturizing Cream for Dry to Very Dry, Sensitive Skin, NEW 20 oz, Fragrance Free, Non-Comedogenic, Non-Greasy","Care for your dry to very dry skin with CETAPHIL Moisturizing Cream, a non-greasy, moisture rich cream for the whole body. Enriched with sweet almond oil and vitamin E, it immediately comforts and instantly hydrates dry, sensitive skin. Formulated with a new blend of key ingredients: hydrating glycerin, panthenol (vitamin B5) to hydrate, soothe and preserve the skin barrier, and niacinamide (vitamin B3) to help smooth skin texture and retain skin moisture barrier. For long lasting hydration, this extra strength face & body moisturizer binds water to the skin to deeply replenish the skins moisture and prevent moisture loss, hydrating and soothing skins dryness for 48 hours and completely restoring the skins moisture barrier in one week. Ideal for very dry areas of skin on the hands, feet, elbows and knees, leaving your skin feeling soft, smooth and nourished. This fragrance free, paraben free, and sulfate free formula will not clog pores and is clinically tested for even the most gentle skin. Effectively defends against 5 signs of skin sensitivity.",Tamaria,My Go to,What is your skin without Cetaphil. Its soft and moisturizes your skin. I use this every day on my skin for locking in moisture love it....there's nothing more perfect on your skin than Cetaphil,10/9/2024,5,Yes,0,0.2465,0.109,0.084,0.807,0.01254202052950859,0.0389879010617733,0.005204202141612768,0.03121453896164894,0.7859205603599548,0.07746095210313797,0.048669781535863876
24,"Cetaphil Body Moisturizer, Hydrating Moisturizing Cream for Dry to Very Dry, Sensitive Skin, NEW 20 oz, Fragrance Free, Non-Comedogenic, Non-Greasy","Care for your dry to very dry skin with CETAPHIL Moisturizing Cream, a non-greasy, moisture rich cream for the whole body. Enriched with sweet almond oil and vitamin E, it immediately comforts and instantly hydrates dry, sensitive skin. Formulated with a new blend of key ingredients: hydrating glycerin, panthenol (vitamin B5) to hydrate, soothe and preserve the skin barrier, and niacinamide (vitamin B3) to help smooth skin texture and retain skin moisture barrier. For long lasting hydration, this extra strength face & body moisturizer binds water to the skin to deeply replenish the skins moisture and prevent moisture loss, hydrating and soothing skins dryness for 48 hours and completely restoring the skins moisture barrier in one week. Ideal for very dry areas of skin on the hands, feet, elbows and knees, leaving your skin feeling soft, smooth and nourished. This fragrance free, paraben free, and sulfate free formula will not clog pores and is clinically tested for even the most gentle skin. Effectively defends against 5 signs of skin sensitivity.",Ahmad alorifan,Good quality,The cream Stay longer in the skin when applied.,10/25/2024,5,Yes,0,0.0,0.0,0.0,1.0,0.019397228956222534,0.22784344851970673,0.01522819884121418,0.005491106770932674,0.6761260032653809,0.045847825706005096,0.010066189803183079
25,"Cetaphil Body Moisturizer, Hydrating Moisturizing Cream for Dry to Very Dry, Sensitive Skin, NEW 20 oz, Fragrance Free, Non-Comedogenic, Non-Greasy","Care for your dry to very dry skin with CETAPHIL Moisturizing Cream, a non-greasy, moisture rich cream for the whole body. Enriched with sweet almond oil and vitamin E, it immediately comforts and instantly hydrates dry, sensitive skin. Formulated with a new blend of key ingredients: hydrating glycerin, panthenol (vitamin B5) to hydrate, soothe and preserve the skin barrier, and niacinamide (vitamin B3) to help smooth skin texture and retain skin moisture barrier. For long lasting hydration, this extra strength face & body moisturizer binds water to the skin to deeply replenish the skins moisture and prevent moisture loss, hydrating and soothing skins dryness for 48 hours and completely restoring the skins moisture barrier in one week. Ideal for very dry areas of skin on the hands, feet, elbows and knees, leaving your skin feeling soft, smooth and nourished. This fragrance free, paraben free, and sulfate free formula will not clog pores and is clinically tested for even the most gentle skin. Effectively defends against 5 signs of skin sensitivity.",ameliakk,The best moisturizer,It・・s a great value for money and the texture is amazing,10/21/2024,5,Yes,0,0.8834,0.595,0.0,0.405,0.0073282853700220585,0.004686489701271057,0.001992178848013282,0.7722645401954651,0.13695672154426575,0.0037374875973910093,0.07303424924612045
26,"Cetaphil Body Moisturizer, Hydrating Moisturizing Cream for Dry to Very Dry, Sensitive Skin, NEW 20 oz, Fragrance Free, Non-Comedogenic, Non-Greasy","Care for your dry to very dry skin with CETAPHIL Moisturizing Cream, a non-greasy, moisture rich cream for the whole body. Enriched with sweet almond oil and vitamin E, it immediately comforts and instantly hydrates dry, sensitive skin. Formulated with a new blend of key ingredients: hydrating glycerin, panthenol (vitamin B5) to hydrate, soothe and preserve the skin barrier, and niacinamide (vitamin B3) to help smooth skin texture and retain skin moisture barrier. For long lasting hydration, this extra strength face & body moisturizer binds water to the skin to deeply replenish the skins moisture and prevent moisture loss, hydrating and soothing skins dryness for 48 hours and completely restoring the skins moisture barrier in one week. Ideal for very dry areas of skin on the hands, feet, elbows and knees, leaving your skin feeling soft, smooth and nourished. This fragrance free, paraben free, and sulfate free formula will not clog pores and is clinically tested for even the most gentle skin. Effectively defends against 5 signs of skin sensitivity.",Eliyojana Arciniegas,Espectacular,La mejor crema hidratante del mercado,10/25/2024,5,Yes,0,0.0,0.0,0.0,1.0,0.02286575920879841,0.013632847927510738,0.3114718794822693,0.02305677905678749,0.5390081405639648,0.03586825728416443,0.05409637466073036
27,"Cetaphil Body Moisturizer, Hydrating Moisturizing Cream for Dry to Very Dry, Sensitive Skin, NEW 20 oz, Fragrance Free, Non-Comedogenic, Non-Greasy","Care for your dry to very dry skin with CETAPHIL Moisturizing Cream, a non-greasy, moisture rich cream for the whole body. Enriched with sweet almond oil and vitamin E, it immediately comforts and instantly hydrates dry, sensitive skin. Formulated with a new blend of key ingredients: hydrating glycerin, panthenol (vitamin B5) to hydrate, soothe and preserve the skin barrier, and niacinamide (vitamin B3) to help smooth skin texture and retain skin moisture barrier. For long lasting hydration, this extra strength face & body moisturizer binds water to the skin to deeply replenish the skins moisture and prevent moisture loss, hydrating and soothing skins dryness for 48 hours and completely restoring the skins moisture barrier in one week. Ideal for very dry areas of skin on the hands, feet, elbows and knees, leaving your skin feeling soft, smooth and nourished. This fragrance free, paraben free, and sulfate free formula will not clog pores and is clinically tested for even the most gentle skin. Effectively defends against 5 signs of skin sensitivity.",Cindy H,Best cream moisturizer ever!,This is the only body cream I use. I  am very sensitive to fragrance and this is unsented and my skin has no bad reactions at all. Really helps moisturizer my dry skin.,10/4/2024,5,Yes,0,-0.4228,0.079,0.156,0.765,0.03589806705713272,0.2437342256307602,0.008694278076291084,0.0608147494494915,0.4400152266025543,0.19905181229114532,0.011791616678237915
28,"Cetaphil Body Moisturizer, Hydrating Moisturizing Cream for Dry to Very Dry, Sensitive Skin, NEW 20 oz, Fragrance Free, Non-Comedogenic, Non-Greasy","Care for your dry to very dry skin with CETAPHIL Moisturizing Cream, a non-greasy, moisture rich cream for the whole body. Enriched with sweet almond oil and vitamin E, it immediately comforts and instantly hydrates dry, sensitive skin. Formulated with a new blend of key ingredients: hydrating glycerin, panthenol (vitamin B5) to hydrate, soothe and preserve the skin barrier, and niacinamide (vitamin B3) to help smooth skin texture and retain skin moisture barrier. For long lasting hydration, this extra strength face & body moisturizer binds water to the skin to deeply replenish the skins moisture and prevent moisture loss, hydrating and soothing skins dryness for 48 hours and completely restoring the skins moisture barrier in one week. Ideal for very dry areas of skin on the hands, feet, elbows and knees, leaving your skin feeling soft, smooth and nourished. This fragrance free, paraben free, and sulfate free formula will not clog pores and is clinically tested for even the most gentle skin. Effectively defends against 5 signs of skin sensitivity.",shanice charles,Great product,Started seeing improvements in a week. The dry patches were gone skin felt way smoother. I'll continue to buy,10/18/2024,5,Yes,0,0.3182,0.119,0.0,0.881,0.005322657525539398,0.023565510287880898,0.0032870902214199305,0.3137015402317047,0.6266350150108337,0.012620479799807072,0.01486778911203146
29,"Cetaphil Body Moisturizer, Hydrating Moisturizing Cream for Dry to Very Dry, Sensitive Skin, NEW 20 oz, Fragrance Free, Non-Comedogenic, Non-Greasy","Care for your dry to very dry skin with CETAPHIL Moisturizing Cream, a non-greasy, moisture rich cream for the whole body. Enriched with sweet almond oil and vitamin E, it immediately comforts and instantly hydrates dry, sensitive skin. Formulated with a new blend of key ingredients: hydrating glycerin, panthenol (vitamin B5) to hydrate, soothe and preserve the skin barrier, and niacinamide (vitamin B3) to help smooth skin texture and retain skin moisture barrier. For long lasting hydration, this extra strength face & body moisturizer binds water to the skin to deeply replenish the skins moisture and prevent moisture loss, hydrating and soothing skins dryness for 48 hours and completely restoring the skins moisture barrier in one week. Ideal for very dry areas of skin on the hands, feet, elbows and knees, leaving your skin feeling soft, smooth and nourished. This fragrance free, paraben free, and sulfate free formula will not clog pores and is clinically tested for even the most gentle skin. Effectively defends against 5 signs of skin sensitivity.",Britania Allen,Great product for dry skin,Very great for my baby. It helps to keep her skin hydrated,10/21/2024,5,Yes,0,0.7902,0.412,0.0,0.588,0.0037889829836785793,0.03162045776844025,0.00416130805388093,0.7387633919715881,0.19789040088653564,0.017233343794941902,0.006542172282934189
30,"Cetaphil Body Moisturizer, Hydrating Moisturizing Cream for Dry to Very Dry, Sensitive Skin, NEW 20 oz, Fragrance Free, Non-Comedogenic, Non-Greasy","Care for your dry to very dry skin with CETAPHIL Moisturizing Cream, a non-greasy, moisture rich cream for the whole body. Enriched with sweet almond oil and vitamin E, it immediately comforts and instantly hydrates dry, sensitive skin. Formulated with a new blend of key ingredients: hydrating glycerin, panthenol (vitamin B5) to hydrate, soothe and preserve the skin barrier, and niacinamide (vitamin B3) to help smooth skin texture and retain skin moisture barrier. For long lasting hydration, this extra strength face & body moisturizer binds water to the skin to deeply replenish the skins moisture and prevent moisture loss, hydrating and soothing skins dryness for 48 hours and completely restoring the skins moisture barrier in one week. Ideal for very dry areas of skin on the hands, feet, elbows and knees, leaving your skin feeling soft, smooth and nourished. This fragrance free, paraben free, and sulfate free formula will not clog pores and is clinically tested for even the most gentle skin. Effectively defends against 5 signs of skin sensitivity.",dogsRtheBEST,BEST,"This moisturizer is absolutely the best!  My husband even uses it.  Great for dry legs, feet and arms.  A little thick for my face.  Will continue to purchase.",10/5/2024,5,Yes,0,0.8711,0.262,0.0,0.738,0.005328299943357706,0.009860294871032238,0.0035589684266597033,0.7720227837562561,0.13915027678012848,0.018227608874440193,0.051851820200681686
31,"Cetaphil Body Moisturizer, Hydrating Moisturizing Cream for Dry to Very Dry, Sensitive Skin, NEW 20 oz, Fragrance Free, Non-Comedogenic, Non-Greasy","Care for your dry to very dry skin with CETAPHIL Moisturizing Cream, a non-greasy, moisture rich cream for the whole body. Enriched with sweet almond oil and vitamin E, it immediately comforts and instantly hydrates dry, sensitive skin. Formulated with a new blend of key ingredients: hydrating glycerin, panthenol (vitamin B5) to hydrate, soothe and preserve the skin barrier, and niacinamide (vitamin B3) to help smooth skin texture and retain skin moisture barrier. For long lasting hydration, this extra strength face & body moisturizer binds water to the skin to deeply replenish the skins moisture and prevent moisture loss, hydrating and soothing skins dryness for 48 hours and completely restoring the skins moisture barrier in one week. Ideal for very dry areas of skin on the hands, feet, elbows and knees, leaving your skin feeling soft, smooth and nourished. This fragrance free, paraben free, and sulfate free formula will not clog pores and is clinically tested for even the most gentle skin. Effectively defends against 5 signs of skin sensitivity.",Alejandra,Excelente,Muy buenaa la crema,10/24/2024,5,Yes,0,0.0,0.0,0.0,1.0,0.008872739039361477,0.0141695411875844,0.014591378159821033,0.048467010259628296,0.7800129652023315,0.05136827751994133,0.08251818269491196
32,"Cetaphil Body Moisturizer, Hydrating Moisturizing Cream for Dry to Very Dry, Sensitive Skin, NEW 20 oz, Fragrance Free, Non-Comedogenic, Non-Greasy","Care for your dry to very dry skin with CETAPHIL Moisturizing Cream, a non-greasy, moisture rich cream for the whole body. Enriched with sweet almond oil and vitamin E, it immediately comforts and instantly hydrates dry, sensitive skin. Formulated with a new blend of key ingredients: hydrating glycerin, panthenol (vitamin B5) to hydrate, soothe and preserve the skin barrier, and niacinamide (vitamin B3) to help smooth skin texture and retain skin moisture barrier. For long lasting hydration, this extra strength face & body moisturizer binds water to the skin to deeply replenish the skins moisture and prevent moisture loss, hydrating and soothing skins dryness for 48 hours and completely restoring the skins moisture barrier in one week. Ideal for very dry areas of skin on the hands, feet, elbows and knees, leaving your skin feeling soft, smooth and nourished. This fragrance free, paraben free, and sulfate free formula will not clog pores and is clinically tested for even the most gentle skin. Effectively defends against 5 signs of skin sensitivity.",Shopper,Excellent lotion,This lotion is thick and goes on smooth. It does a great job at keeping my skin from drying out. I don・・t feel like it leaves a greasy feeling either. I keep a tube in my purse for hand moisturizer throughout the day as well. I have been using this lotion for about a year now and it is my favorite.,9/17/2024,5,Yes,0,0.9371,0.255,0.0,0.745,0.010329985059797764,0.47629502415657043,0.004868716467171907,0.05734076350927353,0.2611379027366638,0.18475505709648132,0.0052725826390087605
33,"Cetaphil Body Moisturizer, Hydrating Moisturizing Cream for Dry to Very Dry, Sensitive Skin, NEW 20 oz, Fragrance Free, Non-Comedogenic, Non-Greasy","Care for your dry to very dry skin with CETAPHIL Moisturizing Cream, a non-greasy, moisture rich cream for the whole body. Enriched with sweet almond oil and vitamin E, it immediately comforts and instantly hydrates dry, sensitive skin. Formulated with a new blend of key ingredients: hydrating glycerin, panthenol (vitamin B5) to hydrate, soothe and preserve the skin barrier, and niacinamide (vitamin B3) to help smooth skin texture and retain skin moisture barrier. For long lasting hydration, this extra strength face & body moisturizer binds water to the skin to deeply replenish the skins moisture and prevent moisture loss, hydrating and soothing skins dryness for 48 hours and completely restoring the skins moisture barrier in one week. Ideal for very dry areas of skin on the hands, feet, elbows and knees, leaving your skin feeling soft, smooth and nourished. This fragrance free, paraben free, and sulfate free formula will not clog pores and is clinically tested for even the most gentle skin. Effectively defends against 5 signs of skin sensitivity.",suki146,super moisturizer,highly recommended for that dry itchy skin.  keeps hydrating well.  good value,10/14/2024,5,Yes,0,0.7501,0.511,0.113,0.376,0.016795089468359947,0.005444630049169064,0.0012777367373928428,0.17638294398784637,0.17007963359355927,0.6142703294754028,0.015749618411064148
34,"Cetaphil Body Moisturizer, Hydrating Moisturizing Cream for Dry to Very Dry, Sensitive Skin, NEW 20 oz, Fragrance Free, Non-Comedogenic, Non-Greasy","Care for your dry to very dry skin with CETAPHIL Moisturizing Cream, a non-greasy, moisture rich cream for the whole body. Enriched with sweet almond oil and vitamin E, it immediately comforts and instantly hydrates dry, sensitive skin. Formulated with a new blend of key ingredients: hydrating glycerin, panthenol (vitamin B5) to hydrate, soothe and preserve the skin barrier, and niacinamide (vitamin B3) to help smooth skin texture and retain skin moisture barrier. For long lasting hydration, this extra strength face & body moisturizer binds water to the skin to deeply replenish the skins moisture and prevent moisture loss, hydrating and soothing skins dryness for 48 hours and completely restoring the skins moisture barrier in one week. Ideal for very dry areas of skin on the hands, feet, elbows and knees, leaving your skin feeling soft, smooth and nourished. This fragrance free, paraben free, and sulfate free formula will not clog pores and is clinically tested for even the most gentle skin. Effectively defends against 5 signs of skin sensitivity.",Josefina Riccio,Piel,Muy byena,10/26/2024,5,Yes,0,0.0,0.0,0.0,1.0,0.005658896639943123,0.006778195034712553,0.0027870468329638243,0.01431078277528286,0.9286760091781616,0.006158642936497927,0.03563042730093002
35,"Cetaphil Body Moisturizer, Hydrating Moisturizing Cream for Dry to Very Dry, Sensitive Skin, NEW 20 oz, Fragrance Free, Non-Comedogenic, Non-Greasy","Care for your dry to very dry skin with CETAPHIL Moisturizing Cream, a non-greasy, moisture rich cream for the whole body. Enriched with sweet almond oil and vitamin E, it immediately comforts and instantly hydrates dry, sensitive skin. Formulated with a new blend of key ingredients: hydrating glycerin, panthenol (vitamin B5) to hydrate, soothe and preserve the skin barrier, and niacinamide (vitamin B3) to help smooth skin texture and retain skin moisture barrier. For long lasting hydration, this extra strength face & body moisturizer binds water to the skin to deeply replenish the skins moisture and prevent moisture loss, hydrating and soothing skins dryness for 48 hours and completely restoring the skins moisture barrier in one week. Ideal for very dry areas of skin on the hands, feet, elbows and knees, leaving your skin feeling soft, smooth and nourished. This fragrance free, paraben free, and sulfate free formula will not clog pores and is clinically tested for even the most gentle skin. Effectively defends against 5 signs of skin sensitivity.",CORALI MARLOW LAZABARA,Excelente crema,Excelente crema y entrega sﾃｺper rﾃ｡pida,10/9/2024,5,Yes,0,0.0,0.0,0.0,1.0,0.06824379414319992,0.036970119923353195,0.09408368915319443,0.12274154275655746,0.5568333864212036,0.10619521886110306,0.01493227481842041
36,"Cetaphil Body Moisturizer, Hydrating Moisturizing Cream for Dry to Very Dry, Sensitive Skin, NEW 20 oz, Fragrance Free, Non-Comedogenic, Non-Greasy","Care for your dry to very dry skin with CETAPHIL Moisturizing Cream, a non-greasy, moisture rich cream for the whole body. Enriched with sweet almond oil and vitamin E, it immediately comforts and instantly hydrates dry, sensitive skin. Formulated with a new blend of key ingredients: hydrating glycerin, panthenol (vitamin B5) to hydrate, soothe and preserve the skin barrier, and niacinamide (vitamin B3) to help smooth skin texture and retain skin moisture barrier. For long lasting hydration, this extra strength face & body moisturizer binds water to the skin to deeply replenish the skins moisture and prevent moisture loss, hydrating and soothing skins dryness for 48 hours and completely restoring the skins moisture barrier in one week. Ideal for very dry areas of skin on the hands, feet, elbows and knees, leaving your skin feeling soft, smooth and nourished. This fragrance free, paraben free, and sulfate free formula will not clog pores and is clinically tested for even the most gentle skin. Effectively defends against 5 signs of skin sensitivity.",Camille,Love this lotion!,This lotion is amazing. I used this on my feet and hands and they are so soft. It has been amazing for my skin. The container is huge and it was a great price. It will last a long time.,9/18/2024,5,Yes,0,0.9325,0.298,0.0,0.702,0.006133840885013342,0.10669258236885071,0.009739960543811321,0.2097536325454712,0.4257587492465973,0.0105952899903059,0.2313259392976761
37,"Cetaphil Body Moisturizer, Hydrating Moisturizing Cream for Dry to Very Dry, Sensitive Skin, NEW 20 oz, Fragrance Free, Non-Comedogenic, Non-Greasy","Care for your dry to very dry skin with CETAPHIL Moisturizing Cream, a non-greasy, moisture rich cream for the whole body. Enriched with sweet almond oil and vitamin E, it immediately comforts and instantly hydrates dry, sensitive skin. Formulated with a new blend of key ingredients: hydrating glycerin, panthenol (vitamin B5) to hydrate, soothe and preserve the skin barrier, and niacinamide (vitamin B3) to help smooth skin texture and retain skin moisture barrier. For long lasting hydration, this extra strength face & body moisturizer binds water to the skin to deeply replenish the skins moisture and prevent moisture loss, hydrating and soothing skins dryness for 48 hours and completely restoring the skins moisture barrier in one week. Ideal for very dry areas of skin on the hands, feet, elbows and knees, leaving your skin feeling soft, smooth and nourished. This fragrance free, paraben free, and sulfate free formula will not clog pores and is clinically tested for even the most gentle skin. Effectively defends against 5 signs of skin sensitivity.",Lydia I. DePersia,This is the best moisurizer I've ever used.,I started using this product 4 years ago when I visited Southern Utah for a few months. Coming from the East Coast I was having a hard time with the very low humidity and dry conditions. I purchased this and it was a game changer. Light enough to use in the humidity and very hydrating for use in dry climates. It goes on easy and the hydrating effects lasts all day. I'm currently in California and again depending on this to keep my skin hydrated.,9/3/2024,5,Yes,0,0.0276,0.036,0.047,0.917,0.00936263706535101,0.02216106280684471,0.001913702581077814,0.07607321441173553,0.8637782335281372,0.014055694453418255,0.012655451893806458
38,"Cetaphil Body Moisturizer, Hydrating Moisturizing Cream for Dry to Very Dry, Sensitive Skin, NEW 20 oz, Fragrance Free, Non-Comedogenic, Non-Greasy","Care for your dry to very dry skin with CETAPHIL Moisturizing Cream, a non-greasy, moisture rich cream for the whole body. Enriched with sweet almond oil and vitamin E, it immediately comforts and instantly hydrates dry, sensitive skin. Formulated with a new blend of key ingredients: hydrating glycerin, panthenol (vitamin B5) to hydrate, soothe and preserve the skin barrier, and niacinamide (vitamin B3) to help smooth skin texture and retain skin moisture barrier. For long lasting hydration, this extra strength face & body moisturizer binds water to the skin to deeply replenish the skins moisture and prevent moisture loss, hydrating and soothing skins dryness for 48 hours and completely restoring the skins moisture barrier in one week. Ideal for very dry areas of skin on the hands, feet, elbows and knees, leaving your skin feeling soft, smooth and nourished. This fragrance free, paraben free, and sulfate free formula will not clog pores and is clinically tested for even the most gentle skin. Effectively defends against 5 signs of skin sensitivity.",Grandma,Absorbs quickly,Skin care repair after summer sun,10/15/2024,5,Yes,0,0.4939,0.39,0.0,0.61,0.03991777077317238,0.1482716053724289,0.037363819777965546,0.008955847471952438,0.3812382221221924,0.34553202986717224,0.03872072696685791
39,"Cetaphil Body Moisturizer, Hydrating Moisturizing Cream for Dry to Very Dry, Sensitive Skin, NEW 20 oz, Fragrance Free, Non-Comedogenic, Non-Greasy","Care for your dry to very dry skin with CETAPHIL Moisturizing Cream, a non-greasy, moisture rich cream for the whole body. Enriched with sweet almond oil and vitamin E, it immediately comforts and instantly hydrates dry, sensitive skin. Formulated with a new blend of key ingredients: hydrating glycerin, panthenol (vitamin B5) to hydrate, soothe and preserve the skin barrier, and niacinamide (vitamin B3) to help smooth skin texture and retain skin moisture barrier. For long lasting hydration, this extra strength face & body moisturizer binds water to the skin to deeply replenish the skins moisture and prevent moisture loss, hydrating and soothing skins dryness for 48 hours and completely restoring the skins moisture barrier in one week. Ideal for very dry areas of skin on the hands, feet, elbows and knees, leaving your skin feeling soft, smooth and nourished. This fragrance free, paraben free, and sulfate free formula will not clog pores and is clinically tested for even the most gentle skin. Effectively defends against 5 signs of skin sensitivity.",GAJ1129,Excellent,I really liked this moisturizer and it・・s a really good buy for the amount.  It lasts me a long time and moisturizes the skin very well.,9/24/2024,5,Yes,0,0.8262,0.303,0.0,0.697,0.004130166489630938,0.005964166950434446,0.0019491540733724833,0.9247835278511047,0.052419766783714294,0.0063014705665409565,0.004451737739145756
40,"Cetaphil Body Moisturizer, Hydrating Moisturizing Cream for Dry to Very Dry, Sensitive Skin, NEW 20 oz, Fragrance Free, Non-Comedogenic, Non-Greasy","Care for your dry to very dry skin with CETAPHIL Moisturizing Cream, a non-greasy, moisture rich cream for the whole body. Enriched with sweet almond oil and vitamin E, it immediately comforts and instantly hydrates dry, sensitive skin. Formulated with a new blend of key ingredients: hydrating glycerin, panthenol (vitamin B5) to hydrate, soothe and preserve the skin barrier, and niacinamide (vitamin B3) to help smooth skin texture and retain skin moisture barrier. For long lasting hydration, this extra strength face & body moisturizer binds water to the skin to deeply replenish the skins moisture and prevent moisture loss, hydrating and soothing skins dryness for 48 hours and completely restoring the skins moisture barrier in one week. Ideal for very dry areas of skin on the hands, feet, elbows and knees, leaving your skin feeling soft, smooth and nourished. This fragrance free, paraben free, and sulfate free formula will not clog pores and is clinically tested for even the most gentle skin. Effectively defends against 5 signs of skin sensitivity.","Patricia A White, PhD",Cetaphil Moisturizing Cream is Great,I put the cream on my arms especially on my elbows. And I spread the cream on my chest. It leaves my skin soft & moisturized.,9/25/2024,5,Yes,0,0.0,0.0,0.0,1.0,0.018945595249533653,0.3778664469718933,0.00880629662424326,0.012758462689816952,0.4172348380088806,0.14956364035606384,0.014824697747826576
41,"Cetaphil Body Moisturizer, Hydrating Moisturizing Cream for Dry to Very Dry, Sensitive Skin, NEW 20 oz, Fragrance Free, Non-Comedogenic, Non-Greasy","Care for your dry to very dry skin with CETAPHIL Moisturizing Cream, a non-greasy, moisture rich cream for the whole body. Enriched with sweet almond oil and vitamin E, it immediately comforts and instantly hydrates dry, sensitive skin. Formulated with a new blend of key ingredients: hydrating glycerin, panthenol (vitamin B5) to hydrate, soothe and preserve the skin barrier, and niacinamide (vitamin B3) to help smooth skin texture and retain skin moisture barrier. For long lasting hydration, this extra strength face & body moisturizer binds water to the skin to deeply replenish the skins moisture and prevent moisture loss, hydrating and soothing skins dryness for 48 hours and completely restoring the skins moisture barrier in one week. Ideal for very dry areas of skin on the hands, feet, elbows and knees, leaving your skin feeling soft, smooth and nourished. This fragrance free, paraben free, and sulfate free formula will not clog pores and is clinically tested for even the most gentle skin. Effectively defends against 5 signs of skin sensitivity.",Dorothy,Love this cream,I have extremely dry skin and have been using this moisturizer for years.  It is lightweight and works on my sensitive skin.  I have tried others but always go back to this one.,9/26/2024,5,Yes,0,0.0,0.0,0.0,1.0,0.007364990189671516,0.03468763828277588,0.006548646371811628,0.07677268981933594,0.8226080536842346,0.045006174594163895,0.007011882960796356
42,"Cetaphil Body Moisturizer, Hydrating Moisturizing Cream for Dry to Very Dry, Sensitive Skin, NEW 20 oz, Fragrance Free, Non-Comedogenic, Non-Greasy","Care for your dry to very dry skin with CETAPHIL Moisturizing Cream, a non-greasy, moisture rich cream for the whole body. Enriched with sweet almond oil and vitamin E, it immediately comforts and instantly hydrates dry, sensitive skin. Formulated with a new blend of key ingredients: hydrating glycerin, panthenol (vitamin B5) to hydrate, soothe and preserve the skin barrier, and niacinamide (vitamin B3) to help smooth skin texture and retain skin moisture barrier. For long lasting hydration, this extra strength face & body moisturizer binds water to the skin to deeply replenish the skins moisture and prevent moisture loss, hydrating and soothing skins dryness for 48 hours and completely restoring the skins moisture barrier in one week. Ideal for very dry areas of skin on the hands, feet, elbows and knees, leaving your skin feeling soft, smooth and nourished. This fragrance free, paraben free, and sulfate free formula will not clog pores and is clinically tested for even the most gentle skin. Effectively defends against 5 signs of skin sensitivity.",Tone,Cetaphyl Lotions,Works well. Keep skin moisturised. Will orde4 again,10/14/2024,5,Yes,0,0.2732,0.231,0.0,0.769,0.013301716186106205,0.030566319823265076,0.00320211099460721,0.011820979416370392,0.889549195766449,0.04582337290048599,0.0057362960651516914
43,"Cetaphil Body Moisturizer, Hydrating Moisturizing Cream for Dry to Very Dry, Sensitive Skin, NEW 20 oz, Fragrance Free, Non-Comedogenic, Non-Greasy","Care for your dry to very dry skin with CETAPHIL Moisturizing Cream, a non-greasy, moisture rich cream for the whole body. Enriched with sweet almond oil and vitamin E, it immediately comforts and instantly hydrates dry, sensitive skin. Formulated with a new blend of key ingredients: hydrating glycerin, panthenol (vitamin B5) to hydrate, soothe and preserve the skin barrier, and niacinamide (vitamin B3) to help smooth skin texture and retain skin moisture barrier. For long lasting hydration, this extra strength face & body moisturizer binds water to the skin to deeply replenish the skins moisture and prevent moisture loss, hydrating and soothing skins dryness for 48 hours and completely restoring the skins moisture barrier in one week. Ideal for very dry areas of skin on the hands, feet, elbows and knees, leaving your skin feeling soft, smooth and nourished. This fragrance free, paraben free, and sulfate free formula will not clog pores and is clinically tested for even the most gentle skin. Effectively defends against 5 signs of skin sensitivity.",renee,Great for sensitive skin!,I have extremely sensitive skin and this has never bothered my skin. It goes on smooth and silky but doesn・・t feel heavy. It has no smell which is great because fragrance sometimes bothers my skin. The jar is huge so it will last you a long time and isn・・t expensive. I usually put it on a few minute before I do my makeup and it・・s just enough time to absorb into my skin. I also get dry spots on my face and it has really cleared them up. My makeup seems to go on so much better since I・・ve been using this.,8/29/2024,5,Yes,3,0.9079,0.148,0.045,0.806,0.017941167578101158,0.41021427512168884,0.016428126022219658,0.01449853740632534,0.2781379222869873,0.2564772963523865,0.006302666384726763
44,"Cetaphil Body Moisturizer, Hydrating Moisturizing Cream for Dry to Very Dry, Sensitive Skin, NEW 20 oz, Fragrance Free, Non-Comedogenic, Non-Greasy","Care for your dry to very dry skin with CETAPHIL Moisturizing Cream, a non-greasy, moisture rich cream for the whole body. Enriched with sweet almond oil and vitamin E, it immediately comforts and instantly hydrates dry, sensitive skin. Formulated with a new blend of key ingredients: hydrating glycerin, panthenol (vitamin B5) to hydrate, soothe and preserve the skin barrier, and niacinamide (vitamin B3) to help smooth skin texture and retain skin moisture barrier. For long lasting hydration, this extra strength face & body moisturizer binds water to the skin to deeply replenish the skins moisture and prevent moisture loss, hydrating and soothing skins dryness for 48 hours and completely restoring the skins moisture barrier in one week. Ideal for very dry areas of skin on the hands, feet, elbows and knees, leaving your skin feeling soft, smooth and nourished. This fragrance free, paraben free, and sulfate free formula will not clog pores and is clinically tested for even the most gentle skin. Effectively defends against 5 signs of skin sensitivity.",Iris A. Finkelstein,BODY MOISTURIZER,Haven't used it long enough to make a real comment but so far it seems to be good.,10/14/2024,4,Yes,0,0.5927,0.194,0.0,0.806,0.0038932496681809425,0.008164594881236553,0.0009249055874533951,0.1537225991487503,0.8070141077041626,0.011561253108084202,0.014719267375767231
45,"Cetaphil Body Moisturizer, Hydrating Moisturizing Cream for Dry to Very Dry, Sensitive Skin, NEW 20 oz, Fragrance Free, Non-Comedogenic, Non-Greasy","Care for your dry to very dry skin with CETAPHIL Moisturizing Cream, a non-greasy, moisture rich cream for the whole body. Enriched with sweet almond oil and vitamin E, it immediately comforts and instantly hydrates dry, sensitive skin. Formulated with a new blend of key ingredients: hydrating glycerin, panthenol (vitamin B5) to hydrate, soothe and preserve the skin barrier, and niacinamide (vitamin B3) to help smooth skin texture and retain skin moisture barrier. For long lasting hydration, this extra strength face & body moisturizer binds water to the skin to deeply replenish the skins moisture and prevent moisture loss, hydrating and soothing skins dryness for 48 hours and completely restoring the skins moisture barrier in one week. Ideal for very dry areas of skin on the hands, feet, elbows and knees, leaving your skin feeling soft, smooth and nourished. This fragrance free, paraben free, and sulfate free formula will not clog pores and is clinically tested for even the most gentle skin. Effectively defends against 5 signs of skin sensitivity.",Andrﾃｩs Felipe Gutierrez Rodriguez,Cumple con lo que promete,Excelente producto y su precio fue lo mejor. Continuarﾃｩ pidiendolo continuamente.,10/15/2024,5,Yes,0,0.0,0.0,0.0,1.0,0.043019093573093414,0.06584811955690384,0.062152910977602005,0.04783004894852638,0.7386299967765808,0.03313547745347023,0.00938433688133955
46,"Cetaphil Body Moisturizer, Hydrating Moisturizing Cream for Dry to Very Dry, Sensitive Skin, NEW 20 oz, Fragrance Free, Non-Comedogenic, Non-Greasy","Care for your dry to very dry skin with CETAPHIL Moisturizing Cream, a non-greasy, moisture rich cream for the whole body. Enriched with sweet almond oil and vitamin E, it immediately comforts and instantly hydrates dry, sensitive skin. Formulated with a new blend of key ingredients: hydrating glycerin, panthenol (vitamin B5) to hydrate, soothe and preserve the skin barrier, and niacinamide (vitamin B3) to help smooth skin texture and retain skin moisture barrier. For long lasting hydration, this extra strength face & body moisturizer binds water to the skin to deeply replenish the skins moisture and prevent moisture loss, hydrating and soothing skins dryness for 48 hours and completely restoring the skins moisture barrier in one week. Ideal for very dry areas of skin on the hands, feet, elbows and knees, leaving your skin feeling soft, smooth and nourished. This fragrance free, paraben free, and sulfate free formula will not clog pores and is clinically tested for even the most gentle skin. Effectively defends against 5 signs of skin sensitivity.",Juliana,Very good product,Very good product,10/10/2024,5,Yes,0,0.4927,0.615,0.0,0.385,0.0037946070078760386,0.0060297707095742226,0.001575388596393168,0.5538497567176819,0.3879847824573517,0.007541760802268982,0.03922390565276146
47,"Cetaphil Body Moisturizer, Hydrating Moisturizing Cream for Dry to Very Dry, Sensitive Skin, NEW 20 oz, Fragrance Free, Non-Comedogenic, Non-Greasy","Care for your dry to very dry skin with CETAPHIL Moisturizing Cream, a non-greasy, moisture rich cream for the whole body. Enriched with sweet almond oil and vitamin E, it immediately comforts and instantly hydrates dry, sensitive skin. Formulated with a new blend of key ingredients: hydrating glycerin, panthenol (vitamin B5) to hydrate, soothe and preserve the skin barrier, and niacinamide (vitamin B3) to help smooth skin texture and retain skin moisture barrier. For long lasting hydration, this extra strength face & body moisturizer binds water to the skin to deeply replenish the skins moisture and prevent moisture loss, hydrating and soothing skins dryness for 48 hours and completely restoring the skins moisture barrier in one week. Ideal for very dry areas of skin on the hands, feet, elbows and knees, leaving your skin feeling soft, smooth and nourished. This fragrance free, paraben free, and sulfate free formula will not clog pores and is clinically tested for even the most gentle skin. Effectively defends against 5 signs of skin sensitivity.",Michele McDonald,Light,I use in the daytime and it keeps my dry skin moist,10/13/2024,5,Yes,0,0.0,0.0,0.0,1.0,0.01969870738685131,0.20464327931404114,0.003743982408195734,0.12334547191858292,0.5785669684410095,0.06383956968784332,0.006162014789879322
48,"Cetaphil Body Moisturizer, Hydrating Moisturizing Cream for Dry to Very Dry, Sensitive Skin, NEW 20 oz, Fragrance Free, Non-Comedogenic, Non-Greasy","Care for your dry to very dry skin with CETAPHIL Moisturizing Cream, a non-greasy, moisture rich cream for the whole body. Enriched with sweet almond oil and vitamin E, it immediately comforts and instantly hydrates dry, sensitive skin. Formulated with a new blend of key ingredients: hydrating glycerin, panthenol (vitamin B5) to hydrate, soothe and preserve the skin barrier, and niacinamide (vitamin B3) to help smooth skin texture and retain skin moisture barrier. For long lasting hydration, this extra strength face & body moisturizer binds water to the skin to deeply replenish the skins moisture and prevent moisture loss, hydrating and soothing skins dryness for 48 hours and completely restoring the skins moisture barrier in one week. Ideal for very dry areas of skin on the hands, feet, elbows and knees, leaving your skin feeling soft, smooth and nourished. This fragrance free, paraben free, and sulfate free formula will not clog pores and is clinically tested for even the most gentle skin. Effectively defends against 5 signs of skin sensitivity.",Richard D,It works,The cream way great it helps my thin skin .I,10/14/2024,5,Yes,0,0.7717,0.456,0.0,0.544,0.01459172647446394,0.06963422894477844,0.030625544488430023,0.11721842736005783,0.21963809430599213,0.5222529172897339,0.02603904902935028
49,"Cetaphil Body Moisturizer, Hydrating Moisturizing Cream for Dry to Very Dry, Sensitive Skin, NEW 20 oz, Fragrance Free, Non-Comedogenic, Non-Greasy","Care for your dry to very dry skin with CETAPHIL Moisturizing Cream, a non-greasy, moisture rich cream for the whole body. Enriched with sweet almond oil and vitamin E, it immediately comforts and instantly hydrates dry, sensitive skin. Formulated with a new blend of key ingredients: hydrating glycerin, panthenol (vitamin B5) to hydrate, soothe and preserve the skin barrier, and niacinamide (vitamin B3) to help smooth skin texture and retain skin moisture barrier. For long lasting hydration, this extra strength face & body moisturizer binds water to the skin to deeply replenish the skins moisture and prevent moisture loss, hydrating and soothing skins dryness for 48 hours and completely restoring the skins moisture barrier in one week. Ideal for very dry areas of skin on the hands, feet, elbows and knees, leaving your skin feeling soft, smooth and nourished. This fragrance free, paraben free, and sulfate free formula will not clog pores and is clinically tested for even the most gentle skin. Effectively defends against 5 signs of skin sensitivity.",Julieche,Hidratante muy buena,Me encanta esta marca pero mejor la presentaciﾃｳn con dispensador,9/29/2024,4,Yes,0,0.0,0.0,0.0,1.0,0.05102027580142021,0.025165310129523277,0.10373735427856445,0.03879769518971443,0.723508894443512,0.03386407718062401,0.02390633150935173
50,"Cetaphil Body Moisturizer, Hydrating Moisturizing Cream for Dry to Very Dry, Sensitive Skin, NEW 20 oz, Fragrance Free, Non-Comedogenic, Non-Greasy","Care for your dry to very dry skin with CETAPHIL Moisturizing Cream, a non-greasy, moisture rich cream for the whole body. Enriched with sweet almond oil and vitamin E, it immediately comforts and instantly hydrates dry, sensitive skin. Formulated with a new blend of key ingredients: hydrating glycerin, panthenol (vitamin B5) to hydrate, soothe and preserve the skin barrier, and niacinamide (vitamin B3) to help smooth skin texture and retain skin moisture barrier. For long lasting hydration, this extra strength face & body moisturizer binds water to the skin to deeply replenish the skins moisture and prevent moisture loss, hydrating and soothing skins dryness for 48 hours and completely restoring the skins moisture barrier in one week. Ideal for very dry areas of skin on the hands, feet, elbows and knees, leaving your skin feeling soft, smooth and nourished. This fragrance free, paraben free, and sulfate free formula will not clog pores and is clinically tested for even the most gentle skin. Effectively defends against 5 signs of skin sensitivity.",Joy VA,Years of use,This cream was recommended by my dermatologist several years ago.  I have used it daily and my skin is so soft and not dry and itchy.,9/30/2024,5,Yes,0,0.3847,0.136,0.0,0.864,0.028271324932575226,0.28316187858581543,0.015449481084942818,0.0088713513687253,0.21924512088298798,0.435678631067276,0.009322180412709713
51,"Cetaphil Body Moisturizer, Hydrating Moisturizing Cream for Dry to Very Dry, Sensitive Skin, NEW 20 oz, Fragrance Free, Non-Comedogenic, Non-Greasy","Care for your dry to very dry skin with CETAPHIL Moisturizing Cream, a non-greasy, moisture rich cream for the whole body. Enriched with sweet almond oil and vitamin E, it immediately comforts and instantly hydrates dry, sensitive skin. Formulated with a new blend of key ingredients: hydrating glycerin, panthenol (vitamin B5) to hydrate, soothe and preserve the skin barrier, and niacinamide (vitamin B3) to help smooth skin texture and retain skin moisture barrier. For long lasting hydration, this extra strength face & body moisturizer binds water to the skin to deeply replenish the skins moisture and prevent moisture loss, hydrating and soothing skins dryness for 48 hours and completely restoring the skins moisture barrier in one week. Ideal for very dry areas of skin on the hands, feet, elbows and knees, leaving your skin feeling soft, smooth and nourished. This fragrance free, paraben free, and sulfate free formula will not clog pores and is clinically tested for even the most gentle skin. Effectively defends against 5 signs of skin sensitivity.",barbara j.,Moisturizer. Very happy with it.,Easy to put on my body not too thick.  I do use the thicker body cream when needed but this is great when I get out of shower.,10/5/2024,4,Yes,0,0.8225,0.241,0.0,0.759,0.00444477703422308,0.038423314690589905,0.007262393366545439,0.16587023437023163,0.7199618816375732,0.04653959348797798,0.01749778352677822
52,"Cetaphil Body Moisturizer, Hydrating Moisturizing Cream for Dry to Very Dry, Sensitive Skin, NEW 20 oz, Fragrance Free, Non-Comedogenic, Non-Greasy","Care for your dry to very dry skin with CETAPHIL Moisturizing Cream, a non-greasy, moisture rich cream for the whole body. Enriched with sweet almond oil and vitamin E, it immediately comforts and instantly hydrates dry, sensitive skin. Formulated with a new blend of key ingredients: hydrating glycerin, panthenol (vitamin B5) to hydrate, soothe and preserve the skin barrier, and niacinamide (vitamin B3) to help smooth skin texture and retain skin moisture barrier. For long lasting hydration, this extra strength face & body moisturizer binds water to the skin to deeply replenish the skins moisture and prevent moisture loss, hydrating and soothing skins dryness for 48 hours and completely restoring the skins moisture barrier in one week. Ideal for very dry areas of skin on the hands, feet, elbows and knees, leaving your skin feeling soft, smooth and nourished. This fragrance free, paraben free, and sulfate free formula will not clog pores and is clinically tested for even the most gentle skin. Effectively defends against 5 signs of skin sensitivity.",R N,SO moisturizing and lasts a long time,I have super dry skin and feel like I'm always fighting to keep it moisturized. This is seriously the only thing that works. I use it for my face and body and it's fantastic. I would definitely recommend trying this out if you have dry skin.,9/12/2024,5,Yes,0,0.9001,0.274,0.076,0.65,0.005571166053414345,0.015785127878189087,0.0012135509168729186,0.7104479670524597,0.2470652461051941,0.009205447509884834,0.010711495764553547
53,"Cetaphil Body Moisturizer, Hydrating Moisturizing Cream for Dry to Very Dry, Sensitive Skin, NEW 20 oz, Fragrance Free, Non-Comedogenic, Non-Greasy","Care for your dry to very dry skin with CETAPHIL Moisturizing Cream, a non-greasy, moisture rich cream for the whole body. Enriched with sweet almond oil and vitamin E, it immediately comforts and instantly hydrates dry, sensitive skin. Formulated with a new blend of key ingredients: hydrating glycerin, panthenol (vitamin B5) to hydrate, soothe and preserve the skin barrier, and niacinamide (vitamin B3) to help smooth skin texture and retain skin moisture barrier. For long lasting hydration, this extra strength face & body moisturizer binds water to the skin to deeply replenish the skins moisture and prevent moisture loss, hydrating and soothing skins dryness for 48 hours and completely restoring the skins moisture barrier in one week. Ideal for very dry areas of skin on the hands, feet, elbows and knees, leaving your skin feeling soft, smooth and nourished. This fragrance free, paraben free, and sulfate free formula will not clog pores and is clinically tested for even the most gentle skin. Effectively defends against 5 signs of skin sensitivity.",L. Green,"Pleased, but not Surprised","Very hydrating and effective not to mention, pocket friendly. Not disappointed, and I will be ordering again for certain!",10/5/2024,5,Yes,0,0.8888,0.451,0.0,0.549,0.012970197945833206,0.013646673411130905,0.001190352370031178,0.33494728803634644,0.4524874985218048,0.08667965978384018,0.09807827323675156
54,"Cetaphil Body Moisturizer, Hydrating Moisturizing Cream for Dry to Very Dry, Sensitive Skin, NEW 20 oz, Fragrance Free, Non-Comedogenic, Non-Greasy","Care for your dry to very dry skin with CETAPHIL Moisturizing Cream, a non-greasy, moisture rich cream for the whole body. Enriched with sweet almond oil and vitamin E, it immediately comforts and instantly hydrates dry, sensitive skin. Formulated with a new blend of key ingredients: hydrating glycerin, panthenol (vitamin B5) to hydrate, soothe and preserve the skin barrier, and niacinamide (vitamin B3) to help smooth skin texture and retain skin moisture barrier. For long lasting hydration, this extra strength face & body moisturizer binds water to the skin to deeply replenish the skins moisture and prevent moisture loss, hydrating and soothing skins dryness for 48 hours and completely restoring the skins moisture barrier in one week. Ideal for very dry areas of skin on the hands, feet, elbows and knees, leaving your skin feeling soft, smooth and nourished. This fragrance free, paraben free, and sulfate free formula will not clog pores and is clinically tested for even the most gentle skin. Effectively defends against 5 signs of skin sensitivity.",Suz,Lotion is just right,You can get every bit of this lotion out.  No left over in the tube.  Smooth and creamy.  Not too heavy.  Relieves dry skin right away.  Good quality and saves money to use all that・・s in the container,9/21/2024,5,Yes,0,-0.1053,0.069,0.102,0.829,0.0036087611224502325,0.006697517354041338,0.002088056644424796,0.6490271687507629,0.2990938723087311,0.019014840945601463,0.020469801500439644
55,"Cetaphil Body Moisturizer, Hydrating Moisturizing Cream for Dry to Very Dry, Sensitive Skin, NEW 20 oz, Fragrance Free, Non-Comedogenic, Non-Greasy","Care for your dry to very dry skin with CETAPHIL Moisturizing Cream, a non-greasy, moisture rich cream for the whole body. Enriched with sweet almond oil and vitamin E, it immediately comforts and instantly hydrates dry, sensitive skin. Formulated with a new blend of key ingredients: hydrating glycerin, panthenol (vitamin B5) to hydrate, soothe and preserve the skin barrier, and niacinamide (vitamin B3) to help smooth skin texture and retain skin moisture barrier. For long lasting hydration, this extra strength face & body moisturizer binds water to the skin to deeply replenish the skins moisture and prevent moisture loss, hydrating and soothing skins dryness for 48 hours and completely restoring the skins moisture barrier in one week. Ideal for very dry areas of skin on the hands, feet, elbows and knees, leaving your skin feeling soft, smooth and nourished. This fragrance free, paraben free, and sulfate free formula will not clog pores and is clinically tested for even the most gentle skin. Effectively defends against 5 signs of skin sensitivity.",Maria Victoria,Magnifica,Una crema excelente para la resequedad del cuerpo.,10/12/2024,5,Yes,0,0.0,0.0,0.0,1.0,0.0683690682053566,0.15302719175815582,0.0482606515288353,0.01564685069024563,0.642339825630188,0.0606093630194664,0.011747038923203945
56,"Cetaphil Body Moisturizer, Hydrating Moisturizing Cream for Dry to Very Dry, Sensitive Skin, NEW 20 oz, Fragrance Free, Non-Comedogenic, Non-Greasy","Care for your dry to very dry skin with CETAPHIL Moisturizing Cream, a non-greasy, moisture rich cream for the whole body. Enriched with sweet almond oil and vitamin E, it immediately comforts and instantly hydrates dry, sensitive skin. Formulated with a new blend of key ingredients: hydrating glycerin, panthenol (vitamin B5) to hydrate, soothe and preserve the skin barrier, and niacinamide (vitamin B3) to help smooth skin texture and retain skin moisture barrier. For long lasting hydration, this extra strength face & body moisturizer binds water to the skin to deeply replenish the skins moisture and prevent moisture loss, hydrating and soothing skins dryness for 48 hours and completely restoring the skins moisture barrier in one week. Ideal for very dry areas of skin on the hands, feet, elbows and knees, leaving your skin feeling soft, smooth and nourished. This fragrance free, paraben free, and sulfate free formula will not clog pores and is clinically tested for even the most gentle skin. Effectively defends against 5 signs of skin sensitivity.",Mary,Buena,Buena crema para la piel seca muy seca,10/3/2024,5,Yes,0,0.0,0.0,0.0,1.0,0.041720204055309296,0.09631189703941345,0.013990772888064384,0.45233461260795593,0.35335397720336914,0.027641987428069115,0.014646566472947598
57,"Cetaphil Body Moisturizer, Hydrating Moisturizing Cream for Dry to Very Dry, Sensitive Skin, NEW 20 oz, Fragrance Free, Non-Comedogenic, Non-Greasy","Care for your dry to very dry skin with CETAPHIL Moisturizing Cream, a non-greasy, moisture rich cream for the whole body. Enriched with sweet almond oil and vitamin E, it immediately comforts and instantly hydrates dry, sensitive skin. Formulated with a new blend of key ingredients: hydrating glycerin, panthenol (vitamin B5) to hydrate, soothe and preserve the skin barrier, and niacinamide (vitamin B3) to help smooth skin texture and retain skin moisture barrier. For long lasting hydration, this extra strength face & body moisturizer binds water to the skin to deeply replenish the skins moisture and prevent moisture loss, hydrating and soothing skins dryness for 48 hours and completely restoring the skins moisture barrier in one week. Ideal for very dry areas of skin on the hands, feet, elbows and knees, leaving your skin feeling soft, smooth and nourished. This fragrance free, paraben free, and sulfate free formula will not clog pores and is clinically tested for even the most gentle skin. Effectively defends against 5 signs of skin sensitivity.",Amazon Customer,The best!,So creamy and smooth. Not heavy or greasy,10/2/2024,5,Yes,0,0.0,0.0,0.0,1.0,0.005104202311486006,0.02899869903922081,0.0019419240998104215,0.050253238528966904,0.895336389541626,0.012542124837636948,0.00582339521497488
58,"Cetaphil Body Moisturizer, Hydrating Moisturizing Cream for Dry to Very Dry, Sensitive Skin, NEW 20 oz, Fragrance Free, Non-Comedogenic, Non-Greasy","Care for your dry to very dry skin with CETAPHIL Moisturizing Cream, a non-greasy, moisture rich cream for the whole body. Enriched with sweet almond oil and vitamin E, it immediately comforts and instantly hydrates dry, sensitive skin. Formulated with a new blend of key ingredients: hydrating glycerin, panthenol (vitamin B5) to hydrate, soothe and preserve the skin barrier, and niacinamide (vitamin B3) to help smooth skin texture and retain skin moisture barrier. For long lasting hydration, this extra strength face & body moisturizer binds water to the skin to deeply replenish the skins moisture and prevent moisture loss, hydrating and soothing skins dryness for 48 hours and completely restoring the skins moisture barrier in one week. Ideal for very dry areas of skin on the hands, feet, elbows and knees, leaving your skin feeling soft, smooth and nourished. This fragrance free, paraben free, and sulfate free formula will not clog pores and is clinically tested for even the most gentle skin. Effectively defends against 5 signs of skin sensitivity.",Barbara S.,Best cream for problem dry skin,"I've tried them all! This was recommended to me by my dermatologist for my extra dry sensitive skin, it cures the problem. Unscented, hypoallergenic and nice and thick. Absorbs very well and quickly.",9/14/2024,5,Yes,0,0.5551,0.187,0.069,0.744,0.034066978842020035,0.12773261964321136,0.0036996803246438503,0.02791782282292843,0.7673288583755493,0.02055717445909977,0.018696874380111694
59,"Cetaphil Body Moisturizer, Hydrating Moisturizing Cream for Dry to Very Dry, Sensitive Skin, NEW 20 oz, Fragrance Free, Non-Comedogenic, Non-Greasy","Care for your dry to very dry skin with CETAPHIL Moisturizing Cream, a non-greasy, moisture rich cream for the whole body. Enriched with sweet almond oil and vitamin E, it immediately comforts and instantly hydrates dry, sensitive skin. Formulated with a new blend of key ingredients: hydrating glycerin, panthenol (vitamin B5) to hydrate, soothe and preserve the skin barrier, and niacinamide (vitamin B3) to help smooth skin texture and retain skin moisture barrier. For long lasting hydration, this extra strength face & body moisturizer binds water to the skin to deeply replenish the skins moisture and prevent moisture loss, hydrating and soothing skins dryness for 48 hours and completely restoring the skins moisture barrier in one week. Ideal for very dry areas of skin on the hands, feet, elbows and knees, leaving your skin feeling soft, smooth and nourished. This fragrance free, paraben free, and sulfate free formula will not clog pores and is clinically tested for even the most gentle skin. Effectively defends against 5 signs of skin sensitivity.",ladybug,Rich & non greasy absorbs into your skin.,This cream was the best solution to my dry and cracked heals.,10/1/2024,5,Yes,0,0.7579,0.394,0.0,0.606,0.011866215616464615,0.16428840160369873,0.003969807177782059,0.13704358041286469,0.6394598484039307,0.03513623774051666,0.008235946297645569
60,"Cetaphil Body Moisturizer, Hydrating Moisturizing Cream for Dry to Very Dry, Sensitive Skin, NEW 20 oz, Fragrance Free, Non-Comedogenic, Non-Greasy","Care for your dry to very dry skin with CETAPHIL Moisturizing Cream, a non-greasy, moisture rich cream for the whole body. Enriched with sweet almond oil and vitamin E, it immediately comforts and instantly hydrates dry, sensitive skin. Formulated with a new blend of key ingredients: hydrating glycerin, panthenol (vitamin B5) to hydrate, soothe and preserve the skin barrier, and niacinamide (vitamin B3) to help smooth skin texture and retain skin moisture barrier. For long lasting hydration, this extra strength face & body moisturizer binds water to the skin to deeply replenish the skins moisture and prevent moisture loss, hydrating and soothing skins dryness for 48 hours and completely restoring the skins moisture barrier in one week. Ideal for very dry areas of skin on the hands, feet, elbows and knees, leaving your skin feeling soft, smooth and nourished. This fragrance free, paraben free, and sulfate free formula will not clog pores and is clinically tested for even the most gentle skin. Effectively defends against 5 signs of skin sensitivity.",Jane,Best price and best moisturizer for super dry skin,Got this for my boyfriend who has super sensitive and dry skin. This is the most effective moisturizer that in this price range. A little over $10 and use for 5 months. Great value for money.,9/13/2024,5,Yes,0,0.9299,0.315,0.0,0.685,0.00597683759406209,0.010043306276202202,0.0011202237801626325,0.11120018362998962,0.8259339332580566,0.006887346040457487,0.0388382226228714
61,"Cetaphil Body Moisturizer, Hydrating Moisturizing Cream for Dry to Very Dry, Sensitive Skin, NEW 20 oz, Fragrance Free, Non-Comedogenic, Non-Greasy","Care for your dry to very dry skin with CETAPHIL Moisturizing Cream, a non-greasy, moisture rich cream for the whole body. Enriched with sweet almond oil and vitamin E, it immediately comforts and instantly hydrates dry, sensitive skin. Formulated with a new blend of key ingredients: hydrating glycerin, panthenol (vitamin B5) to hydrate, soothe and preserve the skin barrier, and niacinamide (vitamin B3) to help smooth skin texture and retain skin moisture barrier. For long lasting hydration, this extra strength face & body moisturizer binds water to the skin to deeply replenish the skins moisture and prevent moisture loss, hydrating and soothing skins dryness for 48 hours and completely restoring the skins moisture barrier in one week. Ideal for very dry areas of skin on the hands, feet, elbows and knees, leaving your skin feeling soft, smooth and nourished. This fragrance free, paraben free, and sulfate free formula will not clog pores and is clinically tested for even the most gentle skin. Effectively defends against 5 signs of skin sensitivity.",June,Moisturizing Cream,I love the cream. Good for dry skin.  Will order again.,10/8/2024,5,Yes,0,0.7964,0.47,0.0,0.53,0.0014152736403048038,0.0028553425800055265,0.00045968135236762464,0.9612546563148499,0.02203034982085228,0.008022894151508808,0.003961763810366392
62,"Cetaphil Body Moisturizer, Hydrating Moisturizing Cream for Dry to Very Dry, Sensitive Skin, NEW 20 oz, Fragrance Free, Non-Comedogenic, Non-Greasy","Care for your dry to very dry skin with CETAPHIL Moisturizing Cream, a non-greasy, moisture rich cream for the whole body. Enriched with sweet almond oil and vitamin E, it immediately comforts and instantly hydrates dry, sensitive skin. Formulated with a new blend of key ingredients: hydrating glycerin, panthenol (vitamin B5) to hydrate, soothe and preserve the skin barrier, and niacinamide (vitamin B3) to help smooth skin texture and retain skin moisture barrier. For long lasting hydration, this extra strength face & body moisturizer binds water to the skin to deeply replenish the skins moisture and prevent moisture loss, hydrating and soothing skins dryness for 48 hours and completely restoring the skins moisture barrier in one week. Ideal for very dry areas of skin on the hands, feet, elbows and knees, leaving your skin feeling soft, smooth and nourished. This fragrance free, paraben free, and sulfate free formula will not clog pores and is clinically tested for even the most gentle skin. Effectively defends against 5 signs of skin sensitivity.",Christie arias,La mejor crema,"Esta crema es la mejor en el mercado, especial para pieles supremamente secas y dermatitis atﾃｳpica.  Llegﾃｳ en perfecto estado.",9/24/2024,5,Yes,0,0.3182,0.113,0.0,0.887,0.018390687182545662,0.031712256371974945,0.07547913491725922,0.11589708924293518,0.6715246438980103,0.07062878459692001,0.01636737771332264
63,"Cetaphil Body Moisturizer, Hydrating Moisturizing Cream for Dry to Very Dry, Sensitive Skin, NEW 20 oz, Fragrance Free, Non-Comedogenic, Non-Greasy","Care for your dry to very dry skin with CETAPHIL Moisturizing Cream, a non-greasy, moisture rich cream for the whole body. Enriched with sweet almond oil and vitamin E, it immediately comforts and instantly hydrates dry, sensitive skin. Formulated with a new blend of key ingredients: hydrating glycerin, panthenol (vitamin B5) to hydrate, soothe and preserve the skin barrier, and niacinamide (vitamin B3) to help smooth skin texture and retain skin moisture barrier. For long lasting hydration, this extra strength face & body moisturizer binds water to the skin to deeply replenish the skins moisture and prevent moisture loss, hydrating and soothing skins dryness for 48 hours and completely restoring the skins moisture barrier in one week. Ideal for very dry areas of skin on the hands, feet, elbows and knees, leaving your skin feeling soft, smooth and nourished. This fragrance free, paraben free, and sulfate free formula will not clog pores and is clinically tested for even the most gentle skin. Effectively defends against 5 signs of skin sensitivity.",S. R.,Deep moisture for very dry skin,"This worked wonders for my daughters face. She had dry flaky patches on her face that were itching and bothering her. I tried other moisturizers, but this one worked best and fastest. She puts it on every night and her skin is soft and moist and she had no reactions to it. Great product.",9/12/2024,5,Yes,0,0.8705,0.176,0.071,0.753,0.015461817383766174,0.07614386081695557,0.0031405938789248466,0.021673046052455902,0.8553881049156189,0.01940389722585678,0.008788672275841236
64,"Cetaphil Body Moisturizer, Hydrating Moisturizing Cream for Dry to Very Dry, Sensitive Skin, NEW 20 oz, Fragrance Free, Non-Comedogenic, Non-Greasy","Care for your dry to very dry skin with CETAPHIL Moisturizing Cream, a non-greasy, moisture rich cream for the whole body. Enriched with sweet almond oil and vitamin E, it immediately comforts and instantly hydrates dry, sensitive skin. Formulated with a new blend of key ingredients: hydrating glycerin, panthenol (vitamin B5) to hydrate, soothe and preserve the skin barrier, and niacinamide (vitamin B3) to help smooth skin texture and retain skin moisture barrier. For long lasting hydration, this extra strength face & body moisturizer binds water to the skin to deeply replenish the skins moisture and prevent moisture loss, hydrating and soothing skins dryness for 48 hours and completely restoring the skins moisture barrier in one week. Ideal for very dry areas of skin on the hands, feet, elbows and knees, leaving your skin feeling soft, smooth and nourished. This fragrance free, paraben free, and sulfate free formula will not clog pores and is clinically tested for even the most gentle skin. Effectively defends against 5 signs of skin sensitivity.",Mavie,Melts into the skin like butter,"Before I use it I was using cerave, it was good but I had some pimples and I thought it was just normal, then I decided to give this a try and to my surprise it was very very good, it melts on my face like butter, it's thicker than cerave, my pimples we t away oh thank God. I will never use different moisturizer now.. I'll give it 11/10.",8/29/2024,5,Yes,2,0.9485,0.239,0.0,0.761,0.0055147805251181126,0.003791698021814227,0.0017823147354647517,0.02462277188897133,0.04258660227060318,0.006389029789716005,0.9153128266334534
65,"Cetaphil Body Moisturizer, Hydrating Moisturizing Cream for Dry to Very Dry, Sensitive Skin, NEW 20 oz, Fragrance Free, Non-Comedogenic, Non-Greasy","Care for your dry to very dry skin with CETAPHIL Moisturizing Cream, a non-greasy, moisture rich cream for the whole body. Enriched with sweet almond oil and vitamin E, it immediately comforts and instantly hydrates dry, sensitive skin. Formulated with a new blend of key ingredients: hydrating glycerin, panthenol (vitamin B5) to hydrate, soothe and preserve the skin barrier, and niacinamide (vitamin B3) to help smooth skin texture and retain skin moisture barrier. For long lasting hydration, this extra strength face & body moisturizer binds water to the skin to deeply replenish the skins moisture and prevent moisture loss, hydrating and soothing skins dryness for 48 hours and completely restoring the skins moisture barrier in one week. Ideal for very dry areas of skin on the hands, feet, elbows and knees, leaving your skin feeling soft, smooth and nourished. This fragrance free, paraben free, and sulfate free formula will not clog pores and is clinically tested for even the most gentle skin. Effectively defends against 5 signs of skin sensitivity.",Shirley Smth,Cream,More for the money.,10/3/2024,5,Yes,0,0.0,0.0,0.0,1.0,0.01652953028678894,0.00916009210050106,0.002160863019526005,0.011416051536798477,0.9277596473693848,0.012069851160049438,0.020903976634144783
66,"Cetaphil Body Moisturizer, Hydrating Moisturizing Cream for Dry to Very Dry, Sensitive Skin, NEW 20 oz, Fragrance Free, Non-Comedogenic, Non-Greasy","Care for your dry to very dry skin with CETAPHIL Moisturizing Cream, a non-greasy, moisture rich cream for the whole body. Enriched with sweet almond oil and vitamin E, it immediately comforts and instantly hydrates dry, sensitive skin. Formulated with a new blend of key ingredients: hydrating glycerin, panthenol (vitamin B5) to hydrate, soothe and preserve the skin barrier, and niacinamide (vitamin B3) to help smooth skin texture and retain skin moisture barrier. For long lasting hydration, this extra strength face & body moisturizer binds water to the skin to deeply replenish the skins moisture and prevent moisture loss, hydrating and soothing skins dryness for 48 hours and completely restoring the skins moisture barrier in one week. Ideal for very dry areas of skin on the hands, feet, elbows and knees, leaving your skin feeling soft, smooth and nourished. This fragrance free, paraben free, and sulfate free formula will not clog pores and is clinically tested for even the most gentle skin. Effectively defends against 5 signs of skin sensitivity.",Theresa Johnson,Great value,"Favorite all time moisturizer. Use this daily. Soaks in well for very dry skin with no residue. Clean feeling. I have a lanolin intolerance and this works in all areas, including adding essential oils.",9/15/2024,5,Yes,3,0.7269,0.242,0.057,0.701,0.01709774322807789,0.15773408114910126,0.0029417306650429964,0.015874730423092842,0.7811998128890991,0.020114708691835403,0.005037166178226471
67,"Cetaphil Body Moisturizer, Hydrating Moisturizing Cream for Dry to Very Dry, Sensitive Skin, NEW 20 oz, Fragrance Free, Non-Comedogenic, Non-Greasy","Care for your dry to very dry skin with CETAPHIL Moisturizing Cream, a non-greasy, moisture rich cream for the whole body. Enriched with sweet almond oil and vitamin E, it immediately comforts and instantly hydrates dry, sensitive skin. Formulated with a new blend of key ingredients: hydrating glycerin, panthenol (vitamin B5) to hydrate, soothe and preserve the skin barrier, and niacinamide (vitamin B3) to help smooth skin texture and retain skin moisture barrier. For long lasting hydration, this extra strength face & body moisturizer binds water to the skin to deeply replenish the skins moisture and prevent moisture loss, hydrating and soothing skins dryness for 48 hours and completely restoring the skins moisture barrier in one week. Ideal for very dry areas of skin on the hands, feet, elbows and knees, leaving your skin feeling soft, smooth and nourished. This fragrance free, paraben free, and sulfate free formula will not clog pores and is clinically tested for even the most gentle skin. Effectively defends against 5 signs of skin sensitivity.",Susan Wyatt,Awesome,Works perfectly,10/5/2024,5,Yes,0,0.6369,0.808,0.0,0.192,0.00921560637652874,0.003959072288125753,0.0017832356970757246,0.10112712532281876,0.8550961017608643,0.00659771217033267,0.022221185266971588
68,"Cetaphil Body Moisturizer, Hydrating Moisturizing Cream for Dry to Very Dry, Sensitive Skin, NEW 20 oz, Fragrance Free, Non-Comedogenic, Non-Greasy","Care for your dry to very dry skin with CETAPHIL Moisturizing Cream, a non-greasy, moisture rich cream for the whole body. Enriched with sweet almond oil and vitamin E, it immediately comforts and instantly hydrates dry, sensitive skin. Formulated with a new blend of key ingredients: hydrating glycerin, panthenol (vitamin B5) to hydrate, soothe and preserve the skin barrier, and niacinamide (vitamin B3) to help smooth skin texture and retain skin moisture barrier. For long lasting hydration, this extra strength face & body moisturizer binds water to the skin to deeply replenish the skins moisture and prevent moisture loss, hydrating and soothing skins dryness for 48 hours and completely restoring the skins moisture barrier in one week. Ideal for very dry areas of skin on the hands, feet, elbows and knees, leaving your skin feeling soft, smooth and nourished. This fragrance free, paraben free, and sulfate free formula will not clog pores and is clinically tested for even the most gentle skin. Effectively defends against 5 signs of skin sensitivity.",Yaka,Excelente,Excelente crema,10/1/2024,5,Yes,0,0.0,0.0,0.0,1.0,0.02215246483683586,0.028167815878987312,0.007843544706702232,0.00881899893283844,0.9105225801467896,0.016642732545733452,0.005851886235177517
69,"Cetaphil Body Moisturizer, Hydrating Moisturizing Cream for Dry to Very Dry, Sensitive Skin, NEW 20 oz, Fragrance Free, Non-Comedogenic, Non-Greasy","Care for your dry to very dry skin with CETAPHIL Moisturizing Cream, a non-greasy, moisture rich cream for the whole body. Enriched with sweet almond oil and vitamin E, it immediately comforts and instantly hydrates dry, sensitive skin. Formulated with a new blend of key ingredients: hydrating glycerin, panthenol (vitamin B5) to hydrate, soothe and preserve the skin barrier, and niacinamide (vitamin B3) to help smooth skin texture and retain skin moisture barrier. For long lasting hydration, this extra strength face & body moisturizer binds water to the skin to deeply replenish the skins moisture and prevent moisture loss, hydrating and soothing skins dryness for 48 hours and completely restoring the skins moisture barrier in one week. Ideal for very dry areas of skin on the hands, feet, elbows and knees, leaving your skin feeling soft, smooth and nourished. This fragrance free, paraben free, and sulfate free formula will not clog pores and is clinically tested for even the most gentle skin. Effectively defends against 5 signs of skin sensitivity.",acc,Been using this for years,"Many years ago (at least 15), a dermatologist recommended this for the very dry skin on my face. I have been using it every day since then, and for me it works great.",9/9/2024,5,Yes,0,0.7096,0.169,0.0,0.831,0.010021483525633812,0.08118677139282227,0.0030814793426543474,0.03501034900546074,0.8168344497680664,0.03785420209169388,0.016011230647563934
70,"Cetaphil Body Moisturizer, Hydrating Moisturizing Cream for Dry to Very Dry, Sensitive Skin, NEW 20 oz, Fragrance Free, Non-Comedogenic, Non-Greasy","Care for your dry to very dry skin with CETAPHIL Moisturizing Cream, a non-greasy, moisture rich cream for the whole body. Enriched with sweet almond oil and vitamin E, it immediately comforts and instantly hydrates dry, sensitive skin. Formulated with a new blend of key ingredients: hydrating glycerin, panthenol (vitamin B5) to hydrate, soothe and preserve the skin barrier, and niacinamide (vitamin B3) to help smooth skin texture and retain skin moisture barrier. For long lasting hydration, this extra strength face & body moisturizer binds water to the skin to deeply replenish the skins moisture and prevent moisture loss, hydrating and soothing skins dryness for 48 hours and completely restoring the skins moisture barrier in one week. Ideal for very dry areas of skin on the hands, feet, elbows and knees, leaving your skin feeling soft, smooth and nourished. This fragrance free, paraben free, and sulfate free formula will not clog pores and is clinically tested for even the most gentle skin. Effectively defends against 5 signs of skin sensitivity.",Alvaro J Rojas D,Calidad,La calidad del producto,9/24/2024,5,Yes,0,0.0,0.0,0.0,1.0,0.057689957320690155,0.07345591485500336,0.03012021817266941,0.010594234801828861,0.7153885960578918,0.06016109511256218,0.052589964121580124
71,"Cetaphil Body Moisturizer, Hydrating Moisturizing Cream for Dry to Very Dry, Sensitive Skin, NEW 20 oz, Fragrance Free, Non-Comedogenic, Non-Greasy","Care for your dry to very dry skin with CETAPHIL Moisturizing Cream, a non-greasy, moisture rich cream for the whole body. Enriched with sweet almond oil and vitamin E, it immediately comforts and instantly hydrates dry, sensitive skin. Formulated with a new blend of key ingredients: hydrating glycerin, panthenol (vitamin B5) to hydrate, soothe and preserve the skin barrier, and niacinamide (vitamin B3) to help smooth skin texture and retain skin moisture barrier. For long lasting hydration, this extra strength face & body moisturizer binds water to the skin to deeply replenish the skins moisture and prevent moisture loss, hydrating and soothing skins dryness for 48 hours and completely restoring the skins moisture barrier in one week. Ideal for very dry areas of skin on the hands, feet, elbows and knees, leaving your skin feeling soft, smooth and nourished. This fragrance free, paraben free, and sulfate free formula will not clog pores and is clinically tested for even the most gentle skin. Effectively defends against 5 signs of skin sensitivity.",kam-turtle,Great product and nice value!,"One of the things about getting older is management of the changes to the human body.  For example, menopausal women deal with dry, itchy skin and emerging sensitivities to the skin which can be frustrating and uncomfortable.  This product is fragrance free so as not to irritate skin and the creamy texture of the lotion holds up well to distribution and really moisturizes the skin in a noticeable way.  I will be using this for as long as possible to treat the dry skin issues that have appeared in my sixties.",8/20/2024,5,Yes,9,0.4276,0.104,0.076,0.82,0.1894255131483078,0.31905728578567505,0.016269199550151825,0.010639811865985394,0.31916865706443787,0.13987311720848083,0.0055665005929768085
72,"Cetaphil Body Moisturizer, Hydrating Moisturizing Cream for Dry to Very Dry, Sensitive Skin, NEW 20 oz, Fragrance Free, Non-Comedogenic, Non-Greasy","Care for your dry to very dry skin with CETAPHIL Moisturizing Cream, a non-greasy, moisture rich cream for the whole body. Enriched with sweet almond oil and vitamin E, it immediately comforts and instantly hydrates dry, sensitive skin. Formulated with a new blend of key ingredients: hydrating glycerin, panthenol (vitamin B5) to hydrate, soothe and preserve the skin barrier, and niacinamide (vitamin B3) to help smooth skin texture and retain skin moisture barrier. For long lasting hydration, this extra strength face & body moisturizer binds water to the skin to deeply replenish the skins moisture and prevent moisture loss, hydrating and soothing skins dryness for 48 hours and completely restoring the skins moisture barrier in one week. Ideal for very dry areas of skin on the hands, feet, elbows and knees, leaving your skin feeling soft, smooth and nourished. This fragrance free, paraben free, and sulfate free formula will not clog pores and is clinically tested for even the most gentle skin. Effectively defends against 5 signs of skin sensitivity.",HM_J,really works,very dry skin,9/19/2024,4,Yes,0,0.0,0.0,0.0,1.0,0.02634241245687008,0.17560923099517822,0.008722386322915554,0.004120982717722654,0.17614059150218964,0.5890011787414551,0.02006320096552372
73,"Cetaphil Body Moisturizer, Hydrating Moisturizing Cream for Dry to Very Dry, Sensitive Skin, NEW 20 oz, Fragrance Free, Non-Comedogenic, Non-Greasy","Care for your dry to very dry skin with CETAPHIL Moisturizing Cream, a non-greasy, moisture rich cream for the whole body. Enriched with sweet almond oil and vitamin E, it immediately comforts and instantly hydrates dry, sensitive skin. Formulated with a new blend of key ingredients: hydrating glycerin, panthenol (vitamin B5) to hydrate, soothe and preserve the skin barrier, and niacinamide (vitamin B3) to help smooth skin texture and retain skin moisture barrier. For long lasting hydration, this extra strength face & body moisturizer binds water to the skin to deeply replenish the skins moisture and prevent moisture loss, hydrating and soothing skins dryness for 48 hours and completely restoring the skins moisture barrier in one week. Ideal for very dry areas of skin on the hands, feet, elbows and knees, leaving your skin feeling soft, smooth and nourished. This fragrance free, paraben free, and sulfate free formula will not clog pores and is clinically tested for even the most gentle skin. Effectively defends against 5 signs of skin sensitivity.",V. Bright Associates,Makes your skin smooth and soft  to the touch・ｦ,Makes your skin smooth and soft to the touch.,9/16/2024,5,Yes,0,0.0,0.0,0.0,1.0,0.00469712819904089,0.030238613486289978,0.003060402814298868,0.03142746910452843,0.9102652668952942,0.015826351940631866,0.004484704229980707
74,"Cetaphil Body Moisturizer, Hydrating Moisturizing Cream for Dry to Very Dry, Sensitive Skin, NEW 20 oz, Fragrance Free, Non-Comedogenic, Non-Greasy","Care for your dry to very dry skin with CETAPHIL Moisturizing Cream, a non-greasy, moisture rich cream for the whole body. Enriched with sweet almond oil and vitamin E, it immediately comforts and instantly hydrates dry, sensitive skin. Formulated with a new blend of key ingredients: hydrating glycerin, panthenol (vitamin B5) to hydrate, soothe and preserve the skin barrier, and niacinamide (vitamin B3) to help smooth skin texture and retain skin moisture barrier. For long lasting hydration, this extra strength face & body moisturizer binds water to the skin to deeply replenish the skins moisture and prevent moisture loss, hydrating and soothing skins dryness for 48 hours and completely restoring the skins moisture barrier in one week. Ideal for very dry areas of skin on the hands, feet, elbows and knees, leaving your skin feeling soft, smooth and nourished. This fragrance free, paraben free, and sulfate free formula will not clog pores and is clinically tested for even the most gentle skin. Effectively defends against 5 signs of skin sensitivity.",Edu,Muchas gracias..,Todo conforme,9/26/2024,5,Yes,0,0.0,0.0,0.0,1.0,0.01919802650809288,0.02020643651485443,0.005551392212510109,0.003003606805577874,0.9349076747894287,0.005869995802640915,0.011262892745435238
75,"Cetaphil Body Moisturizer, Hydrating Moisturizing Cream for Dry to Very Dry, Sensitive Skin, NEW 20 oz, Fragrance Free, Non-Comedogenic, Non-Greasy","Care for your dry to very dry skin with CETAPHIL Moisturizing Cream, a non-greasy, moisture rich cream for the whole body. Enriched with sweet almond oil and vitamin E, it immediately comforts and instantly hydrates dry, sensitive skin. Formulated with a new blend of key ingredients: hydrating glycerin, panthenol (vitamin B5) to hydrate, soothe and preserve the skin barrier, and niacinamide (vitamin B3) to help smooth skin texture and retain skin moisture barrier. For long lasting hydration, this extra strength face & body moisturizer binds water to the skin to deeply replenish the skins moisture and prevent moisture loss, hydrating and soothing skins dryness for 48 hours and completely restoring the skins moisture barrier in one week. Ideal for very dry areas of skin on the hands, feet, elbows and knees, leaving your skin feeling soft, smooth and nourished. This fragrance free, paraben free, and sulfate free formula will not clog pores and is clinically tested for even the most gentle skin. Effectively defends against 5 signs of skin sensitivity.",Shanell,BOMB!!!!! Get this,This cream is amazing. I noticed the difference in my skin as soon as I applied it! I like it much better than Cerave Cream. This is better and cheaper. Win...Win,9/5/2024,5,Yes,0,0.908,0.341,0.0,0.659,0.01587166078388691,0.05602908134460449,0.00766950286924839,0.15884512662887573,0.28547587990760803,0.008472292684018612,0.4676364064216614
76,"Cetaphil Body Moisturizer, Hydrating Moisturizing Cream for Dry to Very Dry, Sensitive Skin, NEW 20 oz, Fragrance Free, Non-Comedogenic, Non-Greasy","Care for your dry to very dry skin with CETAPHIL Moisturizing Cream, a non-greasy, moisture rich cream for the whole body. Enriched with sweet almond oil and vitamin E, it immediately comforts and instantly hydrates dry, sensitive skin. Formulated with a new blend of key ingredients: hydrating glycerin, panthenol (vitamin B5) to hydrate, soothe and preserve the skin barrier, and niacinamide (vitamin B3) to help smooth skin texture and retain skin moisture barrier. For long lasting hydration, this extra strength face & body moisturizer binds water to the skin to deeply replenish the skins moisture and prevent moisture loss, hydrating and soothing skins dryness for 48 hours and completely restoring the skins moisture barrier in one week. Ideal for very dry areas of skin on the hands, feet, elbows and knees, leaving your skin feeling soft, smooth and nourished. This fragrance free, paraben free, and sulfate free formula will not clog pores and is clinically tested for even the most gentle skin. Effectively defends against 5 signs of skin sensitivity.",Rebecca Andrys,Light,I have severe eczema and this is the only thing I found where I don't break out from it.,9/9/2024,5,Yes,0,-0.3818,0.0,0.148,0.852,0.009703017771244049,0.038590773940086365,0.0413685105741024,0.003920175600796938,0.7807368636131287,0.08257772028446198,0.043102920055389404
77,"Cetaphil Body Moisturizer, Hydrating Moisturizing Cream for Dry to Very Dry, Sensitive Skin, NEW 20 oz, Fragrance Free, Non-Comedogenic, Non-Greasy","Care for your dry to very dry skin with CETAPHIL Moisturizing Cream, a non-greasy, moisture rich cream for the whole body. Enriched with sweet almond oil and vitamin E, it immediately comforts and instantly hydrates dry, sensitive skin. Formulated with a new blend of key ingredients: hydrating glycerin, panthenol (vitamin B5) to hydrate, soothe and preserve the skin barrier, and niacinamide (vitamin B3) to help smooth skin texture and retain skin moisture barrier. For long lasting hydration, this extra strength face & body moisturizer binds water to the skin to deeply replenish the skins moisture and prevent moisture loss, hydrating and soothing skins dryness for 48 hours and completely restoring the skins moisture barrier in one week. Ideal for very dry areas of skin on the hands, feet, elbows and knees, leaving your skin feeling soft, smooth and nourished. This fragrance free, paraben free, and sulfate free formula will not clog pores and is clinically tested for even the most gentle skin. Effectively defends against 5 signs of skin sensitivity.",Chadd Ciccarelli,Cetaphil Body Moisturizing Cream: A Badass Savior for Your Tattooed Canvas,"Being a proud owner of a tattoo is not just about the ink on your skin; it's about maintaining the art, protecting the design, and ensuring that the vibrant colors stay just as striking as the day you got them. And that's where Cetaphil Body Moisturizing Cream truly shines. This cream isn't just a moisturizer; it's a warrior in a tub, a protector of your inked armor, and the ultimate ally for tattooed skin.As soon as you lay your hands on the Cetaphil cream, you know you're dealing with something special. It・・s more than a product; it・・s a commitment, a promise to your skin and your tattoos that the nourishment they need is at hand. The moment you smear the cream onto your skin, it begins a full-frontal assault on dryness, replenishing and intensely nourishing your skin for a whopping 48 hours. It's like having a round-the-clock bodyguard for your tattoos, protecting them from the onslaught of dryness and flaking.But the Cetaphil Body Moisturizing Cream doesn・・t stop there. Clinically proven to restore your skin's moisture barrier in just one week, this cream binds water to your skin like a loyal companion, preventing moisture loss and, in turn, ensuring your tattoos remain vibrant and lustrous. It's not just a cream; it's a hydration superhero on a mission to protect and preserve.The new and improved ingredient blend? Pure badass. Now enriched with hydrating glycerin and skin essential vitamins B5 and B3, Cetaphil not only combats dryness but also nourishes your skin from within. It's like a rejuvenating spa treatment for your tattooed canvas, keeping it healthy and promoting longevity for your body art.And what about sensitive skin? Well, this is where Cetaphil's badassery truly shines. This hypoallergenic, non-comedogenic formula is like a gentle giant, tough on dryness but kind on your skin. Free of fragrances, parabens, and sulfates, it's the perfect partner for even the most sensitive, inked skin. So, whether you're a seasoned tattoo enthusiast or a newcomer to the world of ink, this cream has got your back (and arms, and legs).Cetaphil Body Moisturizing Cream is more than just dermatologist recommended; it's tattoo enthusiast approved. It takes care of your skin like a nurturing guardian while letting your tattoos steal the limelight as they should. Whether you've just added a fresh piece to your collection or you're looking to rejuvenate the colors of an old tattoo, Cetaphil is the badass sidekick you need.In conclusion, Cetaphil Body Moisturizing Cream isn't just an outstanding skincare product; it's the unsung hero in your tattoo aftercare routine. No more faded tattoos, no more dryness. Just vibrant colors, healthy skin, and the confidence that comes with knowing your tattoos are in safe hands.",6/12/2023,5,Yes,41,0.998,0.226,0.056,0.718,0.013028567656874657,0.02257518097758293,0.0023740273900330067,0.060485586524009705,0.8892900347709656,0.003554675728082657,0.00869186781346798
78,"Cetaphil Body Moisturizer, Hydrating Moisturizing Cream for Dry to Very Dry, Sensitive Skin, NEW 20 oz, Fragrance Free, Non-Comedogenic, Non-Greasy","Care for your dry to very dry skin with CETAPHIL Moisturizing Cream, a non-greasy, moisture rich cream for the whole body. Enriched with sweet almond oil and vitamin E, it immediately comforts and instantly hydrates dry, sensitive skin. Formulated with a new blend of key ingredients: hydrating glycerin, panthenol (vitamin B5) to hydrate, soothe and preserve the skin barrier, and niacinamide (vitamin B3) to help smooth skin texture and retain skin moisture barrier. For long lasting hydration, this extra strength face & body moisturizer binds water to the skin to deeply replenish the skins moisture and prevent moisture loss, hydrating and soothing skins dryness for 48 hours and completely restoring the skins moisture barrier in one week. Ideal for very dry areas of skin on the hands, feet, elbows and knees, leaving your skin feeling soft, smooth and nourished. This fragrance free, paraben free, and sulfate free formula will not clog pores and is clinically tested for even the most gentle skin. Effectively defends against 5 signs of skin sensitivity.",Cynthia Reese,Good,Nothing,9/7/2024,4,Yes,0,0.0,0.0,0.0,1.0,0.06381172686815262,0.128731369972229,0.03260665386915207,0.019639618694782257,0.6314807534217834,0.06658314913511276,0.05714677646756172
79,"Cetaphil Body Moisturizer, Hydrating Moisturizing Cream for Dry to Very Dry, Sensitive Skin, NEW 20 oz, Fragrance Free, Non-Comedogenic, Non-Greasy","Care for your dry to very dry skin with CETAPHIL Moisturizing Cream, a non-greasy, moisture rich cream for the whole body. Enriched with sweet almond oil and vitamin E, it immediately comforts and instantly hydrates dry, sensitive skin. Formulated with a new blend of key ingredients: hydrating glycerin, panthenol (vitamin B5) to hydrate, soothe and preserve the skin barrier, and niacinamide (vitamin B3) to help smooth skin texture and retain skin moisture barrier. For long lasting hydration, this extra strength face & body moisturizer binds water to the skin to deeply replenish the skins moisture and prevent moisture loss, hydrating and soothing skins dryness for 48 hours and completely restoring the skins moisture barrier in one week. Ideal for very dry areas of skin on the hands, feet, elbows and knees, leaving your skin feeling soft, smooth and nourished. This fragrance free, paraben free, and sulfate free formula will not clog pores and is clinically tested for even the most gentle skin. Effectively defends against 5 signs of skin sensitivity.",Francisco B.,Good product,Very good effect on the skin,9/2/2024,4,Yes,0,0.4927,0.39,0.0,0.61,0.006144276354461908,0.15262995660305023,0.01481034979224205,0.07389543950557709,0.6550405025482178,0.05551688373088837,0.04196260869503021
80,"Cetaphil Body Moisturizer, Hydrating Moisturizing Cream for Dry to Very Dry, Sensitive Skin, NEW 20 oz, Fragrance Free, Non-Comedogenic, Non-Greasy","Care for your dry to very dry skin with CETAPHIL Moisturizing Cream, a non-greasy, moisture rich cream for the whole body. Enriched with sweet almond oil and vitamin E, it immediately comforts and instantly hydrates dry, sensitive skin. Formulated with a new blend of key ingredients: hydrating glycerin, panthenol (vitamin B5) to hydrate, soothe and preserve the skin barrier, and niacinamide (vitamin B3) to help smooth skin texture and retain skin moisture barrier. For long lasting hydration, this extra strength face & body moisturizer binds water to the skin to deeply replenish the skins moisture and prevent moisture loss, hydrating and soothing skins dryness for 48 hours and completely restoring the skins moisture barrier in one week. Ideal for very dry areas of skin on the hands, feet, elbows and knees, leaving your skin feeling soft, smooth and nourished. This fragrance free, paraben free, and sulfate free formula will not clog pores and is clinically tested for even the most gentle skin. Effectively defends against 5 signs of skin sensitivity.",Barbara Spark,Great product,Long lasting,9/19/2024,5,Yes,0,0.0,0.0,0.0,1.0,0.007787201553583145,0.0191959198564291,0.004142667632550001,0.01857120729982853,0.9030857086181641,0.03894153982400894,0.008275755681097507
81,"Cetaphil Body Moisturizer, Hydrating Moisturizing Cream for Dry to Very Dry, Sensitive Skin, NEW 20 oz, Fragrance Free, Non-Comedogenic, Non-Greasy","Care for your dry to very dry skin with CETAPHIL Moisturizing Cream, a non-greasy, moisture rich cream for the whole body. Enriched with sweet almond oil and vitamin E, it immediately comforts and instantly hydrates dry, sensitive skin. Formulated with a new blend of key ingredients: hydrating glycerin, panthenol (vitamin B5) to hydrate, soothe and preserve the skin barrier, and niacinamide (vitamin B3) to help smooth skin texture and retain skin moisture barrier. For long lasting hydration, this extra strength face & body moisturizer binds water to the skin to deeply replenish the skins moisture and prevent moisture loss, hydrating and soothing skins dryness for 48 hours and completely restoring the skins moisture barrier in one week. Ideal for very dry areas of skin on the hands, feet, elbows and knees, leaving your skin feeling soft, smooth and nourished. This fragrance free, paraben free, and sulfate free formula will not clog pores and is clinically tested for even the most gentle skin. Effectively defends against 5 signs of skin sensitivity.",bernadette donnelly,Cetaphil body cream,My dermatologist recommended this product for my skin. I'm 69yrs old. It works wonderfully.,9/6/2024,5,Yes,0,0.6908,0.322,0.0,0.678,0.003024693811312318,0.033287644386291504,0.010227562859654427,0.07853516936302185,0.8216111660003662,0.029053881764411926,0.02425982803106308
82,"Cetaphil Body Moisturizer, Hydrating Moisturizing Cream for Dry to Very Dry, Sensitive Skin, NEW 20 oz, Fragrance Free, Non-Comedogenic, Non-Greasy","Care for your dry to very dry skin with CETAPHIL Moisturizing Cream, a non-greasy, moisture rich cream for the whole body. Enriched with sweet almond oil and vitamin E, it immediately comforts and instantly hydrates dry, sensitive skin. Formulated with a new blend of key ingredients: hydrating glycerin, panthenol (vitamin B5) to hydrate, soothe and preserve the skin barrier, and niacinamide (vitamin B3) to help smooth skin texture and retain skin moisture barrier. For long lasting hydration, this extra strength face & body moisturizer binds water to the skin to deeply replenish the skins moisture and prevent moisture loss, hydrating and soothing skins dryness for 48 hours and completely restoring the skins moisture barrier in one week. Ideal for very dry areas of skin on the hands, feet, elbows and knees, leaving your skin feeling soft, smooth and nourished. This fragrance free, paraben free, and sulfate free formula will not clog pores and is clinically tested for even the most gentle skin. Effectively defends against 5 signs of skin sensitivity.",karen l nation,Moisturizer,Smooth as silk!!,9/18/2024,5,Yes,0,0.0,0.0,0.0,1.0,0.017056457698345184,0.19751180708408356,0.008155973628163338,0.272047221660614,0.4878040850162506,0.005938907619565725,0.011485446244478226
83,"Cetaphil Body Moisturizer, Hydrating Moisturizing Cream for Dry to Very Dry, Sensitive Skin, NEW 20 oz, Fragrance Free, Non-Comedogenic, Non-Greasy","Care for your dry to very dry skin with CETAPHIL Moisturizing Cream, a non-greasy, moisture rich cream for the whole body. Enriched with sweet almond oil and vitamin E, it immediately comforts and instantly hydrates dry, sensitive skin. Formulated with a new blend of key ingredients: hydrating glycerin, panthenol (vitamin B5) to hydrate, soothe and preserve the skin barrier, and niacinamide (vitamin B3) to help smooth skin texture and retain skin moisture barrier. For long lasting hydration, this extra strength face & body moisturizer binds water to the skin to deeply replenish the skins moisture and prevent moisture loss, hydrating and soothing skins dryness for 48 hours and completely restoring the skins moisture barrier in one week. Ideal for very dry areas of skin on the hands, feet, elbows and knees, leaving your skin feeling soft, smooth and nourished. This fragrance free, paraben free, and sulfate free formula will not clog pores and is clinically tested for even the most gentle skin. Effectively defends against 5 signs of skin sensitivity.",SelSolis,Moisturizing,Very good,9/16/2024,5,Yes,0,0.4927,0.762,0.0,0.238,0.004573404788970947,0.009825997985899448,0.002228769939392805,0.4427579641342163,0.4911819100379944,0.0112193264067173,0.03821258246898651
84,"Cetaphil Body Moisturizer, Hydrating Moisturizing Cream for Dry to Very Dry, Sensitive Skin, NEW 20 oz, Fragrance Free, Non-Comedogenic, Non-Greasy","Care for your dry to very dry skin with CETAPHIL Moisturizing Cream, a non-greasy, moisture rich cream for the whole body. Enriched with sweet almond oil and vitamin E, it immediately comforts and instantly hydrates dry, sensitive skin. Formulated with a new blend of key ingredients: hydrating glycerin, panthenol (vitamin B5) to hydrate, soothe and preserve the skin barrier, and niacinamide (vitamin B3) to help smooth skin texture and retain skin moisture barrier. For long lasting hydration, this extra strength face & body moisturizer binds water to the skin to deeply replenish the skins moisture and prevent moisture loss, hydrating and soothing skins dryness for 48 hours and completely restoring the skins moisture barrier in one week. Ideal for very dry areas of skin on the hands, feet, elbows and knees, leaving your skin feeling soft, smooth and nourished. This fragrance free, paraben free, and sulfate free formula will not clog pores and is clinically tested for even the most gentle skin. Effectively defends against 5 signs of skin sensitivity.",Pam Posey,Cetaphil Body Moisturizer,Love this moisturizer.  Seller was great and fast shipping.,9/13/2024,5,Yes,0,0.8519,0.542,0.0,0.458,0.0020238629076629877,0.0008402902749367058,0.0008256277651526034,0.8713235259056091,0.053364284336566925,0.010399906896054745,0.06122259423136711
85,"Cetaphil Body Moisturizer, Hydrating Moisturizing Cream for Dry to Very Dry, Sensitive Skin, NEW 20 oz, Fragrance Free, Non-Comedogenic, Non-Greasy","Care for your dry to very dry skin with CETAPHIL Moisturizing Cream, a non-greasy, moisture rich cream for the whole body. Enriched with sweet almond oil and vitamin E, it immediately comforts and instantly hydrates dry, sensitive skin. Formulated with a new blend of key ingredients: hydrating glycerin, panthenol (vitamin B5) to hydrate, soothe and preserve the skin barrier, and niacinamide (vitamin B3) to help smooth skin texture and retain skin moisture barrier. For long lasting hydration, this extra strength face & body moisturizer binds water to the skin to deeply replenish the skins moisture and prevent moisture loss, hydrating and soothing skins dryness for 48 hours and completely restoring the skins moisture barrier in one week. Ideal for very dry areas of skin on the hands, feet, elbows and knees, leaving your skin feeling soft, smooth and nourished. This fragrance free, paraben free, and sulfate free formula will not clog pores and is clinically tested for even the most gentle skin. Effectively defends against 5 signs of skin sensitivity.",Virginia J. Sullivan,great product,Makes my dry skin feel good,9/18/2024,5,Yes,0,0.4404,0.367,0.0,0.633,0.00635127117857337,0.023791635408997536,0.0014362349174916744,0.4458252191543579,0.4803227484226227,0.034731846302747726,0.00754100875928998
86,"Cetaphil Body Moisturizer, Hydrating Moisturizing Cream for Dry to Very Dry, Sensitive Skin, NEW 20 oz, Fragrance Free, Non-Comedogenic, Non-Greasy","Care for your dry to very dry skin with CETAPHIL Moisturizing Cream, a non-greasy, moisture rich cream for the whole body. Enriched with sweet almond oil and vitamin E, it immediately comforts and instantly hydrates dry, sensitive skin. Formulated with a new blend of key ingredients: hydrating glycerin, panthenol (vitamin B5) to hydrate, soothe and preserve the skin barrier, and niacinamide (vitamin B3) to help smooth skin texture and retain skin moisture barrier. For long lasting hydration, this extra strength face & body moisturizer binds water to the skin to deeply replenish the skins moisture and prevent moisture loss, hydrating and soothing skins dryness for 48 hours and completely restoring the skins moisture barrier in one week. Ideal for very dry areas of skin on the hands, feet, elbows and knees, leaving your skin feeling soft, smooth and nourished. This fragrance free, paraben free, and sulfate free formula will not clog pores and is clinically tested for even the most gentle skin. Effectively defends against 5 signs of skin sensitivity.",s dahal,The best,The best.,9/17/2024,5,Yes,0,0.6369,0.808,0.0,0.192,0.00721925450488925,0.10982129722833633,0.004211713094264269,0.32669001817703247,0.5047986507415771,0.010118351317942142,0.03714073821902275
87,"Cetaphil Body Moisturizer, Hydrating Moisturizing Cream for Dry to Very Dry, Sensitive Skin, NEW 20 oz, Fragrance Free, Non-Comedogenic, Non-Greasy","Care for your dry to very dry skin with CETAPHIL Moisturizing Cream, a non-greasy, moisture rich cream for the whole body. Enriched with sweet almond oil and vitamin E, it immediately comforts and instantly hydrates dry, sensitive skin. Formulated with a new blend of key ingredients: hydrating glycerin, panthenol (vitamin B5) to hydrate, soothe and preserve the skin barrier, and niacinamide (vitamin B3) to help smooth skin texture and retain skin moisture barrier. For long lasting hydration, this extra strength face & body moisturizer binds water to the skin to deeply replenish the skins moisture and prevent moisture loss, hydrating and soothing skins dryness for 48 hours and completely restoring the skins moisture barrier in one week. Ideal for very dry areas of skin on the hands, feet, elbows and knees, leaving your skin feeling soft, smooth and nourished. This fragrance free, paraben free, and sulfate free formula will not clog pores and is clinically tested for even the most gentle skin. Effectively defends against 5 signs of skin sensitivity.",Macandme,Highly Recommend,"This is a wonderful, lightly scented lotion. It was recommended by my elderly dad's dermatologist for his frail skin. I have also successfully used it as a carrier lotion when applying essential oils.",8/31/2024,5,Yes,0,0.8271,0.244,0.0,0.756,0.004023509565740824,0.09625666588544846,0.0157559122890234,0.25984513759613037,0.5682528018951416,0.04338287189602852,0.012483082711696625
88,"Cetaphil Body Moisturizer, Hydrating Moisturizing Cream for Dry to Very Dry, Sensitive Skin, NEW 20 oz, Fragrance Free, Non-Comedogenic, Non-Greasy","Care for your dry to very dry skin with CETAPHIL Moisturizing Cream, a non-greasy, moisture rich cream for the whole body. Enriched with sweet almond oil and vitamin E, it immediately comforts and instantly hydrates dry, sensitive skin. Formulated with a new blend of key ingredients: hydrating glycerin, panthenol (vitamin B5) to hydrate, soothe and preserve the skin barrier, and niacinamide (vitamin B3) to help smooth skin texture and retain skin moisture barrier. For long lasting hydration, this extra strength face & body moisturizer binds water to the skin to deeply replenish the skins moisture and prevent moisture loss, hydrating and soothing skins dryness for 48 hours and completely restoring the skins moisture barrier in one week. Ideal for very dry areas of skin on the hands, feet, elbows and knees, leaving your skin feeling soft, smooth and nourished. This fragrance free, paraben free, and sulfate free formula will not clog pores and is clinically tested for even the most gentle skin. Effectively defends against 5 signs of skin sensitivity.",Susan,Perfecta para el uso diario,Incluso la uso en mi rostro y me gusta como hidrata mi piel.,8/27/2024,5,Yes,0,0.0,0.0,0.0,1.0,0.03355817869305611,0.34757235646247864,0.10422246903181076,0.1924884170293808,0.2105325609445572,0.08847485482692719,0.023151202127337456
89,"Cetaphil Body Moisturizer, Hydrating Moisturizing Cream for Dry to Very Dry, Sensitive Skin, NEW 20 oz, Fragrance Free, Non-Comedogenic, Non-Greasy","Care for your dry to very dry skin with CETAPHIL Moisturizing Cream, a non-greasy, moisture rich cream for the whole body. Enriched with sweet almond oil and vitamin E, it immediately comforts and instantly hydrates dry, sensitive skin. Formulated with a new blend of key ingredients: hydrating glycerin, panthenol (vitamin B5) to hydrate, soothe and preserve the skin barrier, and niacinamide (vitamin B3) to help smooth skin texture and retain skin moisture barrier. For long lasting hydration, this extra strength face & body moisturizer binds water to the skin to deeply replenish the skins moisture and prevent moisture loss, hydrating and soothing skins dryness for 48 hours and completely restoring the skins moisture barrier in one week. Ideal for very dry areas of skin on the hands, feet, elbows and knees, leaving your skin feeling soft, smooth and nourished. This fragrance free, paraben free, and sulfate free formula will not clog pores and is clinically tested for even the most gentle skin. Effectively defends against 5 signs of skin sensitivity.",Brought it for my six year old price is good I just love it would recommend  it,Every  good  product,"Effectiveness,lotion quality, moisture texture",9/19/2024,5,Yes,0,0.0,0.0,0.0,1.0,0.03433296084403992,0.1821042001247406,0.004822365939617157,0.5036600232124329,0.23558591306209564,0.016071563586592674,0.02342294529080391
90,"Cetaphil Body Moisturizer, Hydrating Moisturizing Cream for Dry to Very Dry, Sensitive Skin, NEW 20 oz, Fragrance Free, Non-Comedogenic, Non-Greasy","Care for your dry to very dry skin with CETAPHIL Moisturizing Cream, a non-greasy, moisture rich cream for the whole body. Enriched with sweet almond oil and vitamin E, it immediately comforts and instantly hydrates dry, sensitive skin. Formulated with a new blend of key ingredients: hydrating glycerin, panthenol (vitamin B5) to hydrate, soothe and preserve the skin barrier, and niacinamide (vitamin B3) to help smooth skin texture and retain skin moisture barrier. For long lasting hydration, this extra strength face & body moisturizer binds water to the skin to deeply replenish the skins moisture and prevent moisture loss, hydrating and soothing skins dryness for 48 hours and completely restoring the skins moisture barrier in one week. Ideal for very dry areas of skin on the hands, feet, elbows and knees, leaving your skin feeling soft, smooth and nourished. This fragrance free, paraben free, and sulfate free formula will not clog pores and is clinically tested for even the most gentle skin. Effectively defends against 5 signs of skin sensitivity.",Richard Zimmelman,Helps with my itchy forearms,This is the only product that consistently works with my painfully itchy forearms,9/13/2024,5,Yes,0,-0.6705,0.0,0.333,0.667,0.013541164807975292,0.038557883352041245,0.012631645426154137,0.008677149191498756,0.5743834376335144,0.322574257850647,0.029634466394782066
91,"Cetaphil Body Moisturizer, Hydrating Moisturizing Cream for Dry to Very Dry, Sensitive Skin, NEW 20 oz, Fragrance Free, Non-Comedogenic, Non-Greasy","Care for your dry to very dry skin with CETAPHIL Moisturizing Cream, a non-greasy, moisture rich cream for the whole body. Enriched with sweet almond oil and vitamin E, it immediately comforts and instantly hydrates dry, sensitive skin. Formulated with a new blend of key ingredients: hydrating glycerin, panthenol (vitamin B5) to hydrate, soothe and preserve the skin barrier, and niacinamide (vitamin B3) to help smooth skin texture and retain skin moisture barrier. For long lasting hydration, this extra strength face & body moisturizer binds water to the skin to deeply replenish the skins moisture and prevent moisture loss, hydrating and soothing skins dryness for 48 hours and completely restoring the skins moisture barrier in one week. Ideal for very dry areas of skin on the hands, feet, elbows and knees, leaving your skin feeling soft, smooth and nourished. This fragrance free, paraben free, and sulfate free formula will not clog pores and is clinically tested for even the most gentle skin. Effectively defends against 5 signs of skin sensitivity.",canby,Looking for someone who needs a moisturizer,package arrived torn open and the container top totally unscrewed. Product ok.,8/30/2024,4,Yes,0,0.3102,0.279,0.131,0.59,0.050183944404125214,0.06709685176610947,0.004086446017026901,0.01178411953151226,0.7454747557640076,0.028806157410144806,0.09256776422262192
92,"Cetaphil Body Moisturizer, Hydrating Moisturizing Cream for Dry to Very Dry, Sensitive Skin, NEW 20 oz, Fragrance Free, Non-Comedogenic, Non-Greasy","Care for your dry to very dry skin with CETAPHIL Moisturizing Cream, a non-greasy, moisture rich cream for the whole body. Enriched with sweet almond oil and vitamin E, it immediately comforts and instantly hydrates dry, sensitive skin. Formulated with a new blend of key ingredients: hydrating glycerin, panthenol (vitamin B5) to hydrate, soothe and preserve the skin barrier, and niacinamide (vitamin B3) to help smooth skin texture and retain skin moisture barrier. For long lasting hydration, this extra strength face & body moisturizer binds water to the skin to deeply replenish the skins moisture and prevent moisture loss, hydrating and soothing skins dryness for 48 hours and completely restoring the skins moisture barrier in one week. Ideal for very dry areas of skin on the hands, feet, elbows and knees, leaving your skin feeling soft, smooth and nourished. This fragrance free, paraben free, and sulfate free formula will not clog pores and is clinically tested for even the most gentle skin. Effectively defends against 5 signs of skin sensitivity.",misha,Very hydrating!,My skin is very dry and it really helped me,9/5/2024,5,Yes,0,0.0,0.0,0.0,1.0,0.011731446720659733,0.05854230746626854,0.003144474932923913,0.3601602017879486,0.3978095054626465,0.15735234320163727,0.011259691789746284
93,"Cetaphil Body Moisturizer, Hydrating Moisturizing Cream for Dry to Very Dry, Sensitive Skin, NEW 20 oz, Fragrance Free, Non-Comedogenic, Non-Greasy","Care for your dry to very dry skin with CETAPHIL Moisturizing Cream, a non-greasy, moisture rich cream for the whole body. Enriched with sweet almond oil and vitamin E, it immediately comforts and instantly hydrates dry, sensitive skin. Formulated with a new blend of key ingredients: hydrating glycerin, panthenol (vitamin B5) to hydrate, soothe and preserve the skin barrier, and niacinamide (vitamin B3) to help smooth skin texture and retain skin moisture barrier. For long lasting hydration, this extra strength face & body moisturizer binds water to the skin to deeply replenish the skins moisture and prevent moisture loss, hydrating and soothing skins dryness for 48 hours and completely restoring the skins moisture barrier in one week. Ideal for very dry areas of skin on the hands, feet, elbows and knees, leaving your skin feeling soft, smooth and nourished. This fragrance free, paraben free, and sulfate free formula will not clog pores and is clinically tested for even the most gentle skin. Effectively defends against 5 signs of skin sensitivity.",Talatkanan,Bien,Buen material excelente precios,9/8/2024,5,Yes,0,0.0,0.0,0.0,1.0,0.008870500139892101,0.005034407135099173,0.0022798420395702124,0.02991185337305069,0.9236990213394165,0.006615899968892336,0.02358841337263584
94,"Cetaphil Body Moisturizer, Hydrating Moisturizing Cream for Dry to Very Dry, Sensitive Skin, NEW 20 oz, Fragrance Free, Non-Comedogenic, Non-Greasy","Care for your dry to very dry skin with CETAPHIL Moisturizing Cream, a non-greasy, moisture rich cream for the whole body. Enriched with sweet almond oil and vitamin E, it immediately comforts and instantly hydrates dry, sensitive skin. Formulated with a new blend of key ingredients: hydrating glycerin, panthenol (vitamin B5) to hydrate, soothe and preserve the skin barrier, and niacinamide (vitamin B3) to help smooth skin texture and retain skin moisture barrier. For long lasting hydration, this extra strength face & body moisturizer binds water to the skin to deeply replenish the skins moisture and prevent moisture loss, hydrating and soothing skins dryness for 48 hours and completely restoring the skins moisture barrier in one week. Ideal for very dry areas of skin on the hands, feet, elbows and knees, leaving your skin feeling soft, smooth and nourished. This fragrance free, paraben free, and sulfate free formula will not clog pores and is clinically tested for even the most gentle skin. Effectively defends against 5 signs of skin sensitivity.",Tammy Dunson,Love this lotion,"Our doctor recommended it.Love this lotion, no residue and keeps skin  smooth all day.",8/31/2024,5,Yes,0,-0.1027,0.113,0.138,0.75,0.009851296432316303,0.024980219081044197,0.0016333204694092274,0.17508052289485931,0.7568191289901733,0.022939592599868774,0.008695927448570728
95,"Cetaphil Body Moisturizer, Hydrating Moisturizing Cream for Dry to Very Dry, Sensitive Skin, NEW 20 oz, Fragrance Free, Non-Comedogenic, Non-Greasy","Care for your dry to very dry skin with CETAPHIL Moisturizing Cream, a non-greasy, moisture rich cream for the whole body. Enriched with sweet almond oil and vitamin E, it immediately comforts and instantly hydrates dry, sensitive skin. Formulated with a new blend of key ingredients: hydrating glycerin, panthenol (vitamin B5) to hydrate, soothe and preserve the skin barrier, and niacinamide (vitamin B3) to help smooth skin texture and retain skin moisture barrier. For long lasting hydration, this extra strength face & body moisturizer binds water to the skin to deeply replenish the skins moisture and prevent moisture loss, hydrating and soothing skins dryness for 48 hours and completely restoring the skins moisture barrier in one week. Ideal for very dry areas of skin on the hands, feet, elbows and knees, leaving your skin feeling soft, smooth and nourished. This fragrance free, paraben free, and sulfate free formula will not clog pores and is clinically tested for even the most gentle skin. Effectively defends against 5 signs of skin sensitivity.",LA,Works well,Keeps my skin from getting very dry,8/19/2024,4,Yes,0,0.0,0.0,0.0,1.0,0.06266797333955765,0.1363242119550705,0.015569210983812809,0.012853965163230896,0.5234450697898865,0.2314581274986267,0.017681380733847618
96,"Cetaphil Body Moisturizer, Hydrating Moisturizing Cream for Dry to Very Dry, Sensitive Skin, NEW 20 oz, Fragrance Free, Non-Comedogenic, Non-Greasy","Care for your dry to very dry skin with CETAPHIL Moisturizing Cream, a non-greasy, moisture rich cream for the whole body. Enriched with sweet almond oil and vitamin E, it immediately comforts and instantly hydrates dry, sensitive skin. Formulated with a new blend of key ingredients: hydrating glycerin, panthenol (vitamin B5) to hydrate, soothe and preserve the skin barrier, and niacinamide (vitamin B3) to help smooth skin texture and retain skin moisture barrier. For long lasting hydration, this extra strength face & body moisturizer binds water to the skin to deeply replenish the skins moisture and prevent moisture loss, hydrating and soothing skins dryness for 48 hours and completely restoring the skins moisture barrier in one week. Ideal for very dry areas of skin on the hands, feet, elbows and knees, leaving your skin feeling soft, smooth and nourished. This fragrance free, paraben free, and sulfate free formula will not clog pores and is clinically tested for even the most gentle skin. Effectively defends against 5 signs of skin sensitivity.",Chick Harrity,This product delivers,"Best moisturizer I have ever used.  Makes a noticeable difference on dry, aging skin without beinggreasy.  It does seem to work all day. Will buy again.",8/15/2024,5,Yes,0,0.6369,0.154,0.0,0.846,0.01079905778169632,0.02576174959540367,0.024959126487374306,0.1047709658741951,0.5733043551445007,0.2023649364709854,0.05803975462913513
97,"Cetaphil Body Moisturizer, Hydrating Moisturizing Cream for Dry to Very Dry, Sensitive Skin, NEW 20 oz, Fragrance Free, Non-Comedogenic, Non-Greasy","Care for your dry to very dry skin with CETAPHIL Moisturizing Cream, a non-greasy, moisture rich cream for the whole body. Enriched with sweet almond oil and vitamin E, it immediately comforts and instantly hydrates dry, sensitive skin. Formulated with a new blend of key ingredients: hydrating glycerin, panthenol (vitamin B5) to hydrate, soothe and preserve the skin barrier, and niacinamide (vitamin B3) to help smooth skin texture and retain skin moisture barrier. For long lasting hydration, this extra strength face & body moisturizer binds water to the skin to deeply replenish the skins moisture and prevent moisture loss, hydrating and soothing skins dryness for 48 hours and completely restoring the skins moisture barrier in one week. Ideal for very dry areas of skin on the hands, feet, elbows and knees, leaving your skin feeling soft, smooth and nourished. This fragrance free, paraben free, and sulfate free formula will not clog pores and is clinically tested for even the most gentle skin. Effectively defends against 5 signs of skin sensitivity.",A.M.,Love,Love this stuff.  Very moisturizing. Doesn・・t leave you greasy,8/29/2024,5,Yes,0,0.577,0.332,0.116,0.553,0.007062865886837244,0.0230922419577837,0.0017749666003510356,0.6871367692947388,0.24300307035446167,0.025526776909828186,0.012403467670083046
98,"Cetaphil Body Moisturizer, Hydrating Moisturizing Cream for Dry to Very Dry, Sensitive Skin, NEW 20 oz, Fragrance Free, Non-Comedogenic, Non-Greasy","Care for your dry to very dry skin with CETAPHIL Moisturizing Cream, a non-greasy, moisture rich cream for the whole body. Enriched with sweet almond oil and vitamin E, it immediately comforts and instantly hydrates dry, sensitive skin. Formulated with a new blend of key ingredients: hydrating glycerin, panthenol (vitamin B5) to hydrate, soothe and preserve the skin barrier, and niacinamide (vitamin B3) to help smooth skin texture and retain skin moisture barrier. For long lasting hydration, this extra strength face & body moisturizer binds water to the skin to deeply replenish the skins moisture and prevent moisture loss, hydrating and soothing skins dryness for 48 hours and completely restoring the skins moisture barrier in one week. Ideal for very dry areas of skin on the hands, feet, elbows and knees, leaving your skin feeling soft, smooth and nourished. This fragrance free, paraben free, and sulfate free formula will not clog pores and is clinically tested for even the most gentle skin. Effectively defends against 5 signs of skin sensitivity.",Ms. Wright,all day moister w/o greasy feeling,I love this so much I should have bought this years ago. I am so late to this party.,8/19/2024,5,Yes,0,0.8087,0.343,0.0,0.657,0.0028242000844329596,0.0027521264273673296,0.0012780495453625917,0.021366139873862267,0.0392894484102726,0.9014660120010376,0.031024029478430748
99,"Cetaphil Body Moisturizer, Hydrating Moisturizing Cream for Dry to Very Dry, Sensitive Skin, NEW 20 oz, Fragrance Free, Non-Comedogenic, Non-Greasy","Care for your dry to very dry skin with CETAPHIL Moisturizing Cream, a non-greasy, moisture rich cream for the whole body. Enriched with sweet almond oil and vitamin E, it immediately comforts and instantly hydrates dry, sensitive skin. Formulated with a new blend of key ingredients: hydrating glycerin, panthenol (vitamin B5) to hydrate, soothe and preserve the skin barrier, and niacinamide (vitamin B3) to help smooth skin texture and retain skin moisture barrier. For long lasting hydration, this extra strength face & body moisturizer binds water to the skin to deeply replenish the skins moisture and prevent moisture loss, hydrating and soothing skins dryness for 48 hours and completely restoring the skins moisture barrier in one week. Ideal for very dry areas of skin on the hands, feet, elbows and knees, leaving your skin feeling soft, smooth and nourished. This fragrance free, paraben free, and sulfate free formula will not clog pores and is clinically tested for even the most gentle skin. Effectively defends against 5 signs of skin sensitivity.",JENNY,excelente producto,Producto llegﾃｳ en buen estado y antes de la fecha indicada.,8/23/2024,5,Yes,0,0.0,0.0,0.0,1.0,0.05170707032084465,0.1581771969795227,0.07771244645118713,0.02429027482867241,0.6453889608383179,0.03539132699370384,0.0073327268473804
